"sampleid","grabid","profileid","sample_number","collect_datetime","depth","site_type","area","locator","site","parameter","value","units","qualityid","lab_qualifier","mdl","rdl","textvalue","sampleinfo","stewardnote","replicates","replicateof","method","dateanalyzed","datasource"
"7419","7419","39431","7215015","1972-01-04T00:00:00.000","1","Streams and Rivers","Issaquah","0631","Issaquah Creek at SE 56th St","Temperature","4.4","deg C","2",,,,"4.4||King County Nstream Database/RBC",,,,,,,"KCEL"
"7415","7415","11182","7215006","1972-01-04T00:00:00.000","1","Streams and Rivers","Issaquah","A631","Issaquah Creek upstream of hatchery","Temperature","4.2","deg C","2",,,,"4.2||King County Nstream Database/RBC",,,,,,,"KCEL"
"7455","7455","31621","7215254","1972-03-22T00:00:00.000","1","Streams and Rivers","Issaquah","0631","Issaquah Creek at SE 56th St","Temperature","9.8","deg C","2",,,,"9.8||King County Nstream Database/RBC",,,,,,,"KCEL"
"7450","7450","16306","7215231","1972-03-22T00:00:00.000","1","Streams and Rivers","Issaquah","A631","Issaquah Creek upstream of hatchery","Temperature","10.1","deg C","2",,,,"10.1||King County Nstream Database/RBC",,,,,,,"KCEL"
"7490","7490","31704","7215405","1972-05-01T00:00:00.000","1","Streams and Rivers","Issaquah","0631","Issaquah Creek at SE 56th St","Temperature","8.2","deg C","2",,,,"8.2||King County Nstream Database/RBC",,,,,,,"KCEL"
"7486","7486","17042","7215391","1972-05-01T00:00:00.000","1","Streams and Rivers","Issaquah","A631","Issaquah Creek upstream of hatchery","Temperature","9","deg C","2",,,,"9.0||King County Nstream Database/RBC",,,,,,,"KCEL"
"8049","8049","26081","7515151","1975-04-02T00:00:00.000","1","Streams and Rivers","Issaquah","A631","Issaquah Creek upstream of hatchery","Temperature","6.5","deg C","2",,,,"6.5||King County Nstream Database/RS1",,,,,,,"KCEL"
"8067","8067","36071","7515341","1975-06-24T00:00:00.000","1","Streams and Rivers","Issaquah","0631","Issaquah Creek at SE 56th St","Temperature","12.4","deg C","2",,,,"12.4||King County Nstream Database/RS1",,,,,,,"KCEL"
"8063","8063","26611","7515333","1975-06-24T00:00:00.000","1","Streams and Rivers","Issaquah","A631","Issaquah Creek upstream of hatchery","Temperature","11.5","deg C","2",,,,"11.5||King County Nstream Database/RS1",,,,,,,"KCEL"
"8084","8084","29250","7515538","1975-09-02T00:00:00.000","1","Streams and Rivers","Issaquah","0631","Issaquah Creek at SE 56th St","Temperature","11.7","deg C","2",,,,"11.7||King County Nstream Database/RS1",,,,,,,"KCEL"
"8080","8080","14372","7515530","1975-09-02T00:00:00.000","1","Streams and Rivers","Issaquah","A631","Issaquah Creek upstream of hatchery","Temperature","11.3","deg C","2",,,,"11.3||King County Nstream Database/RS1",,,,,,,"KCEL"
"8103","8103","32603","7515747","1975-12-09T00:00:00.000","1","Streams and Rivers","Issaquah","0631","Issaquah Creek at SE 56th St","Temperature","8.8","deg C","2",,,,"8.8||King County Nstream Database/RS1",,,,,,,"KCEL"
"8099","8099","21985","7515739","1975-12-09T00:00:00.000","1","Streams and Rivers","Issaquah","A631","Issaquah Creek upstream of hatchery","Temperature","8.1","deg C","2",,,,"8.1||King County Nstream Database/RS1",,,,,,,"KCEL"
"8121","8121","34044","7615188","1976-03-10T00:00:00.000","1","Streams and Rivers","Issaquah","0631","Issaquah Creek at SE 56th St","Temperature","6.3","deg C","2",,,,"6.3||King County Nstream Database/RS1",,,,,,,"KCEL"
"8119","8119","25242","7615182","1976-03-10T00:00:00.000","1","Streams and Rivers","Issaquah","A631","Issaquah Creek upstream of hatchery","Temperature","5.9","deg C","2",,,,"5.9||King County Nstream Database/RS1",,,,,,,"KCEL"
"8170","8170","5573","7615370","1976-06-16T00:00:00.000","1","Streams and Rivers","Issaquah","A631","Issaquah Creek upstream of hatchery","Temperature","10.9","deg C","2",,,,"10.9||King County Nstream Database/RS1",,,,,,,"KCEL"
"8174","8174","36957","7615381","1976-06-16T00:00:00.000","1","Streams and Rivers","Issaquah","0631","Issaquah Creek at SE 56th St","Temperature","11.8","deg C","2",,,,"11.8||King County Nstream Database/RS1",,,,,,,"KCEL"
"8730","8730","5532","7915063","1979-01-31T00:00:00.000","1","Streams and Rivers","Issaquah","A631","Issaquah Creek upstream of hatchery","Temperature","1.3","deg C","2",,,,"1.3||King County Nstream Database/RS2",,,,,,,"KCEL"
"8736","8736","36386","7915079","1979-01-31T00:00:00.000","1","Streams and Rivers","Issaquah","0631","Issaquah Creek at SE 56th St","Temperature","2.4","deg C","2",,,,"2.4||King County Nstream Database/RS2",,,,,,,"KCEL"
"8755","8755","24921","7915116","1979-02-22T00:00:00.000","1","Streams and Rivers","Issaquah","A631","Issaquah Creek upstream of hatchery","Temperature","3.2","deg C","2",,,,"3.2||King County Nstream Database/RS2",,,,,,,"KCEL"
"8769","8769","33906","7915144","1979-02-22T00:00:00.000","1","Streams and Rivers","Issaquah","0631","Issaquah Creek at SE 56th St","Temperature","3.4","deg C","2",,,,"3.4||King County Nstream Database/RS2",,,,,,,"KCEL"
"8812","8812","16777","7915225","1979-03-22T00:00:00.000","1","Streams and Rivers","Issaquah","A631","Issaquah Creek upstream of hatchery","Temperature","6.2","deg C","2",,,,"6.2||King County Nstream Database/RS2",,,,,,,"KCEL"
"8818","8818","31614","7915241","1979-03-22T00:00:00.000","1","Streams and Rivers","Issaquah","0631","Issaquah Creek at SE 56th St","Temperature","6.7","deg C","2",,,,"6.7||King County Nstream Database/RS2",,,,,,,"KCEL"
"8857","8857","40061","7915320","1979-04-19T00:00:00.000","1","Streams and Rivers","Issaquah","0631","Issaquah Creek at SE 56th St","Temperature","7","deg C","2",,,,"7.0||King County Nstream Database/RS2",,,,,,,"KCEL"
"8843","8843","10752","7915292","1979-04-19T00:00:00.000","1","Streams and Rivers","Issaquah","A631","Issaquah Creek upstream of hatchery","Temperature","6.9","deg C","2",,,,"6.9||King County Nstream Database/RS2",,,,,,,"KCEL"
"8912","8912","31000","7915430","1979-05-24T00:00:00.000","1","Streams and Rivers","Issaquah","0631","Issaquah Creek at SE 56th St","Temperature","14.8","deg C","2",,,,"14.8||King County Nstream Database/RS2",,,,,,,"KCEL"
"8898","8898","18651","7915403","1979-05-24T00:00:00.000","1","Streams and Rivers","Issaquah","A631","Issaquah Creek upstream of hatchery","Temperature","13","deg C","2",,,,"13.0||King County Nstream Database/RS2",,,,,,,"KCEL"
"8945","8945","11814","7915497","1979-06-21T00:00:00.000","1","Streams and Rivers","Issaquah","A631","Issaquah Creek upstream of hatchery","Temperature","10.8","deg C","2",,,,"10.8||King County Nstream Database/RS2",,,,,,,"KCEL"
"8959","8959","39720","7915523","1979-06-21T00:00:00.000","1","Streams and Rivers","Issaquah","0631","Issaquah Creek at SE 56th St","Temperature","11.2","deg C","2",,,,"11.2||King County Nstream Database/RS2",,,,,,,"KCEL"
"9014","9014","30914","7915628","1979-07-26T00:00:00.000","1","Streams and Rivers","Issaquah","0631","Issaquah Creek at SE 56th St","Temperature","15.8","deg C","2",,,,"15.8||King County Nstream Database/RS2",,,,,,,"KCEL"
"9003","9003","18052","7915601","1979-07-26T00:00:00.000","1","Streams and Rivers","Issaquah","A631","Issaquah Creek upstream of hatchery","Temperature","15.3","deg C","2",,,,"15.3||King County Nstream Database/RS2",,,,,,,"KCEL"
"9061","9061","40365","7915721","1979-08-23T00:00:00.000","1","Streams and Rivers","Issaquah","0631","Issaquah Creek at SE 56th St","Temperature","14","deg C","2",,,,"14.0||King County Nstream Database/RS2",,,,,,,"KCEL"
"9047","9047","10095","7915694","1979-08-23T00:00:00.000","1","Streams and Rivers","Issaquah","A631","Issaquah Creek upstream of hatchery","Temperature","14","deg C","2",,,,"14.0||King County Nstream Database/RS2",,,,,,,"KCEL"
"9147","9147","31656","7915892","1979-09-27T00:00:00.000","1","Streams and Rivers","Issaquah","0631","Issaquah Creek at SE 56th St","Temperature","13.5","deg C","2",,,,"13.5||King County Nstream Database/RS2",,,,,,,"KCEL"
"9133","9133","16238","7915865","1979-09-27T00:00:00.000","1","Streams and Rivers","Issaquah","A631","Issaquah Creek upstream of hatchery","Temperature","13.5","deg C","2",,,,"13.5||King County Nstream Database/RS2",,,,,,,"KCEL"
"9287","9287","30938","7916171","1979-11-29T00:00:00.000","1","Streams and Rivers","Issaquah","0631","Issaquah Creek at SE 56th St","Temperature","5","deg C","2",,,,"5.0||King County Nstream Database/RS2",,,,,,,"KCEL"
"9273","9273","17721","7916144","1979-11-29T00:00:00.000","1","Streams and Rivers","Issaquah","A631","Issaquah Creek upstream of hatchery","Temperature","5.1","deg C","2",,,,"5.1||King County Nstream Database/RS2",,,,,,,"KCEL"
"9359","9359","31683","8015079","1980-01-31T00:00:00.000","1","Streams and Rivers","Issaquah","0631","Issaquah Creek at SE 56th St","Temperature","3","deg C","2",,,,"3.0||King County Nstream Database/RS2",,,,,,,"KCEL"
"9345","9345","16117","8015051","1980-01-31T00:00:00.000","1","Streams and Rivers","Issaquah","A631","Issaquah Creek upstream of hatchery","Temperature","2","deg C","2",,,,"2.0||King County Nstream Database/RS2",,,,,,,"KCEL"
"9389","9389","15697","8015133","1980-02-28T00:00:00.000","1","Streams and Rivers","Issaquah","A631","Issaquah Creek upstream of hatchery","Temperature","8.1","deg C","2",,,,"8.1||King County Nstream Database/RS2",,,,,,,"KCEL"
"9400","9400","29671","8015161","1980-02-28T00:00:00.000","1","Streams and Rivers","Issaquah","0631","Issaquah Creek at SE 56th St","Temperature","8.6","deg C","2",,,,"8.6||King County Nstream Database/RS2",,,,,,,"KCEL"
"9441","9441","38124","8015243","1980-03-27T00:00:00.000","1","Streams and Rivers","Issaquah","0631","Issaquah Creek at SE 56th St","Temperature","7","deg C","2",,,,"7.0||King County Nstream Database/RS2",,,,,,,"KCEL"
"9427","9427","8883","8015214","1980-03-27T00:00:00.000","1","Streams and Rivers","Issaquah","A631","Issaquah Creek upstream of hatchery","Temperature","6.8","deg C","2",,,,"6.8||King County Nstream Database/RS2",,,,,,,"KCEL"
"9476","9476","31616","8015311","1980-04-17T00:00:00.000","1","Streams and Rivers","Issaquah","0631","Issaquah Creek at SE 56th St","Temperature","9.5","deg C","2",,,,"9.5||King County Nstream Database/RS2",,,,,,,"KCEL"
"9462","9462","12969","8015282","1980-04-17T00:00:00.000","1","Streams and Rivers","Issaquah","A631","Issaquah Creek upstream of hatchery","Temperature","9.6","deg C","2",,,,"9.6||King County Nstream Database/RS2",,,,,,,"KCEL"
"9505","9505","7239","8015366","1980-05-29T00:00:00.000","1","Streams and Rivers","Issaquah","A631","Issaquah Creek upstream of hatchery","Temperature","10","deg C","2",,,,"10.0||King County Nstream Database/RS2",,,,,,,"KCEL"
"9519","9519","39116","8015395","1980-05-29T00:00:00.000","1","Streams and Rivers","Issaquah","0631","Issaquah Creek at SE 56th St","Temperature","10","deg C","2",,,,"10.0||King County Nstream Database/RS2",,,,,,,"KCEL"
"9552","9552","30629","8015461","1980-06-19T00:00:00.000","1","Streams and Rivers","Issaquah","0631","Issaquah Creek at SE 56th St","Temperature","11.3","deg C","2",,,,"11.3||King County Nstream Database/RS2",,,,,,,"KCEL"
"9538","9538","17831","8015432","1980-06-19T00:00:00.000","1","Streams and Rivers","Issaquah","A631","Issaquah Creek upstream of hatchery","Temperature","11","deg C","2",,,,"11.0||King County Nstream Database/RS2",,,,,,,"KCEL"
"9628","9628","37715","8015609","1980-08-14T00:00:00.000","1","Streams and Rivers","Issaquah","0631","Issaquah Creek at SE 56th St","Temperature","14","deg C","2",,,,"14.0||King County Nstream Database/RS2",,,,,,,"KCEL"
"9614","9614","3976","8015581","1980-08-14T00:00:00.000","1","Streams and Rivers","Issaquah","A631","Issaquah Creek upstream of hatchery","Temperature","13.2","deg C","2",,,,"13.2||King County Nstream Database/RS2",,,,,,,"KCEL"
"9663","9663","34534","8015676","1980-09-11T00:00:00.000","1","Streams and Rivers","Issaquah","0631","Issaquah Creek at SE 56th St","Temperature","12.5","deg C","2",,,,"12.5||King County Nstream Database/RS2",,,,,,,"KCEL"
"9649","9649","23588","8015648","1980-09-11T00:00:00.000","1","Streams and Rivers","Issaquah","A631","Issaquah Creek upstream of hatchery","Temperature","12","deg C","2",,,,"12.0||King County Nstream Database/RS2",,,,,,,"KCEL"
"9696","9696","32959","8015741","1980-10-09T00:00:00.000","1","Streams and Rivers","Issaquah","0631","Issaquah Creek at SE 56th St","Temperature","9","deg C","2",,,,"9.0||King County Nstream Database/RS2",,,,,,,"KCEL"
"9682","9682","21836","8015713","1980-10-09T00:00:00.000","1","Streams and Rivers","Issaquah","A631","Issaquah Creek upstream of hatchery","Temperature","9","deg C","2",,,,"9.0||King County Nstream Database/RS2",,,,,,,"KCEL"
"9725","9725","23123","8015796","1980-11-13T00:00:00.000","1","Streams and Rivers","Issaquah","A631","Issaquah Creek upstream of hatchery","Temperature","4.7","deg C","2",,,,"4.7||King County Nstream Database/RS2",,,,,,,"KCEL"
"9739","9739","33961","8015824","1980-11-13T00:00:00.000","1","Streams and Rivers","Issaquah","0631","Issaquah Creek at SE 56th St","Temperature","5.1","deg C","2",,,,"5.1||King County Nstream Database/RS2",,,,,,,"KCEL"
"9776","9776","37658","8015894","1980-12-18T00:00:00.000","1","Streams and Rivers","Issaquah","0631","Issaquah Creek at SE 56th St","Temperature","7.5","deg C","2",,,,"7.5||King County Nstream Database/RS2",,,,,,,"KCEL"
"9762","9762","4276","8015865","1980-12-18T00:00:00.000","1","Streams and Rivers","Issaquah","A631","Issaquah Creek upstream of hatchery","Temperature","7.1","deg C","2",,,,"7.1||King County Nstream Database/RS2",,,,,,,"KCEL"
"9782","9782","27053","8115006","1981-01-21T00:00:00.000","1","Streams and Rivers","Issaquah","A631","Issaquah Creek upstream of hatchery","Temperature","8.9","deg C","2",,,,"8.9||King County Nstream Database/RS3",,,,,,,"KCEL"
"9801","9801","34989","8115041","1981-01-21T00:00:00.000","1","Streams and Rivers","Issaquah","0631","Issaquah Creek at SE 56th St","Temperature","9.2","deg C","2",,,,"9.2||King County Nstream Database/RS3",,,,,,,"KCEL"
"9821","9821","8412","8115071","1981-02-25T00:00:00.000","1","Streams and Rivers","Issaquah","A631","Issaquah Creek upstream of hatchery","Temperature","7.1","deg C","2",,,,"7.1||King County Nstream Database/RS3",,,,,,,"KCEL"
"9840","9840","38786","8115106","1981-02-25T00:00:00.000","1","Streams and Rivers","Issaquah","0631","Issaquah Creek at SE 56th St","Temperature","6.9","deg C","2",,,,"6.9||King County Nstream Database/RS3",,,,,,,"KCEL"
"9878","9878","31855","8115170","1981-03-18T00:00:00.000","1","Streams and Rivers","Issaquah","0631","Issaquah Creek at SE 56th St","Temperature","6.5","deg C","2",,,,"6.5||King County Nstream Database/RS3",,,,,,,"KCEL"
"9859","9859","18173","8115135","1981-03-18T00:00:00.000","1","Streams and Rivers","Issaquah","A631","Issaquah Creek upstream of hatchery","Temperature","6.1","deg C","2",,,,"6.1||King County Nstream Database/RS3",,,,,,,"KCEL"
"9901","9901","22779","8115203","1981-04-22T00:00:00.000","1","Streams and Rivers","Issaquah","A631","Issaquah Creek upstream of hatchery","Temperature","9.4","deg C","2",,,,"9.4||King County Nstream Database/RS3",,,,,,,"KCEL"
"9920","9920","34172","8115238","1981-04-22T00:00:00.000","1","Streams and Rivers","Issaquah","0631","Issaquah Creek at SE 56th St","Temperature","10","deg C","2",,,,"10.0||King County Nstream Database/RS3",,,,,,,"KCEL"
"9959","9959","36768","8115302","1981-05-13T00:00:00.000","1","Streams and Rivers","Issaquah","0631","Issaquah Creek at SE 56th St","Temperature","10.2","deg C","2",,,,"10.2||King County Nstream Database/RS3",,,,,,,"KCEL"
"9939","9939","5174","8115267","1981-05-13T00:00:00.000","1","Streams and Rivers","Issaquah","A631","Issaquah Creek upstream of hatchery","Temperature","10.4","deg C","2",,,,"10.4||King County Nstream Database/RS3",,,,,,,"KCEL"
"10000","10000","34843","8115370","1981-06-24T00:00:00.000","1","Streams and Rivers","Issaquah","0631","Issaquah Creek at SE 56th St","Temperature","11","deg C","2",,,,"11.0||King County Nstream Database/RS3",,,,,,,"KCEL"
"9980","9980","23964","8115335","1981-06-24T00:00:00.000","1","Streams and Rivers","Issaquah","A631","Issaquah Creek upstream of hatchery","Temperature","11.1","deg C","2",,,,"11.1||King County Nstream Database/RS3",,,,,,,"KCEL"
"10023","10023","17730","8115405","1981-07-22T00:00:00.000","1","Streams and Rivers","Issaquah","A631","Issaquah Creek upstream of hatchery","Temperature","12.8","deg C","2",,,,"12.8||King County Nstream Database/RS3",,,,,,,"KCEL"
"10043","10043","30759","8115440","1981-07-22T00:00:00.000","1","Streams and Rivers","Issaquah","0631","Issaquah Creek at SE 56th St","Temperature","13.1","deg C","2",,,,"13.1||King County Nstream Database/RS3",,,,,,,"KCEL"
"10086","10086","39399","8115511","1981-08-19T00:00:00.000","1","Streams and Rivers","Issaquah","0631","Issaquah Creek at SE 56th St","Temperature","15.5","deg C","2",,,,"15.5||King County Nstream Database/RS3",,,,,,,"KCEL"
"10066","10066","11562","8115476","1981-08-19T00:00:00.000","1","Streams and Rivers","Issaquah","A631","Issaquah Creek upstream of hatchery","Temperature","14.2","deg C","2",,,,"14.2||King County Nstream Database/RS3",,,,,,,"KCEL"
"10316",,"25568","8192739","1981-08-26T00:00:00.000",,"Streams and Rivers","Issaquah","A631","Issaquah Creek upstream of hatchery","Temperature","13.6","deg C","2",,,,"13.6||King County Benthos Database/RS3",,,,,"none",,"KCEL"
"10286",,"25568","8127020","1981-08-26T00:00:00.000",,"Streams and Rivers","Issaquah","A631","Issaquah Creek upstream of hatchery","Temperature","13.6","deg C","2",,,,"13.6||King County Benthos Database/RS3",,,,,"none",,"KCEL"
"10315",,"25568","8192738","1981-08-26T00:00:00.000",,"Streams and Rivers","Issaquah","A631","Issaquah Creek upstream of hatchery","Temperature","13.6","deg C","2",,,,"13.6||King County Benthos Database/RS3",,,,,"none",,"KCEL"
"10366",,"35133","8192941","1981-09-01T00:00:00.000",,"Streams and Rivers","Issaquah","0631","Issaquah Creek at SE 56th St","Temperature","14","deg C","2",,,,"14.0||King County Benthos Database/RS3",,,,,"none",,"KCEL"
"10365",,"35133","8192940","1981-09-01T00:00:00.000",,"Streams and Rivers","Issaquah","0631","Issaquah Creek at SE 56th St","Temperature","14","deg C","2",,,,"14.0||King County Benthos Database/RS3",,,,,"none",,"KCEL"
"10304",,"35133","8127048","1981-09-01T00:00:00.000",,"Streams and Rivers","Issaquah","0631","Issaquah Creek at SE 56th St","Temperature","14","deg C","2",,,,"14.0||King County Benthos Database/RS3",,,,,"none",,"KCEL"
"10105","10105","5460","8115540","1981-09-16T00:00:00.000","1","Streams and Rivers","Issaquah","A631","Issaquah Creek upstream of hatchery","Temperature","13.1","deg C","2",,,,"13.1||King County Nstream Database/RS3",,,,,,,"KCEL"
"10125","10125","36747","8115575","1981-09-16T00:00:00.000","1","Streams and Rivers","Issaquah","0631","Issaquah Creek at SE 56th St","Temperature","13.8","deg C","2",,,,"13.8||King County Nstream Database/RS3",,,,,,,"KCEL"
"10168","10168","40158","8115643","1981-10-21T00:00:00.000","1","Streams and Rivers","Issaquah","0631","Issaquah Creek at SE 56th St","Temperature","7.5","deg C","2",,,,"7.5||King County Nstream Database/RS3",,,,,,,"KCEL"
"10148","10148","9186","8115608","1981-10-21T00:00:00.000","1","Streams and Rivers","Issaquah","A631","Issaquah Creek upstream of hatchery","Temperature","7.3","deg C","2",,,,"7.3||King County Nstream Database/RS3",,,,,,,"KCEL"
"10231","10231","29303","8115742","1981-11-19T00:00:00.000","1","Streams and Rivers","Issaquah","0631","Issaquah Creek at SE 56th St","Temperature","8.2","deg C","2",,,,"8.2||King County Nstream Database/RS3",,,,,,,"KCEL"
"10224","10224","14604","8115724","1981-11-19T00:00:00.000","1","Streams and Rivers","Issaquah","A631","Issaquah Creek upstream of hatchery","Temperature","8.2","deg C","2",,,,"8.2||King County Nstream Database/RS3",,,,,,,"KCEL"
"10238","10238","27248","8115751","1981-12-16T00:00:00.000","1","Streams and Rivers","Issaquah","A631","Issaquah Creek upstream of hatchery","Temperature","6.5","deg C","2",,,,"6.5||King County Nstream Database/RS3",,,,,,,"KCEL"
"10258","10258","35925","8115786","1981-12-16T00:00:00.000","1","Streams and Rivers","Issaquah","0631","Issaquah Creek at SE 56th St","Temperature","5.9","deg C","2",,,,"5.9||King County Nstream Database/RS3",,,,,,,"KCEL"
"10392","10392","37926","8215041","1982-01-20T00:00:00.000","1","Streams and Rivers","Issaquah","0631","Issaquah Creek at SE 56th St","Temperature","5.5","deg C","2",,,,"5.5||King County Nstream Database/RS3",,,,,,,"KCEL"
"10372","10372","7857","8215006","1982-01-20T00:00:00.000","1","Streams and Rivers","Issaquah","A631","Issaquah Creek upstream of hatchery","Temperature","5.9","deg C","2",,,,"5.9||King County Nstream Database/RS3",,,,,,,"KCEL"
"10437","10437","39977","8215113","1982-02-24T00:00:00.000","1","Streams and Rivers","Issaquah","0631","Issaquah Creek at SE 56th St","Temperature","5.6","deg C","2",,,,"5.6||King County Nstream Database/RS3",,,,,,,"KCEL"
"10417","10417","9996","8215078","1982-02-24T00:00:00.000","1","Streams and Rivers","Issaquah","A631","Issaquah Creek upstream of hatchery","Temperature","5.8","deg C","2",,,,"5.8||King County Nstream Database/RS3",,,,,,,"KCEL"
"10482","10482","38767","8215186","1982-03-24T00:00:00.000","1","Streams and Rivers","Issaquah","0631","Issaquah Creek at SE 56th St","Temperature","5.2","deg C","2",,,,"5.2||King County Nstream Database/RS3",,,,,,,"KCEL"
"10462","10462","5940","8215151","1982-03-24T00:00:00.000","1","Streams and Rivers","Issaquah","A631","Issaquah Creek upstream of hatchery","Temperature","6","deg C","2",,,,"6.0||King County Nstream Database/RS3",,,,,,,"KCEL"
"10507","10507","27298","8215223","1982-04-21T00:00:00.000","1","Streams and Rivers","Issaquah","A631","Issaquah Creek upstream of hatchery","Temperature","9","deg C","2",,,,"9.0||King County Nstream Database/RS3",,,,,,,"KCEL"
"10527","10527","36078","8215258","1982-04-21T00:00:00.000","1","Streams and Rivers","Issaquah","0631","Issaquah Creek at SE 56th St","Temperature","7.9","deg C","2",,,,"7.9||King County Nstream Database/RS3",,,,,,,"KCEL"
"10552","10552","20615","8215296","1982-05-19T00:00:00.000","1","Streams and Rivers","Issaquah","A631","Issaquah Creek upstream of hatchery","Temperature","10","deg C","2",,,,"10.0||King County Nstream Database/RS3",,,,,,,"KCEL"
"10572","10572","33445","8215335","1982-05-19T00:00:00.000","1","Streams and Rivers","Issaquah","0631","Issaquah Creek at SE 56th St","Temperature","9.9","deg C","2",,,,"9.9||King County Nstream Database/RS3",,,,,,,"KCEL"
"10601","10601","13416","8215376","1982-06-16T00:00:00.000","1","Streams and Rivers","Issaquah","A631","Issaquah Creek upstream of hatchery","Temperature","12.5","deg C","2",,,,"12.5||King County Nstream Database/RS3",,,,,,,"KCEL"
"10621","10621","30355","8215415","1982-06-16T00:00:00.000","1","Streams and Rivers","Issaquah","0631","Issaquah Creek at SE 56th St","Temperature","13","deg C","2",,,,"13.0||King County Nstream Database/RS3",,,,,,,"KCEL"
"10689","10689","37610","8215507","1982-07-22T00:00:00.000","1","Streams and Rivers","Issaquah","0631","Issaquah Creek at SE 56th St","Temperature","14.2","deg C","2",,,,"14.2||King County Nstream Database/RS4",,,,,,,"KCEL"
"10677","10677","4108","8215491","1982-07-22T00:00:00.000","1","Streams and Rivers","Issaquah","A631","Issaquah Creek upstream of hatchery","Temperature","13","deg C","2",,,,"13.0||King County Nstream Database/RS4",,,,,,,"KCEL"
"10731","10731","23729","8215562","1982-08-19T00:00:00.000","1","Streams and Rivers","Issaquah","A631","Issaquah Creek upstream of hatchery","Temperature","12.5","deg C","2",,,,"12.5||King County Nstream Database/RS4",,,,,,,"KCEL"
"10743","10743","34592","8215578","1982-08-19T00:00:00.000","1","Streams and Rivers","Issaquah","0631","Issaquah Creek at SE 56th St","Temperature","13","deg C","2",,,,"13.0||King County Nstream Database/RS4",,,,,,,"KCEL"
"10942",,"32534","8227049","1982-09-02T00:00:00.000",,"Streams and Rivers","Issaquah","0631","Issaquah Creek at SE 56th St","Temperature","16.4","deg C","2",,,,"16.4||King County Benthos Database/RS3",,,,,"none",,"KCEL"
"10936",,"21905","8227035","1982-09-02T00:00:00.000",,"Streams and Rivers","Issaquah","A631","Issaquah Creek upstream of hatchery","Temperature","14.2","deg C","2",,,,"14.2||King County Benthos Database/RS3",,,,,"none",,"KCEL"
"10793","10793","5820","8215641","1982-09-23T00:00:00.000","1","Streams and Rivers","Issaquah","A631","Issaquah Creek upstream of hatchery","Temperature","12.6","deg C","2",,,,"12.6||King County Nstream Database/RS4",,,,,,,"KCEL"
"10805","10805","36896","8215657","1982-09-23T00:00:00.000","1","Streams and Rivers","Issaquah","0631","Issaquah Creek at SE 56th St","Temperature","13","deg C","2",,,,"13.0||King County Nstream Database/RS4",,,,,,,"KCEL"
"10855","10855","34103","8215720","1982-10-21T00:00:00.000","1","Streams and Rivers","Issaquah","0631","Issaquah Creek at SE 56th St","Temperature","9.3","deg C","2",,,,"9.3||King County Nstream Database/RS4",,,,,,,"KCEL"
"10843","10843","24554","8215704","1982-10-21T00:00:00.000","1","Streams and Rivers","Issaquah","A631","Issaquah Creek upstream of hatchery","Temperature","8.9","deg C","2",,,,"8.9||King County Nstream Database/RS4",,,,,,,"KCEL"
"10913","10913","30912","8215790","1982-12-02T00:00:00.000","1","Streams and Rivers","Issaquah","0631","Issaquah Creek at SE 56th St","Temperature","7.1","deg C","2",,,,"7.1||King County Nstream Database/RS4",,,,,,,"KCEL"
"10901","10901","18420","8215774","1982-12-02T00:00:00.000","1","Streams and Rivers","Issaquah","A631","Issaquah Creek upstream of hatchery","Temperature","7","deg C","2",,,,"7.0||King County Nstream Database/RS4",,,,,,,"KCEL"
"10983","10983","38651","8315048","1983-01-13T00:00:00.000","1","Streams and Rivers","Issaquah","0631","Issaquah Creek at SE 56th St","Temperature","7.1","deg C","2",,,,"7.1||King County Nstream Database/RS4",,,,,,,"KCEL"
"10971","10971","7187","8315032","1983-01-13T00:00:00.000","1","Streams and Rivers","Issaquah","A631","Issaquah Creek upstream of hatchery","Temperature","6.7","deg C","2",,,,"6.7||King County Nstream Database/RS4",,,,,,,"KCEL"
"11059","11059","37893","8315146","1983-03-17T00:00:00.000","1","Streams and Rivers","Issaquah","0631","Issaquah Creek at SE 56th St","Temperature","6.8","deg C","2",,,,"6.8||King County Nstream Database/RS4",,,,,,,"KCEL"
"11047","11047","8942","8315130","1983-03-17T00:00:00.000","1","Streams and Rivers","Issaquah","A631","Issaquah Creek upstream of hatchery","Temperature","7.7","deg C","2",,,,"7.7||King County Nstream Database/RS4",,,,,,,"KCEL"
"11097","11097","30235","8315194","1983-04-21T00:00:00.000","1","Streams and Rivers","Issaquah","0631","Issaquah Creek at SE 56th St","Temperature","11","deg C","2",,,,"11.0||King County Nstream Database/RS4",,,,,,,"KCEL"
"11085","11085","13698","8315176","1983-04-21T00:00:00.000","1","Streams and Rivers","Issaquah","A631","Issaquah Creek upstream of hatchery","Temperature","11.1","deg C","2",,,,"11.1||King County Nstream Database/RS4",,,,,,,"KCEL"
"11123","11123","6923","8315225","1983-05-19T00:00:00.000","1","Streams and Rivers","Issaquah","A631","Issaquah Creek upstream of hatchery","Temperature","9.7","deg C","2",,,,"9.7||King County Nstream Database/RS4",,,,,,,"KCEL"
"11135","11135","38985","8315241","1983-05-19T00:00:00.000","1","Streams and Rivers","Issaquah","0631","Issaquah Creek at SE 56th St","Temperature","10.3","deg C","2",,,,"10.3||King County Nstream Database/RS4",,,,,,,"KCEL"
"11169","11169","27058","8315280","1983-06-16T00:00:00.000","1","Streams and Rivers","Issaquah","A631","Issaquah Creek upstream of hatchery","Temperature","12.8","deg C","2",,,,"12.8||King County Nstream Database/RS4",,,,,,,"KCEL"
"11181","11181","37682","8315296","1983-06-16T00:00:00.000","1","Streams and Rivers","Issaquah","0631","Issaquah Creek at SE 56th St","Temperature","12.6","deg C","2",,,,"12.6||King County Nstream Database/RS4",,,,,,,"KCEL"
"11219","11219","22811","8315339","1983-07-14T00:00:00.000","1","Streams and Rivers","Issaquah","A631","Issaquah Creek upstream of hatchery","Temperature","12.2","deg C","2",,,,"12.2||King County Nstream Database/RS4",,,,,,,"KCEL"
"11231","11231","34246","8315355","1983-07-14T00:00:00.000","1","Streams and Rivers","Issaquah","0631","Issaquah Creek at SE 56th St","Temperature","12.3","deg C","2",,,,"12.3||King County Nstream Database/RS4",,,,,,,"KCEL"
"11273","11273","5720","8315402","1983-08-18T00:00:00.000","1","Streams and Rivers","Issaquah","A631","Issaquah Creek upstream of hatchery","Temperature","15.3","deg C","2",,,,"15.3||King County Nstream Database/RS4",,,,,,,"KCEL"
"11285","11285","36865","8315418","1983-08-18T00:00:00.000","1","Streams and Rivers","Issaquah","0631","Issaquah Creek at SE 56th St","Temperature","14.7","deg C","2",,,,"14.7||King County Nstream Database/RS4",,,,,,,"KCEL"
"11511",,"37427","8327040","1983-09-07T00:00:00.000",,"Streams and Rivers","Issaquah","0631","Issaquah Creek at SE 56th St","Temperature","12.3","deg C","2",,,,"12.3||King County Benthos Database/RS4",,,,,"none",,"KCEL"
"11501",,"26869","8327020","1983-09-07T00:00:00.000",,"Streams and Rivers","Issaquah","A631","Issaquah Creek upstream of hatchery","Temperature","12.8","deg C","2",,,,"12.8||King County Benthos Database/RS4",,,,,"none",,"KCEL"
"11327","11327","7006","8315468","1983-09-22T00:00:00.000","1","Streams and Rivers","Issaquah","A631","Issaquah Creek upstream of hatchery","Temperature","11","deg C","2",,,,"11.0||King County Nstream Database/RS4",,,,,,,"KCEL"
"11339","11339","38883","8315484","1983-09-22T00:00:00.000","1","Streams and Rivers","Issaquah","0631","Issaquah Creek at SE 56th St","Temperature","11","deg C","2",,,,"11.0||King County Nstream Database/RS4",,,,,,,"KCEL"
"11389","11389","37622","8315543","1983-10-20T00:00:00.000","1","Streams and Rivers","Issaquah","0631","Issaquah Creek at SE 56th St","Temperature","10.3","deg C","2",,,,"10.3||King County Nstream Database/RS4",,,,,,,"KCEL"
"11377","11377","3544","8315527","1983-10-20T00:00:00.000","1","Streams and Rivers","Issaquah","A631","Issaquah Creek upstream of hatchery","Temperature","10","deg C","2",,,,"10.0||King County Nstream Database/RS4",,,,,,,"KCEL"
"11443","11443","34775","8315606","1983-11-17T00:00:00.000","1","Streams and Rivers","Issaquah","0631","Issaquah Creek at SE 56th St","Temperature","9.1","deg C","2",,,,"9.1||King County Nstream Database/RS4",,,,,,,"KCEL"
"11431","11431","23691","8315590","1983-11-17T00:00:00.000","1","Streams and Rivers","Issaquah","A631","Issaquah Creek upstream of hatchery","Temperature","9.1","deg C","2",,,,"9.1||King County Nstream Database/RS4",,,,,,,"KCEL"
"11489","11489","31355","8315661","1983-12-15T00:00:00.000","1","Streams and Rivers","Issaquah","0631","Issaquah Creek at SE 56th St","Temperature","6.1","deg C","2",,,,"6.1||King County Nstream Database/RS4",,,,,,,"KCEL"
"11477","11477","16552","8315645","1983-12-15T00:00:00.000","1","Streams and Rivers","Issaquah","A631","Issaquah Creek upstream of hatchery","Temperature","6.2","deg C","2",,,,"6.2||King County Nstream Database/RS4",,,,,,,"KCEL"
"11547","11547","25349","8415028","1984-01-19T00:00:00.000","1","Streams and Rivers","Issaquah","A631","Issaquah Creek upstream of hatchery","Temperature","2.5","deg C","2",,,,"2.5||King County Nstream Database/RS4",,,,,,,"KCEL"
"11559","11559","34008","8415044","1984-01-19T00:00:00.000","1","Streams and Rivers","Issaquah","0631","Issaquah Creek at SE 56th St","Temperature","2.5","deg C","2",,,,"2.5||King County Nstream Database/RS4",,,,,,,"KCEL"
"11585","11585","18026","8415075","1984-02-16T00:00:00.000","1","Streams and Rivers","Issaquah","A631","Issaquah Creek upstream of hatchery","Temperature","6.3","deg C","2",,,,"6.3||King County Nstream Database/RS4",,,,,,,"KCEL"
"11597","11597","30734","8415091","1984-02-16T00:00:00.000","1","Streams and Rivers","Issaquah","0631","Issaquah Creek at SE 56th St","Temperature","6.2","deg C","2",,,,"6.2||King County Nstream Database/RS4",,,,,,,"KCEL"
"11623","11623","10990","8415123","1984-03-15T00:00:00.000","1","Streams and Rivers","Issaquah","A631","Issaquah Creek upstream of hatchery","Temperature","7.5","deg C","2",,,,"7.5||King County Nstream Database/RS4",,,,,,,"KCEL"
"11635","11635","29459","8415139","1984-03-15T00:00:00.000","1","Streams and Rivers","Issaquah","0631","Issaquah Creek at SE 56th St","Temperature","7.6","deg C","2",,,,"7.6||King County Nstream Database/RS4",,,,,,,"KCEL"
"11661","11661","7344","8415170","1984-04-12T00:00:00.000","1","Streams and Rivers","Issaquah","A631","Issaquah Creek upstream of hatchery","Temperature","7.7","deg C","2",,,,"7.7||King County Nstream Database/RS4",,,,,,,"KCEL"
"11673","11673","39014","8415186","1984-04-12T00:00:00.000","1","Streams and Rivers","Issaquah","0631","Issaquah Creek at SE 56th St","Temperature","7.7","deg C","2",,,,"7.7||King County Nstream Database/RS4",,,,,,,"KCEL"
"11699","11699","13134","8415217","1984-05-17T00:00:00.000","1","Streams and Rivers","Issaquah","A631","Issaquah Creek upstream of hatchery","Temperature","10.1","deg C","2",,,,"10.1||King County Nstream Database/RS4",,,,,,,"KCEL"
"11711","11711","30232","8415233","1984-05-17T00:00:00.000","1","Streams and Rivers","Issaquah","0631","Issaquah Creek at SE 56th St","Temperature","9.7","deg C","2",,,,"9.7||King County Nstream Database/RS4",,,,,,,"KCEL"
"11741","11741","6072","8415268","1984-06-14T00:00:00.000","1","Streams and Rivers","Issaquah","A631","Issaquah Creek upstream of hatchery","Temperature","12.4","deg C","2",,,,"12.4||King County Nstream Database/RS4",,,,,,,"KCEL"
"11753","11753","38645","8415284","1984-06-14T00:00:00.000","1","Streams and Rivers","Issaquah","0631","Issaquah Creek at SE 56th St","Temperature","12.5","deg C","2",,,,"12.5||King County Nstream Database/RS4",,,,,,,"KCEL"
"11795","11795","14730","8415331","1984-07-19T00:00:00.000","1","Streams and Rivers","Issaquah","A631","Issaquah Creek upstream of hatchery","Temperature","13","deg C","2",,,,"13.0||King County Nstream Database/RS4",,,,,,,"KCEL"
"11807","11807","29485","8415347","1984-07-19T00:00:00.000","1","Streams and Rivers","Issaquah","0631","Issaquah Creek at SE 56th St","Temperature","12.4","deg C","2",,,,"12.4||King County Nstream Database/RS4",,,,,,,"KCEL"
"11857","11857","37873","8415406","1984-08-16T00:00:00.000","1","Streams and Rivers","Issaquah","0631","Issaquah Creek at SE 56th St","Temperature","15.5","deg C","2",,,,"15.5||King County Nstream Database/RS4",,,,,,,"KCEL"
"11845","11845","7702","8415390","1984-08-16T00:00:00.000","1","Streams and Rivers","Issaquah","A631","Issaquah Creek upstream of hatchery","Temperature","14.7","deg C","2",,,,"14.7||King County Nstream Database/RS4",,,,,,,"KCEL"
"12076",,"20816","8427028","1984-08-29T00:00:00.000",,"Streams and Rivers","Issaquah","A631","Issaquah Creek upstream of hatchery","Temperature","11.8","deg C","2",,,,"11.8||King County Benthos Database/RS4",,,,,"none",,"KCEL"
"12086",,"33354","8427047","1984-08-29T00:00:00.000",,"Streams and Rivers","Issaquah","0631","Issaquah Creek at SE 56th St","Temperature","11.9","deg C","2",,,,"11.9||King County Benthos Database/RS4",,,,,"none",,"KCEL"
"11911","11911","30228","8415469","1984-09-20T00:00:00.000","1","Streams and Rivers","Issaquah","0631","Issaquah Creek at SE 56th St","Temperature","12.8","deg C","2",,,,"12.8||King County Nstream Database/RS4",,,,,,,"KCEL"
"11899","11899","13182","8415453","1984-09-20T00:00:00.000","1","Streams and Rivers","Issaquah","A631","Issaquah Creek upstream of hatchery","Temperature","12.9","deg C","2",,,,"12.9||King County Nstream Database/RS4",,,,,,,"KCEL"
"11960","11960","38482","8415528","1984-10-18T00:00:00.000","1","Streams and Rivers","Issaquah","0631","Issaquah Creek at SE 56th St","Temperature","7.6","deg C","2",,,,"7.6||King County Nstream Database/RS4",,,,,,,"KCEL"
"11948","11948","8869","8415512","1984-10-18T00:00:00.000","1","Streams and Rivers","Issaquah","A631","Issaquah Creek upstream of hatchery","Temperature","7.6","deg C","2",,,,"7.6||King County Nstream Database/RS4",,,,,,,"KCEL"
"12010","12010","39286","8415586","1984-11-16T00:00:00.000","1","Streams and Rivers","Issaquah","0631","Issaquah Creek at SE 56th St","Temperature","7","deg C","2",,,,"7.0||King County Nstream Database/RS4",,,,,,,"KCEL"
"11998","11998","10844","8415570","1984-11-16T00:00:00.000","1","Streams and Rivers","Issaquah","A631","Issaquah Creek upstream of hatchery","Temperature","6.9","deg C","2",,,,"6.9||King County Nstream Database/RS4",,,,,,,"KCEL"
"12044","12044","14764","8415624","1984-12-12T00:00:00.000","1","Streams and Rivers","Issaquah","A631","Issaquah Creek upstream of hatchery","Temperature","5.3","deg C","2",,,,"5.3||King County Nstream Database/RS4",,,,,,,"KCEL"
"12056","12056","30386","8415640","1984-12-12T00:00:00.000","1","Streams and Rivers","Issaquah","0631","Issaquah Creek at SE 56th St","Temperature","5.6","deg C","2",,,,"5.6||King County Nstream Database/RS4",,,,,,,"KCEL"
"12136","12136","34939","8515043","1985-01-17T00:00:00.000","1","Streams and Rivers","Issaquah","0631","Issaquah Creek at SE 56th St","Temperature","5.1","deg C","2",,,,"5.1||King County Nstream Database/RS4",,,,,,,"KCEL"
"12124","12124","27241","8515027","1985-01-17T00:00:00.000","1","Streams and Rivers","Issaquah","A631","Issaquah Creek upstream of hatchery","Temperature","4.9","deg C","2",,,,"4.9||King County Nstream Database/RS4",,,,,,,"KCEL"
"12174","12174","34753","8515092","1985-02-14T00:00:00.000","1","Streams and Rivers","Issaquah","0631","Issaquah Creek at SE 56th St","Temperature","3.8","deg C","2",,,,"3.8||King County Nstream Database/RS4",,,,,,,"KCEL"
"12162","12162","24585","8515073","1985-02-14T00:00:00.000","1","Streams and Rivers","Issaquah","A631","Issaquah Creek upstream of hatchery","Temperature","4.3","deg C","2",,,,"4.3||King County Nstream Database/RS4",,,,,,,"KCEL"
"12212","12212","35661","8515141","1985-03-21T00:00:00.000","1","Streams and Rivers","Issaquah","0631","Issaquah Creek at SE 56th St","Temperature","6.3","deg C","2",,,,"6.3||King County Nstream Database/RS4",,,,,,,"KCEL"
"12200","12200","29055","8515122","1985-03-21T00:00:00.000","1","Streams and Rivers","Issaquah","A631","Issaquah Creek upstream of hatchery","Temperature","6.2","deg C","2",,,,"6.2||King County Nstream Database/RS4",,,,,,,"KCEL"
"12238","12238","22888","8515171","1985-04-18T00:00:00.000","1","Streams and Rivers","Issaquah","A631","Issaquah Creek upstream of hatchery","Temperature","9.1","deg C","2",,,,"9.1||King County Nstream Database/RS4",,,,,,,"KCEL"
"12250","12250","34119","8515190","1985-04-18T00:00:00.000","1","Streams and Rivers","Issaquah","0631","Issaquah Creek at SE 56th St","Temperature","9.2","deg C","2",,,,"9.2||King County Nstream Database/RS4",,,,,,,"KCEL"
"12276","12276","16556","8515220","1985-05-16T00:00:00.000","1","Streams and Rivers","Issaquah","A631","Issaquah Creek upstream of hatchery","Temperature","11.5","deg C","2",,,,"11.5||King County Nstream Database/RS4",,,,,,,"KCEL"
"12288","12288","31541","8515239","1985-05-16T00:00:00.000","1","Streams and Rivers","Issaquah","0631","Issaquah Creek at SE 56th St","Temperature","11.1","deg C","2",,,,"11.1||King County Nstream Database/RS4",,,,,,,"KCEL"
"12318","12318","9751","8515273","1985-06-13T00:00:00.000","1","Streams and Rivers","Issaquah","A631","Issaquah Creek upstream of hatchery","Temperature","11.8","deg C","2",,,,"11.8||King County Nstream Database/RS4",,,,,,,"KCEL"
"12330","12330","40234","8515292","1985-06-13T00:00:00.000","1","Streams and Rivers","Issaquah","0631","Issaquah Creek at SE 56th St","Temperature","12","deg C","2",,,,"12.0||King County Nstream Database/RS4",,,,,,,"KCEL"
"12384","12384","30766","8515357","1985-07-18T00:00:00.000","1","Streams and Rivers","Issaquah","0631","Issaquah Creek at SE 56th St","Temperature","16.4","deg C","2",,,,"16.4||King County Nstream Database/RS4",,,,,,,"KCEL"
"12372","12372","17641","8515338","1985-07-18T00:00:00.000","1","Streams and Rivers","Issaquah","A631","Issaquah Creek upstream of hatchery","Temperature","17","deg C","2",,,,"17.0||King County Nstream Database/RS4",,,,,,,"KCEL"
"12422","12422","11411","8515399","1985-08-15T00:00:00.000","1","Streams and Rivers","Issaquah","A631","Issaquah Creek upstream of hatchery","Temperature","16.9","deg C","2",,,,"16.9||King County Nstream Database/RS4",,,,,,,"KCEL"
"12434","12434","39583","8515418","1985-08-15T00:00:00.000","1","Streams and Rivers","Issaquah","0631","Issaquah Creek at SE 56th St","Temperature","16.4","deg C","2",,,,"16.4||King County Nstream Database/RS4",,,,,,,"KCEL"
"12621",,"9337","8527029","1985-09-04T00:00:00.000",,"Streams and Rivers","Issaquah","A631","Issaquah Creek upstream of hatchery","Temperature","12.7","deg C","2",,,,"12.7||King County Benthos Database/B53311",,,,,"none",,"KCEL"
"12634",,"40071","8527053","1985-09-04T00:00:00.000",,"Streams and Rivers","Issaquah","0631","Issaquah Creek at SE 56th St","Temperature","12.7","deg C","2",,,,"12.7||King County Benthos Database/B53311",,,,,"none",,"KCEL"
"12488","12488","31478","8515487","1985-09-19T00:00:00.000","1","Streams and Rivers","Issaquah","0631","Issaquah Creek at SE 56th St","Temperature","12","deg C","2",,,,"12.0||King County Nstream Database/RS4",,,,,,,"KCEL"
"12476","12476","16081","8515468","1985-09-19T00:00:00.000","1","Streams and Rivers","Issaquah","A631","Issaquah Creek upstream of hatchery","Temperature","12.1","deg C","2",,,,"12.1||King County Nstream Database/RS4",,,,,,,"KCEL"
"12538","12538","40104","8515554","1985-10-17T00:00:00.000","1","Streams and Rivers","Issaquah","0631","Issaquah Creek at SE 56th St","Temperature","10.4","deg C","2",,,,"10.4||King County Nstream Database/RS4",,,,,,,"KCEL"
"12526","12526","9370","8515535","1985-10-17T00:00:00.000","1","Streams and Rivers","Issaquah","A631","Issaquah Creek upstream of hatchery","Temperature","10","deg C","2",,,,"10.0||King County Nstream Database/RS4",,,,,,,"KCEL"
"12600","12600","36209","8515633","1985-12-12T00:00:00.000","1","Streams and Rivers","Issaquah","0631","Issaquah Creek at SE 56th St","Temperature","2.7","deg C","2",,,,"2.7||King County Nstream Database/RS4",,,,,,,"KCEL"
"12588","12588","26646","8515614","1985-12-12T00:00:00.000","1","Streams and Rivers","Issaquah","A631","Issaquah Creek upstream of hatchery","Temperature","2.5","deg C","2",,,,"2.5||King County Nstream Database/RS4",,,,,,,"KCEL"
"13148","13148","7813","8615027","1986-01-16T00:00:00.000","1","Streams and Rivers","Issaquah","A631","Issaquah Creek upstream of hatchery","Temperature","7.2","deg C","2",,,,"7.2||King County Nstream Database/RS4",,,,,,,"KCEL"
"13160","13160","37952","8615046","1986-01-16T00:00:00.000","1","Streams and Rivers","Issaquah","0631","Issaquah Creek at SE 56th St","Temperature","7.2","deg C","2",,,,"7.2||King County Nstream Database/RS4",,,,,,,"KCEL"
"13186","13186","9842","8615076","1986-02-20T00:00:00.000","1","Streams and Rivers","Issaquah","A631","Issaquah Creek upstream of hatchery","Temperature","3.4","deg C","2",,,,"3.4||King County Nstream Database/RS4",,,,,,,"KCEL"
"13198","13198","39945","8615092","1986-02-20T00:00:00.000","1","Streams and Rivers","Issaquah","0631","Issaquah Creek at SE 56th St","Temperature","3.3","deg C","2",,,,"3.3||King County Nstream Database/RS4",,,,,,,"KCEL"
"12666","12666","38738","8603045","1986-03-20T00:00:00.000","1","Streams and Rivers","Issaquah","0631","Issaquah Creek at SE 56th St","Temperature","9.3","deg C","2",,,,"9.3||King County Nstream Database/B53311",,,,,,,"KCEL"
"12668","12668","6215","8603047","1986-03-20T00:00:00.000","1","Streams and Rivers","Issaquah","A631","Issaquah Creek upstream of hatchery","Temperature","9.4","deg C","2",,,,"9.4||King County Nstream Database/B53311",,,,,,,"KCEL"
"12704","12704","36014","8604219","1986-04-17T00:00:00.000","1","Streams and Rivers","Issaquah","0631","Issaquah Creek at SE 56th St","Temperature","9.3","deg C","2",,,,"9.3||King County Nstream Database/B53311",,,,,,,"KCEL"
"12706","12706","27002","8604221","1986-04-17T00:00:00.000","1","Streams and Rivers","Issaquah","A631","Issaquah Creek upstream of hatchery","Temperature","8.7","deg C","2",,,,"8.7||King County Nstream Database/B53311",,,,,,,"KCEL"
"12742","12742","33149","8604710","1986-05-15T00:00:00.000","1","Streams and Rivers","Issaquah","0631","Issaquah Creek at SE 56th St","Temperature","8.5","deg C","2",,,,"8.5||King County Nstream Database/B53311",,,,,,,"KCEL"
"12744","12744","20390","8604712","1986-05-15T00:00:00.000","1","Streams and Rivers","Issaquah","A631","Issaquah Creek upstream of hatchery","Temperature","8.7","deg C","2",,,,"8.7||King County Nstream Database/B53311",,,,,,,"KCEL"
"12774","12774","29335","8605740","1986-06-12T00:00:00.000","1","Streams and Rivers","Issaquah","0631","Issaquah Creek at SE 56th St","Temperature","14.4","deg C","2",,,,"14.4||King County Nstream Database/B53311",,,,,,,"KCEL"
"12776","12776","14969","8605742","1986-06-12T00:00:00.000","1","Streams and Rivers","Issaquah","A631","Issaquah Creek upstream of hatchery","Temperature","17.5","deg C","2",,,,"17.5||King County Nstream Database/B53311",,,,,,,"KCEL"
"12831","12831","22064","8606359","1986-07-17T00:00:00.000","1","Streams and Rivers","Issaquah","A631","Issaquah Creek upstream of hatchery","Temperature","12.4","deg C","2",,,,"12.4||King County Nstream Database/B53311",,,,,,,"KCEL"
"12829","12829","32438","8606357","1986-07-17T00:00:00.000","1","Streams and Rivers","Issaquah","0631","Issaquah Creek at SE 56th St","Temperature","12.5","deg C","2",,,,"12.5||King County Nstream Database/B53311",,,,,,,"KCEL"
"12890","12890","15121","8607492","1986-08-14T00:00:00.000","1","Streams and Rivers","Issaquah","A631","Issaquah Creek upstream of hatchery","Temperature","14.5","deg C","2",,,,"14.5||King County Nstream Database/B53311",,,,,,,"KCEL"
"12888","12888","31063","8607490","1986-08-14T00:00:00.000","1","Streams and Rivers","Issaquah","0631","Issaquah Creek at SE 56th St","Temperature","14.6","deg C","2",,,,"14.6||King County Nstream Database/B53311",,,,,,,"KCEL"
"13219",,"14026","8627032","1986-09-03T00:00:00.000",,"Streams and Rivers","Issaquah","A631","Issaquah Creek upstream of hatchery","Temperature","13.8","deg C","2",,,,"13.8||King County Benthos Database/B53311",,,,,"none",,"KCEL"
"13232",,"30612","8627054","1986-09-03T00:00:00.000",,"Streams and Rivers","Issaquah","0631","Issaquah Creek at SE 56th St","Temperature","14.8","deg C","2",,,,"14.8||King County Benthos Database/B53311",,,,,"none",,"KCEL"
"12939","12939","12089","8608703","1986-09-17T00:00:00.000","1","Streams and Rivers","Issaquah","A631","Issaquah Creek upstream of hatchery","Temperature","11.5","deg C","2",,,,"11.5||King County Nstream Database/B53311",,,,,,,"KCEL"
"12937","12937","29589","8608701","1986-09-17T00:00:00.000","1","Streams and Rivers","Issaquah","0631","Issaquah Creek at SE 56th St","Temperature","11.7","deg C","2",,,,"11.7||King County Nstream Database/B53311",,,,,,,"KCEL"
"13001","13001","31850","8609464","1986-10-16T00:00:00.000","1","Streams and Rivers","Issaquah","0631","Issaquah Creek at SE 56th St","Temperature","8.2","deg C","2",,,,"8.2||King County Nstream Database/B53311",,,,,,,"KCEL"
"13003","13003","16570","8609466","1986-10-16T00:00:00.000","1","Streams and Rivers","Issaquah","A631","Issaquah Creek upstream of hatchery","Temperature","7.9","deg C","2",,,,"7.9||King County Nstream Database/B53311",,,,,,,"KCEL"
"13055","13055","39564","8609986","1986-11-13T00:00:00.000","1","Streams and Rivers","Issaquah","0631","Issaquah Creek at SE 56th St","Temperature","7.4","deg C","2",,,,"7.4||King County Nstream Database/B53311",,,,,,,"KCEL"
"13057","13057","11918","8609988","1986-11-13T00:00:00.000","1","Streams and Rivers","Issaquah","A631","Issaquah Creek upstream of hatchery","Temperature","7.3","deg C","2",,,,"7.3||King County Nstream Database/B53311",,,,,,,"KCEL"
"13107","13107","5556","8610958","1986-12-11T00:00:00.000","1","Streams and Rivers","Issaquah","A631","Issaquah Creek upstream of hatchery","Temperature","4.2","deg C","2",,,,"4.2||King County Nstream Database/B53311",,,,,,,"KCEL"
"13105","13105","36416","8610956","1986-12-11T00:00:00.000","1","Streams and Rivers","Issaquah","0631","Issaquah Creek at SE 56th St","Temperature","4.2","deg C","2",,,,"4.2||King County Nstream Database/B53311",,,,,,,"KCEL"
"13267","13267","35170","8700589","1987-01-14T00:00:00.000","1","Streams and Rivers","Issaquah","0631","Issaquah Creek at SE 56th St","Temperature","4.8","deg C","2",,,,"4.8||King County Nstream Database/B53311",,,,,,,"KCEL"
"13269","13269","28304","8700591","1987-01-14T00:00:00.000","1","Streams and Rivers","Issaquah","A631","Issaquah Creek upstream of hatchery","Temperature","4.8","deg C","2",,,,"4.8||King County Nstream Database/B53311",,,,,,,"KCEL"
"13307","13307","7959","8700655","1987-02-18T00:00:00.000","1","Streams and Rivers","Issaquah","A631","Issaquah Creek upstream of hatchery","Temperature","6","deg C","2",,,,"6.0||King County Nstream Database/B53311",,,,,,,"KCEL"
"13305","13305","38235","8700653","1987-02-18T00:00:00.000","1","Streams and Rivers","Issaquah","0631","Issaquah Creek at SE 56th St","Temperature","6","deg C","2",,,,"6.0||King County Nstream Database/B53311",,,,,,,"KCEL"
"13347","13347","26721","8700995","1987-03-18T00:00:00.000","1","Streams and Rivers","Issaquah","A631","Issaquah Creek upstream of hatchery","Temperature","7.9","deg C","2",,,,"7.9||King County Nstream Database/B53311",,,,,,,"KCEL"
"13345","13345","35882","8700993","1987-03-18T00:00:00.000","1","Streams and Rivers","Issaquah","0631","Issaquah Creek at SE 56th St","Temperature","8","deg C","2",,,,"8.0||King County Nstream Database/B53311",,,,,,,"KCEL"
"13387","13387","32917","8701788","1987-04-15T00:00:00.000","1","Streams and Rivers","Issaquah","0631","Issaquah Creek at SE 56th St","Temperature","10","deg C","2",,,,"10.0||King County Nstream Database/B53311",,,,,,,"KCEL"
"13389","13389","20251","8701790","1987-04-15T00:00:00.000","1","Streams and Rivers","Issaquah","A631","Issaquah Creek upstream of hatchery","Temperature","10","deg C","2",,,,"10.0||King County Nstream Database/B53311",,,,,,,"KCEL"
"13408","13408","36119","8703259","1987-04-30T00:00:00.000","1","Streams and Rivers","Issaquah","0631","Issaquah Creek at SE 56th St","Temperature","12.4","deg C","2",,,,"12.4||King County Nstream Database/B53311",,,,,,,"KCEL"
"13436","13436","32010","8703320","1987-05-13T00:00:00.000","1","Streams and Rivers","Issaquah","0631","Issaquah Creek at SE 56th St","Temperature","11","deg C","2",,,,"11.0||King County Nstream Database/B53311",,,,,,,"KCEL"
"13438","13438","17223","8703323","1987-05-13T00:00:00.000","1","Streams and Rivers","Issaquah","A631","Issaquah Creek upstream of hatchery","Temperature","11","deg C","2",,,,"11.0||King County Nstream Database/B53311",,,,,,,"KCEL"
"13488","13488","40032","8704773","1987-06-10T00:00:00.000","1","Streams and Rivers","Issaquah","0631","Issaquah Creek at SE 56th St","Temperature","12.4","deg C","2",,,,"12.4||King County Nstream Database/B53311",,,,,,,"KCEL"
"13490","13490","9249","8704776","1987-06-10T00:00:00.000","1","Streams and Rivers","Issaquah","A631","Issaquah Creek upstream of hatchery","Temperature","11.8","deg C","2",,,,"11.8||King County Nstream Database/B53311",,,,,,,"KCEL"
"13540","13540","31198","8707651","1987-07-15T00:00:00.000","1","Streams and Rivers","Issaquah","0631","Issaquah Creek at SE 56th St","Temperature","14.9","deg C","2",,,,"14.9||King County Nstream Database/B53311",,,,,,,"KCEL"
"13542","13542","19118","8707654","1987-07-15T00:00:00.000","1","Streams and Rivers","Issaquah","A631","Issaquah Creek upstream of hatchery","Temperature","14","deg C","2",,,,"14.0||King County Nstream Database/B53311",,,,,,,"KCEL"
"13588","13588","39213","8708300","1987-08-12T00:00:00.000","1","Streams and Rivers","Issaquah","0631","Issaquah Creek at SE 56th St","Temperature","15.3","deg C","2",,,,"15.3||King County Nstream Database/B53311",,,,,,,"KCEL"
"13590","13590","11107","8708303","1987-08-12T00:00:00.000","1","Streams and Rivers","Issaquah","A631","Issaquah Creek upstream of hatchery","Temperature","14.2","deg C","2",,,,"14.2||King County Nstream Database/B53311",,,,,,,"KCEL"
"13893",,"32495","8727057","1987-09-02T00:00:00.000",,"Streams and Rivers","Issaquah","0631","Issaquah Creek at SE 56th St","Temperature","16","deg C","2",,,,"16.0||King County Benthos Database/B53311",,,,,"none",,"KCEL"
"13886",,"21801","8727045","1987-09-02T00:00:00.000",,"Streams and Rivers","Issaquah","A631","Issaquah Creek upstream of hatchery","Temperature","16","deg C","2",,,,"16.0||King County Benthos Database/B53311",,,,,"none",,"KCEL"
"13895",,"21801","8792674","1987-09-02T00:00:00.000",,"Streams and Rivers","Issaquah","A631","Issaquah Creek upstream of hatchery","Temperature","16","deg C","2",,,,"16.0||King County Benthos Database/B53311",,,,,"none",,"KCEL"
"13651","13651","31947","8710119","1987-09-16T00:00:00.000","1","Streams and Rivers","Issaquah","0631","Issaquah Creek at SE 56th St","Temperature","12","deg C","2",,,,"12.0||King County Nstream Database/B53311",,,,,,,"KCEL"
"13653","13653","17486","8710122","1987-09-16T00:00:00.000","1","Streams and Rivers","Issaquah","A631","Issaquah Creek upstream of hatchery","Temperature","12","deg C","2",,,,"12.0||King County Nstream Database/B53311",,,,,,,"KCEL"
"13716","13716","40003","8711583","1987-10-14T00:00:00.000","1","Streams and Rivers","Issaquah","0631","Issaquah Creek at SE 56th St","Temperature","9","deg C","2",,,,"9.0||King County Nstream Database/B53311",,,,,,,"KCEL"
"13718","13718","9633","8711586","1987-10-14T00:00:00.000","1","Streams and Rivers","Issaquah","A631","Issaquah Creek upstream of hatchery","Temperature","9","deg C","2",,,,"9.0||King County Nstream Database/B53311",,,,,,,"KCEL"
"13785","13785","33752","8713143","1987-11-10T00:00:00.000","1","Streams and Rivers","Issaquah","0631","Issaquah Creek at SE 56th St","Temperature","10.1","deg C","2",,,,"10.1||King County Nstream Database/B53311",,,,,,,"KCEL"
"13787","13787","24205","8713146","1987-11-10T00:00:00.000","1","Streams and Rivers","Issaquah","A631","Issaquah Creek upstream of hatchery","Temperature","10","deg C","2",,,,"10.0||King County Nstream Database/B53311",,,,,,,"KCEL"
"13841","13841","35701","8713668","1987-12-15T00:00:00.000","1","Streams and Rivers","Issaquah","0631","Issaquah Creek at SE 56th St","Temperature","5","deg C","2",,,,"5.0||King County Nstream Database/B53311",,,,,,,"KCEL"
"13843","13843","26275","8713671","1987-12-15T00:00:00.000","1","Streams and Rivers","Issaquah","A631","Issaquah Creek upstream of hatchery","Temperature","4","deg C","2",,,,"4.0||King County Nstream Database/B53311",,,,,,,"KCEL"
"13928","13928","4982","8802635","1988-01-13T00:00:00.000","1","Streams and Rivers","Issaquah","A631","Issaquah Creek upstream of hatchery","Temperature","5.9","deg C","2",,,,"5.9||King County Nstream Database/B53311",,,,,,,"KCEL"
"13926","13926","36321","8802632","1988-01-13T00:00:00.000","1","Streams and Rivers","Issaquah","0631","Issaquah Creek at SE 56th St","Temperature","5.8","deg C","2",,,,"5.8||King County Nstream Database/B53311",,,,,,,"KCEL"
"13949","13949","30051","8802806","1988-01-14T00:00:00.000","1","Streams and Rivers","Issaquah","0631","Issaquah Creek at SE 56th St","Temperature","7","deg C","2",,,,"7.0||King County Nstream Database/B53311",,,,,,,"KCEL"
"13963","13963","39216","8803078","1988-01-28T00:00:00.000","1","Streams and Rivers","Issaquah","0631","Issaquah Creek at SE 56th St","Temperature","8","deg C","2",,,,"8.0||King County Nstream Database/B53311",,,,,,,"KCEL"
"13993","13993","16254","8803149","1988-02-09T00:00:00.000","1","Streams and Rivers","Issaquah","A631","Issaquah Creek upstream of hatchery","Temperature","6","deg C","2",,,,"6.0||King County Nstream Database/B53311",,,,,,,"KCEL"
"13991","13991","31574","8803146","1988-02-09T00:00:00.000","1","Streams and Rivers","Issaquah","0631","Issaquah Creek at SE 56th St","Temperature","6","deg C","2",,,,"6.0||King County Nstream Database/B53311",,,,,,,"KCEL"
"14046","14046","38606","8804413","1988-03-16T00:00:00.000","1","Streams and Rivers","Issaquah","0631","Issaquah Creek at SE 56th St","Temperature","5","deg C","2",,,,"5.0||King County Nstream Database/B53311",,,,,,,"KCEL"
"14048","14048","3053","8804416","1988-03-16T00:00:00.000","1","Streams and Rivers","Issaquah","A631","Issaquah Creek upstream of hatchery","Temperature","5","deg C","2",,,,"5.0||King County Nstream Database/B53311",,,,,,,"KCEL"
"14095","14095","26035","8805063","1988-04-13T00:00:00.000","1","Streams and Rivers","Issaquah","A631","Issaquah Creek upstream of hatchery","Temperature","10.2","deg C","2",,,,"10.2||King County Nstream Database/B53311",,,,,,,"KCEL"
"14093","14093","35907","8805060","1988-04-13T00:00:00.000","1","Streams and Rivers","Issaquah","0631","Issaquah Creek at SE 56th St","Temperature","10.5","deg C","2",,,,"10.5||King County Nstream Database/B53311",,,,,,,"KCEL"
"14136","14136","32892","8806109","1988-05-11T00:00:00.000","1","Streams and Rivers","Issaquah","0631","Issaquah Creek at SE 56th St","Temperature","13.6","deg C","2",,,,"13.6||King County Nstream Database/B53311",,,,,,,"KCEL"
"14138","14138","19435","8806112","1988-05-11T00:00:00.000","1","Streams and Rivers","Issaquah","A631","Issaquah Creek upstream of hatchery","Temperature","13.8","deg C","2",,,,"13.8||King County Nstream Database/B53311",,,,,,,"KCEL"
"14182","14182","35205","8807075","1988-06-15T00:00:00.000","1","Streams and Rivers","Issaquah","0631","Issaquah Creek at SE 56th St","Temperature","14","deg C","2",,,,"14.0||King County Nstream Database/B53311",,,,,,,"KCEL"
"14184","14184","27971","8807078","1988-06-15T00:00:00.000","1","Streams and Rivers","Issaquah","A631","Issaquah Creek upstream of hatchery","Temperature","13.5","deg C","2",,,,"13.5||King County Nstream Database/B53311",,,,,,,"KCEL"
"14239","14239","32163","8807548","1988-07-13T00:00:00.000","1","Streams and Rivers","Issaquah","0631","Issaquah Creek at SE 56th St","Temperature","12","deg C","2",,,,"12.0||King County Nstream Database/B53311",,,,,,,"KCEL"
"14241","14241","21063","8807551","1988-07-13T00:00:00.000","1","Streams and Rivers","Issaquah","A631","Issaquah Creek upstream of hatchery","Temperature","12","deg C","2",,,,"12.0||King County Nstream Database/B53311",,,,,,,"KCEL"
"14298","14298","14173","8808853","1988-08-10T00:00:00.000","1","Streams and Rivers","Issaquah","A631","Issaquah Creek upstream of hatchery","Temperature","14.3","deg C","2",,,,"14.3||King County Nstream Database/B53311",,,,,,,"KCEL"
"14296","14296","30464","8808850","1988-08-10T00:00:00.000","1","Streams and Rivers","Issaquah","0631","Issaquah Creek at SE 56th St","Temperature","15.6","deg C","2",,,,"15.6||King County Nstream Database/B53311",,,,,,,"KCEL"
"14575",,"20643","8892701","1988-08-25T00:00:00.000",,"Streams and Rivers","Issaquah","A631","Issaquah Creek upstream of hatchery","Temperature","13","deg C","2",,,,"13.0||King County Benthos Database/B53311",,,,,"none",,"KCEL"
"14571",,"33439","8827051","1988-08-25T00:00:00.000",,"Streams and Rivers","Issaquah","0631","Issaquah Creek at SE 56th St","Temperature","14","deg C","2",,,,"14.0||King County Benthos Database/B53311",,,,,"none",,"KCEL"
"14568",,"20643","8827048","1988-08-25T00:00:00.000",,"Streams and Rivers","Issaquah","A631","Issaquah Creek upstream of hatchery","Temperature","13","deg C","2",,,,"13.0||King County Benthos Database/B53311",,,,,"none",,"KCEL"
"14358","14358","32763","8809671","1988-09-14T00:00:00.000","1","Streams and Rivers","Issaquah","0631","Issaquah Creek at SE 56th St","Temperature","13","deg C","2",,,,"13.0||King County Nstream Database/B53311",,,,,,,"KCEL"
"14360","14360","19475","8809674","1988-09-14T00:00:00.000","1","Streams and Rivers","Issaquah","A631","Issaquah Creek upstream of hatchery","Temperature","12.5","deg C","2",,,,"12.5||King County Nstream Database/B53311",,,,,,,"KCEL"
"14414","14414","39045","8810396","1988-10-11T00:00:00.000","1","Streams and Rivers","Issaquah","0631","Issaquah Creek at SE 56th St","Temperature","12.9","deg C","2",,,,"12.9||King County Nstream Database/B53311",,,,,,,"KCEL"
"14416","14416","7698","8810399","1988-10-11T00:00:00.000","1","Streams and Rivers","Issaquah","A631","Issaquah Creek upstream of hatchery","Temperature","12","deg C","2",,,,"12.0||King County Nstream Database/B53311",,,,,,,"KCEL"
"14011","14011","37904","8803596","1988-11-03T00:00:00.000","1","Streams and Rivers","Issaquah","0631","Issaquah Creek at SE 56th St","Temperature","12.3","deg C","2",,,,"12.3||King County Nstream Database/B53311",,,,,,,"KCEL"
"14471","14471","32179","8810991","1988-11-16T00:00:00.000","1","Streams and Rivers","Issaquah","0631","Issaquah Creek at SE 56th St","Temperature","8.2","deg C","2",,,,"8.2||King County Nstream Database/B53311",,,,,,,"KCEL"
"14473","14473","20564","8810994","1988-11-16T00:00:00.000","1","Streams and Rivers","Issaquah","A631","Issaquah Creek upstream of hatchery","Temperature","8.1","deg C","2",,,,"8.1||King County Nstream Database/B53311",,,,,,,"KCEL"
"14519","14519","3248","8811470","1988-12-07T00:00:00.000","1","Streams and Rivers","Issaquah","A631","Issaquah Creek upstream of hatchery","Temperature","9","deg C","2",,,,"9.0||King County Nstream Database/B53311",,,,,,,"KCEL"
"14517","14517","36669","8811467","1988-12-07T00:00:00.000","1","Streams and Rivers","Issaquah","0631","Issaquah Creek at SE 56th St","Temperature","8.5","deg C","2",,,,"8.5||King County Nstream Database/B53311",,,,,,,"KCEL"
"14579","14579","33689","8903059","1989-01-04T00:00:00.000","1","Streams and Rivers","Issaquah","0631","Issaquah Creek at SE 56th St","Temperature","7.3","deg C","2",,,,"7.3||King County Nstream Database/B53311",,,,,"PE",,"KCEL"
"14612","14612","11262","8903179","1989-01-11T00:00:00.000","1","Streams and Rivers","Issaquah","A631","Issaquah Creek upstream of hatchery","Temperature","5","deg C","2",,,,"5.0||King County Nstream Database/B53311",,,,,,,"KCEL"
"14610","14610","40424","8903176","1989-01-11T00:00:00.000","1","Streams and Rivers","Issaquah","0631","Issaquah Creek at SE 56th St","Temperature","5","deg C","2",,,,"5.0||King County Nstream Database/B53311",,,,,,,"KCEL"
"14649","14649","33596","8903648","1989-02-16T00:00:00.000","1","Streams and Rivers","Issaquah","0631","Issaquah Creek at SE 56th St","Temperature","3.9","deg C","2",,,,"3.9||King County Nstream Database/B53311",,,,,,,"KCEL"
"14651","14651","23846","8903651","1989-02-16T00:00:00.000","1","Streams and Rivers","Issaquah","A631","Issaquah Creek upstream of hatchery","Temperature","4","deg C","2",,,,"4.0||King County Nstream Database/B53311",,,,,,,"KCEL"
"14667","14667","38064","8904259","1989-03-09T00:00:00.000","1","Streams and Rivers","Issaquah","0631","Issaquah Creek at SE 56th St","Temperature","5.6","deg C","2",,,,"5.6||King County Nstream Database/B53311",,,,,,,"KCEL"
"14700","14700","9196","8904317","1989-03-15T00:00:00.000","1","Streams and Rivers","Issaquah","A631","Issaquah Creek upstream of hatchery","Temperature","5","deg C","2",,,,"5.0||King County Nstream Database/B53311",,,,,,,"KCEL"
"14698","14698","39857","8904314","1989-03-15T00:00:00.000","1","Streams and Rivers","Issaquah","0631","Issaquah Creek at SE 56th St","Temperature","5","deg C","2",,,,"5.0||King County Nstream Database/B53311",,,,,,,"KCEL"
"14739","14739","3352","8905042","1989-04-12T00:00:00.000","1","Streams and Rivers","Issaquah","A631","Issaquah Creek upstream of hatchery","Temperature","9.5","deg C","2",,,,"9.5||King County Nstream Database/B53311",,,,,,,"KCEL"
"14737","14737","36790","8905039","1989-04-12T00:00:00.000","1","Streams and Rivers","Issaquah","0631","Issaquah Creek at SE 56th St","Temperature","7.8","deg C","2",,,,"7.8||King County Nstream Database/B53311",,,,,,,"KCEL"
"14778","14778","11117","8905925","1989-05-17T00:00:00.000","1","Streams and Rivers","Issaquah","A631","Issaquah Creek upstream of hatchery","Temperature","11","deg C","2",,,,"11.0||King County Nstream Database/B53311",,,,,,,"KCEL"
"14776","14776","39240","8905922","1989-05-17T00:00:00.000","1","Streams and Rivers","Issaquah","0631","Issaquah Creek at SE 56th St","Temperature","11.5","deg C","2",,,,"11.5||King County Nstream Database/B53311",,,,,,,"KCEL"
"14815","14815","36479","8906283","1989-06-14T00:00:00.000","1","Streams and Rivers","Issaquah","0631","Issaquah Creek at SE 56th St","Temperature","13.9","deg C","2",,,,"13.9||King County Nstream Database/B53311",,,,,,,"KCEL"
"14817","14817","4950","8906286","1989-06-14T00:00:00.000","1","Streams and Rivers","Issaquah","A631","Issaquah Creek upstream of hatchery","Temperature","13.3","deg C","2",,,,"13.3||King County Nstream Database/B53311",,,,,,,"KCEL"
"14856","14856","12228","8906987","1989-07-19T00:00:00.000","1","Streams and Rivers","Issaquah","A631","Issaquah Creek upstream of hatchery","Temperature","15.5","deg C","2",,,,"15.5||King County Nstream Database/B53311",,,,,,,"KCEL"
"14854","14854","39881","8906984","1989-07-19T00:00:00.000","1","Streams and Rivers","Issaquah","0631","Issaquah Creek at SE 56th St","Temperature","15.5","deg C","2",,,,"15.5||King County Nstream Database/B53311",,,,,,,"KCEL"
"14893","14893","37756","8907514","1989-08-02T00:00:00.000","1","Streams and Rivers","Issaquah","0631","Issaquah Creek at SE 56th St","Temperature","13.5","deg C","2",,,,"13.5||King County Nstream Database/B53311",,,,,,,"KCEL"
"14895","14895","7817","8907517","1989-08-02T00:00:00.000","1","Streams and Rivers","Issaquah","A631","Issaquah Creek upstream of hatchery","Temperature","13","deg C","2",,,,"13.0||King County Nstream Database/B53311",,,,,,,"KCEL"
"15107",,"32549","8927043","1989-08-09T00:00:00.000",,"Streams and Rivers","Issaquah","0631","Issaquah Creek at SE 56th St","Temperature","14.5","deg C","2",,,,"14.5||King County Benthos Database/B53311",,,,,"none",,"KCEL"
"15123",,"21830","8992702","1989-08-09T00:00:00.000",,"Streams and Rivers","Issaquah","A631","Issaquah Creek upstream of hatchery","Temperature","13.5","deg C","2",,,,"13.5||King County Benthos Database/B53311",,,,,"none",,"KCEL"
"15100",,"21830","8927024","1989-08-09T00:00:00.000",,"Streams and Rivers","Issaquah","A631","Issaquah Creek upstream of hatchery","Temperature","13.5","deg C","2",,,,"13.5||King County Benthos Database/B53311",,,,,"none",,"KCEL"
"14932","14932","40581","8908706","1989-09-20T00:00:00.000","1","Streams and Rivers","Issaquah","0631","Issaquah Creek at SE 56th St","Temperature","10.7","deg C","2",,,,"10.7||King County Nstream Database/B53311",,,,,"PE",,"KCEL"
"14934","14934","10563","8908709","1989-09-20T00:00:00.000","1","Streams and Rivers","Issaquah","A631","Issaquah Creek upstream of hatchery","Temperature","10","deg C","2",,,,"10.0||King County Nstream Database/B53311",,,,,,,"KCEL"
"14973","14973","6379","8908911","1989-10-04T00:00:00.000","1","Streams and Rivers","Issaquah","A631","Issaquah Creek upstream of hatchery","Temperature","9","deg C","2",,,,"9.0||King County Nstream Database/B53311",,,,,,,"KCEL"
"14971","14971","38517","8908908","1989-10-04T00:00:00.000","1","Streams and Rivers","Issaquah","0631","Issaquah Creek at SE 56th St","Temperature","9","deg C","2",,,,"9.0||King County Nstream Database/B53311",,,,,,,"KCEL"
"15003","15003","35935","8910183","1989-10-26T00:00:00.000","1","Streams and Rivers","Issaquah","0631","Issaquah Creek at SE 56th St","Temperature","10.6","deg C","2",,,,"10.6||King County Nstream Database/B53311",,,,,"PE",,"KCEL"
"15030","15030","35154","8910492","1989-11-15T00:00:00.000","1","Streams and Rivers","Issaquah","0631","Issaquah Creek at SE 56th St","Temperature","7.1","deg C","2",,,,"7.1||King County Nstream Database/B53311",,,,,"PE",,"KCEL"
"15032","15032","24308","8910495","1989-11-15T00:00:00.000","1","Streams and Rivers","Issaquah","A631","Issaquah Creek upstream of hatchery","Temperature","7.9","deg C","2",,,,"7.9||King County Nstream Database/B53311",,,,,,,"KCEL"
"14989","14989","30778","8910164","1989-12-04T00:00:00.000","1","Streams and Rivers","Issaquah","0631","Issaquah Creek at SE 56th St","Temperature","11.1","deg C","2",,,,"11.1||King County Nstream Database/B53311",,,,,,,"KCEL"
"15069","15069","32500","8911543","1989-12-13T00:00:00.000","1","Streams and Rivers","Issaquah","0631","Issaquah Creek at SE 56th St","Temperature","5.2","deg C","2",,,,"5.2||King County Nstream Database/B53311",,,,,,,"KCEL"
"15071","15071","22193","8911546","1989-12-13T00:00:00.000","1","Streams and Rivers","Issaquah","A631","Issaquah Creek upstream of hatchery","Temperature","5.3","deg C","2",,,,"5.3||King County Nstream Database/B53311",,,,,,,"KCEL"
"15172","15172","40065","9003301","1990-01-04T00:00:00.000","1","Streams and Rivers","Issaquah","0631","Issaquah Creek at SE 56th St","Temperature","6.5","deg C","2",,,,"6.5||King County Nstream Database/B53311",,,,,,,"KCEL"
"15178","15178","37655","9003720","1990-01-09T00:00:00.000","1","Streams and Rivers","Issaquah","0631","Issaquah Creek at SE 56th St","Temperature","9.5","deg C","2",,,,"9.5||King County Nstream Database/B53311",,,,,"PE",,"KCEL"
"15188","15188","30143","9003942","1990-01-30T00:00:00.000","1","Streams and Rivers","Issaquah","0631","Issaquah Creek at SE 56th St","Temperature","5.5","deg C","2",,,,"5.5||King County Nstream Database/B53311",,,,,"PE",,"KCEL"
"15152","15152","4808","9002539","1990-02-21T00:00:00.000","1","Streams and Rivers","Issaquah","A631","Issaquah Creek upstream of hatchery","Temperature","5","deg C","2",,,,"5.0||King County Nstream Database/B53311",,,,,,,"KCEL"
"15150","15150","36426","9002536","1990-02-21T00:00:00.000","1","Streams and Rivers","Issaquah","0631","Issaquah Creek at SE 56th St","Temperature","5","deg C","2",,,,"5.0||King County Nstream Database/B53311",,,,,,,"KCEL"
"15221","15221","14230","9004990","1990-03-14T00:00:00.000","1","Streams and Rivers","Issaquah","A631","Issaquah Creek upstream of hatchery","Temperature","3","deg C","2",,,,"3.0||King County Nstream Database/B53311",,,,,,,"KCEL"
"15219","15219","30329","9004987","1990-03-14T00:00:00.000","1","Streams and Rivers","Issaquah","0631","Issaquah Creek at SE 56th St","Temperature","3.1","deg C","2",,,,"3.1||King County Nstream Database/B53311",,,,,"PE",,"KCEL"
"15258","15258","39127","9005545","1990-04-11T00:00:00.000","1","Streams and Rivers","Issaquah","0631","Issaquah Creek at SE 56th St","Temperature","10.5","deg C","2",,,,"10.5||King County Nstream Database/B53311",,,,,,,"KCEL"
"15260","15260","7113","9005548","1990-04-11T00:00:00.000","1","Streams and Rivers","Issaquah","A631","Issaquah Creek upstream of hatchery","Temperature","10.6","deg C","2",,,,"10.6||King County Nstream Database/B53311",,,,,,,"KCEL"
"15299","15299","3935","9006341","1990-05-15T00:00:00.000","1","Streams and Rivers","Issaquah","A631","Issaquah Creek upstream of hatchery","Temperature","10","deg C","2",,,,"10.0||King County Nstream Database/B53311",,,,,,,"KCEL"
"15297","15297","37672","9006338","1990-05-15T00:00:00.000","1","Streams and Rivers","Issaquah","0631","Issaquah Creek at SE 56th St","Temperature","9.5","deg C","2",,,,"9.5||King County Nstream Database/B53311",,,,,,,"KCEL"
"15336","15336","38144","9007025","1990-06-13T00:00:00.000","1","Streams and Rivers","Issaquah","0631","Issaquah Creek at SE 56th St","Temperature","10.1","deg C","2",,,,"10.1||King County Nstream Database/B53311",,,,,,,"KCEL"
"15338","15338","8604","9007028","1990-06-13T00:00:00.000","1","Streams and Rivers","Issaquah","A631","Issaquah Creek upstream of hatchery","Temperature","10.1","deg C","2",,,,"10.1||King County Nstream Database/B53311",,,,,,,"KCEL"
"15377","15377","14270","9007418","1990-07-18T00:00:00.000","1","Streams and Rivers","Issaquah","A631","Issaquah Creek upstream of hatchery","Temperature","14.5","deg C","2",,,,"14.5||King County Nstream Database/B53311",,,,,,,"KCEL"
"15375","15375","30450","9007415","1990-07-18T00:00:00.000","1","Streams and Rivers","Issaquah","0631","Issaquah Creek at SE 56th St","Temperature","15.5","deg C","2",,,,"15.5||King County Nstream Database/B53311",,,,,,,"KCEL"
"15414","15414","40540","9008522","1990-08-15T00:00:00.000","1","Streams and Rivers","Issaquah","0631","Issaquah Creek at SE 56th St","Temperature","17.2","deg C","2",,,,"17.2||King County Nstream Database/B53311",,,,,,,"KCEL"
"15416","15416","7217","9008525","1990-08-15T00:00:00.000","1","Streams and Rivers","Issaquah","A631","Issaquah Creek upstream of hatchery","Temperature","14.9","deg C","2",,,,"14.9||King County Nstream Database/B53311",,,,,,,"KCEL"
"15455","15455","3569","9009086","1990-09-12T00:00:00.000","1","Streams and Rivers","Issaquah","A631","Issaquah Creek upstream of hatchery","Temperature","13.8","deg C","2",,,,"13.8||King County Nstream Database/B53311",,,,,,,"KCEL"
"15453","15453","37533","9009083","1990-09-12T00:00:00.000","1","Streams and Rivers","Issaquah","0631","Issaquah Creek at SE 56th St","Temperature","13.8","deg C","2",,,,"13.8||King County Nstream Database/B53311",,,,,,,"KCEL"
"15589",,"29534","9030037","1990-09-13T00:00:00.000",,"Streams and Rivers","Issaquah","0631","Issaquah Creek at SE 56th St","Temperature","12.6","deg C","2",,,,"12.6||King County Benthos Database/B53311",,,,,"none",,"KCEL"
"15564",,"15331","9030008","1990-09-13T00:00:00.000",,"Streams and Rivers","Issaquah","A631","Issaquah Creek upstream of hatchery","Temperature","12.5","deg C","2",,,,"12.5||King County Benthos Database/B53311",,,,,"none",,"KCEL"
"15510","15510","36191","9011228","1990-10-16T00:00:00.000","1","Streams and Rivers","Issaquah","0631","Issaquah Creek at SE 56th St","Temperature","9.2","deg C","2",,,,"9.2||King County Nstream Database/B53311",,,,,,,"KCEL"
"15494","15494","24705","9009702","1990-10-30T00:00:00.000","1","Streams and Rivers","Issaquah","A631","Issaquah Creek upstream of hatchery","Temperature","9.8","deg C","2",,,,"9.8||King County Nstream Database/B53311",,,,,,,"KCEL"
"15492","15492","33861","9009699","1990-10-30T00:00:00.000","1","Streams and Rivers","Issaquah","0631","Issaquah Creek at SE 56th St","Temperature","9.8","deg C","2",,,,"9.8||King County Nstream Database/B53311",,,,,"PE",,"KCEL"
"15524","15524","38919","9011247","1990-10-31T00:00:00.000","1","Streams and Rivers","Issaquah","0631","Issaquah Creek at SE 56th St","Temperature","9.5","deg C","2",,,,"9.5||King County Nstream Database/B53311",,,,,"PE",,"KCEL"
"15530","15530","33135","9011583","1990-11-13T00:00:00.000","1","Streams and Rivers","Issaquah","0631","Issaquah Creek at SE 56th St","Temperature","10.3","deg C","2",,,,"10.3||King County Nstream Database/B53311",,,,,"PE",,"KCEL"
"15593","15593","32543","9104004","1991-01-15T00:00:00.000","1","Streams and Rivers","Issaquah","0631","Issaquah Creek at SE 56th St","Temperature","7","deg C","2",,,,"7.0||King County Nstream Database/B53311",,,,,"PE",,"KCEL"
"15626","15626","28144","9104092","1991-01-30T00:00:00.000","1","Streams and Rivers","Issaquah","A631","Issaquah Creek upstream of hatchery","Temperature","3","deg C","2",,,,"3.0||King County Nstream Database/B53311",,,,,,,"KCEL"
"15624","15624","35229","9104089","1991-01-30T00:00:00.000","1","Streams and Rivers","Issaquah","0631","Issaquah Creek at SE 56th St","Temperature","3.5","deg C","2",,,,"3.5||King County Nstream Database/B53311",,,,,"PE",,"KCEL"
"15642","15642","36232","9105298","1991-02-19T00:00:00.000","1","Streams and Rivers","Issaquah","0631","Issaquah Creek at SE 56th St","Temperature","8.6","deg C","2",,,,"8.6||King County Nstream Database/B53311",,,,,,,"KCEL"
"15675","15675","20049","9106120","1991-02-27T00:00:00.000","1","Streams and Rivers","Issaquah","A631","Issaquah Creek upstream of hatchery","Temperature","6","deg C","2",,,,"6.0||King County Nstream Database/B53311",,,,,,,"KCEL"
"15673","15673","33046","9106118","1991-02-27T00:00:00.000","1","Streams and Rivers","Issaquah","0631","Issaquah Creek at SE 56th St","Temperature","6","deg C","2",,,,"6.0||King County Nstream Database/B53311",,,,,"PE",,"KCEL"
"15712","15712","40070","9106499","1991-03-12T00:00:00.000","1","Streams and Rivers","Issaquah","0631","Issaquah Creek at SE 56th St","Temperature","6","deg C","2",,,,"6.0||King County Nstream Database/B53311",,,,,,,"KCEL"
"15714","15714","10618","9106501","1991-03-12T00:00:00.000","1","Streams and Rivers","Issaquah","A631","Issaquah Creek upstream of hatchery","Temperature","6","deg C","2",,,,"6.0||King County Nstream Database/B53311",,,,,,,"KCEL"
"15751","15751","37053","9107449","1991-04-09T00:00:00.000","1","Streams and Rivers","Issaquah","0631","Issaquah Creek at SE 56th St","Temperature","7.5","deg C","2",,,,"7.5||King County Nstream Database/B53311",,,,,,,"KCEL"
"15753","15753","3971","9107451","1991-04-09T00:00:00.000","1","Streams and Rivers","Issaquah","A631","Issaquah Creek upstream of hatchery","Temperature","7.5","deg C","2",,,,"7.5||King County Nstream Database/B53311",,,,,,,"KCEL"
"15790","15790","37796","9108495","1991-05-08T00:00:00.000","1","Streams and Rivers","Issaquah","0631","Issaquah Creek at SE 56th St","Temperature","10.5","deg C","2",,,,"10.5||King County Nstream Database/B53311",,,,,,,"KCEL"
"15792","15792","7863","9108497","1991-05-08T00:00:00.000","1","Streams and Rivers","Issaquah","A631","Issaquah Creek upstream of hatchery","Temperature","10","deg C","2",,,,"10.0||King County Nstream Database/B53311",,,,,,,"KCEL"
"15838","15838","14883","9109586","1991-06-18T00:00:00.000","1","Streams and Rivers","Issaquah","A631","Issaquah Creek upstream of hatchery","Temperature","11.5","deg C","2",,,,"11.5||King County Nstream Database/B53311",,,,,,,"KCEL"
"15836","15836","30944","9109584","1991-06-18T00:00:00.000","1","Streams and Rivers","Issaquah","0631","Issaquah Creek at SE 56th St","Temperature","11.8","deg C","2",,,,"11.8||King County Nstream Database/B53311",,,,,,,"KCEL"
"15881","15881","21938","9110936","1991-07-17T00:00:00.000","1","Streams and Rivers","Issaquah","A631","Issaquah Creek upstream of hatchery","Temperature","13.5","deg C","2",,,,"13.5||King County Nstream Database/B53311",,,,,,,"KCEL"
"15879","15879","32487","9110934","1991-07-17T00:00:00.000","1","Streams and Rivers","Issaquah","0631","Issaquah Creek at SE 56th St","Temperature","14","deg C","2",,,,"14.0||King County Nstream Database/B53311",,,,,,,"KCEL"
"15924","15924","16474","9111354","1991-08-20T00:00:00.000","1","Streams and Rivers","Issaquah","A631","Issaquah Creek upstream of hatchery","Temperature","16","deg C","2",,,,"16.0||King County Nstream Database/B53311",,,,,,,"KCEL"
"15922","15922","31650","9111352","1991-08-20T00:00:00.000","1","Streams and Rivers","Issaquah","0631","Issaquah Creek at SE 56th St","Temperature","16","deg C","2",,,,"16.0||King County Nstream Database/B53311",,,,,,,"KCEL"
"15942","15942","35557","9111769","1991-08-27T00:00:00.000","1","Streams and Rivers","Issaquah","0631","Issaquah Creek at SE 56th St","Temperature","14","deg C","2",,,,"14.0||King County Nstream Database/B53311",,,,,"PE",,"KCEL"
"16160",,"20469","9130037","1991-09-18T00:00:00.000",,"Streams and Rivers","Issaquah","A631","Issaquah Creek upstream of hatchery","Temperature","14","deg C","2",,,,"14.0||King County Benthos Database/B53311",,,,,"none",,"KCEL"
"16156",,"33180","9130032","1991-09-18T00:00:00.000",,"Streams and Rivers","Issaquah","0631","Issaquah Creek at SE 56th St","Temperature","17","deg C","2",,,,"17.0||King County Benthos Database/B53311",,,,,"none",,"KCEL"
"15976","15976","32221","9112231","1991-09-24T00:00:00.000","1","Streams and Rivers","Issaquah","0631","Issaquah Creek at SE 56th St","Temperature","13.1","deg C","2",,,,"13.1||King County Nstream Database/B53311",,,,,"PE",,"KCEL"
"15978","15978","21098","9112233","1991-09-24T00:00:00.000","1","Streams and Rivers","Issaquah","A631","Issaquah Creek upstream of hatchery","Temperature","13.6","deg C","2",,,,"13.6||King County Nstream Database/B53311",,,,,,,"KCEL"
"16016","16016","36909","9112986","1991-10-15T00:00:00.000","1","Streams and Rivers","Issaquah","0631","Issaquah Creek at SE 56th St","Temperature","11","deg C","2",,,,"11.0||King County Nstream Database/B53311",,,,,,,"KCEL"
"16018","16018","5145","9112988","1991-10-15T00:00:00.000","1","Streams and Rivers","Issaquah","A631","Issaquah Creek upstream of hatchery","Temperature","10.8","deg C","2",,,,"10.8||King County Nstream Database/B53311",,,,,,,"KCEL"
"16034","16034","30086","9113232","1991-11-05T00:00:00.000","1","Streams and Rivers","Issaquah","0631","Issaquah Creek at SE 56th St","Temperature","10.5","deg C","2",,,,"10.5||King County Nstream Database/B53311",,,,,,,"KCEL"
"16067","16067","6954","9113915","1991-11-13T00:00:00.000","1","Streams and Rivers","Issaquah","A631","Issaquah Creek upstream of hatchery","Temperature","10.5","deg C","2",,,,"10.5||King County Nstream Database/B53311",,,,,,,"KCEL"
"16065","16065","39043","9113913","1991-11-13T00:00:00.000","1","Streams and Rivers","Issaquah","0631","Issaquah Creek at SE 56th St","Temperature","10.7","deg C","2",,,,"10.7||King County Nstream Database/B53311",,,,,"PE",,"KCEL"
"16083","16083","40368","9114016","1991-11-19T00:00:00.000","1","Streams and Rivers","Issaquah","0631","Issaquah Creek at SE 56th St","Temperature","10.1","deg C","2",,,,"10.1||King County Nstream Database/B53311",,,,,,,"KCEL"
"16126","16126","4228","9115089","1991-12-17T00:00:00.000","1","Streams and Rivers","Issaquah","A631","Issaquah Creek upstream of hatchery","Temperature","4","deg C","2",,,,"4.0||King County Nstream Database/B53311",,,,,"none",,"KCEL"
"16124","16124","37396","9115087","1991-12-17T00:00:00.000","1","Streams and Rivers","Issaquah","0631","Issaquah Creek at SE 56th St","Temperature","4","deg C","2",,,,"4.0||King County Nstream Database/B53311",,,,,"none",,"KCEL"
"16093","16093","29541","9114822","1991-12-18T00:00:00.000","1","Streams and Rivers","Issaquah","0631","Issaquah Creek at SE 56th St","Temperature","5.6","deg C","2",,,,"5.6||King County Nstream Database/B53311",,,,,"none",,"KCEL"
"16190","16190","23741","9205682","1992-01-14T00:00:00.000","1","Streams and Rivers","Issaquah","A631","Issaquah Creek upstream of hatchery","Temperature","6","deg C","2",,,,"6.0||King County Nstream Database/B53311",,,,,"none",,"KCEL"
"16188","16188","34707","9205680","1992-01-14T00:00:00.000","1","Streams and Rivers","Issaquah","0631","Issaquah Creek at SE 56th St","Temperature","6.5","deg C","2",,,,"6.5||King County Nstream Database/B53311",,,,,"none",,"KCEL"
"16229","16229","18266","9207161","1992-02-25T00:00:00.000","1","Streams and Rivers","Issaquah","A631","Issaquah Creek upstream of hatchery","Temperature","8.8","deg C","2",,,,"8.8||King County Nstream Database/B53311",,,,,"none",,"KCEL"
"16227","16227","30643","9207159","1992-02-25T00:00:00.000","1","Streams and Rivers","Issaquah","0631","Issaquah Creek at SE 56th St","Temperature","8.8","deg C","2",,,,"8.8||King County Nstream Database/B53311",,,,,"none",,"KCEL"
"16293","16293","12732","9207815","1992-03-10T00:00:00.000","1","Streams and Rivers","Issaquah","A631","Issaquah Creek upstream of hatchery","Temperature","6.9","deg C","2",,,,"6.9||King County Nstream Database/B53311",,,,,"none",,"KCEL"
"16291","16291","30225","9207813","1992-03-10T00:00:00.000","1","Streams and Rivers","Issaquah","0631","Issaquah Creek at SE 56th St","Temperature","6.9","deg C","2",,,,"6.9||King County Nstream Database/B53311",,,,,"none",,"KCEL"
"16331","16331","32215","9209039","1992-04-14T00:00:00.000","1","Streams and Rivers","Issaquah","0631","Issaquah Creek at SE 56th St","Temperature","12","deg C","2",,,,"12.0||King County Nstream Database/B53311",,,,,"none",,"KCEL"
"16333","16333","21600","9209041","1992-04-14T00:00:00.000","1","Streams and Rivers","Issaquah","A631","Issaquah Creek upstream of hatchery","Temperature","12.2","deg C","2",,,,"12.2||King County Nstream Database/B53311",,,,,"none",,"KCEL"
"16266","16266","34986","9207310","1992-04-29T00:00:00.000","1","Streams and Rivers","Issaquah","0631","Issaquah Creek at SE 56th St","Temperature","12.5","deg C","2",,,,"12.5||King County Nstream Database/B53311",,,,,"none",,"KCEL"
"16398","16398","23024","9209648","1992-05-13T00:00:00.000","1","Streams and Rivers","Issaquah","A631","Issaquah Creek upstream of hatchery","Temperature","13","deg C","2",,,,"13.0||King County Nstream Database/B53311",,,,,"none",,"KCEL"
"16396","16396","34468","9209646","1992-05-13T00:00:00.000","1","Streams and Rivers","Issaquah","0631","Issaquah Creek at SE 56th St","Temperature","12.5","deg C","2",,,,"12.5||King County Nstream Database/B53311",,,,,"none",,"KCEL"
"16442","16442","7552","9210492","1992-06-09T00:00:00.000","1","Streams and Rivers","Issaquah","A631","Issaquah Creek upstream of hatchery","Temperature","15.5","deg C","2",,,,"15.5||King County Nstream Database/B53311",,,,,"none",,"KCEL"
"16440","16440","37847","9210490","1992-06-09T00:00:00.000","1","Streams and Rivers","Issaquah","0631","Issaquah Creek at SE 56th St","Temperature","15","deg C","2",,,,"15.0||King County Nstream Database/B53311",,,,,"none",,"KCEL"
"16370","16370","38793","9209546","1992-06-29T00:00:00.000","1","Streams and Rivers","Issaquah","0631","Issaquah Creek at SE 56th St","Temperature","14.9","deg C","2",,,,"14.9||King County Nstream Database/B53311",,,,,"none",,"KCEL"
"16510","16510","35549","9211536","1992-07-21T00:00:00.000","1","Streams and Rivers","Issaquah","0631","Issaquah Creek at SE 56th St","Temperature","15.6","deg C","2",,,,"15.6||King County Nstream Database/B53311",,,,,"none",,"KCEL"
"16512","16512","28706","9211538","1992-07-21T00:00:00.000","1","Streams and Rivers","Issaquah","A631","Issaquah Creek upstream of hatchery","Temperature","15","deg C","2",,,,"15.0||King County Nstream Database/B53311",,,,,"none",,"KCEL"
"16554","16554","37366","9212249","1992-08-19T00:00:00.000","1","Streams and Rivers","Issaquah","0631","Issaquah Creek at SE 56th St","Temperature","13.4","deg C","2",,,,"13.4||King County Nstream Database/B53311",,,,,"none",,"KCEL"
"16556","16556","3719","9212251","1992-08-19T00:00:00.000","1","Streams and Rivers","Issaquah","A631","Issaquah Creek upstream of hatchery","Temperature","12.2","deg C","2",,,,"12.2||King County Nstream Database/B53311",,,,,"none",,"KCEL"
"16670",,"36410","9230021","1992-08-25T00:00:00.000",,"Streams and Rivers","Issaquah","0631","Issaquah Creek at SE 56th St","Temperature","13.5","deg C","2",,,,"13.5||King County Benthos Database/B53311",,,,,"none",,"KCEL"
"16676",,"4266","9230027","1992-08-25T00:00:00.000",,"Streams and Rivers","Issaquah","A631","Issaquah Creek upstream of hatchery","Temperature","13.5","deg C","2",,,,"13.5||King County Benthos Database/B53311",,,,,"none",,"KCEL"
"16600","16600","23307","9213126","1992-09-16T00:00:00.000","1","Streams and Rivers","Issaquah","A631","Issaquah Creek upstream of hatchery","Temperature","11","deg C","2",,,,"11.0||King County Nstream Database/B53311",,,,,"none",,"KCEL"
"16598","16598","34426","9213124","1992-09-16T00:00:00.000","1","Streams and Rivers","Issaquah","0631","Issaquah Creek at SE 56th St","Temperature","11.5","deg C","2",,,,"11.5||King County Nstream Database/B53311",,,,,"none",,"KCEL"
"16484","16484","39708","9211449","1992-10-19T00:00:00.000","1","Streams and Rivers","Issaquah","0631","Issaquah Creek at SE 56th St","Temperature","12.2","deg C","2",,,,"12.2||King County Nstream Database/B53311",,,,,"none",,"KCEL"
"16645","16645","21534","9213898","1992-10-20T00:00:00.000","1","Streams and Rivers","Issaquah","A631","Issaquah Creek upstream of hatchery","Temperature","12.6","deg C","2",,,,"12.6||King County Nstream Database/B53311",,,,,"none",,"KCEL"
"16643","16643","33107","9213896","1992-10-20T00:00:00.000","1","Streams and Rivers","Issaquah","0631","Issaquah Creek at SE 56th St","Temperature","12.6","deg C","2",,,,"12.6||King County Nstream Database/B53311",,,,,"none",,"KCEL"
"20400",,"30178","L5-6","1992-11-17T00:00:00.000",,"Streams and Rivers","Issaquah","0631","Issaquah Creek at SE 56th St","Temperature","9.8","deg C","2",,,,,,,,,,,"KCEL"
"20402",,"15186","L5-8","1992-11-17T00:00:00.000",,"Streams and Rivers","Issaquah","A631","Issaquah Creek upstream of hatchery","Temperature","10","deg C","2",,,,,,,,,,,"KCEL"
"18299",,"40033","L144-6","1992-12-15T00:00:00.000",,"Streams and Rivers","Issaquah","0631","Issaquah Creek at SE 56th St","Temperature","4.4","deg C","2",,,,,,,,,,,"KCEL"
"18301",,"8840","L144-8","1992-12-15T00:00:00.000",,"Streams and Rivers","Issaquah","A631","Issaquah Creek upstream of hatchery","Temperature","4.5","deg C","2",,,,,,,,,,,"KCEL"
"19736",,"37089","L313-6","1993-01-12T11:45:00.000",,"Streams and Rivers","Issaquah","0631","Issaquah Creek at SE 56th St","Temperature","3","deg C","2",,,,,,,,,,,"KCEL"
"19738",,"5735","L313-8","1993-01-12T12:28:00.000",,"Streams and Rivers","Issaquah","A631","Issaquah Creek upstream of hatchery","Temperature","2","deg C","2",,,,,,,,,,,"KCEL"
"18090",,"34522","L14-12","1993-01-20T13:50:00.000",,"Streams and Rivers","Issaquah","0631","Issaquah Creek at SE 56th St","Temperature","4","deg C","2",,,,,,,,,,,"KCEL"
"20177",,"39408","L466-6","1993-02-16T10:37:00.000",,"Streams and Rivers","Issaquah","0631","Issaquah Creek at SE 56th St","Temperature","1","deg C","2",,,,,,,,,,,"KCEL"
"20179",,"10270","L466-8","1993-02-16T11:20:00.000",,"Streams and Rivers","Issaquah","A631","Issaquah Creek upstream of hatchery","Temperature","1.8","deg C","2",,,,,,,,,,,"KCEL"
"20910",,"31053","L631-6","1993-03-09T11:10:00.000",,"Streams and Rivers","Issaquah","0631","Issaquah Creek at SE 56th St","Temperature","7.2","deg C","2",,,,,,,,,,,"KCEL"
"20912",,"16411","L631-8","1993-03-09T11:45:00.000",,"Streams and Rivers","Issaquah","A631","Issaquah Creek upstream of hatchery","Temperature","8","deg C","2",,,,,,,,,,,"KCEL"
"19976",,"38066","L396-12","1993-03-22T13:35:00.000",,"Streams and Rivers","Issaquah","0631","Issaquah Creek at SE 56th St","Temperature","9.8","deg C","2",,,,,,,,,,,"KCEL"
"21545",,"34807","L813-6","1993-04-13T10:37:00.000",,"Streams and Rivers","Issaquah","0631","Issaquah Creek at SE 56th St","Temperature","7.8","deg C","2",,,,,,,,,,,"KCEL"
"21547",,"24522","L813-8","1993-04-13T11:10:00.000",,"Streams and Rivers","Issaquah","A631","Issaquah Creek upstream of hatchery","Temperature","7.8","deg C","2",,,,,,,,,,,"KCEL"
"16967",,"30821","L1076-6","1993-05-11T10:50:00.000",,"Streams and Rivers","Issaquah","0631","Issaquah Creek at SE 56th St","Temperature","11.5","deg C","2",,,,,,,,,,,"KCEL"
"16969",,"18203","L1076-8","1993-05-11T11:15:00.000",,"Streams and Rivers","Issaquah","A631","Issaquah Creek upstream of hatchery","Temperature","11.5","deg C","2",,,,,,,,,,,"KCEL"
"17736",,"34180","L1283-6","1993-06-15T10:45:00.000",,"Streams and Rivers","Issaquah","0631","Issaquah Creek at SE 56th St","Temperature","12.5","deg C","2",,,,,,,,,,,"KCEL"
"17738",,"22838","L1283-8","1993-06-15T11:10:00.000",,"Streams and Rivers","Issaquah","A631","Issaquah Creek upstream of hatchery","Temperature","12.5","deg C","2",,,,,,,,,,,"KCEL"
"18573",,"31499","L1506-6","1993-07-13T10:35:00.000",,"Streams and Rivers","Issaquah","0631","Issaquah Creek at SE 56th St","Temperature","14","deg C","2",,,,,,,,,,,"KCEL"
"18575",,"15986","L1506-8","1993-07-13T11:15:00.000",,"Streams and Rivers","Issaquah","A631","Issaquah Creek upstream of hatchery","Temperature","13.5","deg C","2",,,,,,,,,,,"KCEL"
"19290",,"30218","L1772-6","1993-08-10T11:30:00.000",,"Streams and Rivers","Issaquah","0631","Issaquah Creek at SE 56th St","Temperature","14.5","deg C","2",,,,,,,,,,,"KCEL"
"19292",,"13172","L1772-8","1993-08-10T12:10:00.000",,"Streams and Rivers","Issaquah","A631","Issaquah Creek upstream of hatchery","Temperature","14.5","deg C","2",,,,,,,,,,,"KCEL"
"19372",,"36791","L2054-6","1993-09-21T11:20:00.000",,"Streams and Rivers","Issaquah","0631","Issaquah Creek at SE 56th St","Temperature","9.6","deg C","2",,,,,,,,,,,"KCEL"
"19374",,"5153","L2054-8","1993-09-21T12:00:00.000",,"Streams and Rivers","Issaquah","A631","Issaquah Creek upstream of hatchery","Temperature","9.2","deg C","2",,,,,,,,,,,"KCEL"
"19421",,"29314","L2216-6","1993-10-12T10:40:00.000",,"Streams and Rivers","Issaquah","0631","Issaquah Creek at SE 56th St","Temperature","11.8","deg C","2",,,,,,,,,,,"KCEL"
"19423",,"14486","L2216-8","1993-10-12T11:20:00.000",,"Streams and Rivers","Issaquah","A631","Issaquah Creek upstream of hatchery","Temperature","11.5","deg C","2",,,,,,,,,,,"KCEL"
"19500",,"32894","L2466-6","1993-11-16T11:00:00.000",,"Streams and Rivers","Issaquah","0631","Issaquah Creek at SE 56th St","Temperature","7.5","deg C","2",,,,,,,,,,,"KCEL"
"19502",,"19854","L2466-8","1993-11-16T11:30:00.000",,"Streams and Rivers","Issaquah","A631","Issaquah Creek upstream of hatchery","Temperature","7.8","deg C","2",,,,,,,,,,,"KCEL"
"19463",,"36627","L2454-13","1993-12-13T13:20:00.000",,"Streams and Rivers","Issaquah","0631","Issaquah Creek at SE 56th St","Temperature","8","deg C","2",,,,,,,,,,,"KCEL"
"19548",,"34852","L2611-6","1993-12-21T12:00:00.000",,"Streams and Rivers","Issaquah","0631","Issaquah Creek at SE 56th St","Temperature","4","deg C","2",,,,,,,,,,,"KCEL"
"19543",,"34852","L2611-13","1993-12-21T12:06:00.000",,"Streams and Rivers","Issaquah","0631","Issaquah Creek at SE 56th St","Temperature","4","deg C","2",,,,,,,,,,,"KCEL"
"19550",,"23549","L2611-8","1993-12-21T12:40:00.000",,"Streams and Rivers","Issaquah","A631","Issaquah Creek upstream of hatchery","Temperature","4.5","deg C","2",,,,,,,,,,,"KCEL"
"19615",,"35459","L2783-6","1994-01-19T11:28:00.000",,"Streams and Rivers","Issaquah","0631","Issaquah Creek at SE 56th St","Temperature","5.5","deg C","2",,,,,,,,,,,"KCEL"
"19617",,"28489","L2783-8","1994-01-19T12:05:00.000",,"Streams and Rivers","Issaquah","A631","Issaquah Creek upstream of hatchery","Temperature","5","deg C","2",,,,,,,,,,,"KCEL"
"19585",,"29147","L2660-13","1994-02-15T12:40:00.000",,"Streams and Rivers","Issaquah","0631","Issaquah Creek at SE 56th St","Temperature","6","deg C","2",,,,,,,,,,,"KCEL"
"19675",,"38865","L2967-6","1994-02-23T11:00:00.000",,"Streams and Rivers","Issaquah","0631","Issaquah Creek at SE 56th St","Temperature","6","deg C","2",,,,,,,,,,,"KCEL"
"19677",,"7425","L2967-8","1994-02-23T11:30:00.000",,"Streams and Rivers","Issaquah","A631","Issaquah Creek upstream of hatchery","Temperature","6","deg C","2",,,,,,,,,,,"KCEL"
"19782",,"37983","L3200-6","1994-03-15T11:10:00.000",,"Streams and Rivers","Issaquah","0631","Issaquah Creek at SE 56th St","Temperature","9.5","deg C","2",,,,,,,,,,,"KCEL"
"19777",,"37983","L3200-13","1994-03-15T11:15:00.000",,"Streams and Rivers","Issaquah","0631","Issaquah Creek at SE 56th St","Temperature","9.5","deg C","2",,,,,,,,,,,"KCEL"
"19784",,"7894","L3200-8","1994-03-15T11:50:00.000",,"Streams and Rivers","Issaquah","A631","Issaquah Creek upstream of hatchery","Temperature","9.2","deg C","2",,,,,,,,,,,"KCEL"
"19846",,"35308","L3421-6","1994-04-12T11:06:00.000",,"Streams and Rivers","Issaquah","0631","Issaquah Creek at SE 56th St","Temperature","9.8","deg C","2",,,,,,,,,,,"KCEL"
"19848",,"29075","L3421-8","1994-04-12T11:34:00.000",,"Streams and Rivers","Issaquah","A631","Issaquah Creek upstream of hatchery","Temperature","10","deg C","2",,,,,,,,,,,"KCEL"
"19901",,"38546","L3716-6","1994-05-17T11:31:00.000",,"Streams and Rivers","Issaquah","0631","Issaquah Creek at SE 56th St","Temperature","10.6","deg C","2",,,,,,,,,,,"KCEL"
"19903",,"6276","L3716-8","1994-05-17T12:25:00.000",,"Streams and Rivers","Issaquah","A631","Issaquah Creek upstream of hatchery","Temperature","10.6","deg C","2",,,,,,,,,,,"KCEL"
"19940",,"29355","L3896-6","1994-06-21T11:25:00.000",,"Streams and Rivers","Issaquah","0631","Issaquah Creek at SE 56th St","Temperature","14.5","deg C","2",,,,,,,,,,,"KCEL"
"19942",,"15027","L3896-8","1994-06-21T12:40:00.000",,"Streams and Rivers","Issaquah","A631","Issaquah Creek upstream of hatchery","Temperature","13.4","deg C","2",,,,,,,,,,,"KCEL"
"20044",,"34545","L4047-6","1994-07-12T12:00:00.000",,"Streams and Rivers","Issaquah","0631","Issaquah Creek at SE 56th St","Temperature","15.6","deg C","2",,,,,,,,,,,"KCEL"
"20046",,"23689","L4047-8","1994-07-12T12:40:00.000",,"Streams and Rivers","Issaquah","A631","Issaquah Creek upstream of hatchery","Temperature","15.1","deg C","2",,,,,,,,,,,"KCEL"
"20061",,"38726","L4242-6","1994-08-08T10:48:00.000",,"Streams and Rivers","Issaquah","0631","Issaquah Creek at SE 56th St","Temperature","14.7","deg C","2",,,,,,,,,,,"KCEL"
"20063",,"6644","L4242-8","1994-08-08T11:27:00.000",,"Streams and Rivers","Issaquah","A631","Issaquah Creek upstream of hatchery","Temperature","14.3","deg C","2",,,,,,,,,,,"KCEL"
"20152",,"38781","L4499-6","1994-09-20T11:25:00.000",,"Streams and Rivers","Issaquah","0631","Issaquah Creek at SE 56th St","Temperature","14","deg C","2",,,,,,,,,,,"KCEL"
"20154",,"6340","L4499-8","1994-09-20T11:50:00.000",,"Streams and Rivers","Issaquah","A631","Issaquah Creek upstream of hatchery","Temperature","13.7","deg C","2",,,,,,,,,,,"KCEL"
"20208",,"31136","L4672-6","1994-10-11T11:25:00.000",,"Streams and Rivers","Issaquah","0631","Issaquah Creek at SE 56th St","Temperature","11.6","deg C","2",,,,,,,,,,,"KCEL"
"20210",,"18212","L4672-8","1994-10-11T12:20:00.000",,"Streams and Rivers","Issaquah","A631","Issaquah Creek upstream of hatchery","Temperature","11.3","deg C","2",,,,,,,,,,,"KCEL"
"20247",,"33954","L4771-13","1994-10-26T11:05:00.000",,"Streams and Rivers","Issaquah","0631","Issaquah Creek at SE 56th St","Temperature","10.9","deg C","2",,,,,,,,,,,"KCEL"
"20268",,"31893","L4852-13","1994-10-31T15:25:00.000",,"Streams and Rivers","Issaquah","0631","Issaquah Creek at SE 56th St","Temperature","10.2","deg C","2",,,,,,,,,,,"KCEL"
"20317",,"40244","L4875-6","1994-11-08T12:20:00.000",,"Streams and Rivers","Issaquah","0631","Issaquah Creek at SE 56th St","Temperature","8.7","deg C","2",,,,,,,,,,,"KCEL"
"20319",,"10149","L4875-8","1994-11-08T13:00:00.000",,"Streams and Rivers","Issaquah","A631","Issaquah Creek upstream of hatchery","Temperature","8.9","deg C","2",,,,,,,,,,,"KCEL"
"20357",,"37942","L4912-13","1994-11-22T12:53:00.000",,"Streams and Rivers","Issaquah","0631","Issaquah Creek at SE 56th St","Temperature","7.7","deg C","2",,,,,,,,,,,"KCEL"
"20450",,"40486","L5058-6","1994-12-15T08:58:00.000",,"Streams and Rivers","Issaquah","0631","Issaquah Creek at SE 56th St","Temperature","4.9","deg C","2",,,,,,,,,,,"KCEL"
"20452",,"9556","L5058-8","1994-12-15T09:30:00.000",,"Streams and Rivers","Issaquah","A631","Issaquah Creek upstream of hatchery","Temperature","5.3","deg C","2",,,,,,,,,,,"KCEL"
"20492",,"39524","L5175-6","1995-01-10T11:40:00.000",,"Streams and Rivers","Issaquah","0631","Issaquah Creek at SE 56th St","Temperature","7","deg C","2",,,,,,,,,,,"KCEL"
"20494",,"11866","L5175-8","1995-01-10T12:10:00.000",,"Streams and Rivers","Issaquah","A631","Issaquah Creek upstream of hatchery","Temperature","6.8","deg C","2",,,,,,,,,,,"KCEL"
"20531",,"39792","L5246-13","1995-01-30T14:45:00.000",,"Streams and Rivers","Issaquah","0631","Issaquah Creek at SE 56th St","Temperature","9.1","deg C","2",,,,,,,,,,,"KCEL"
"20592",,"36122","L5366-2","1995-02-15T10:30:00.000",,"Streams and Rivers","Issaquah","0631","Issaquah Creek at SE 56th St","Temperature","4.6","deg C","2",,,,,,,,,,,"KCEL"
"20594",,"26003","L5366-4","1995-02-15T11:50:00.000",,"Streams and Rivers","Issaquah","A631","Issaquah Creek upstream of hatchery","Temperature","4.6","deg C","2",,,,,,,,,,,"KCEL"
"20659",,"30779","L5622-6","1995-03-09T00:00:00.000",,"Streams and Rivers","Issaquah","0631","Issaquah Creek at SE 56th St","Temperature","8","deg C","2",,,,,,,,,,,"KCEL"
"20667",,"39588","L5672-2","1995-03-14T11:30:00.000",,"Streams and Rivers","Issaquah","0631","Issaquah Creek at SE 56th St","Temperature","9","deg C","2",,,,,,,,,,,"KCEL"
"20668",,"39588","L5672-6","1995-03-14T11:30:00.000",,"Streams and Rivers","Issaquah","0631","Issaquah Creek at SE 56th St","Temperature","8.8","deg C","2",,,,,,,,,,,"KCEL"
"20715",,"38722","L5835-2","1995-04-11T09:50:00.000",,"Streams and Rivers","Issaquah","0631","Issaquah Creek at SE 56th St","Temperature","8.5","deg C","2",,,,,,,,,,,"KCEL"
"20717",,"6806","L5835-4","1995-04-11T11:00:00.000",,"Streams and Rivers","Issaquah","A631","Issaquah Creek upstream of hatchery","Temperature","8.9","deg C","2",,,,,,,,,,,"KCEL"
"20754",,"29658","L5890-6","1995-05-02T11:23:00.000",,"Streams and Rivers","Issaquah","0631","Issaquah Creek at SE 56th St","Temperature","10.7","deg C","2",,,,,,,,,"NONE",,"KCEL"
"20816",,"36175","L6053-2","1995-05-09T09:30:00.000",,"Streams and Rivers","Issaquah","0631","Issaquah Creek at SE 56th St","Temperature","11.3","deg C","2",,,,,,,,,"NONE",,"KCEL"
"20820",,"36175","L6053-6","1995-05-09T09:34:00.000",,"Streams and Rivers","Issaquah","0631","Issaquah Creek at SE 56th St","Temperature","11.3","deg C","2",,,,,,,,,"NONE",,"KCEL"
"20818",,"27394","L6053-4","1995-05-09T11:15:00.000",,"Streams and Rivers","Issaquah","A631","Issaquah Creek upstream of hatchery","Temperature","11.2","deg C","2",,,,,,,,,"NONE",,"KCEL"
"20876",,"38195","L6239-2","1995-06-13T10:00:00.000",,"Streams and Rivers","Issaquah","0631","Issaquah Creek at SE 56th St","Temperature","12.1","deg C","2",,,,,,,,,"NONE",,"KCEL"
"20878",,"8687","L6239-4","1995-06-13T12:15:00.000",,"Streams and Rivers","Issaquah","A631","Issaquah Creek upstream of hatchery","Temperature","12.2","deg C","2",,,,,,,,,"NONE",,"KCEL"
"20971",,"29357","L6507-2","1995-07-18T09:55:00.000",,"Streams and Rivers","Issaquah","0631","Issaquah Creek at SE 56th St","Temperature","16.2","deg C","2",,,,,,,,,"NONE",,"KCEL"
"20973",,"14970","L6507-4","1995-07-18T12:00:00.000",,"Streams and Rivers","Issaquah","A631","Issaquah Creek upstream of hatchery","Temperature","16.3","deg C","2",,,,,,,,,"NONE",,"KCEL"
"20975",,"14970","L6507-6","1995-07-18T12:32:00.000",,"Streams and Rivers","Issaquah","A631","Issaquah Creek upstream of hatchery","Temperature","16.3","deg C","2",,,,,,,,,"NONE",,"KCEL"
"21070",,"38920","L6732-2","1995-08-15T10:40:00.000",,"Streams and Rivers","Issaquah","0631","Issaquah Creek at SE 56th St","Temperature","13.4","deg C","2",,,"10",,,,,,"NONE",,"KCEL"
"21072",,"7117","L6732-4","1995-08-15T11:35:00.000",,"Streams and Rivers","Issaquah","A631","Issaquah Creek upstream of hatchery","Temperature","13","deg C","2",,,"10",,,,,,"NONE",,"KCEL"
"21061",,"33818","L6723-6","1995-08-17T11:15:00.000",,"Streams and Rivers","Issaquah","0631","Issaquah Creek at SE 56th St","Temperature","13.1","deg C","2",,,"10",,,,,,"NONE",,"KCEL"
"21117",,"30150","L6949-2","1995-09-19T11:00:00.000",,"Streams and Rivers","Issaquah","0631","Issaquah Creek at SE 56th St","Temperature","13.3","deg C","2",,,"10",,,,,,"NONE",,"KCEL"
"21119",,"13334","L6949-4","1995-09-19T13:30:00.000",,"Streams and Rivers","Issaquah","A631","Issaquah Creek upstream of hatchery","Temperature","14.1","deg C","2",,,"10",,,,,,"NONE",,"KCEL"
"21171",,"6283","L7170-6","1995-10-17T12:00:00.000",,"Streams and Rivers","Issaquah","A631","Issaquah Creek upstream of hatchery","Temperature","11.5","deg C","2",,,,,,,,,"NONE",,"KCEL"
"21268",,"28945","L7321-4","1995-11-14T10:30:00.000",,"Streams and Rivers","Issaquah","A631","Issaquah Creek upstream of hatchery","Temperature","10.8","deg C","2",,,,,,,,,"NONE",,"KCEL"
"21266",,"35243","L7321-2","1995-11-14T11:45:00.000",,"Streams and Rivers","Issaquah","0631","Issaquah Creek at SE 56th St","Temperature","11.1","deg C","2",,,,,,,,,"NONE",,"KCEL"
"21202",,"31694","L7181-6","1995-11-30T14:20:00.000",,"Streams and Rivers","Issaquah","0631","Issaquah Creek at SE 56th St","Temperature","10","deg C","2",,,,,,,,,"NONE",,"KCEL"
"21330",,"32734","L7508-2","1995-12-12T11:55:00.000",,"Streams and Rivers","Issaquah","0631","Issaquah Creek at SE 56th St","Temperature",,"deg C","2",,,,"NOT RECORDED",,,,,"NONE",,"KCEL"
"21332",,"21842","L7508-4","1995-12-12T13:10:00.000",,"Streams and Rivers","Issaquah","A631","Issaquah Creek upstream of hatchery","Temperature","8.3","deg C","2",,,,,,,,,"NONE",,"KCEL"
"21385",,"30776","L7617-2","1996-01-09T12:00:00.000",,"Streams and Rivers","Issaquah","0631","Issaquah Creek at SE 56th St","Temperature","7.7","deg C","2",,,,,,,,,"NONE",,"KCEL"
"21387",,"18175","L7617-4","1996-01-09T13:20:00.000",,"Streams and Rivers","Issaquah","A631","Issaquah Creek upstream of hatchery","Temperature",,"deg C","2",,,,"NO DATA",,,,,"NONE",,"KCEL"
"21338",,"36328","L7520-6","1996-02-08T00:00:00.000",,"Streams and Rivers","Issaquah","0631","Issaquah Creek at SE 56th St","Temperature","9","deg C","2",,,,,,,,,"NONE",,"KCEL"
"21441",,"34850","L7880-2","1996-02-13T10:12:00.000",,"Streams and Rivers","Issaquah","0631","Issaquah Creek at SE 56th St","Temperature","6.3","deg C","2",,,,,,,,,"NONE",,"KCEL"
"21443",,"20227","L7880-4","1996-02-13T11:00:00.000",,"Streams and Rivers","Issaquah","A631","Issaquah Creek upstream of hatchery","Temperature","6.1","deg C","2",,,,,,,,,"NONE",,"KCEL"
"21509",,"31490","L8032-2","1996-03-12T11:10:00.000",,"Streams and Rivers","Issaquah","0631","Issaquah Creek at SE 56th St","Temperature","8.5","deg C","2",,,,,,,,,"NONE",,"KCEL"
"21511",,"16508","L8032-4","1996-03-12T12:00:00.000",,"Streams and Rivers","Issaquah","A631","Issaquah Creek upstream of hatchery","Temperature","8.4","deg C","2",,,,,,,,,"NONE",,"KCEL"
"21461",,"31010","L7932-6","1996-04-01T11:35:00.000",,"Streams and Rivers","Issaquah","0631","Issaquah Creek at SE 56th St","Temperature","8.6","deg C","2",,,,,,,,,"NONE",,"KCEL"
"21662",,"33848","L8278-6","1996-04-16T11:35:00.000",,"Streams and Rivers","Issaquah","0631","Issaquah Creek at SE 56th St","Temperature","10.5","deg C","2",,,,,,,,,"NONE",,"KCEL"
"21604",,"37406","L8175-2","1996-04-17T10:50:00.000",,"Streams and Rivers","Issaquah","0631","Issaquah Creek at SE 56th St","Temperature","9.7","deg C","2",,,,,,,,,"NONE",,"KCEL"
"21608",,"37406","L8175-6","1996-04-17T10:52:00.000",,"Streams and Rivers","Issaquah","0631","Issaquah Creek at SE 56th St","Temperature","9.7","deg C","2",,,,,,,,,"NONE",,"KCEL"
"21606",,"3936","L8175-4","1996-04-17T11:40:00.000",,"Streams and Rivers","Issaquah","A631","Issaquah Creek upstream of hatchery","Temperature","9.7","deg C","2",,,,,,,,,"NONE",,"KCEL"
"21715",,"31094","L8470-2","1996-05-14T11:05:00.000",,"Streams and Rivers","Issaquah","0631","Issaquah Creek at SE 56th St","Temperature","11.5","deg C","2",,,,,,,,,"NONE",,"KCEL"
"21717",,"18527","L8470-4","1996-05-14T11:40:00.000",,"Streams and Rivers","Issaquah","A631","Issaquah Creek upstream of hatchery","Temperature","11.2","deg C","2",,,,,,,,,"NONE",,"KCEL"
"21772",,"39501","L8751-2","1996-06-11T10:42:00.000",,"Streams and Rivers","Issaquah","0631","Issaquah Creek at SE 56th St","Temperature","12.5","deg C","2",,,,,,,,,"NONE",,"KCEL"
"21774",,"11347","L8751-4","1996-06-11T11:35:00.000",,"Streams and Rivers","Issaquah","A631","Issaquah Creek upstream of hatchery","Temperature","12.8","deg C","2",,,,,,,,,"NONE",,"KCEL"
"21776",,"11347","L8751-6","1996-06-11T11:37:00.000",,"Streams and Rivers","Issaquah","A631","Issaquah Creek upstream of hatchery","Temperature","12.8","deg C","2",,,,,,,,,"NONE",,"KCEL"
"21840",,"31824","L9026-2","1996-07-16T10:40:00.000",,"Streams and Rivers","Issaquah","0631","Issaquah Creek at SE 56th St","Temperature","14.8","deg C","2",,,,,,,,,"NONE",,"KCEL"
"21842",,"16877","L9026-4","1996-07-16T11:20:00.000",,"Streams and Rivers","Issaquah","A631","Issaquah Creek upstream of hatchery","Temperature","14.5","deg C","2",,,,,,,,,"NONE",,"KCEL"
"21895",,"40108","L9254-2","1996-08-13T10:00:00.000",,"Streams and Rivers","Issaquah","0631","Issaquah Creek at SE 56th St","Temperature","14.3","deg C","2",,,,,,,,,"NONE",,"KCEL"
"21897",,"9819","L9254-4","1996-08-13T13:30:00.000",,"Streams and Rivers","Issaquah","A631","Issaquah Creek upstream of hatchery","Temperature","16.5","deg C","2",,,,,,,,,"NONE",,"KCEL"
"21951",,"37063","L9415-2","1996-09-10T09:05:00.000",,"Streams and Rivers","Issaquah","0631","Issaquah Creek at SE 56th St","Temperature","13.2","deg C","2",,,,,,,,,"NONE",,"KCEL"
"21953",,"2969","L9415-4","1996-09-10T11:50:00.000",,"Streams and Rivers","Issaquah","A631","Issaquah Creek upstream of hatchery","Temperature","14","deg C","2",,,,,,,,,"NONE",,"KCEL"
"22005",,"35676","L9618-2","1996-10-08T09:45:00.000",,"Streams and Rivers","Issaquah","0631","Issaquah Creek at SE 56th St","Temperature","12","deg C","2",,,,,,,,,"NONE",,"KCEL"
"22007",,"25830","L9618-4","1996-10-08T12:35:00.000",,"Streams and Rivers","Issaquah","A631","Issaquah Creek upstream of hatchery","Temperature","12.2","deg C","2",,,,,,,,,"NONE",,"KCEL"
"22054",,"30075","L9855-2","1996-11-13T09:45:00.000",,"Streams and Rivers","Issaquah","0631","Issaquah Creek at SE 56th St","Temperature","10","deg C","2",,,,,,,,,"NONE",,"KCEL"
"22058",,"30075","L9855-6","1996-11-13T09:48:00.000",,"Streams and Rivers","Issaquah","0631","Issaquah Creek at SE 56th St","Temperature","10","deg C","2",,,,,,,,,"NONE",,"KCEL"
"22056",,"15348","L9855-4","1996-11-13T13:10:00.000",,"Streams and Rivers","Issaquah","A631","Issaquah Creek upstream of hatchery","Temperature","9.8","deg C","2",,,,,,,,,"NONE",,"KCEL"
"22107",,"34895","L9970-2","1996-12-10T10:20:00.000",,"Streams and Rivers","Issaquah","0631","Issaquah Creek at SE 56th St","Temperature","7","deg C","2",,,,,,,,,"NONE",,"KCEL"
"22109",,"27213","L9970-4","1996-12-10T13:30:00.000",,"Streams and Rivers","Issaquah","A631","Issaquah Creek upstream of hatchery","Temperature","7.3","deg C","2",,,,,,,,,"NONE",,"KCEL"
"16743",,"38704","L10179-2","1997-01-14T10:20:00.000",,"Streams and Rivers","Issaquah","0631","Issaquah Creek at SE 56th St","Temperature","2.6","deg C","2",,,,,,,,,"NONE",,"KCEL"
"16745",,"8719","L10179-4","1997-01-14T11:25:00.000",,"Streams and Rivers","Issaquah","A631","Issaquah Creek upstream of hatchery","Temperature","2.8","deg C","2",,,,,,,,,"NONE",,"KCEL"
"16828",,"30686","L10351-2","1997-02-10T11:35:00.000",,"Streams and Rivers","Issaquah","0631","Issaquah Creek at SE 56th St","Temperature","5.5","deg C","2",,,,,,,,,"NONE",,"KCEL"
"16884",,"32754","L10579-2","1997-03-11T13:05:00.000",,"Streams and Rivers","Issaquah","0631","Issaquah Creek at SE 56th St","Temperature","7.5","deg C","2",,,,,,,,,"NONE",,"KCEL"
"16886",,"19351","L10579-4","1997-03-11T13:30:00.000",,"Streams and Rivers","Issaquah","A631","Issaquah Creek upstream of hatchery","Temperature","7.4","deg C","2",,,,,,,,,"NONE",,"KCEL"
"16785",,"37995","L10306-6","1997-03-18T14:00:00.000",,"Streams and Rivers","Issaquah","0631","Issaquah Creek at SE 56th St","Temperature","8.5","deg C","2",,,,,,,,,"NONE",,"KCEL"
"16929",,"12796","L10731-4","1997-04-08T00:00:00.000",,"Streams and Rivers","Issaquah","A631","Issaquah Creek upstream of hatchery","Temperature","9.6","deg C","2",,,,,,,,,"NONE",,"KCEL"
"16927",,"29721","L10731-2","1997-04-08T12:00:00.000",,"Streams and Rivers","Issaquah","0631","Issaquah Creek at SE 56th St","Temperature","8.5","deg C","2",,,,,,,,,"NONE",,"KCEL"
"17044",,"33454","L11085-2","1997-05-13T12:25:00.000",,"Streams and Rivers","Issaquah","0631","Issaquah Creek at SE 56th St","Temperature","12.6","deg C","2",,,,,,,,,"NONE",,"KCEL"
"17048",,"20682","L11085-6","1997-05-13T13:40:00.000",,"Streams and Rivers","Issaquah","A631","Issaquah Creek upstream of hatchery","Temperature","15.6","deg C","2",,,,,,,,,"NONE",,"KCEL"
"17046",,"20682","L11085-4","1997-05-13T13:45:00.000",,"Streams and Rivers","Issaquah","A631","Issaquah Creek upstream of hatchery","Temperature","15.6","deg C","2",,,,,,,,,"NONE",,"KCEL"
"17093",,"14363","L11278-4","1997-06-10T11:50:00.000",,"Streams and Rivers","Issaquah","A631","Issaquah Creek upstream of hatchery","Temperature","13.8","deg C","2",,,,,,,,,"NONE",,"KCEL"
"17091",,"29237","L11278-2","1997-06-10T12:50:00.000",,"Streams and Rivers","Issaquah","0631","Issaquah Creek at SE 56th St","Temperature","14.1","deg C","2",,,,,,,,,"NONE",,"KCEL"
"17149",,"39453","L11412-2","1997-07-08T10:20:00.000",,"Streams and Rivers","Issaquah","0631","Issaquah Creek at SE 56th St","Temperature","14","deg C","2",,,,,,,,,"NONE",,"KCEL"
"17151",,"11590","L11412-4","1997-07-08T11:01:00.000",,"Streams and Rivers","Issaquah","A631","Issaquah Creek upstream of hatchery","Temperature","13.7","deg C","2",,,,,,,,,"NONE",,"KCEL"
"17153",,"11590","L11412-6","1997-07-08T11:05:00.000",,"Streams and Rivers","Issaquah","A631","Issaquah Creek upstream of hatchery","Temperature","13.7","deg C","2",,,,,,,,,"NONE",,"KCEL"
"17199",,"29915","L11555-2","1997-08-12T12:25:00.000",,"Streams and Rivers","Issaquah","0631","Issaquah Creek at SE 56th St","Temperature","16.3","deg C","2",,,,,,,,,"NONE",,"KCEL"
"17201",,"12856","L11555-4","1997-08-12T13:15:00.000",,"Streams and Rivers","Issaquah","A631","Issaquah Creek upstream of hatchery","Temperature","17","deg C","2",,,,,,,,,"NONE",,"KCEL"
"17248",,"40109","L11681-2","1997-09-09T11:30:00.000",,"Streams and Rivers","Issaquah","0631","Issaquah Creek at SE 56th St","Temperature","14.5","deg C","2",,,,,,,,,"NONE",,"KCEL"
"17250",,"9879","L11681-4","1997-09-09T13:10:00.000",,"Streams and Rivers","Issaquah","A631","Issaquah Creek upstream of hatchery","Temperature","15.2","deg C","2",,,,,,,,,"NONE",,"KCEL"
"17346",,"39780","L11981-6","1997-10-02T12:40:00.000",,"Streams and Rivers","Issaquah","0631","Issaquah Creek at SE 56th St","Temperature","12.6","deg C","2",,,,,,,,,"NONE",,"KCEL"
"17312",,"30678","L11969-2","1997-10-14T10:50:00.000",,"Streams and Rivers","Issaquah","0631","Issaquah Creek at SE 56th St","Temperature","10.9","deg C","2",,,,,,,,,"NONE",,"KCEL"
"17392",,"32089","L12033-6","1997-10-29T11:15:00.000",,"Streams and Rivers","Issaquah","0631","Issaquah Creek at SE 56th St","Temperature","10.3","deg C","2",,,,,,,,,"NONE",,"KCEL"
"17437",,"35035","L12126-2","1997-11-13T11:10:00.000",,"Streams and Rivers","Issaquah","0631","Issaquah Creek at SE 56th St","Temperature","6.9","deg C","2",,,,,,,,,"NONE",,"KCEL"
"17439",,"27974","L12126-4","1997-11-13T12:00:00.000",,"Streams and Rivers","Issaquah","A631","Issaquah Creek upstream of hatchery","Temperature","7.2","deg C","2",,,,,,,,,"NONE",,"KCEL"
"17522",,"36521","L12348-2","1997-12-09T11:30:00.000",,"Streams and Rivers","Issaquah","0631","Issaquah Creek at SE 56th St","Temperature","6.6","deg C","2",,,,,,,,,"NONE",,"KCEL"
"17524",,"4613","L12348-4","1997-12-09T12:00:00.000",,"Streams and Rivers","Issaquah","A631","Issaquah Creek upstream of hatchery","Temperature","6.6","deg C","2",,,,,,,,,"NONE",,"KCEL"
"17526",,"4613","L12348-6","1997-12-09T12:02:00.000",,"Streams and Rivers","Issaquah","A631","Issaquah Creek upstream of hatchery","Temperature","6.6","deg C","2",,,,,,,,,"NONE",,"KCEL"
"17477",,"31221","L12293-6","1997-12-16T13:20:00.000",,"Streams and Rivers","Issaquah","0631","Issaquah Creek at SE 56th St","Temperature","8.2","deg C","2",,,,,,,,,"NONE",,"KCEL"
"17544",,"31784","L12552-6","1998-01-05T12:20:00.000",,"Streams and Rivers","Issaquah","0631","Issaquah Creek at SE 56th St","Temperature","5.7","deg C","2",,,,,,,,,"NONE",,"KCEL"
"17646",,"32098","L12639-6","1998-01-14T12:03:00.000",,"Streams and Rivers","Issaquah","0631","Issaquah Creek at SE 56th St","Temperature","5.7","deg C","2",,,,,,,,,"NONE",,"KCEL"
"17610",,"37227","L12591-2","1998-02-10T10:38:00.000",,"Streams and Rivers","Issaquah","0631","Issaquah Creek at SE 56th St","Temperature","6.6","deg C","2",,,,,,,,,"NONE",,"KCEL"
"17613",,"2928","L12591-5","1998-02-10T11:15:00.000",,"Streams and Rivers","Issaquah","A631","Issaquah Creek upstream of hatchery","Temperature","6.7","deg C","2",,,,,,,,,"NONE",,"KCEL"
"17612",,"2928","L12591-4","1998-02-10T11:15:00.000",,"Streams and Rivers","Issaquah","A631","Issaquah Creek upstream of hatchery","Temperature","6.7","deg C","2",,,,,,,,,"NONE",,"KCEL"
"17728",,"34610","L12829-2","1998-03-10T12:10:00.000",,"Streams and Rivers","Issaquah","0631","Issaquah Creek at SE 56th St","Temperature","7.5","deg C","2",,,,,,,,,"NONE",,"KCEL"
"17730",,"23850","L12829-4","1998-03-10T12:30:00.000",,"Streams and Rivers","Issaquah","A631","Issaquah Creek upstream of hatchery","Temperature","7.6","deg C","2",,,,,,,,,"NONE",,"KCEL"
"17731",,"23850","L12829-5","1998-03-10T12:35:00.000",,"Streams and Rivers","Issaquah","A631","Issaquah Creek upstream of hatchery","Temperature","7.6","deg C","2",,,,,,,,,"NONE",,"KCEL"
"17856",,"36566","L13124-5","1998-04-14T12:45:00.000",,"Streams and Rivers","Issaquah","0631","Issaquah Creek at SE 56th St","Temperature","9.3","deg C","2",,,,,,,,,"NONE",,"KCEL"
"17858",,"4588","L13124-7","1998-04-14T13:20:00.000",,"Streams and Rivers","Issaquah","A631","Issaquah Creek upstream of hatchery","Temperature","10.4","deg C","2",,,,,,,,,"NONE",,"KCEL"
"17852",,"4588","L13124-10","1998-04-14T13:25:00.000",,"Streams and Rivers","Issaquah","A631","Issaquah Creek upstream of hatchery","Temperature","10.5","deg C","2",,,,,,,,,"NONE",,"KCEL"
"17910",,"34016","L13361-5","1998-05-12T11:50:00.000",,"Streams and Rivers","Issaquah","0631","Issaquah Creek at SE 56th St","Temperature","10.7","deg C","2",,,,,,,,,"NONE",,"KCEL"
"17912",,"25597","L13361-7","1998-05-12T13:00:00.000",,"Streams and Rivers","Issaquah","A631","Issaquah Creek upstream of hatchery","Temperature","10.7","deg C","2",,,,,,,,,"NONE",,"KCEL"
"17806",,"36871","L13079-6","1998-05-27T13:15:00.000",,"Streams and Rivers","Issaquah","0631","Issaquah Creek at SE 56th St","Temperature","9.7","deg C","2",,,,,,,,,"NONE",,"KCEL"
"17970",,"31755","L13536-5","1998-06-23T11:00:00.000",,"Streams and Rivers","Issaquah","0631","Issaquah Creek at SE 56th St","Temperature","13.6","deg C","2",,,,,,,,,"NONE",,"KCEL"
"17972",,"17151","L13536-7","1998-06-23T11:51:00.000",,"Streams and Rivers","Issaquah","A631","Issaquah Creek upstream of hatchery","Temperature","13.3","deg C","2",,,,,,,,,"NONE",,"KCEL"
"18027",,"35751","L13796-5","1998-07-14T11:28:00.000",,"Streams and Rivers","Issaquah","0631","Issaquah Creek at SE 56th St","Temperature","15","deg C","2",,,,,,,,,"NONE",,"KCEL"
"18029",,"22707","L13796-7","1998-07-14T12:13:00.000",,"Streams and Rivers","Issaquah","A631","Issaquah Creek upstream of hatchery","Temperature","14.8","deg C","2",,,,,,,,,"NONE",,"KCEL"
"18079",,"33442","L13904-5","1998-08-11T11:30:00.000",,"Streams and Rivers","Issaquah","0631","Issaquah Creek at SE 56th St","Temperature","16.1","deg C","2",,,,,,,,,"NONE",,"KCEL"
"18081",,"20660","L13904-7","1998-08-11T12:09:00.000",,"Streams and Rivers","Issaquah","A631","Issaquah Creek upstream of hatchery","Temperature","16.7","deg C","2",,,,,,,,,"NONE",,"KCEL"
"18144",,"34994","L14033-5","1998-09-15T13:00:00.000",,"Streams and Rivers","Issaquah","0631","Issaquah Creek at SE 56th St","Temperature","15.2","deg C","2",,,,,,,,,"NONE",,"KCEL"
"18146",,"27573","L14033-7","1998-09-15T13:45:00.000",,"Streams and Rivers","Issaquah","A631","Issaquah Creek upstream of hatchery","Temperature","15.5","deg C","2",,,,,,,,,"NONE",,"KCEL"
"18173",,"35841","L14213-6","1998-09-18T00:00:00.000",,"Streams and Rivers","Issaquah","0631","Issaquah Creek at SE 56th St","Temperature","14.2","deg C","2",,,,,,,,,"NONE",,"KCEL"
"18162",,"26272","L14211-1","1998-09-18T11:41:00.000",,"Streams and Rivers","Issaquah","A631","Issaquah Creek upstream of hatchery","Temperature","13.5","deg C","2",,,,,,,,,"NONE",,"KCEL"
"18236",,"32576","L14372-5","1998-10-13T10:50:00.000",,"Streams and Rivers","Issaquah","0631","Issaquah Creek at SE 56th St","Temperature","12","deg C","2",,,,,,,,,"NONE",,"KCEL"
"18238",,"22400","L14372-7","1998-10-13T11:30:00.000",,"Streams and Rivers","Issaquah","A631","Issaquah Creek upstream of hatchery","Temperature","11.6","deg C","2",,,,,,,,,"NONE",,"KCEL"
"18338",,"35564","L14454-6","1998-10-28T13:40:00.000",,"Streams and Rivers","Issaquah","0631","Issaquah Creek at SE 56th St","Temperature","10.1","deg C","2",,,,,,,,,"NONE",,"KCEL"
"18287",,"29640","L14391-5","1998-11-10T11:40:00.000",,"Streams and Rivers","Issaquah","0631","Issaquah Creek at SE 56th St","Temperature","8.6","deg C","2",,,,,,,,,"NONE",,"KCEL"
"18289",,"14798","L14391-7","1998-11-10T12:25:00.000",,"Streams and Rivers","Issaquah","A631","Issaquah Creek upstream of hatchery","Temperature","8.7","deg C","2",,,,,,,,,"NONE",,"KCEL"
"18372",,"35138","L14565-6","1998-12-07T13:55:00.000",,"Streams and Rivers","Issaquah","0631","Issaquah Creek at SE 56th St","Temperature","6.8","deg C","2",,,,,,,,,"NONE",,"KCEL"
"18437",,"31171","L14696-5","1998-12-29T10:20:00.000",,"Streams and Rivers","Issaquah","0631","Issaquah Creek at SE 56th St","Temperature","8.1","deg C","2",,,,,,,,,"NONE",,"KCEL"
"18439",,"17882","L14696-7","1998-12-29T10:50:00.000",,"Streams and Rivers","Issaquah","A631","Issaquah Creek upstream of hatchery","Temperature","7.3","deg C","2",,,,,,,,,"NONE",,"KCEL"
"18489",,"40160","L14868-5","1999-01-20T11:10:00.000",,"Streams and Rivers","Issaquah","0631","Issaquah Creek at SE 56th St","Temperature","7.6","deg C","2",,,,,,,,,"NONE",,"KCEL"
"18491",,"6983","L14868-7","1999-01-20T11:55:00.000",,"Streams and Rivers","Issaquah","A631","Issaquah Creek upstream of hatchery","Temperature","7.6","deg C","2",,,,,,,,,"NONE",,"KCEL"
"18485",,"6983","L14868-10","1999-01-20T12:00:00.000",,"Streams and Rivers","Issaquah","A631","Issaquah Creek upstream of hatchery","Temperature","7.6","deg C","2",,,,,,,,,"NONE",,"KCEL"
"18540",,"38858","L14968-5","1999-02-09T11:50:00.000",,"Streams and Rivers","Issaquah","0631","Issaquah Creek at SE 56th St","Temperature","5.2","deg C","2",,,,,,,,,"NONE",,"KCEL"
"18536",,"38858","L14968-10","1999-02-09T11:57:00.000",,"Streams and Rivers","Issaquah","0631","Issaquah Creek at SE 56th St","Temperature","5.3","deg C","2",,,,,,,,,"NONE",,"KCEL"
"18542",,"6703","L14968-7","1999-02-09T12:28:00.000",,"Streams and Rivers","Issaquah","A631","Issaquah Creek upstream of hatchery","Temperature","5.3","deg C","2",,,,,,,,,"NONE",,"KCEL"
"18672",,"30266","L15085-6","1999-02-24T13:50:00.000",,"Streams and Rivers","Issaquah","0631","Issaquah Creek at SE 56th St","Temperature","8.1","deg C","2",,,,,,,,,"NONE",,"KCEL"
"18637",,"36570","L15075-5","1999-03-09T12:20:00.000",,"Streams and Rivers","Issaquah","0631","Issaquah Creek at SE 56th St","Temperature","6.8","deg C","2",,,,,,,,,"NONE",,"KCEL"
"18639",,"5140","L15075-7","1999-03-09T13:00:00.000",,"Streams and Rivers","Issaquah","A631","Issaquah Creek upstream of hatchery","Temperature","7.2","deg C","2",,,,,,,,,"NONE",,"KCEL"
"18723",,"39688","L15283-5","1999-04-13T11:20:00.000",,"Streams and Rivers","Issaquah","0631","Issaquah Creek at SE 56th St","Temperature","8.7","deg C","2",,,,,,,,,"NONE",,"KCEL"
"18725",,"7970","L15283-7","1999-04-13T12:40:00.000",,"Streams and Rivers","Issaquah","A631","Issaquah Creek upstream of hatchery","Temperature","9.4","deg C","2",,,,,,,,,"NONE",,"KCEL"
"18780",,"37296","L15536-5","1999-05-11T10:45:00.000",,"Streams and Rivers","Issaquah","0631","Issaquah Creek at SE 56th St","Temperature","9","deg C","2",,,,,,,,,"NONE",,"KCEL"
"18782",,"3714","L15536-7","1999-05-11T11:25:00.000",,"Streams and Rivers","Issaquah","A631","Issaquah Creek upstream of hatchery","Temperature","9","deg C","2",,,,,,,,,"NONE",,"KCEL"
"18845",,"40129","L15637-5","1999-06-15T10:47:00.000",,"Streams and Rivers","Issaquah","0631","Issaquah Creek at SE 56th St","Temperature","15.4","deg C","2",,,,,,,,,"NONE",,"KCEL"
"18884",,"29694","L15818-6","1999-06-24T12:25:00.000",,"Streams and Rivers","Issaquah","0631","Issaquah Creek at SE 56th St","Temperature","13.1","deg C","2",,,,,,,,,"NONE",,"KCEL"
"18940",,"36676","L15913-5","1999-07-13T12:15:00.000",,"Streams and Rivers","Issaquah","0631","Issaquah Creek at SE 56th St","Temperature","15.4","deg C","2",,,,,,,,,"NONE",,"KCEL"
"18999",,"33987","L15995-5","1999-08-10T11:07:00.000",,"Streams and Rivers","Issaquah","0631","Issaquah Creek at SE 56th St","Temperature","16.4","deg C","2",,,,,,,,,"NONE",,"KCEL"
"19067",,"36556","L16221-6","1999-09-14T11:27:00.000",,"Streams and Rivers","Issaquah","0631","Issaquah Creek at SE 56th St","Temperature","14.1","deg C","2",,,,,,,,,"NONE",,"KCEL"
"19165",,"34675","L16621-6","1999-10-12T10:51:00.000",,"Streams and Rivers","Issaquah","0631","Issaquah Creek at SE 56th St","Temperature","9.8","deg C","2",,,,,,,,,"NONE",,"KCEL"
"19167",,"23564","L16621-8","1999-10-12T11:41:00.000",,"Streams and Rivers","Issaquah","A631","Issaquah Creek upstream of hatchery","Temperature","10.1","deg C","2",,,,,,,,,"NONE",,"KCEL"
"19113",,"31916","L16562-6","1999-11-09T11:47:00.000",,"Streams and Rivers","Issaquah","0631","Issaquah Creek at SE 56th St","Temperature","9.2","deg C","2",,,,,,,,,"NONE",,"KCEL"
"19279",,"36432","L16894-6","1999-12-06T11:40:00.000",,"Streams and Rivers","Issaquah","0631","Issaquah Creek at SE 56th St","Temperature","7.9","deg C","2",,,,,,,,,"NONE",,"KCEL"
"19245",,"33968","L16888-6","1999-12-14T10:52:00.000",,"Streams and Rivers","Issaquah","0631","Issaquah Creek at SE 56th St","Temperature","6.8","deg C","2",,,,,,,,,"NONE",,"KCEL"
"19247",,"25556","L16888-8","1999-12-14T11:26:00.000",,"Streams and Rivers","Issaquah","A631","Issaquah Creek upstream of hatchery","Temperature","6.8","deg C","2",,,,,,,,,"NONE",,"KCEL"
"22167",,"36007","L17108-6","2000-01-12T10:50:00.000",,"Streams and Rivers","Issaquah","0631","Issaquah Creek at SE 56th St","Temperature","4.5","deg C","2",,,,,,,,,"NONE",,"KCEL"
"22169",,"27369","L17108-8","2000-01-12T11:25:00.000",,"Streams and Rivers","Issaquah","A631","Issaquah Creek upstream of hatchery","Temperature","4.4","deg C","2",,,,,,,,,"NONE",,"KCEL"
"22200",,"35771","L17114-6","2000-02-01T11:50:00.000",,"Streams and Rivers","Issaquah","0631","Issaquah Creek at SE 56th St","Temperature","6.7","deg C","2",,,,,,,,,"NONE",,"KCEL"
"22248",,"34664","L17351-7","2000-02-15T11:02:00.000",,"Streams and Rivers","Issaquah","0631","Issaquah Creek at SE 56th St","Temperature","5.64","deg C","2",,,,,,,,,"NONE",,"KCEL"
"22250",,"23910","L17351-9","2000-02-15T11:26:00.000",,"Streams and Rivers","Issaquah","A631","Issaquah Creek upstream of hatchery","Temperature","5.58","deg C","2",,,,,,,,,"NONE",,"KCEL"
"22235",,"32533","L17323-6","2000-02-29T12:10:00.000",,"Streams and Rivers","Issaquah","0631","Issaquah Creek at SE 56th St","Temperature","7.8","deg C","2",,,,,,,,,"NONE",,"KCEL"
"22346",,"33105","L17474-7","2000-03-14T10:38:00.000",,"Streams and Rivers","Issaquah","0631","Issaquah Creek at SE 56th St","Temperature","8.1","deg C","2",,,,,,,,,"NONE",,"KCEL"
"22348",,"20805","L17474-9","2000-03-14T11:26:00.000",,"Streams and Rivers","Issaquah","A631","Issaquah Creek upstream of hatchery","Temperature","8.1","deg C","2",,,,,,,,,"NONE",,"KCEL"
"22404",,"30546","L17635-7","2000-04-11T12:01:00.000",,"Streams and Rivers","Issaquah","0631","Issaquah Creek at SE 56th St","Temperature","10.4","deg C","2",,,,,,,,,"NONE",,"KCEL"
"22406",,"13815","L17635-9","2000-04-11T12:30:00.000",,"Streams and Rivers","Issaquah","A631","Issaquah Creek upstream of hatchery","Temperature","10.7","deg C","2",,,,,,,,,"NONE",,"KCEL"
"22461",,"38583","L17805-6","2000-05-09T13:10:00.000",,"Streams and Rivers","Issaquah","0631","Issaquah Creek at SE 56th St","Temperature","9.8","deg C","2",,,,,,,,,"NONE",,"KCEL"
"22463",,"6733","L17805-8","2000-05-09T13:40:00.000",,"Streams and Rivers","Issaquah","A631","Issaquah Creek upstream of hatchery","Temperature","9.6","deg C","2",,,,,,,,,"NONE",,"KCEL"
"22567",,"37501","L18136-6","2000-06-12T12:00:00.000",,"Streams and Rivers","Issaquah","0631","Issaquah Creek at SE 56th St","Temperature","11.4","deg C","2",,,,,,,,,"NONE",,"KCEL"
"22533",,"37903","L18130-7","2000-07-11T10:30:00.000",,"Streams and Rivers","Issaquah","0631","Issaquah Creek at SE 56th St","Temperature","13.3","deg C","2",,,,,,,,,"NONE",,"KCEL"
"22535",,"8194","L18130-9","2000-07-11T11:14:00.000",,"Streams and Rivers","Issaquah","A631","Issaquah Creek upstream of hatchery","Temperature","12.9","deg C","2",,,,,,,,,"NONE",,"KCEL"
"22630",,"31243","L18387-6","2000-08-01T12:20:00.000",,"Streams and Rivers","Issaquah","0631","Issaquah Creek at SE 56th St","Temperature","18","deg C","2",,,,,,,,,"NONE",,"KCEL"
"22631",,"19009","L18387-8","2000-08-01T12:50:00.000",,"Streams and Rivers","Issaquah","A631","Issaquah Creek upstream of hatchery","Temperature","17.6","deg C","2",,,,,,,,,"NONE",,"KCEL"
"22701",,"38980","L18594-6","2000-09-12T10:36:00.000",,"Streams and Rivers","Issaquah","0631","Issaquah Creek at SE 56th St","Temperature","12.2","deg C","2",,,,,,,,,"NONE",,"KCEL"
"22696",,"38980","L18594-11","2000-09-12T10:40:00.000",,"Streams and Rivers","Issaquah","0631","Issaquah Creek at SE 56th St","Temperature","12.2","deg C","2",,,,,,,,,"NONE",,"KCEL"
"22703",,"6752","L18594-8","2000-09-12T11:20:00.000",,"Streams and Rivers","Issaquah","A631","Issaquah Creek upstream of hatchery","Temperature","12","deg C","2",,,,,,,,,"NONE",,"KCEL"
"22769",,"35894","L18992-7","2000-10-10T11:07:00.000",,"Streams and Rivers","Issaquah","0631","Issaquah Creek at SE 56th St","Temperature","11.4","deg C","2",,,,,,,,,"NONE",,"KCEL"
"22771",,"26297","L18992-9","2000-10-10T12:25:00.000",,"Streams and Rivers","Issaquah","A631","Issaquah Creek upstream of hatchery","Temperature","11.4","deg C","2",,,,,,,,,"NONE",,"KCEL"
"22817",,"37784","L19080-6","2000-11-08T11:35:00.000",,"Streams and Rivers","Issaquah","0631","Issaquah Creek at SE 56th St","Temperature","8.2","deg C","2",,,,,,,,,"NONE",,"KCEL"
"22955",,"38135","L19224-7","2000-11-14T10:20:00.000",,"Streams and Rivers","Issaquah","0631","Issaquah Creek at SE 56th St","Temperature","4.8","deg C","2",,,,,,,,,"NONE",,"KCEL"
"22957",,"6624","L19224-9","2000-11-14T10:55:00.000",,"Streams and Rivers","Issaquah","A631","Issaquah Creek upstream of hatchery","Temperature","4.8","deg C","2",,,,,,,,,"NONE",,"KCEL"
"23008",,"36609","L19303-7","2000-12-12T09:35:00.000",,"Streams and Rivers","Issaquah","0631","Issaquah Creek at SE 56th St","Temperature","2.4","deg C","2",,,,,,,,,"NONE",,"KCEL"
"23010",,"26701","L19303-9","2000-12-12T10:15:00.000",,"Streams and Rivers","Issaquah","A631","Issaquah Creek upstream of hatchery","Temperature","2.37","deg C","2",,,,,,,,,"NONE",,"KCEL"
"23062",,"33583","L19499-7","2001-01-09T11:45:00.000",,"Streams and Rivers","Issaquah","0631","Issaquah Creek at SE 56th St","Temperature","5.57","deg C","2",,,,,,,,,"NONE",,"KCEL"
"23057",,"33583","L19499-12","2001-01-09T11:47:00.000",,"Streams and Rivers","Issaquah","0631","Issaquah Creek at SE 56th St","Temperature","5.57","deg C","2",,,,,,,,,"NONE",,"KCEL"
"23064",,"23788","L19499-9","2001-01-09T12:23:00.000",,"Streams and Rivers","Issaquah","A631","Issaquah Creek upstream of hatchery","Temperature","5.49","deg C","2",,,,,,,,,"NONE",,"KCEL"
"23117",,"37337","L19754-7","2001-02-13T11:14:00.000",,"Streams and Rivers","Issaquah","0631","Issaquah Creek at SE 56th St","Temperature","3.84","deg C","2",,,,,,,,,"NONE",,"KCEL"
"23119",,"5249","L19754-9","2001-02-13T11:45:00.000",,"Streams and Rivers","Issaquah","A631","Issaquah Creek upstream of hatchery","Temperature","3.93","deg C","2",,,,,,,,,"NONE",,"KCEL"
"23213",,"11139","L19963-9","2001-03-06T11:10:00.000",,"Streams and Rivers","Issaquah","A631","Issaquah Creek upstream of hatchery","Temperature","6.85","deg C","2",,,,,,,,,"NONE",,"KCEL"
"23211",,"40423","L19963-7","2001-03-06T11:30:00.000",,"Streams and Rivers","Issaquah","0631","Issaquah Creek at SE 56th St","Temperature","7.47","deg C","2",,,,,,,,,"NONE",,"KCEL"
"23281",,"31375","L20499-7","2001-04-10T10:22:00.000",,"Streams and Rivers","Issaquah","0631","Issaquah Creek at SE 56th St","Temperature","7.38","deg C","2",,,,,,,,,"NONE",,"KCEL"
"23283",,"19136","L20499-9","2001-04-10T10:55:00.000",,"Streams and Rivers","Issaquah","A631","Issaquah Creek upstream of hatchery","Temperature","7.18","deg C","2",,,,,,,,,"NONE",,"KCEL"
"23370",,"30863","L20780-6","2001-04-30T12:19:00.000",,"Streams and Rivers","Issaquah","0631","Issaquah Creek at SE 56th St","Temperature","8.97","deg C","2",,,,,,,,,"NONE",,"KCEL"
"23338",,"23501","L20686-9","2001-05-15T09:30:00.000",,"Streams and Rivers","Issaquah","A631","Issaquah Creek upstream of hatchery","Temperature","9.81","deg C","2",,,,,,,,,"NONE",,"KCEL"
"23336",,"34659","L20686-7","2001-05-15T10:10:00.000",,"Streams and Rivers","Issaquah","0631","Issaquah Creek at SE 56th St","Temperature","10.2","deg C","2",,,,,,,,,"NONE",,"KCEL"
"23463",,"38426","L21147-6","2001-06-11T12:29:00.000",,"Streams and Rivers","Issaquah","0631","Issaquah Creek at SE 56th St","Temperature","10.9","deg C","2",,,,,,,,,"NONE",,"KCEL"
"23512",,"39306","L21246-7","2001-07-10T11:26:00.000",,"Streams and Rivers","Issaquah","0631","Issaquah Creek at SE 56th St","Temperature","15.7","deg C","2",,,,,,,,,"NONE",,"KCEL"
"23507",,"39306","L21246-12","2001-07-10T11:28:00.000",,"Streams and Rivers","Issaquah","0631","Issaquah Creek at SE 56th St","Temperature","15.7","deg C","2",,,,,,,,,"NONE",,"KCEL"
"23514",,"11254","L21246-9","2001-07-10T12:03:00.000",,"Streams and Rivers","Issaquah","A631","Issaquah Creek upstream of hatchery","Temperature","15.3","deg C","2",,,,,,,,,"NONE",,"KCEL"
"23585",,"19082","L21603-9","2001-08-14T10:20:00.000",,"Streams and Rivers","Issaquah","A631","Issaquah Creek upstream of hatchery","Temperature","14.3","deg C","2",,,,,,,,,"NONE",,"KCEL"
"23584",,"31149","L21603-7","2001-08-14T11:45:00.000",,"Streams and Rivers","Issaquah","0631","Issaquah Creek at SE 56th St","Temperature","15.9","deg C","2",,,,,,,,,"NONE",,"KCEL"
"23668",,"29927","L21991-7","2001-09-11T11:40:00.000",,"Streams and Rivers","Issaquah","0631","Issaquah Creek at SE 56th St","Temperature","13.4","deg C","2",,,,,,,,,"NONE",,"KCEL"
"23670",,"9591","L21991-9","2001-09-11T12:06:00.000",,"Streams and Rivers","Issaquah","A631","Issaquah Creek upstream of hatchery","Temperature","12.7","deg C","2",,,,,,,,,"NONE",,"KCEL"
"23731",,"38614","L22314-7","2001-10-09T10:55:00.000",,"Streams and Rivers","Issaquah","0631","Issaquah Creek at SE 56th St","Temperature","10.5","deg C","2",,,,,,,,,"NONE",,"KCEL"
"23733",,"5946","L22314-9","2001-10-09T11:35:00.000",,"Streams and Rivers","Issaquah","A631","Issaquah Creek upstream of hatchery","Temperature","10.6","deg C","2",,,,,,,,,"NONE",,"KCEL"
"23761",,"32579","L22469-6","2001-11-14T12:00:00.000",,"Streams and Rivers","Issaquah","0631","Issaquah Creek at SE 56th St","Temperature","11","deg C","2",,,,,,,,,"NONE",,"KCEL"
"23865",,"37745","L23021-7","2001-12-11T11:26:00.000",,"Streams and Rivers","Issaquah","0631","Issaquah Creek at SE 56th St","Temperature","6.5","deg C","2",,,,,,,,,"NONE",,"KCEL"
"23867",,"8255","L23021-9","2001-12-11T12:01:00.000",,"Streams and Rivers","Issaquah","A631","Issaquah Creek upstream of hatchery","Temperature","6.6","deg C","2",,,,,,,,,"NONE",,"KCEL"
"23925",,"29743","L23130-7","2002-01-15T10:13:00.000",,"Streams and Rivers","Issaquah","0631","Issaquah Creek at SE 56th St","Temperature","5.2","deg C","2",,,,,,,,,"Hydrolab (02-01-005-002)",,"KCEL"
"23927",,"15376","L23130-9","2002-01-15T10:45:00.000",,"Streams and Rivers","Issaquah","A631","Issaquah Creek upstream of hatchery","Temperature","5.1","deg C","2",,,,,,,,,"Hydrolab (02-01-005-002)",,"KCEL"
"23998",,"38638","L23321-7","2002-02-12T10:19:00.000",,"Streams and Rivers","Issaquah","0631","Issaquah Creek at SE 56th St","Temperature","4.1","deg C","2",,,,,,,,,"Hydrolab (02-01-005-002)",,"KCEL"
"24000",,"6348","L23321-9","2002-02-12T10:52:00.000",,"Streams and Rivers","Issaquah","A631","Issaquah Creek upstream of hatchery","Temperature","4.2","deg C","2",,,,,,,,,"Hydrolab (02-01-005-002)",,"KCEL"
"24095",,"30913","L23635-6","2002-03-11T12:15:00.000",,"Streams and Rivers","Issaquah","0631","Issaquah Creek at SE 56th St","Temperature","7.5","deg C","2",,,,,,,,,"Hydrolab (02-01-005-002)",,"KCEL"
"24058",,"32918","L23625-7","2002-04-09T10:20:00.000",,"Streams and Rivers","Issaquah","0631","Issaquah Creek at SE 56th St","Temperature","9","deg C","2",,,,,,,,,"Hydrolab (02-01-005-002)",,"KCEL"
"24060",,"19478","L23625-9","2002-04-09T11:02:00.000",,"Streams and Rivers","Issaquah","A631","Issaquah Creek upstream of hatchery","Temperature","9","deg C","2",,,,,,,,,"Hydrolab (02-01-005-002)",,"KCEL"
"24147",,"34879","L24075-7","2002-05-14T10:50:00.000",,"Streams and Rivers","Issaquah","0631","Issaquah Creek at SE 56th St","Temperature","9.6","deg C","2",,,,,,,,,"Hydrolab (02-01-005-002)",,"KCEL"
"24149",,"27998","L24075-9","2002-05-14T11:28:00.000",,"Streams and Rivers","Issaquah","A631","Issaquah Creek upstream of hatchery","Temperature","9.4","deg C","2",,,,,,,,,"Hydrolab (02-01-005-002)",,"KCEL"
"24225",,"2899","L24554-9","2002-06-12T11:07:00.000",,"Streams and Rivers","Issaquah","A631","Issaquah Creek upstream of hatchery","Temperature","13","deg C","2",,,,,,,,,"Hydrolab (02-01-005-002)",,"KCEL"
"24223",,"37092","L24554-7","2002-06-12T11:53:00.000",,"Streams and Rivers","Issaquah","0631","Issaquah Creek at SE 56th St","Temperature","14.2","deg C","2",,,,,,,,,"Hydrolab (02-01-005-002)",,"KCEL"
"24282",,"31211","L24801-7","2002-07-09T09:30:00.000",,"Streams and Rivers","Issaquah","0631","Issaquah Creek at SE 56th St","Temperature","12.9","deg C","2",,,,,,,,,"Hydrolab (02-01-005-002)",,"KCEL"
"24284",,"19146","L24801-9","2002-07-09T11:12:00.000",,"Streams and Rivers","Issaquah","A631","Issaquah Creek upstream of hatchery","Temperature","13.4","deg C","2",,,,,,,,,"Hydrolab (02-01-005-002)",,"KCEL"
"24342",,"29221","L25243-3","2002-08-12T09:21:00.000",,"Streams and Rivers","Issaquah","0631","Issaquah Creek at SE 56th St","Temperature","14","deg C","2",,,,,,,,,"Hydrolab (02-01-005-002)",,"KCEL"
"24344",,"14481","L25243-5","2002-08-12T10:04:00.000",,"Streams and Rivers","Issaquah","A631","Issaquah Creek upstream of hatchery","Temperature","13.4","deg C","2",,,,,,,,,"Hydrolab (02-01-005-002)",,"KCEL"
"24340",,"14481","L25243-12","2002-08-12T10:06:00.000",,"Streams and Rivers","Issaquah","A631","Issaquah Creek upstream of hatchery","Temperature","13.4","deg C","2",,,,,,,,,"Hydrolab (02-01-005-002)",,"KCEL"
"24423",,"9019","L25697-5","2002-09-09T10:22:00.000",,"Streams and Rivers","Issaquah","A631","Issaquah Creek upstream of hatchery","Temperature","12.1","deg C","2",,,,,,,,,"Hydrolab (02-01-005-002)",,"KCEL"
"24421",,"38319","L25697-3","2002-09-09T11:26:00.000",,"Streams and Rivers","Issaquah","0631","Issaquah Creek at SE 56th St","Temperature","13.2","deg C","2",,,,,,,,,"Hydrolab (02-01-005-002)",,"KCEL"
"24515",,"33540","L26095-3","2002-10-15T10:13:00.000",,"Streams and Rivers","Issaquah","0631","Issaquah Creek at SE 56th St","Temperature","8.5","deg C","2",,,,,,,,,"Hydrolab (02-01-005-002)",,"KCEL"
"24517",,"24493","L26095-5","2002-10-15T10:49:00.000",,"Streams and Rivers","Issaquah","A631","Issaquah Creek upstream of hatchery","Temperature","8.7","deg C","2",,,,,,,,,"Hydrolab (02-01-005-002)",,"KCEL"
"24479",,"30705","L25791-6","2002-11-12T11:54:00.000",,"Streams and Rivers","Issaquah","0631","Issaquah Creek at SE 56th St","Temperature","10.3","deg C","2",,,,,,,,,"NONE",,"KCEL"
"24589",,"36028","L26359-3","2002-12-09T09:55:00.000",,"Streams and Rivers","Issaquah","0631","Issaquah Creek at SE 56th St","Temperature","4.7","deg C","2",,,,,,,,,"Hydrolab (02-01-005-002)",,"KCEL"
"24591",,"26235","L26359-5","2002-12-09T10:20:00.000",,"Streams and Rivers","Issaquah","A631","Issaquah Creek upstream of hatchery","Temperature","4.9","deg C","2",,,,,,,,,"Hydrolab (02-01-005-002)",,"KCEL"
"24587",,"26235","L26359-12","2002-12-09T10:25:00.000",,"Streams and Rivers","Issaquah","A631","Issaquah Creek upstream of hatchery","Temperature","4.9","deg C","2",,,,,,,,,"Hydrolab (02-01-005-002)",,"KCEL"
"24700",,"31354","L26871-3","2003-01-14T10:30:00.000",,"Streams and Rivers","Issaquah","0631","Issaquah Creek at SE 56th St","Temperature","7.2","deg C","2",,,,,,,,,"Hydrolab (02-01-005-002)",,"KCEL"
"24702",,"17377","L26871-5","2003-01-14T11:39:00.000",,"Streams and Rivers","Issaquah","A631","Issaquah Creek upstream of hatchery","Temperature","7.2","deg C","2",,,,,,,,,"Hydrolab (02-01-005-002)",,"KCEL"
"24662",,"37705","L26598-6","2003-01-27T12:21:00.000",,"Streams and Rivers","Issaquah","0631","Issaquah Creek at SE 56th St","Temperature","8.7","deg C","2",,,,,,,,,"NONE",,"KCEL"
"24755",,"35481","L27137-3","2003-02-10T10:00:00.000",,"Streams and Rivers","Issaquah","0631","Issaquah Creek at SE 56th St","Temperature","5.6","deg C","2",,,,,,,,,"Hydrolab (02-01-005-002)",,"KCEL"
"24757",,"27603","L27137-5","2003-02-10T10:35:00.000",,"Streams and Rivers","Issaquah","A631","Issaquah Creek upstream of hatchery","Temperature","5.4","deg C","2",,,,,,,,,"Hydrolab (02-01-005-002)",,"KCEL"
"24834",,"37480","L27538-3","2003-03-11T10:44:00.000",,"Streams and Rivers","Issaquah","0631","Issaquah Creek at SE 56th St","Temperature","7.8","deg C","2",,,,,,,,,"Hydrolab (02-01-005-002)",,"KCEL"
"24836",,"3060","L27538-5","2003-03-11T11:12:00.000",,"Streams and Rivers","Issaquah","A631","Issaquah Creek upstream of hatchery","Temperature","7.6","deg C","2",,,,,,,,,"Hydrolab (02-01-005-002)",,"KCEL"
"24896",,"10956","L27966-5","2003-04-15T10:20:00.000",,"Streams and Rivers","Issaquah","A631","Issaquah Creek upstream of hatchery","Temperature","8.9","deg C","2",,,,,,,,,"Hydrolab (02-01-005-002)",,"KCEL"
"24894",,"39856","L27966-3","2003-04-15T10:55:00.000",,"Streams and Rivers","Issaquah","0631","Issaquah Creek at SE 56th St","Temperature","9.2","deg C","2",,,,,,,,,"Hydrolab (02-01-005-002)",,"KCEL"
"24931",,"34647","L28238-3","2003-05-12T10:00:00.000",,"Streams and Rivers","Issaquah","0631","Issaquah Creek at SE 56th St","Temperature","10.4","deg C","2",,,,,,,,,"Hydrolab (02-01-005-002)",,"KCEL"
"24933",,"23336","L28238-5","2003-05-12T10:31:00.000",,"Streams and Rivers","Issaquah","A631","Issaquah Creek upstream of hatchery","Temperature","10.2","deg C","2",,,,,,,,,"Hydrolab (02-01-005-002)",,"KCEL"
"25006",,"30967","L28476-3","2003-06-09T12:35:00.000",,"Streams and Rivers","Issaquah","0631","Issaquah Creek at SE 56th St","Temperature","13.8","deg C","2",,,,,,,,,"Hydrolab (02-01-005-002)",,"KCEL"
"25008",,"18703","L28476-5","2003-06-09T13:10:00.000",,"Streams and Rivers","Issaquah","A631","Issaquah Creek upstream of hatchery","Temperature","13.4","deg C","2",,,,,,,,,"Hydrolab (02-01-005-002)",,"KCEL"
"25097",,"38662","L28769-3","2003-07-15T10:53:00.000",,"Streams and Rivers","Issaquah","0631","Issaquah Creek at SE 56th St","Temperature","15.9","deg C","2",,,,,,,,,"Hydrolab (02-01-005-002)",,"KCEL"
"25099",,"6066","L28769-5","2003-07-15T11:50:00.000",,"Streams and Rivers","Issaquah","A631","Issaquah Creek upstream of hatchery","Temperature","15.6","deg C","2",,,,,,,,,"Hydrolab (02-01-005-002)",,"KCEL"
"25095",,"6066","L28769-12","2003-07-15T11:55:00.000",,"Streams and Rivers","Issaquah","A631","Issaquah Creek upstream of hatchery","Temperature","15.6","deg C","2",,,,,,,,,"Hydrolab (02-01-005-002)",,"KCEL"
"25142",,"30939","L29166-3","2003-08-11T09:50:00.000",,"Streams and Rivers","Issaquah","0631","Issaquah Creek at SE 56th St","Temperature","14.5","deg C","2",,,,,,,,,"Hydrolab (02-01-005-002)",,"KCEL"
"25143",,"18022","L29166-5","2003-08-11T10:20:00.000",,"Streams and Rivers","Issaquah","A631","Issaquah Creek upstream of hatchery","Temperature","13.9","deg C","2",,,,,,,,,"Hydrolab (02-01-005-002)",,"KCEL"
"25241",,"37438","L29539-3","2003-09-10T11:50:00.000",,"Streams and Rivers","Issaquah","0631","Issaquah Creek at SE 56th St","Temperature","14.2","deg C","2",,,,,,,,,"Hydrolab (02-01-005-002)",,"KCEL"
"25242",,"3756","L29539-5","2003-09-10T12:18:00.000",,"Streams and Rivers","Issaquah","A631","Issaquah Creek upstream of hatchery","Temperature","13.7","deg C","2",,,,,,,,,"Hydrolab (02-01-005-002)",,"KCEL"
"25297",,"35068","L29851-3","2003-10-14T12:04:00.000",,"Streams and Rivers","Issaquah","0631","Issaquah Creek at SE 56th St","Temperature","11.4","deg C","2",,,,,,,,,"Hydrolab (02-01-005-002)",,"KCEL"
"25299",,"28088","L29851-5","2003-10-14T12:43:00.000",,"Streams and Rivers","Issaquah","A631","Issaquah Creek upstream of hatchery","Temperature","11.3","deg C","2",,,,,,,,,"Hydrolab (02-01-005-002)",,"KCEL"
"25369",,"37274","L30213-3","2003-11-12T09:15:00.000",,"Streams and Rivers","Issaquah","0631","Issaquah Creek at SE 56th St","Temperature","7.7","deg C","2",,,,,,,,,"Hydrolab (02-01-005-002)",,"KCEL"
"25371",,"2970","L30213-5","2003-11-12T13:10:00.000",,"Streams and Rivers","Issaquah","A631","Issaquah Creek upstream of hatchery","Temperature","8","deg C","2",,,,,,,,,"Hydrolab (02-01-005-002)",,"KCEL"
"25429",,"30328","L30476-3","2003-12-09T10:31:00.000",,"Streams and Rivers","Issaquah","0631","Issaquah Creek at SE 56th St","Temperature","5.9","deg C","2",,,,,,,,,"Hydrolab (02-01-005-002)",,"KCEL"
"25431",,"14227","L30476-5","2003-12-09T11:17:00.000",,"Streams and Rivers","Issaquah","A631","Issaquah Creek upstream of hatchery","Temperature","5.7","deg C","2",,,,,,,,,"Hydrolab (02-01-005-002)",,"KCEL"
"25488",,"10489","L30665-5","2004-01-12T10:39:00.000",,"Streams and Rivers","Issaquah","A631","Issaquah Creek upstream of hatchery","Temperature","5.5","deg C","2",,,,,,,,,"Hydrolab (02-01-005-002)",,"KCEL"
"25486",,"30334","L30665-3","2004-01-12T11:26:00.000",,"Streams and Rivers","Issaquah","0631","Issaquah Creek at SE 56th St","Temperature","5.8","deg C","2",,,,,,,,,"Hydrolab (02-01-005-002)",,"KCEL"
"25542",,"30973","L30929-3","2004-02-10T11:00:00.000",,"Streams and Rivers","Issaquah","0631","Issaquah Creek at SE 56th St","Temperature","5.2","deg C","2",,,,,,,,,"Hydrolab (02-01-005-002)",,"KCEL"
"25544",,"15881","L30929-5","2004-02-10T11:45:00.000",,"Streams and Rivers","Issaquah","A631","Issaquah Creek upstream of hatchery","Temperature","5.3","deg C","2",,,,,,,,,"Hydrolab (02-01-005-002)",,"KCEL"
"25596",,"39870","L31217-3","2004-03-09T10:25:00.000",,"Streams and Rivers","Issaquah","0631","Issaquah Creek at SE 56th St","Temperature","9.2","deg C","2",,,,,,,,,"Hydrolab (02-01-005-002)",,"KCEL"
"25598",,"11737","L31217-5","2004-03-09T10:55:00.000",,"Streams and Rivers","Issaquah","A631","Issaquah Creek upstream of hatchery","Temperature","8.9","deg C","2",,,,,,,,,"Hydrolab (02-01-005-002)",,"KCEL"
"25594",,"11737","L31217-12","2004-03-09T10:58:00.000",,"Streams and Rivers","Issaquah","A631","Issaquah Creek upstream of hatchery","Temperature","8.9","deg C","2",,,,,,,,,"Hydrolab (02-01-005-002)",,"KCEL"
"25653",,"31799","L31656-3","2004-04-13T11:20:00.000",,"Streams and Rivers","Issaquah","0631","Issaquah Creek at SE 56th St","Temperature","11.2","deg C","2",,,,,,,,,"Hydrolab (02-01-005-002)",,"KCEL"
"25655",,"17185","L31656-5","2004-04-13T12:45:00.000",,"Streams and Rivers","Issaquah","A631","Issaquah Creek upstream of hatchery","Temperature","11.5","deg C","2",,,,,,,,,"Hydrolab (02-01-005-002)",,"KCEL"
"25710",,"40560","L31878-3","2004-05-11T11:03:00.000",,"Streams and Rivers","Issaquah","0631","Issaquah Creek at SE 56th St","Temperature","10.3","deg C","2",,,,,,,,,"Hydrolab (02-01-005-002)",,"KCEL"
"25712",,"10322","L31878-5","2004-05-11T11:41:00.000",,"Streams and Rivers","Issaquah","A631","Issaquah Creek upstream of hatchery","Temperature","10.1","deg C","2",,,,,,,,,"Hydrolab (02-01-005-002)",,"KCEL"
"25708",,"10322","L31878-11","2004-05-11T11:42:00.000",,"Streams and Rivers","Issaquah","A631","Issaquah Creek upstream of hatchery","Temperature","10.1","deg C","2",,,,,,,,,"Hydrolab (02-01-005-002)",,"KCEL"
"25778",,"31756","L32071-6","2004-05-26T14:22:00.000",,"Streams and Rivers","Issaquah","0631","Issaquah Creek at SE 56th St","Temperature","12.7","deg C","2",,,,,,,,,"NONE",,"KCEL"
"25815",,"31169","L32188-3","2004-06-15T12:12:00.000",,"Streams and Rivers","Issaquah","0631","Issaquah Creek at SE 56th St","Temperature","12.9","deg C","2",,,,,,,,,"Hydrolab (02-01-005-002)",,"KCEL"
"25817",,"19075","L32188-5","2004-06-15T12:47:00.000",,"Streams and Rivers","Issaquah","A631","Issaquah Creek upstream of hatchery","Temperature","13.2","deg C","2",,,,,,,,,"Hydrolab (02-01-005-002)",,"KCEL"
"25891",,"12249","L32475-5","2004-07-13T11:43:00.000",,"Streams and Rivers","Issaquah","A631","Issaquah Creek upstream of hatchery","Temperature","15.3","deg C","2",,,,,,,,,"Hydrolab (02-01-005-002)",,"KCEL"
"25889",,"39892","L32475-3","2004-07-13T12:14:00.000",,"Streams and Rivers","Issaquah","0631","Issaquah Creek at SE 56th St","Temperature","16.4","deg C","2",,,,,,,,,"Hydrolab (02-01-005-002)",,"KCEL"
"25963",,"36829","L32782-3","2004-08-10T09:57:00.000",,"Streams and Rivers","Issaquah","0631","Issaquah Creek at SE 56th St","Temperature","16.3","deg C","2",,,,,,,,,"Hydrolab (02-01-005-002)",,"KCEL"
"25965",,"5120","L32782-5","2004-08-10T10:45:00.000",,"Streams and Rivers","Issaquah","A631","Issaquah Creek upstream of hatchery","Temperature","15.7","deg C","2",,,,,,,,,"Hydrolab (02-01-005-002)",,"KCEL"
"26031",,"35511","L32953-6","2004-09-13T12:10:00.000",,"Streams and Rivers","Issaquah","0631","Issaquah Creek at SE 56th St","Temperature","13.6","deg C","2",,,,,,,,,"Hydrolab (02-01-005-002)",,"KCEL"
"26094",,"3647","L33219-5","2004-10-12T10:40:00.000",,"Streams and Rivers","Issaquah","A631","Issaquah Creek upstream of hatchery","Temperature","11.7","deg C","2",,,,,,,,,"Hydrolab (02-01-005-002)",,"KCEL"
"26092",,"37528","L33219-3","2004-10-12T11:00:00.000",,"Streams and Rivers","Issaquah","0631","Issaquah Creek at SE 56th St","Temperature","12.1","deg C","2",,,,,,,,,"Hydrolab (02-01-005-002)",,"KCEL"
"26204",,"35794","L33839-3","2004-11-09T10:37:00.000",,"Streams and Rivers","Issaquah","0631","Issaquah Creek at SE 56th St","Temperature","8.9","deg C","2",,,,,,,,,"Hydrolab (02-01-005-002)",,"KCEL"
"26206",,"25102","L33839-5","2004-11-09T11:30:00.000",,"Streams and Rivers","Issaquah","A631","Issaquah Creek upstream of hatchery","Temperature","9","deg C","2",,,,,,,,,"Hydrolab (02-01-005-002)",,"KCEL"
"26262",,"32851","L34110-3","2004-12-07T10:24:00.000",,"Streams and Rivers","Issaquah","0631","Issaquah Creek at SE 56th St","Temperature","6.7","deg C","2",,,,,,,,,"Hydrolab (02-01-005-002)",,"KCEL"
"26264",,"22218","L34110-5","2004-12-07T10:55:00.000",,"Streams and Rivers","Issaquah","A631","Issaquah Creek upstream of hatchery","Temperature","6.7","deg C","2",,,,,,,,,"Hydrolab (02-01-005-002)",,"KCEL"
"26332",,"35140","L34348-3","2005-01-11T11:29:00.000",,"Streams and Rivers","Issaquah","0631","Issaquah Creek at SE 56th St","Temperature","3.1","deg C","2",,,,,,,,,"Hydrolab (02-01-005-002)",,"KCEL"
"26334",,"26659","L34348-5","2005-01-11T11:56:00.000",,"Streams and Rivers","Issaquah","A631","Issaquah Creek upstream of hatchery","Temperature","3.3","deg C","2",,,,,,,,,"Hydrolab (02-01-005-002)",,"KCEL"
"26324",,"26659","L34348-11","2005-01-11T11:57:00.000",,"Streams and Rivers","Issaquah","A631","Issaquah Creek upstream of hatchery","Temperature","3.3","deg C","2",,,,,,,,,"Hydrolab (02-01-005-002)",,"KCEL"
"26143",,"40586","L33444-6","2005-01-18T10:40:00.000",,"Streams and Rivers","Issaquah","0631","Issaquah Creek at SE 56th St","Temperature","7.8","deg C","2",,,,,,,,,"Hydrolab (02-01-005-002)",,"KCEL"
"26400",,"37502","L34672-3","2005-02-15T10:45:00.000",,"Streams and Rivers","Issaquah","0631","Issaquah Creek at SE 56th St","Temperature","4.1","deg C","2",,,,,,,,,"Hydrolab (02-01-005-002)",,"KCEL"
"26402",,"4789","L34672-5","2005-02-15T12:00:00.000",,"Streams and Rivers","Issaquah","A631","Issaquah Creek upstream of hatchery","Temperature","4.6","deg C","2",,,,,,,,,"Hydrolab (02-01-005-002)",,"KCEL"
"26491",,"35929","L34914-3","2005-03-15T09:44:00.000",,"Streams and Rivers","Issaquah","0631","Issaquah Creek at SE 56th St","Temperature","7.8","deg C","2",,,,,,,,,"Hydrolab (02-01-005-002)",,"KCEL"
"26493",,"28111","L34914-5","2005-03-15T10:22:00.000",,"Streams and Rivers","Issaquah","A631","Issaquah Creek upstream of hatchery","Temperature","7.9","deg C","2",,,,,,,,,"Hydrolab (02-01-005-002)",,"KCEL"
"26563",,"33002","L35229-3","2005-04-12T10:25:00.000",,"Streams and Rivers","Issaquah","0631","Issaquah Creek at SE 56th St","Temperature","7","deg C","2",,,,,,,,,"Hydrolab (02-01-005-002)",,"KCEL"
"26565",,"22078","L35229-5","2005-04-12T11:05:00.000",,"Streams and Rivers","Issaquah","A631","Issaquah Creek upstream of hatchery","Temperature","6.9","deg C","2",,,,,,,,,"Hydrolab (02-01-005-002)",,"KCEL"
"26632",,"29989","L35455-3","2005-05-10T10:07:00.000",,"Streams and Rivers","Issaquah","0631","Issaquah Creek at SE 56th St","Temperature","11.4","deg C","2",,,,,,,,,"Hydrolab (02-01-005-002)",,"KCEL"
"26630",,"29989","L35455-11","2005-05-10T10:09:00.000",,"Streams and Rivers","Issaquah","0631","Issaquah Creek at SE 56th St","Temperature","11.4","deg C","2",,,,,,,,,"Hydrolab (02-01-005-002)",,"KCEL"
"26634",,"15911","L35455-5","2005-05-10T10:52:00.000",,"Streams and Rivers","Issaquah","A631","Issaquah Creek upstream of hatchery","Temperature","11.3","deg C","2",,,,,,,,,"Hydrolab (02-01-005-002)",,"KCEL"
"26706",,"20473","L35812-5","2005-06-14T10:02:00.000",,"Streams and Rivers","Issaquah","A631","Issaquah Creek upstream of hatchery","Temperature","11.8","deg C","2",,,,,,,,,"Hydrolab (02-01-005-002)",,"KCEL"
"26704",,"33154","L35812-3","2005-06-14T10:39:00.000",,"Streams and Rivers","Issaquah","0631","Issaquah Creek at SE 56th St","Temperature","12.5","deg C","2",,,,,,,,,"Hydrolab (02-01-005-002)",,"KCEL"
"26772",,"14137","L36106-5","2005-07-12T09:20:00.000",,"Streams and Rivers","Issaquah","A631","Issaquah Creek upstream of hatchery","Temperature","13.6","deg C","2",,,,,,,,,"Hydrolab (02-01-005-002)",,"KCEL"
"26770",,"30442","L36106-3","2005-07-12T10:13:00.000",,"Streams and Rivers","Issaquah","0631","Issaquah Creek at SE 56th St","Temperature","14.3","deg C","2",,,,,,,,,"Hydrolab (02-01-005-002)",,"KCEL"
"26841",,"40576","L36337-3","2005-08-09T10:43:00.000",,"Streams and Rivers","Issaquah","0631","Issaquah Creek at SE 56th St","Temperature","15.5","deg C","2",,,,,,,,,"Hydrolab (02-01-005-002)",,"KCEL"
"26843",,"7204","L36337-5","2005-08-09T11:45:00.000",,"Streams and Rivers","Issaquah","A631","Issaquah Creek upstream of hatchery","Temperature","15.4","deg C","2",,,,,,,,,"Hydrolab (02-01-005-002)",,"KCEL"
"26936",,"15113","L36783-5","2005-09-13T10:19:00.000",,"Streams and Rivers","Issaquah","A631","Issaquah Creek upstream of hatchery","Temperature","11.3","deg C","2",,,,,,,,,"Hydrolab (02-01-005-002)",,"KCEL"
"26934",,"29645","L36783-3","2005-09-13T10:46:00.000",,"Streams and Rivers","Issaquah","0631","Issaquah Creek at SE 56th St","Temperature","12","deg C","2",,,,,,,,,"Hydrolab (02-01-005-002)",,"KCEL"
"27018",,"39880","L37065-3","2005-10-11T11:10:00.000",,"Streams and Rivers","Issaquah","0631","Issaquah Creek at SE 56th St","Temperature","11.5","deg C","2",,,,,,,,,"Hydrolab (02-01-005-002)",,"KCEL"
"27020",,"12281","L37065-5","2005-10-11T11:45:00.000",,"Streams and Rivers","Issaquah","A631","Issaquah Creek upstream of hatchery","Temperature","11.3","deg C","2",,,,,,,,,"Hydrolab (02-01-005-002)",,"KCEL"
"26449",,"39016","L34677-6","2005-10-31T13:17:00.000",,"Streams and Rivers","Issaquah","0631","Issaquah Creek at SE 56th St","Temperature","10.4","deg C","2",,,,,,,,,"Hydrolab (02-01-005-002)",,"KCEL"
"27128",,"30406","L37476-3","2005-11-15T09:53:00.000",,"Streams and Rivers","Issaquah","0631","Issaquah Creek at SE 56th St","Temperature","6.2","deg C","2",,,,,,,,,"Hydrolab (02-01-005-002)",,"KCEL"
"27130",,"14189","L37476-5","2005-11-15T10:26:00.000",,"Streams and Rivers","Issaquah","A631","Issaquah Creek upstream of hatchery","Temperature","6.2","deg C","2",,,,,,,,,"Hydrolab (02-01-005-002)",,"KCEL"
"27191",,"40600","L37744-3","2005-12-13T11:17:00.000",,"Streams and Rivers","Issaquah","0631","Issaquah Creek at SE 56th St","Temperature","5.1","deg C","2",,,,,,,,,"Hydrolab (02-01-005-002)",,"KCEL"
"27193",,"10147","L37744-5","2005-12-13T11:59:00.000",,"Streams and Rivers","Issaquah","A631","Issaquah Creek upstream of hatchery","Temperature","5.7","deg C","2",,,,,,,,,"Hydrolab (02-01-005-002)",,"KCEL"
"27094",,"32884","L37422-6","2006-01-09T12:58:00.000",,"Streams and Rivers","Issaquah","0631","Issaquah Creek at SE 56th St","Temperature","7.9","deg C","2",,,,,,,,,"Hydrolab (02-01-005-002)",,"KCEL"
"27256",,"11881","L37823-5","2006-02-14T09:44:00.000",,"Streams and Rivers","Issaquah","A631","Issaquah Creek upstream of hatchery","Temperature","5.7","deg C","2",,,,,,,,,"Hydrolab (02-01-005-002)",,"KCEL"
"27254",,"39848","L37823-3","2006-02-14T10:27:00.000",,"Streams and Rivers","Issaquah","0631","Issaquah Creek at SE 56th St","Temperature","5.7","deg C","2",,,,,,,,,"Hydrolab (02-01-005-002)",,"KCEL"
"27368",,"36860","L38271-3","2006-03-14T09:10:00.000",,"Streams and Rivers","Issaquah","0631","Issaquah Creek at SE 56th St","Temperature","6.6","deg C","2",,,,,,,,,"Hydrolab (02-01-005-002)",,"KCEL"
"27370",,"5344","L38271-5","2006-03-14T09:33:00.000",,"Streams and Rivers","Issaquah","A631","Issaquah Creek upstream of hatchery","Temperature","6.6","deg C","2",,,,,,,,,"Hydrolab (02-01-005-002)",,"KCEL"
"27437",,"34198","L38670-3","2006-04-11T10:33:00.000",,"Streams and Rivers","Issaquah","0631","Issaquah Creek at SE 56th St","Temperature","8.1","deg C","2",,,,,,,,,"Hydrolab (02-01-005-002)",,"KCEL"
"27439",,"23281","L38670-5","2006-04-11T11:16:00.000",,"Streams and Rivers","Issaquah","A631","Issaquah Creek upstream of hatchery","Temperature","8.3","deg C","2",,,,,,,,,"Hydrolab (02-01-005-002)",,"KCEL"
"27494",,"31594","L38935-3","2006-05-09T09:41:00.000",,"Streams and Rivers","Issaquah","0631","Issaquah Creek at SE 56th St","Temperature","8.6","deg C","2",,,,,,,,,"Hydrolab (02-01-005-002)",,"KCEL"
"27496",,"15944","L38935-5","2006-05-09T10:08:00.000",,"Streams and Rivers","Issaquah","A631","Issaquah Creek upstream of hatchery","Temperature","8.5","deg C","2",,,,,,,,,"Hydrolab (02-01-005-002)",,"KCEL"
"27492",,"15944","L38935-11","2006-05-09T10:09:00.000",,"Streams and Rivers","Issaquah","A631","Issaquah Creek upstream of hatchery","Temperature","8.6","deg C","2",,,,,,,,,"Hydrolab (02-01-005-002)",,"KCEL"
"27570",,"33760","L39409-3","2006-06-13T12:20:00.000",,"Streams and Rivers","Issaquah","0631","Issaquah Creek at SE 56th St","Temperature","12.9","deg C","2",,,,,,,,,"Hydrolab (02-01-005-002)",,"KCEL"
"27572",,"24647","L39409-5","2006-06-13T12:50:00.000",,"Streams and Rivers","Issaquah","A631","Issaquah Creek upstream of hatchery","Temperature","12.5","deg C","2",,,,,,,,,"Hydrolab (02-01-005-002)",,"KCEL"
"27638",,"32142","L39675-3","2006-07-11T12:53:00.000",,"Streams and Rivers","Issaquah","0631","Issaquah Creek at SE 56th St","Temperature","15.2","deg C","2",,,,,,,,,"Hydrolab (02-01-005-002)",,"KCEL"
"27640",,"21303","L39675-5","2006-07-11T13:24:00.000",,"Streams and Rivers","Issaquah","A631","Issaquah Creek upstream of hatchery","Temperature","15","deg C","2",,,,,,,,,"Hydrolab (02-01-005-002)",,"KCEL"
"27703",,"34436","L40014-3","2006-08-15T10:15:00.000",,"Streams and Rivers","Issaquah","0631","Issaquah Creek at SE 56th St","Temperature","14.7","deg C","2",,,,,,,,,"Hydrolab (02-01-005-002)",,"KCEL"
"27704",,"23192","L40014-5","2006-08-15T11:09:00.000",,"Streams and Rivers","Issaquah","A631","Issaquah Creek upstream of hatchery","Temperature","14","deg C","2",,,,,,,,,"Hydrolab (02-01-005-002)",,"KCEL"
"27747",,"33829","L40183-1","2006-08-29T14:54:00.000",,"Streams and Rivers","Issaquah","0631","Issaquah Creek at SE 56th St","Temperature","15.8","deg C","2",,,,,,,,,"Hydrolab (02-01-005-002)",,"KCEL"
"27749",,"21517","L40183-3","2006-08-29T15:25:00.000",,"Streams and Rivers","Issaquah","A631","Issaquah Creek upstream of hatchery","Temperature","14.7","deg C","2",,,,,,,,,"Hydrolab (02-01-005-002)",,"KCEL"
"27759",,"19615","L40202-5","2006-09-12T11:24:00.000",,"Streams and Rivers","Issaquah","A631","Issaquah Creek upstream of hatchery","Temperature","13","deg C","2",,,,,,,,,"Hydrolab (02-01-005-002)",,"KCEL"
"27758",,"32812","L40202-3","2006-09-12T11:50:00.000",,"Streams and Rivers","Issaquah","0631","Issaquah Creek at SE 56th St","Temperature","13.8","deg C","2",,,,,,,,,"Hydrolab (02-01-005-002)",,"KCEL"
"27307",,"37432","L37881-6","2006-09-19T12:05:00.000",,"Streams and Rivers","Issaquah","0631","Issaquah Creek at SE 56th St","Temperature","12.7","deg C","2",,,,,,,,,"Hydrolab (02-01-005-002)",,"KCEL"
"27845",,"30005","L40573-3","2006-10-10T10:45:00.000",,"Streams and Rivers","Issaquah","0631","Issaquah Creek at SE 56th St","Temperature","9.5","deg C","2",,,,,,,,,"Hydrolab (02-01-005-002)",,"KCEL"
"27847",,"12628","L40573-5","2006-10-10T11:20:00.000",,"Streams and Rivers","Issaquah","A631","Issaquah Creek upstream of hatchery","Temperature","9.3","deg C","2",,,,,,,,,"Hydrolab (02-01-005-002)",,"KCEL"
"27895",,"39182","L40577-6","2006-11-07T12:15:00.000",,"Streams and Rivers","Issaquah","0631","Issaquah Creek at SE 56th St","Temperature","12","deg C","2",,,,,,,,,"Hydrolab (02-01-005-002)",,"KCEL"
"27936",,"32350","L40940-3","2006-11-14T08:40:00.000",,"Streams and Rivers","Issaquah","0631","Issaquah Creek at SE 56th St","Temperature","8.1","deg C","2",,,,,,,,,"Hydrolab (02-01-005-002)",,"KCEL"
"27938",,"22017","L40940-5","2006-11-14T09:10:00.000",,"Streams and Rivers","Issaquah","A631","Issaquah Creek upstream of hatchery","Temperature","8","deg C","2",,,,,,,,,"Hydrolab (02-01-005-002)",,"KCEL"
"28031",,"29130","L41350-3","2006-12-12T10:30:00.000",,"Streams and Rivers","Issaquah","0631","Issaquah Creek at SE 56th St","Temperature","7.4","deg C","2",,,,,,,,,"Hydrolab (02-01-005-002)",,"KCEL"
"28033",,"15816","L41350-5","2006-12-12T11:07:00.000",,"Streams and Rivers","Issaquah","A631","Issaquah Creek upstream of hatchery","Temperature","7.3","deg C","2",,,,,,,,,"Hydrolab (02-01-005-002)",,"KCEL"
"28096",,"38449","L41461-3","2007-01-09T10:15:00.000",,"Streams and Rivers","Issaquah","0631","Issaquah Creek at SE 56th St","Temperature","7.6","deg C","2",,,,,,,,,"Hydrolab (02-01-005-002)",,"KCEL"
"28098",,"7700","L41461-5","2007-01-09T11:09:00.000",,"Streams and Rivers","Issaquah","A631","Issaquah Creek upstream of hatchery","Temperature","7.5","deg C","2",,,,,,,,,"Hydrolab (02-01-005-002)",,"KCEL"
"28166",,"35305","L41676-3","2007-02-06T09:45:00.000",,"Streams and Rivers","Issaquah","0631","Issaquah Creek at SE 56th St","Temperature","7","deg C","2",,,,,,,,,"Hydrolab (02-01-005-002)",,"KCEL"
"28168",,"27983","L41676-5","2007-02-06T10:16:00.000",,"Streams and Rivers","Issaquah","A631","Issaquah Creek upstream of hatchery","Temperature","7","deg C","2",,,,,,,,,"Hydrolab (02-01-005-002)",,"KCEL"
"28229",,"33858","L41988-3","2007-03-06T10:08:00.000",,"Streams and Rivers","Issaquah","0631","Issaquah Creek at SE 56th St","Temperature","6.8","deg C","2",,,,,,,,,"Hydrolab (02-01-005-002)",,"KCEL"
"28231",,"24898","L41988-5","2007-03-06T10:54:00.000",,"Streams and Rivers","Issaquah","A631","Issaquah Creek upstream of hatchery","Temperature","6.9","deg C","2",,,,,,,,,"Hydrolab (02-01-005-002)",,"KCEL"
"28296",,"31589","L42327-3","2007-04-03T10:13:00.000",,"Streams and Rivers","Issaquah","0631","Issaquah Creek at SE 56th St","Temperature","6","deg C","2",,,,,,,,,"Hydrolab (02-01-005-002)",,"KCEL"
"28298",,"17062","L42327-5","2007-04-03T10:50:00.000",,"Streams and Rivers","Issaquah","A631","Issaquah Creek upstream of hatchery","Temperature","6.1","deg C","2",,,,,,,,,"Hydrolab (02-01-005-002)",,"KCEL"
"28294",,"17062","L42327-11","2007-04-03T10:52:00.000",,"Streams and Rivers","Issaquah","A631","Issaquah Creek upstream of hatchery","Temperature","6.1","deg C","2",,,,,,,,,"Hydrolab (02-01-005-002)",,"KCEL"
"28359",,"34566","L42617-3","2007-05-08T12:05:00.000",,"Streams and Rivers","Issaquah","0631","Issaquah Creek at SE 56th St","Temperature","12.6","deg C","2",,,,,,,,,"Hydrolab (02-01-005-002)",,"KCEL"
"28361",,"23055","L42617-5","2007-05-08T12:38:00.000",,"Streams and Rivers","Issaquah","A631","Issaquah Creek upstream of hatchery","Temperature","13.1","deg C","2",,,,,,,,,"Hydrolab (02-01-005-002)",,"KCEL"
"27989",,"39512","L41206-6","2007-05-21T12:57:00.000",,"Streams and Rivers","Issaquah","0631","Issaquah Creek at SE 56th St","Temperature","10.9","deg C","2",,,,,,,,,"Hydrolab (02-01-005-002)",,"KCEL"
"28435",,"31041","L42883-3","2007-06-05T10:50:00.000",,"Streams and Rivers","Issaquah","0631","Issaquah Creek at SE 56th St","Temperature","13.3","deg C","2",,,,,,,,,"Hydrolab (02-01-005-002)",,"KCEL"
"28437",,"18778","L42883-5","2007-06-05T11:25:00.000",,"Streams and Rivers","Issaquah","A631","Issaquah Creek upstream of hatchery","Temperature","12.8","deg C","2",,,,,,,,,"Hydrolab (02-01-005-002)",,"KCEL"
"28550",,"36780","L43109-3","2007-07-05T10:24:00.000",,"Streams and Rivers","Issaquah","0631","Issaquah Creek at SE 56th St","Temperature","15.5","deg C","2",,,,,,,,,"Hydrolab (02-01-005-002)",,"KCEL"
"28552",,"5124","L43109-5","2007-07-05T11:10:00.000",,"Streams and Rivers","Issaquah","A631","Issaquah Creek upstream of hatchery","Temperature","15.3","deg C","2",,,,,,,,,"Hydrolab (02-01-005-002)",,"KCEL"
"28648",,"31699","L43407-3","2007-08-07T09:34:00.000",,"Streams and Rivers","Issaquah","0631","Issaquah Creek at SE 56th St","Temperature","14.5","deg C","2",,,,,,,,,"Hydrolab (02-01-005-002)",,"KCEL"
"28650",,"17153","L43407-5","2007-08-07T10:04:00.000",,"Streams and Rivers","Issaquah","A631","Issaquah Creek upstream of hatchery","Temperature","13.9","deg C","2",,,,,,,,,"Hydrolab (02-01-005-002)",,"KCEL"
"28723",,"40477","L43718-3","2007-09-04T12:01:00.000",,"Streams and Rivers","Issaquah","0631","Issaquah Creek at SE 56th St","Temperature","16","deg C","2",,,,,,,,,"Hydrolab (02-01-005-002)",,"KCEL"
"28725",,"10821","L43718-5","2007-09-04T13:10:00.000",,"Streams and Rivers","Issaquah","A631","Issaquah Creek upstream of hatchery","Temperature","14.9","deg C","2",,,,,,,,,"Hydrolab (02-01-005-002)",,"KCEL"
"28798",,"31625","L44117-3","2007-10-09T12:35:00.000",,"Streams and Rivers","Issaquah","0631","Issaquah Creek at SE 56th St","Temperature","11.3","deg C","2",,,,,,,,,"Hydrolab (02-01-005-002)",,"KCEL"
"28800",,"16361","L44117-5","2007-10-09T13:15:00.000",,"Streams and Rivers","Issaquah","A631","Issaquah Creek upstream of hatchery","Temperature","11.4","deg C","2",,,,,,,,,"Hydrolab (02-01-005-002)",,"KCEL"
"28866",,"39698","L44456-3","2007-11-06T10:15:00.000",,"Streams and Rivers","Issaquah","0631","Issaquah Creek at SE 56th St","Temperature","7.52","deg C","2",,,,,,,,,"Hydrolab (02-01-005-002)",,"KCEL"
"28868",,"12483","L44456-5","2007-11-06T10:46:00.000",,"Streams and Rivers","Issaquah","A631","Issaquah Creek upstream of hatchery","Temperature","7.51","deg C","2",,,,,,,,,"Hydrolab (02-01-005-002)",,"KCEL"
"28492",,"34744","L42988-6","2007-12-03T12:36:00.000",,"Streams and Rivers","Issaquah","0631","Issaquah Creek at SE 56th St","Temperature","7.82","deg C","2",,,,,,,,,"Hydrolab (02-01-005-002)",,"KCEL"
"28928",,"35913","L44654-3","2007-12-12T10:20:00.000",,"Streams and Rivers","Issaquah","0631","Issaquah Creek at SE 56th St","Temperature","5.48","deg C","2",,,,,,,,,"Hydrolab (02-01-005-002)",,"KCEL"
"28930",,"25935","L44654-5","2007-12-12T10:55:00.000",,"Streams and Rivers","Issaquah","A631","Issaquah Creek upstream of hatchery","Temperature","5.5","deg C","2",,,,,,,,,"Hydrolab (02-01-005-002)",,"KCEL"
"29002",,"30271","L44904-3","2008-01-08T12:33:00.000",,"Streams and Rivers","Issaquah","0631","Issaquah Creek at SE 56th St","Temperature","5.15","deg C","2",,,,,,,,,"Hydrolab (02-01-005-002)",,"KCEL"
"29004",,"10764","L44904-5","2008-01-08T13:09:00.000",,"Streams and Rivers","Issaquah","A631","Issaquah Creek upstream of hatchery","Temperature","5.21","deg C","2",,,,,,,,,"Hydrolab (02-01-005-002)",,"KCEL"
"29099",,"39201","L45055-3","2008-02-05T10:48:00.000",,"Streams and Rivers","Issaquah","0631","Issaquah Creek at SE 56th St","Temperature","5.27","deg C","2",,,,,,,,,"HYDROLAB (SOP 205V4)",,"KCEL"
"29101",,"6757","L45055-5","2008-02-05T11:27:00.000",,"Streams and Rivers","Issaquah","A631","Issaquah Creek upstream of hatchery","Temperature","5.25","deg C","2",,,,,,,,,"HYDROLAB (SOP 205V4)",,"KCEL"
"29161",,"35737","L45210-3","2008-03-04T10:36:00.000",,"Streams and Rivers","Issaquah","0631","Issaquah Creek at SE 56th St","Temperature","6.56","deg C","2",,,,,,,,,"HYDROLAB (SOP 205V4)",,"KCEL"
"29159",,"35737","L45210-11","2008-03-04T10:38:00.000",,"Streams and Rivers","Issaquah","0631","Issaquah Creek at SE 56th St","Temperature","6.58","deg C","2",,,,,,,,,"HYDROLAB (SOP 205V4)",,"KCEL"
"29163",,"26299","L45210-5","2008-03-04T11:20:00.000",,"Streams and Rivers","Issaquah","A631","Issaquah Creek upstream of hatchery","Temperature","6.78","deg C","2",,,,,,,,,"HYDROLAB (SOP 205V4)",,"KCEL"
"29224",,"38442","L45368-3","2008-04-08T12:08:00.000",,"Streams and Rivers","Issaquah","0631","Issaquah Creek at SE 56th St","Temperature","6.46","deg C","2",,,,,,,,,"HYDROLAB (SOP 205V4)",,"KCEL"
"29226",,"8527","L45368-5","2008-04-08T12:46:00.000",,"Streams and Rivers","Issaquah","A631","Issaquah Creek upstream of hatchery","Temperature","6.52","deg C","2",,,,,,,,,"HYDROLAB (SOP 205V4)",,"KCEL"
"29286",,"35425","L45566-3","2008-05-06T10:15:00.000",,"Streams and Rivers","Issaquah","0631","Issaquah Creek at SE 56th St","Temperature","10.1","deg C","2",,,,,,,,,"HYDROLAB (SOP 205V4)",,"KCEL"
"29288",,"28393","L45566-5","2008-05-06T11:16:00.000",,"Streams and Rivers","Issaquah","A631","Issaquah Creek upstream of hatchery","Temperature","9.88","deg C","2",,,,,,,,,"HYDROLAB (SOP 205V4)",,"KCEL"
"29057",,"32345","L44954-6","2008-06-03T13:05:00.000",,"Streams and Rivers","Issaquah","0631","Issaquah Creek at SE 56th St","Temperature","11.3","deg C","2",,,,,,,,,"HYDROLAB (SOP 205V4)",,"KCEL"
"29052",,"32345","L44954-11","2008-06-03T13:06:00.000",,"Streams and Rivers","Issaquah","0631","Issaquah Creek at SE 56th St","Temperature","11.3","deg C","2",,,,,,,,,"HYDROLAB (SOP 205V4)",,"KCEL"
"29387",,"31259","L45700-3","2008-06-11T10:42:00.000",,"Streams and Rivers","Issaquah","0631","Issaquah Creek at SE 56th St","Temperature","9.21","deg C","2",,,,,,,,,"HYDROLAB (SOP 205V4)",,"KCEL"
"29389",,"18901","L45700-5","2008-06-11T11:15:00.000",,"Streams and Rivers","Issaquah","A631","Issaquah Creek upstream of hatchery","Temperature","9.06","deg C","2",,,,,,,,,"HYDROLAB (SOP 205V4)",,"KCEL"
"29338",,"40192","L45628-10","2008-06-19T13:28:00.000",,"Streams and Rivers","Issaquah","0631","Issaquah Creek at SE 56th St","Temperature","12.7","deg C","2",,,,,,,,,"HYDROLAB (SOP 205V4)",,"KCEL"
"29456",,"36054","L45853-3","2008-07-08T10:00:00.000",,"Streams and Rivers","Issaquah","0631","Issaquah Creek at SE 56th St","Temperature","13.5","deg C","2",,,,,,,,,"HYDROLAB (SOP 205V4)",,"KCEL"
"29458",,"26637","L45853-5","2008-07-08T10:32:00.000",,"Streams and Rivers","Issaquah","A631","Issaquah Creek upstream of hatchery","Temperature","13.3","deg C","2",,,,,,,,,"HYDROLAB (SOP 205V4)",,"KCEL"
"29584",,"32978","L46209-3","2008-08-05T11:57:00.000",,"Streams and Rivers","Issaquah","0631","Issaquah Creek at SE 56th St","Temperature","15.6","deg C","2",,,,,,,,,"HYDROLAB (SOP 205V4)",,"KCEL"
"29586",,"19929","L46209-5","2008-08-05T12:34:00.000",,"Streams and Rivers","Issaquah","A631","Issaquah Creek upstream of hatchery","Temperature","15.5","deg C","2",,,,,,,,,"HYDROLAB (SOP 205V4)",,"KCEL"
"29519",,"35871","L45936-6","2008-08-20T12:26:00.000",,"Streams and Rivers","Issaquah","0631","Issaquah Creek at SE 56th St","Temperature","15.7","deg C","2",,,,,,,,,"HYDROLAB (SOP 205V4)",,"KCEL"
"29659",,"33770","L46404-3","2008-09-03T11:55:00.000",,"Streams and Rivers","Issaquah","0631","Issaquah Creek at SE 56th St","Temperature","12.8","deg C","2",,,,,,,,,"HYDROLAB (SOP 205V4)",,"KCEL"
"29661",,"24680","L46404-5","2008-09-03T13:04:00.000",,"Streams and Rivers","Issaquah","A631","Issaquah Creek upstream of hatchery","Temperature","13.2","deg C","2",,,,,,,,,"HYDROLAB (SOP 205V4)",,"KCEL"
"29719",,"31767","L46535-10","2008-09-25T13:30:00.000",,"Streams and Rivers","Issaquah","0631","Issaquah Creek at SE 56th St","Temperature","12.6","deg C","2",,,,,,,,,"HYDROLAB (SOP 205V4)",,"KCEL"
"29761",,"33711","L46549-3","2008-10-07T10:09:00.000",,"Streams and Rivers","Issaquah","0631","Issaquah Creek at SE 56th St","Temperature","11.8","deg C","2",,,,,,,,,"HYDROLAB (SOP 205V4)",,"KCEL"
"29763",,"21676","L46549-5","2008-10-07T10:43:00.000",,"Streams and Rivers","Issaquah","A631","Issaquah Creek upstream of hatchery","Temperature","11.4","deg C","2",,,,,,,,,"HYDROLAB (SOP 205V4)",,"KCEL"
"29819",,"30896","L46860-3","2008-11-04T10:50:00.000",,"Streams and Rivers","Issaquah","0631","Issaquah Creek at SE 56th St","Temperature","9.04","deg C","2",,,,,,,,,"HYDROLAB (SOP 205V4)",,"KCEL"
"29821",,"17137","L46860-5","2008-11-04T11:32:00.000",,"Streams and Rivers","Issaquah","A631","Issaquah Creek upstream of hatchery","Temperature","8.65","deg C","2",,,,,,,,,"HYDROLAB (SOP 205V4)",,"KCEL"
"29883",,"39242","L47016-3","2008-12-02T10:45:00.000",,"Streams and Rivers","Issaquah","0631","Issaquah Creek at SE 56th St","Temperature","9.59","deg C","2",,,,,,,,,"HYDROLAB (SOP 205V4)",,"KCEL"
"29885",,"10755","L47016-5","2008-12-02T11:28:00.000",,"Streams and Rivers","Issaquah","A631","Issaquah Creek upstream of hatchery","Temperature","9.56","deg C","2",,,,,,,,,"HYDROLAB (SOP 205V4)",,"KCEL"
"29932",,"30424","L47062-10","2008-12-11T13:25:00.000",,"Streams and Rivers","Issaquah","0631","Issaquah Creek at SE 56th St","Temperature","7.97","deg C","2",,,,,,,,,"HYDROLAB (SOP 205V4)",,"KCEL"
"29960",,"31522","L47160-12","2009-01-06T14:00:00.000",,"Streams and Rivers","Issaquah","0631","Issaquah Creek at SE 56th St","Temperature","5.74","deg C","2",,,,,,,,,"HYDROLAB (SOP 205V4)",,"KCEL"
"29980",,"34871","L47317-12","2009-02-02T14:50:00.000",,"Streams and Rivers","Issaquah","0631","Issaquah Creek at SE 56th St","Temperature","6.72","deg C","2",,,,,,,,,"HYDROLAB (SOP 205V4)",,"KCEL"
"30025",,"34745","L47474-12","2009-03-02T13:40:00.000",,"Streams and Rivers","Issaquah","0631","Issaquah Creek at SE 56th St","Temperature","9.01","deg C","2",,,,,,,,,"HYDROLAB (SOP 205V4)",,"KCEL"
"30008",,"32606","L47434-1","2009-03-16T10:22:00.000",,"Streams and Rivers","Issaquah","0631","Issaquah Creek at SE 56th St","Temperature","4.72","deg C","2",,,,,,,,,"HYDROLAB",,"KCEL"
"30074",,"35697","L47761-12","2009-04-06T14:25:00.000",,"Streams and Rivers","Issaquah","0631","Issaquah Creek at SE 56th St","Temperature","9.8","deg C","2",,,,,,,,,"HYDROLAB",,"KCEL"
"30097",,"34125","L47948-12","2009-05-04T15:22:00.000",,"Streams and Rivers","Issaquah","0631","Issaquah Creek at SE 56th St","Temperature","11.3","deg C","2",,,,,,,,,"HYDROLAB",,"KCEL"
"30057",,"37724","L47747-1","2009-05-05T10:19:00.000",,"Streams and Rivers","Issaquah","0631","Issaquah Creek at SE 56th St","Temperature","10.2","deg C","2",,,,,,,,,"HYDROLAB",,"KCEL"
"30131",,"31518","L48152-12","2009-06-01T14:23:00.000",,"Streams and Rivers","Issaquah","0631","Issaquah Creek at SE 56th St","Temperature","16.1","deg C","2",,,,,,,,,"HYDROLAB",,"KCEL"
"30195",,"36986","L48471-12","2009-07-07T09:15:00.000",,"Streams and Rivers","Issaquah","0631","Issaquah Creek at SE 56th St","Temperature","13.4","deg C","2",,,,,,,,,"HYDROLAB",,"KCEL"
"30226",,"30794","L48673-12","2009-08-03T16:00:00.000",,"Streams and Rivers","Issaquah","0631","Issaquah Creek at SE 56th St","Temperature","20.6","deg C","2",,,,,,,,,"HYDROLAB",,"KCEL"
"30154",,"40357","L48155-1","2009-08-11T09:50:00.000",,"Streams and Rivers","Issaquah","0631","Issaquah Creek at SE 56th St","Temperature","15","deg C","2",,,,,,,,,"HYDROLAB",,"KCEL"
"30270",,"39159","L48951-12","2009-09-08T13:02:00.000",,"Streams and Rivers","Issaquah","0631","Issaquah Creek at SE 56th St","Temperature","13.9","deg C","2",,,,,,,,,"HYDROLAB",,"KCEL"
"30321",,"31481","L49211-12","2009-10-05T14:15:00.000",,"Streams and Rivers","Issaquah","0631","Issaquah Creek at SE 56th St","Temperature","10.6","deg C","2",,,,,,,,,"HYDROLAB",,"KCEL"
"30374",,"40121","L49509-12","2009-11-02T13:08:00.000",,"Streams and Rivers","Issaquah","0631","Issaquah Creek at SE 56th St","Temperature","8.56","deg C","2",,,,,,,,,"HYDROLAB",,"KCEL"
"30412",,"30773","L49704-12","2009-12-07T12:27:00.000",,"Streams and Rivers","Issaquah","0631","Issaquah Creek at SE 56th St","Temperature","2.26","deg C","2",,,,,,,,,"HYDROLAB",,"KCEL"
"30304",,"40397","L49150-1","2009-12-15T10:10:00.000",,"Streams and Rivers","Issaquah","0631","Issaquah Creek at SE 56th St","Temperature","4.51","deg C","2",,,,,,,,,"HYDROLAB",,"KCEL"
"30443",,"39489","L49865-12","2010-01-04T12:50:00.000",,"Streams and Rivers","Issaquah","0631","Issaquah Creek at SE 56th St","Temperature","7.32","deg C","2",,,,,,,,,"HYDROLAB",,"KCEL"
"30488",,"37961","L50059-12","2010-02-01T14:12:00.000",,"Streams and Rivers","Issaquah","0631","Issaquah Creek at SE 56th St","Temperature","7.29","deg C","2",,,,,,,,,"HYDROLAB",,"KCEL"
"30519",,"35279","L50302-12","2010-03-01T14:15:00.000",,"Streams and Rivers","Issaquah","0631","Issaquah Creek at SE 56th St","Temperature","9.01","deg C","2",,,,,,,,,"HYDROLAB",,"KCEL"
"30471",,"29271","L49871-1","2010-03-11T11:05:00.000",,"Streams and Rivers","Issaquah","0631","Issaquah Creek at SE 56th St","Temperature","6.68","deg C","2",,,,,,,,,"HYDROLAB",,"KCEL"
"30544",,"38762","L50512-12","2010-04-05T15:09:00.000",,"Streams and Rivers","Issaquah","0631","Issaquah Creek at SE 56th St","Temperature","8.77","deg C","2",,,,,,,,,"HYDROLAB",,"KCEL"
"30571",,"32316","L50550-1","2010-04-21T10:28:00.000",,"Streams and Rivers","Issaquah","0631","Issaquah Creek at SE 56th St","Temperature","9.94","deg C","2",,,,,,,,,"HYDROLAB",,"KCEL"
"30588",,"36031","L50747-12","2010-05-03T13:30:00.000",,"Streams and Rivers","Issaquah","0631","Issaquah Creek at SE 56th St","Temperature","10.3","deg C","2",,,,,,,,,"HYDROLAB",,"KCEL"
"30620",,"31366","L50970-12","2010-06-08T13:19:00.000",,"Streams and Rivers","Issaquah","0631","Issaquah Creek at SE 56th St","Temperature","11.9","deg C","2",,,,,,,,,"HYDROLAB",,"KCEL"
"30678",,"32188","L51151-12","2010-07-07T14:15:00.000",,"Streams and Rivers","Issaquah","0631","Issaquah Creek at SE 56th St","Temperature","16.1","deg C","2",,,,,,,,,"HYDROLAB",,"KCEL"
"30711",,"37647","L51320-12","2010-08-03T14:40:00.000",,"Streams and Rivers","Issaquah","0631","Issaquah Creek at SE 56th St","Temperature","16.2","deg C","2",,,,,,,,,"HYDROLAB",,"KCEL"
"30655",,"34559","L51044-1","2010-08-31T14:01:00.000",,"Streams and Rivers","Issaquah","0631","Issaquah Creek at SE 56th St","Temperature","13.1","deg C","2",,,,,,,,,"HYDROLAB",,"KCEL"
"30757",,"32783","L51651-12","2010-09-08T13:25:00.000",,"Streams and Rivers","Issaquah","0631","Issaquah Creek at SE 56th St","Temperature","13.3","deg C","2",,,,,,,,,"HYDROLAB",,"KCEL"
"30781",,"33452","L51815-12","2010-10-04T13:27:00.000",,"Streams and Rivers","Issaquah","0631","Issaquah Creek at SE 56th St","Temperature","13","deg C","2",,,,,,,,,"HYDROLAB",,"KCEL"
"30841",,"31700","L52037-12","2010-11-01T14:55:00.000",,"Streams and Rivers","Issaquah","0631","Issaquah Creek at SE 56th St","Temperature","11.1","deg C","2",,,,,,,,,"HYDROLAB",,"KCEL"
"30808",,"33003","L51820-1","2010-11-30T10:07:00.000",,"Streams and Rivers","Issaquah","0631","Issaquah Creek at SE 56th St","Temperature","6.02","deg C","2",,,,,,,,,"HYDROLAB",,"KCEL"
"30866",,"32742","L52217-12","2010-12-06T14:41:00.000",,"Streams and Rivers","Issaquah","0631","Issaquah Creek at SE 56th St","Temperature","6.58","deg C","2",,,,,,,,,"HYDROLAB",,"KCEL"
"30900",,"31109","L52385-12","2011-01-03T09:45:00.000",,"Streams and Rivers","Issaquah","0631","Issaquah Creek at SE 56th St","Temperature","2.38","deg C","2",,,,,,,,,"HYDROLAB",,"KCEL"
"30924",,"33373","L52541-12","2011-02-07T13:46:00.000",,"Streams and Rivers","Issaquah","0631","Issaquah Creek at SE 56th St","Temperature","7.62","deg C","2",,,,,,,,,"HYDROLAB",,"KCEL"
"30960",,"31840","L52676-12","2011-03-07T14:02:00.000",,"Streams and Rivers","Issaquah","0631","Issaquah Creek at SE 56th St","Temperature","6.33","deg C","2",,,,,,,,,"HYDROLAB",,"KCEL"
"30999",,"40292","L52908-12","2011-04-04T14:20:00.000",,"Streams and Rivers","Issaquah","0631","Issaquah Creek at SE 56th St","Temperature","7.72","deg C","2",,,,,,,,,"HYDROLAB",,"KCEL"
"31047",,"36543","L53119-12","2011-05-02T12:40:00.000",,"Streams and Rivers","Issaquah","0631","Issaquah Creek at SE 56th St","Temperature","8.82","deg C","2",,,,,,,,,"HYDROLAB",,"KCEL"
"31090",,"39495","L53305-12","2011-06-06T14:33:00.000",,"Streams and Rivers","Issaquah","0631","Issaquah Creek at SE 56th St","Temperature","14.7","deg C","2",,,,,,,,,"HYDROLAB",,"KCEL"
"31146",,"29505","L53552-12","2011-07-05T14:35:00.000",,"Streams and Rivers","Issaquah","0631","Issaquah Creek at SE 56th St","Temperature","15.6","deg C","2",,,,,,,,,"HYDROLAB",,"KCEL"
"31189",,"36143","L53664-12","2011-08-01T15:15:00.000",,"Streams and Rivers","Issaquah","0631","Issaquah Creek at SE 56th St","Temperature","16.4","deg C","2",,,,,,,,,"HYDROLAB",,"KCEL"
"31246",,"29409","L54038-12","2011-09-06T14:25:00.000",,"Streams and Rivers","Issaquah","0631","Issaquah Creek at SE 56th St","Temperature","15.4","deg C","2",,,,,,,,,"HYDROLAB",,"KCEL"
"31306",,"35292","L54193-12","2011-10-03T15:12:00.000",,"Streams and Rivers","Issaquah","0631","Issaquah Creek at SE 56th St","Temperature","13","deg C","2",,,,,,,,,"HYDROLAB",,"KCEL"
"31342",,"36569","L54561-12","2011-11-07T14:36:00.000",,"Streams and Rivers","Issaquah","0631","Issaquah Creek at SE 56th St","Temperature","7.21","deg C","2",,,,,,,,,"HYDROLAB",,"KCEL"
"31391",,"35957","L54731-12","2011-12-05T13:54:00.000",,"Streams and Rivers","Issaquah","0631","Issaquah Creek at SE 56th St","Temperature","4.57","deg C","2",,,,,,,,,"HYDROLAB",,"KCEL"
"31434",,"36958","L54850-12","2012-01-03T14:25:00.000",,"Streams and Rivers","Issaquah","0631","Issaquah Creek at SE 56th St","Temperature","7.54","deg C","2",,,,,,,,,"HYDROLAB",,"KCEL"
"31478",,"35347","L55025-12","2012-02-06T14:25:00.000",,"Streams and Rivers","Issaquah","0631","Issaquah Creek at SE 56th St","Temperature","6.3","deg C","2",,,,,,,,,"HYDROLAB",,"KCEL"
"31520",,"32739","L55208-12","2012-03-05T12:51:00.000",,"Streams and Rivers","Issaquah","0631","Issaquah Creek at SE 56th St","Temperature","7.21","deg C","2",,,,,,,,,"HYDROLAB",,"KCEL"
"31564",,"29728","L55367-12","2012-04-02T13:05:00.000",,"Streams and Rivers","Issaquah","0631","Issaquah Creek at SE 56th St","Temperature","8.2","deg C","2",,,,,,,,,"HYDROLAB",,"KCEL"
"31602",,"33120","L55639-12","2012-05-07T14:06:00.000",,"Streams and Rivers","Issaquah","0631","Issaquah Creek at SE 56th St","Temperature","11.4","deg C","2",,,,,,,,,"HYDROLAB",,"KCEL"
"31647",,"30375","L55754-12","2012-06-04T12:50:00.000",,"Streams and Rivers","Issaquah","0631","Issaquah Creek at SE 56th St","Temperature","11.1","deg C","2",,,,,,,,,"HYDROLAB",,"KCEL"
"31701",,"40155","L55948-12","2012-07-02T14:45:00.000",,"Streams and Rivers","Issaquah","0631","Issaquah Creek at SE 56th St","Temperature","13.6","deg C","2",,,,,,,,,"HYDROLAB",,"KCEL"
"31747",,"29551","L56070-12","2012-08-06T12:15:00.000",,"Streams and Rivers","Issaquah","0631","Issaquah Creek at SE 56th St","Temperature","16.4","deg C","2",,,,,,,,,"HYDROLAB",,"KCEL"
"31811",,"33236","L56382-12","2012-09-04T14:55:00.000",,"Streams and Rivers","Issaquah","0631","Issaquah Creek at SE 56th St","Temperature","15.1","deg C","2",,,,,,,,,"HYDROLAB",,"KCEL"
"31848",,"36343","L56576-12","2012-10-01T13:49:00.000",,"Streams and Rivers","Issaquah","0631","Issaquah Creek at SE 56th St","Temperature","12.3","deg C","2",,,,,,,,,"HYDROLAB",,"KCEL"
"31887",,"40165","L56826-12","2012-11-05T14:33:00.000",,"Streams and Rivers","Issaquah","0631","Issaquah Creek at SE 56th St","Temperature","12","deg C","2",,,,,,,,,"HYDROLAB",,"KCEL"
"31919",,"37229","L56984-12","2012-12-03T13:23:00.000",,"Streams and Rivers","Issaquah","0631","Issaquah Creek at SE 56th St","Temperature","8.41","deg C","2",,,,,,,,,"HYDROLAB",,"KCEL"
"32015",,"33121","L57206-12","2013-01-08T14:35:00.000",,"Streams and Rivers","Issaquah","0631","Issaquah Creek at SE 56th St","Temperature","7.13","deg C","2",,,,,,,,,"HYDROLAB","2013-01-08T00:00:00.000","KCEL"
"32010",,"15132","L57194-8","2013-02-05T12:20:00.000",,"Streams and Rivers","Issaquah","A631","Issaquah Creek upstream of hatchery","Temperature","7.37","deg C","2",,,,,,,,,"HYDROLAB","2013-02-05T00:00:00.000","KCEL"
"32011",,"30240","L57194-9","2013-02-05T12:48:00.000",,"Streams and Rivers","Issaquah","0631","Issaquah Creek at SE 56th St","Temperature","7.35","deg C","2",,,,,,,,,"HYDROLAB","2013-02-05T00:00:00.000","KCEL"
"32065",,"23786","L57467-8","2013-03-04T11:44:00.000",,"Streams and Rivers","Issaquah","A631","Issaquah Creek upstream of hatchery","Temperature","5.39","deg C","2",,,,,,,,,"HYDROLAB","2013-03-04T00:00:00.000","KCEL"
"32066",,"33584","L57467-9","2013-03-04T12:10:00.000",,"Streams and Rivers","Issaquah","0631","Issaquah Creek at SE 56th St","Temperature","5.58","deg C","2",,,,,,,,,"HYDROLAB","2013-03-04T00:00:00.000","KCEL"
"32118",,"21088","L57619-8","2013-04-01T11:32:00.000",,"Streams and Rivers","Issaquah","A631","Issaquah Creek upstream of hatchery","Temperature","9.54","deg C","2",,,,,,,,,"HYDROLAB","2013-04-01T00:00:00.000","KCEL"
"32119",,"33419","L57619-9","2013-04-01T12:07:00.000",,"Streams and Rivers","Issaquah","0631","Issaquah Creek at SE 56th St","Temperature","9.99","deg C","2",,,,,,,,,"HYDROLAB","2013-04-01T00:00:00.000","KCEL"
"32177",,"25634","L57846-8","2013-05-06T11:06:00.000",,"Streams and Rivers","Issaquah","A631","Issaquah Creek upstream of hatchery","Temperature","11.7","deg C","2",,,,,,,,,"HYDROLAB","2013-05-06T00:00:00.000","KCEL"
"32178",,"34337","L57846-9","2013-05-06T11:57:00.000",,"Streams and Rivers","Issaquah","0631","Issaquah Creek at SE 56th St","Temperature","12.5","deg C","2",,,,,,,,,"HYDROLAB","2013-05-06T00:00:00.000","KCEL"
"32236",,"22252","L58011-8","2013-06-03T11:24:00.000",,"Streams and Rivers","Issaquah","A631","Issaquah Creek upstream of hatchery","Temperature","11.8","deg C","2",,,,,,,,,"HYDROLAB","2013-06-03T00:00:00.000","KCEL"
"32237",,"32724","L58011-9","2013-06-03T11:51:00.000",,"Streams and Rivers","Issaquah","0631","Issaquah Creek at SE 56th St","Temperature","12.3","deg C","2",,,,,,,,,"HYDROLAB","2013-06-03T00:00:00.000","KCEL"
"32307",,"24495","L58177-8","2013-07-02T12:50:00.000",,"Streams and Rivers","Issaquah","A631","Issaquah Creek upstream of hatchery","Temperature","17.7","deg C","2",,,,,,,,,"HYDROLAB","2013-07-02T00:00:00.000","KCEL"
"32308",,"33563","L58177-9","2013-07-02T13:20:00.000",,"Streams and Rivers","Issaquah","0631","Issaquah Creek at SE 56th St","Temperature","18.4","deg C","2",,,,,,,,,"HYDROLAB","2013-07-02T00:00:00.000","KCEL"
"32372",,"20628","L58299-8","2013-08-05T10:58:00.000",,"Streams and Rivers","Issaquah","A631","Issaquah Creek upstream of hatchery","Temperature","15.1","deg C","2",,,,,,,,,"HYDROLAB","2013-08-05T00:00:00.000","KCEL"
"32373",,"33401","L58299-9","2013-08-05T11:52:00.000",,"Streams and Rivers","Issaquah","0631","Issaquah Creek at SE 56th St","Temperature","16.4","deg C","2",,,,,,,,,"HYDROLAB","2013-08-05T00:00:00.000","KCEL"
"32439",,"22953","L58585-8","2013-09-03T11:14:00.000",,"Streams and Rivers","Issaquah","A631","Issaquah Creek upstream of hatchery","Temperature","14.8","deg C","2",,,,,,,,,"HYDROLAB","2013-09-03T00:00:00.000","KCEL"
"32440",,"34247","L58585-9","2013-09-03T11:32:00.000",,"Streams and Rivers","Issaquah","0631","Issaquah Creek at SE 56th St","Temperature","15.7","deg C","2",,,,,,,,,"HYDROLAB","2013-09-03T00:00:00.000","KCEL"
"32504",,"22383","L58847-8","2013-10-07T11:38:00.000",,"Streams and Rivers","Issaquah","A631","Issaquah Creek upstream of hatchery","Temperature","11.1","deg C","2",,,,,,,,,"HYDROLAB","2013-10-07T00:00:00.000","KCEL"
"32505",,"32610","L58847-9","2013-10-07T12:06:00.000",,"Streams and Rivers","Issaquah","0631","Issaquah Creek at SE 56th St","Temperature","11.4","deg C","2",,,,,,,,,"HYDROLAB","2013-10-07T00:00:00.000","KCEL"
"32564",,"13060","L59042-8","2013-11-04T12:55:00.000",,"Streams and Rivers","Issaquah","A631","Issaquah Creek upstream of hatchery","Temperature","8.03","deg C","2",,,,,,,,,"HYDROLAB","2013-11-04T00:00:00.000","KCEL"
"32565",,"29942","L59042-9","2013-11-04T13:10:00.000",,"Streams and Rivers","Issaquah","0631","Issaquah Creek at SE 56th St","Temperature","7.78","deg C","2",,,,,,,,,"HYDROLAB","2013-11-04T00:00:00.000","KCEL"
"32622",,"6706","L59160-8","2013-12-02T11:56:00.000",,"Streams and Rivers","Issaquah","A631","Issaquah Creek upstream of hatchery","Temperature","7.29","deg C","2",,,,,,,,,"HYDROLAB","2013-12-02T00:00:00.000","KCEL"
"32623",,"38548","L59160-9","2013-12-02T12:16:00.000",,"Streams and Rivers","Issaquah","0631","Issaquah Creek at SE 56th St","Temperature","7.33","deg C","2",,,,,,,,,"HYDROLAB","2013-12-02T00:00:00.000","KCEL"
"32681",,"13764","L59426-8","2014-01-06T10:55:00.000",,"Streams and Rivers","Issaquah","A631","Issaquah Creek upstream of hatchery","Temperature","3.93","deg C","2",,,,,,,,,"HYDROLAB","2014-01-06T00:00:00.000","KCEL"
"32682",,"30549","L59426-9","2014-01-06T11:43:00.000",,"Streams and Rivers","Issaquah","0631","Issaquah Creek at SE 56th St","Temperature","4.02","deg C","2",,,,,,,,,"HYDROLAB","2014-01-06T00:00:00.000","KCEL"
"32737",,"37359","L59625-9","2014-02-11T11:30:00.000",,"Streams and Rivers","Issaquah","0631","Issaquah Creek at SE 56th St","Temperature","5.55","deg C","2",,,,,,,,,"HYDROLAB","2014-02-11T00:00:00.000","KCEL"
"32736",,"4230","L59625-8","2014-02-11T11:50:00.000",,"Streams and Rivers","Issaquah","A631","Issaquah Creek upstream of hatchery","Temperature","5.6","deg C","2",,,,,,,,,"HYDROLAB","2014-02-11T00:00:00.000","KCEL"
"32793",,"4339","L59725-8","2014-03-03T11:08:00.000",,"Streams and Rivers","Issaquah","A631","Issaquah Creek upstream of hatchery","Temperature","6.82","deg C","2",,,,,,,,,"HYDROLAB","2014-03-03T00:00:00.000","KCEL"
"32794",,"36579","L59725-9","2014-03-03T11:37:00.000",,"Streams and Rivers","Issaquah","0631","Issaquah Creek at SE 56th St","Temperature","7.09","deg C","2",,,,,,,,,"HYDROLAB","2014-03-03T00:00:00.000","KCEL"
"32848",,"6368","L60004-8","2014-04-07T11:24:00.000",,"Streams and Rivers","Issaquah","A631","Issaquah Creek upstream of hatchery","Temperature","10.2","deg C","2",,,,,,,,,"HYDROLAB","2014-04-07T00:00:00.000","KCEL"
"32849",,"38604","L60004-9","2014-04-07T12:00:00.000",,"Streams and Rivers","Issaquah","0631","Issaquah Creek at SE 56th St","Temperature","10.5","deg C","2",,,,,,,,,"HYDROLAB","2014-04-07T00:00:00.000","KCEL"
"32949",,"7276","L60166-8","2014-05-14T12:06:00.000",,"Streams and Rivers","Issaquah","A631","Issaquah Creek upstream of hatchery","Temperature","12.4","deg C","2",,,,,,,,,"HYDROLAB","2014-05-14T00:00:00.000","KCEL"
"32950",,"38873","L60166-9","2014-05-14T12:32:00.000",,"Streams and Rivers","Issaquah","0631","Issaquah Creek at SE 56th St","Temperature","12.6","deg C","2",,,,,,,,,"HYDROLAB","2014-05-14T00:00:00.000","KCEL"
"33037",,"36055","L60419-9","2014-06-11T11:42:00.000",,"Streams and Rivers","Issaquah","0631","Issaquah Creek at SE 56th St","Temperature","13.2","deg C","2",,,,,,,,,"HYDROLAB","2014-06-11T00:00:00.000","KCEL"
"33036",,"26638","L60419-8","2014-06-11T12:44:00.000",,"Streams and Rivers","Issaquah","A631","Issaquah Creek upstream of hatchery","Temperature","14.2","deg C","2",,,,,,,,,"HYDROLAB","2014-06-11T00:00:00.000","KCEL"
"33099",,"28711","L60575-8","2014-07-01T12:33:00.000",,"Streams and Rivers","Issaquah","A631","Issaquah Creek upstream of hatchery","Temperature","16","deg C","2",,,,,,,,,"HYDROLAB","2014-07-01T00:00:00.000","KCEL"
"33100",,"35502","L60575-9","2014-07-01T13:03:00.000",,"Streams and Rivers","Issaquah","0631","Issaquah Creek at SE 56th St","Temperature","16.7","deg C","2",,,,,,,,,"HYDROLAB","2014-07-01T00:00:00.000","KCEL"
"33195",,"35253","L60808-9","2014-08-13T10:11:00.000",,"Streams and Rivers","Issaquah","0631","Issaquah Creek at SE 56th St","Temperature","16.2","deg C","2",,,,,,,,,"HYDROLAB","2014-08-13T00:00:00.000","KCEL"
"33194",,"28517","L60808-8","2014-08-13T10:28:00.000",,"Streams and Rivers","Issaquah","A631","Issaquah Creek upstream of hatchery","Temperature","15.6","deg C","2",,,,,,,,,"HYDROLAB","2014-08-13T00:00:00.000","KCEL"
"33262",,"25569","L61130-8","2014-09-16T10:50:00.000",,"Streams and Rivers","Issaquah","A631","Issaquah Creek upstream of hatchery","Temperature","13.3","deg C","2",,,,,,,,,"HYDROLAB","2014-09-16T00:00:00.000","KCEL"
"33263",,"34170","L61130-9","2014-09-16T11:09:00.000",,"Streams and Rivers","Issaquah","0631","Issaquah Creek at SE 56th St","Temperature","13.9","deg C","2",,,,,,,,,"HYDROLAB","2014-09-16T00:00:00.000","KCEL"
"33306",,"18621","L61409-7","2014-10-14T11:22:00.000",,"Streams and Rivers","Issaquah","A631","Issaquah Creek upstream of hatchery","Temperature","12.3","deg C","2",,,,,,,,,"HYDROLAB","2014-10-14T00:00:00.000","KCEL"
"33308",,"32430","L61409-9","2014-10-14T11:49:00.000",,"Streams and Rivers","Issaquah","0631","Issaquah Creek at SE 56th St","Temperature","12.8","deg C","2",,,,,,,,,"HYDROLAB","2014-10-14T00:00:00.000","KCEL"
"33425",,"4956","L61588-7","2014-11-13T12:22:00.000",,"Streams and Rivers","Issaquah","A631","Issaquah Creek upstream of hatchery","Temperature","4.92","deg C","2",,,,,,,,,"HYDROLAB","2014-11-13T00:00:00.000","KCEL"
"33427",,"36802","L61588-9","2014-11-13T13:00:00.000",,"Streams and Rivers","Issaquah","0631","Issaquah Creek at SE 56th St","Temperature","4.84","deg C","2",,,,,,,,,"HYDROLAB","2014-11-13T00:00:00.000","KCEL"
"33460",,"7172","L61749-7","2014-12-09T10:40:00.000",,"Streams and Rivers","Issaquah","A631","Issaquah Creek upstream of hatchery","Temperature","9.1","deg C","2",,,,,,,,,"HYDROLAB","2014-12-09T00:00:00.000","KCEL"
"33462",,"38577","L61749-9","2014-12-09T11:23:00.000",,"Streams and Rivers","Issaquah","0631","Issaquah Creek at SE 56th St","Temperature","9.39","deg C","2",,,,,,,,,"HYDROLAB","2014-12-09T00:00:00.000","KCEL"
"33570",,"15211","L61866-7","2015-01-13T12:18:00.000",,"Streams and Rivers","Issaquah","A631","Issaquah Creek upstream of hatchery","Temperature","6.7","deg C","2",,,,,,,,,"YSI","2015-01-13T00:00:00.000","KCEL"
"33572",,"29416","L61866-9","2015-01-13T13:01:00.000",,"Streams and Rivers","Issaquah","0631","Issaquah Creek at SE 56th St","Temperature","6.8","deg C","2",,,,,,,,,"YSI","2015-01-13T00:00:00.000","KCEL"
"33654",,"8584","L62025-7","2015-02-10T10:57:00.000",,"Streams and Rivers","Issaquah","A631","Issaquah Creek upstream of hatchery","Temperature","9.4","deg C","2",,,,,,,,,"YSI","2015-02-10T00:00:00.000","KCEL"
"33656",,"37989","L62025-9","2015-02-10T11:16:00.000",,"Streams and Rivers","Issaquah","0631","Issaquah Creek at SE 56th St","Temperature","9.5","deg C","2",,,,,,,,,"YSI","2015-02-10T00:00:00.000","KCEL"
"33714",,"28993","L62296-7","2015-03-10T11:52:00.000",,"Streams and Rivers","Issaquah","A631","Issaquah Creek upstream of hatchery","Temperature","7.6","deg C","2",,,,,,,,,"KCEL SOP# 245","2015-03-10T00:00:00.000","KCEL"
"33716",,"34919","L62296-9","2015-03-10T12:27:00.000",,"Streams and Rivers","Issaquah","0631","Issaquah Creek at SE 56th St","Temperature","7.8","deg C","2",,,,,,,,,"KCEL SOP# 245","2015-03-10T00:00:00.000","KCEL"
"33802",,"7145","L62509-7","2015-04-14T12:00:00.000",,"Streams and Rivers","Issaquah","A631","Issaquah Creek upstream of hatchery","Temperature","8.4","deg C","2",,,,,,,,,"KCEL SOP# 245","2015-04-14T00:00:00.000","KCEL"
"33804",,"38729","L62509-9","2015-04-14T12:53:00.000",,"Streams and Rivers","Issaquah","0631","Issaquah Creek at SE 56th St","Temperature","8.7","deg C","2",,,,,,,,,"KCEL SOP# 245","2015-04-14T00:00:00.000","KCEL"
"33878",,"27337","L62656-7","2015-05-12T12:19:00.000",,"Streams and Rivers","Issaquah","A631","Issaquah Creek upstream of hatchery","Temperature","11.4","deg C","2",,,,,,,,,"KCEL SOP# 245","2015-05-12T00:00:00.000","KCEL"
"33880",,"35700","L62656-9","2015-05-12T12:48:00.000",,"Streams and Rivers","Issaquah","0631","Issaquah Creek at SE 56th St","Temperature","11.6","deg C","2",,,,,,,,,"KCEL SOP# 245","2015-05-12T00:00:00.000","KCEL"
"33968",,"22764","L62912-7","2015-06-09T11:00:00.000",,"Streams and Rivers","Issaquah","A631","Issaquah Creek upstream of hatchery","Temperature","15.2","deg C","2",,,,,,,,,"KCEL SOP# 245","2015-06-09T00:00:00.000","KCEL"
"33970",,"34191","L62912-9","2015-06-09T12:01:00.000",,"Streams and Rivers","Issaquah","0631","Issaquah Creek at SE 56th St","Temperature","16.3","deg C","2",,,,,,,,,"KCEL SOP# 245","2015-06-09T00:00:00.000","KCEL"
"34046",,"28951","L62992-7","2015-07-14T12:56:00.000",,"Streams and Rivers","Issaquah","A631","Issaquah Creek upstream of hatchery","Temperature","17.2","deg C","2",,,,,,,,,"KCEL SOP# 245","2015-07-14T00:00:00.000","KCEL"
"34048",,"35402","L62992-9","2015-07-14T13:38:00.000",,"Streams and Rivers","Issaquah","0631","Issaquah Creek at SE 56th St","Temperature","17.9","deg C","2",,,,,,,,,"KCEL SOP# 245","2015-07-14T00:00:00.000","KCEL"
"34136",,"25437","L63406-7","2015-08-11T11:53:00.000",,"Streams and Rivers","Issaquah","A631","Issaquah Creek upstream of hatchery","Temperature","16.2","deg C","2",,,,,,,,,"KCEL SOP# 245","2015-08-11T00:00:00.000","KCEL"
"34138",,"34158","L63406-9","2015-08-11T12:36:00.000",,"Streams and Rivers","Issaquah","0631","Issaquah Creek at SE 56th St","Temperature","17.7","deg C","2",,,,,,,,,"KCEL SOP# 245","2015-08-11T00:00:00.000","KCEL"
"34223",,"26566","L63635-7","2015-09-15T11:33:00.000",,"Streams and Rivers","Issaquah","A631","Issaquah Creek upstream of hatchery","Temperature","12","deg C","2",,,,,,,,,"KCEL SOP# 245","2015-09-15T00:00:00.000","KCEL"
"34225",,"37470","L63635-9","2015-09-15T12:16:00.000",,"Streams and Rivers","Issaquah","0631","Issaquah Creek at SE 56th St","Temperature","12.9","deg C","2",,,,,,,,,"KCEL SOP# 245","2015-09-15T00:00:00.000","KCEL"
"34306",,"23901","L63868-7","2015-10-13T12:01:00.000",,"Streams and Rivers","Issaquah","A631","Issaquah Creek upstream of hatchery","Temperature","12.4","deg C","2",,,,,,,,,"KCEL SOP# 245","2015-10-13T00:00:00.000","KCEL"
"34308",,"34857","L63868-9","2015-10-13T13:23:00.000",,"Streams and Rivers","Issaquah","0631","Issaquah Creek at SE 56th St","Temperature","13.2","deg C","2",,,,,,,,,"KCEL SOP# 245","2015-10-13T00:00:00.000","KCEL"
"34400",,"8236","L64141-7","2015-11-09T10:18:00.000",,"Streams and Rivers","Issaquah","A631","Issaquah Creek upstream of hatchery","Temperature","9.4","deg C","2",,,,,,,,,"KCEL SOP# 245","2015-11-09T00:00:00.000","KCEL"
"34402",,"37883","L64141-9","2015-11-09T10:55:00.000",,"Streams and Rivers","Issaquah","0631","Issaquah Creek at SE 56th St","Temperature","9.6","deg C","2",,,,,,,,,"KCEL SOP# 245","2015-11-09T00:00:00.000","KCEL"
"34480",,"9242","L64298-7","2015-12-08T12:40:00.000",,"Streams and Rivers","Issaquah","A631","Issaquah Creek upstream of hatchery","Temperature","9.5","deg C","2",,,,,,,,,"KCEL SOP# 245","2015-12-08T00:00:00.000","KCEL"
"34482",,"40218","L64298-9","2015-12-08T13:14:00.000",,"Streams and Rivers","Issaquah","0631","Issaquah Creek at SE 56th St","Temperature","9.8","deg C","2",,,,,,,,,"KCEL SOP# 245","2015-12-08T00:00:00.000","KCEL"
"34562",,"18033","L64538-7","2016-01-12T12:49:00.000",,"Streams and Rivers","Issaquah","A631","Issaquah Creek upstream of hatchery","Temperature","6.3","deg C","2",,,,,,,,,"KCEL SOP# 245","2016-01-12T00:00:00.000","KCEL"
"34564",,"30745","L64538-9","2016-01-12T13:52:00.000",,"Streams and Rivers","Issaquah","0631","Issaquah Creek at SE 56th St","Temperature","6.3","deg C","2",,,,,,,,,"KCEL SOP# 245","2016-01-12T00:00:00.000","KCEL"
"34635",,"11568","L64763-7","2016-02-09T11:27:00.000",,"Streams and Rivers","Issaquah","A631","Issaquah Creek upstream of hatchery","Temperature","6.8","deg C","2",,,,,,,,,"KCEL SOP# 245","2016-02-09T00:00:00.000","KCEL"
"34637",,"39261","L64763-9","2016-02-09T12:06:00.000",,"Streams and Rivers","Issaquah","0631","Issaquah Creek at SE 56th St","Temperature","7","deg C","2",,,,,,,,,"KCEL SOP# 245","2016-02-09T00:00:00.000","KCEL"
"34711",,"17021","L64995-7","2016-03-15T11:34:00.000",,"Streams and Rivers","Issaquah","A631","Issaquah Creek upstream of hatchery","Temperature","7.3","deg C","2",,,,,,,,,"KCEL SOP# 245","2016-03-15T00:00:00.000","KCEL"
"34713",,"31910","L64995-9","2016-03-15T12:08:00.000",,"Streams and Rivers","Issaquah","0631","Issaquah Creek at SE 56th St","Temperature","7.4","deg C","2",,,,,,,,,"KCEL SOP# 245","2016-03-15T00:00:00.000","KCEL"
"34787",,"9930","L65154-7","2016-04-12T10:01:00.000",,"Streams and Rivers","Issaquah","A631","Issaquah Creek upstream of hatchery","Temperature","10.1","deg C","2",,,,,,,,,"KCEL SOP# 245","2016-04-12T00:00:00.000","KCEL"
"34789",,"39995","L65154-9","2016-04-12T10:25:00.000",,"Streams and Rivers","Issaquah","0631","Issaquah Creek at SE 56th St","Temperature","10.3","deg C","2",,,,,,,,,"KCEL SOP# 245","2016-04-12T00:00:00.000","KCEL"
"34865",,"6313","L65365-7","2016-05-10T12:29:00.000",,"Streams and Rivers","Issaquah","A631","Issaquah Creek upstream of hatchery","Temperature","12.7","deg C","2",,,,,,,,,"KCEL SOP# 245","2016-05-10T00:00:00.000","KCEL"
"34867",,"38768","L65365-9","2016-05-10T13:18:00.000",,"Streams and Rivers","Issaquah","0631","Issaquah Creek at SE 56th St","Temperature","13.3","deg C","2",,,,,,,,,"KCEL SOP# 245","2016-05-10T00:00:00.000","KCEL"
"34949",,"11655","L65572-7","2016-06-14T10:56:00.000",,"Streams and Rivers","Issaquah","A631","Issaquah Creek upstream of hatchery","Temperature","12","deg C","2",,,,,,,,,"KCEL SOP# 245","2016-06-14T00:00:00.000","KCEL"
"34951",,"29387","L65572-9","2016-06-14T11:57:00.000",,"Streams and Rivers","Issaquah","0631","Issaquah Creek at SE 56th St","Temperature","12.7","deg C","2",,,,,,,,,"KCEL SOP# 245","2016-06-14T00:00:00.000","KCEL"
"35035",,"7770","L65741-7","2016-07-12T11:16:00.000",,"Streams and Rivers","Issaquah","A631","Issaquah Creek upstream of hatchery","Temperature","13.8","deg C","2",,,,,,,,,"KCEL SOP# 245","2016-07-12T00:00:00.000","KCEL"
"35037",,"37757","L65741-9","2016-07-12T12:43:00.000",,"Streams and Rivers","Issaquah","0631","Issaquah Creek at SE 56th St","Temperature","15.1","deg C","2",,,,,,,,,"KCEL SOP# 245","2016-07-12T00:00:00.000","KCEL"
"35107",,"27325","L65894-7","2016-08-09T11:25:00.000",,"Streams and Rivers","Issaquah","A631","Issaquah Creek upstream of hatchery","Temperature","13.9","deg C","2",,,,,,,,,"KCEL SOP# 245","2016-08-09T00:00:00.000","KCEL"
"35109",,"36145","L65894-9","2016-08-09T12:41:00.000",,"Streams and Rivers","Issaquah","0631","Issaquah Creek at SE 56th St","Temperature","14.4","deg C","2",,,,,,,,,"KCEL SOP# 245","2016-08-09T00:00:00.000","KCEL"
"35205",,"6255","L65995-7","2016-09-13T10:11:00.000",,"Streams and Rivers","Issaquah","A631","Issaquah Creek upstream of hatchery","Temperature","11.7","deg C","2",,,,,,,,,"KCEL SOP# 245","2016-09-13T00:00:00.000","KCEL"
"35207",,"38509","L65995-9","2016-09-13T10:40:00.000",,"Streams and Rivers","Issaquah","0631","Issaquah Creek at SE 56th St","Temperature","12.4","deg C","2",,,,,,,,,"KCEL SOP# 245","2016-09-13T00:00:00.000","KCEL"
"35291",,"25844","L66339-7","2016-10-11T12:52:00.000",,"Streams and Rivers","Issaquah","A631","Issaquah Creek upstream of hatchery","Temperature","10.2","deg C","2",,,,,,,,,"KCEL SOP# 245","2016-10-11T00:00:00.000","KCEL"
"35293",,"35687","L66339-9","2016-10-11T13:23:00.000",,"Streams and Rivers","Issaquah","0631","Issaquah Creek at SE 56th St","Temperature","10.5","deg C","2",,,,,,,,,"KCEL SOP# 245","2016-10-11T00:00:00.000","KCEL"
"35367",,"7061","L66563-7","2016-11-15T12:07:00.000",,"Streams and Rivers","Issaquah","A631","Issaquah Creek upstream of hatchery","Temperature","10.6","deg C","2",,,,,,,,,"KCEL SOP# 245","2016-11-15T00:00:00.000","KCEL"
"35369",,"38036","L66563-9","2016-11-15T12:49:00.000",,"Streams and Rivers","Issaquah","0631","Issaquah Creek at SE 56th St","Temperature","10.6","deg C","2",,,,,,,,,"KCEL SOP# 245","2016-11-15T00:00:00.000","KCEL"
"35443",,"27224","L66656-7","2016-12-13T12:20:00.000",,"Streams and Rivers","Issaquah","A631","Issaquah Creek upstream of hatchery","Temperature","5.9","deg C","2",,,,,,,,,"KCEL SOP# 245","2016-12-13T00:00:00.000","KCEL"
"35445",,"34861","L66656-9","2016-12-13T13:14:00.000",,"Streams and Rivers","Issaquah","0631","Issaquah Creek at SE 56th St","Temperature","6","deg C","2",,,,,,,,,"KCEL SOP# 245","2016-12-13T00:00:00.000","KCEL"
"35519",,"21111","L66833-7","2017-01-10T11:28:00.000",,"Streams and Rivers","Issaquah","A631","Issaquah Creek upstream of hatchery","Temperature","4.6","deg C","2",,,,,,,,,"KCEL SOP# 245","2017-01-10T00:00:00.000","KCEL"
"35521",,"33426","L66833-9","2017-01-10T12:10:00.000",,"Streams and Rivers","Issaquah","0631","Issaquah Creek at SE 56th St","Temperature","4.6","deg C","2",,,,,,,,,"KCEL SOP# 245","2017-01-10T00:00:00.000","KCEL"
"35596",,"28678","L67019-7","2017-02-14T12:38:00.000",,"Streams and Rivers","Issaquah","A631","Issaquah Creek upstream of hatchery","Temperature","5.9","deg C","2",,,,,,,,,"KCEL SOP# 245","2017-02-14T00:00:00.000","KCEL"
"35590",,"28678","L67019-14","2017-02-14T12:42:00.000",,"Streams and Rivers","Issaquah","A631","Issaquah Creek upstream of hatchery","Temperature","5.9","deg C","2",,,,,,,,,"KCEL SOP# 245","2017-02-14T00:00:00.000","KCEL"
"35598",,"35753","L67019-9","2017-02-14T13:14:00.000",,"Streams and Rivers","Issaquah","0631","Issaquah Creek at SE 56th St","Temperature","6","deg C","2",,,,,,,,,"KCEL SOP# 245","2017-02-14T00:00:00.000","KCEL"
"35674",,"19363","L67246-7","2017-03-14T11:45:00.000",,"Streams and Rivers","Issaquah","A631","Issaquah Creek upstream of hatchery","Temperature","8.4","deg C","2",,,,,,,,,"KCEL SOP# 245","2017-03-14T00:00:00.000","KCEL"
"35668",,"34152","L67246-14","2017-03-14T12:18:00.000",,"Streams and Rivers","Issaquah","0631","Issaquah Creek at SE 56th St","Temperature","8.6","deg C","2",,,,,,,,,"KCEL SOP# 245","2017-03-14T00:00:00.000","KCEL"
"35676",,"34152","L67246-9","2017-03-14T12:20:00.000",,"Streams and Rivers","Issaquah","0631","Issaquah Creek at SE 56th St","Temperature","8.6","deg C","2",,,,,,,,,"KCEL SOP# 245","2017-03-14T00:00:00.000","KCEL"
"5771",,"2172","L67489-7","2017-04-11T12:12:00.000",,"Streams and Rivers","Issaquah","A631","Issaquah Creek upstream of hatchery","Temperature","8.8","deg C","2",,,,,,,,,"KCEL SOP# 245","2017-04-11T00:00:00.000","KCEL"
"5725",,"2167","L67489-9","2017-04-11T12:40:00.000",,"Streams and Rivers","Issaquah","0631","Issaquah Creek at SE 56th St","Temperature","8.6","deg C","2",,,,,,,,,"KCEL SOP# 245","2017-04-11T00:00:00.000","KCEL"
"35759",,"9671","L67666-7","2017-05-09T11:36:00.000",,"Streams and Rivers","Issaquah","A631","Issaquah Creek upstream of hatchery","Temperature","10.2","deg C","2",,,,,,,,,"KCEL SOP# 245","2017-05-09T00:00:00.000","KCEL"
"35761",,"39632","L67666-9","2017-05-09T12:23:00.000",,"Streams and Rivers","Issaquah","0631","Issaquah Creek at SE 56th St","Temperature","10.6","deg C","2",,,,,,,,,"KCEL SOP# 245","2017-05-09T00:00:00.000","KCEL"
"35849",,"17586","L67905-7","2017-06-13T11:59:00.000",,"Streams and Rivers","Issaquah","A631","Issaquah Creek upstream of hatchery","Temperature","11.9","deg C","2",,,,,,,,,"KCEL SOP# 245","2017-06-13T00:00:00.000","KCEL"
"35851",,"30722","L67905-9","2017-06-13T12:50:00.000",,"Streams and Rivers","Issaquah","0631","Issaquah Creek at SE 56th St","Temperature","12.1","deg C","2",,,,,,,,,"KCEL SOP# 245","2017-06-13T00:00:00.000","KCEL"
"35945",,"11602","L68118-7","2017-07-11T11:42:00.000",,"Streams and Rivers","Issaquah","A631","Issaquah Creek upstream of hatchery","Temperature","14.6","deg C","2",,,,,,,,,"KCEL SOP# 245","2017-07-11T00:00:00.000","KCEL"
"35947",,"39483","L68118-9","2017-07-11T12:47:00.000",,"Streams and Rivers","Issaquah","0631","Issaquah Creek at SE 56th St","Temperature","16","deg C","2",,,,,,,,,"KCEL SOP# 245","2017-07-11T00:00:00.000","KCEL"
"36039",,"37830","L68367-9","2017-08-14T13:20:00.000",,"Streams and Rivers","Issaquah","0631","Issaquah Creek at SE 56th St","Temperature","16.5","deg C","2",,,,,,,,,"KCEL SOP# 245","2017-08-14T00:00:00.000","KCEL"
"36037",,"7694","L68367-7","2017-08-14T13:53:00.000",,"Streams and Rivers","Issaquah","A631","Issaquah Creek upstream of hatchery","Temperature","16.4","deg C","2",,,,,,,,,"KCEL SOP# 245","2017-08-14T00:00:00.000","KCEL"
"36122",,"9999","L68494-7","2017-09-12T12:25:00.000",,"Streams and Rivers","Issaquah","A631","Issaquah Creek upstream of hatchery","Temperature","14.8","deg C","2",,,,,,,,,"KCEL SOP# 245","2017-09-12T00:00:00.000","KCEL"
"36124",,"40163","L68494-9","2017-09-12T13:12:00.000",,"Streams and Rivers","Issaquah","0631","Issaquah Creek at SE 56th St","Temperature","15.7","deg C","2",,,,,,,,,"KCEL SOP# 245","2017-09-12T00:00:00.000","KCEL"
"36727",,"40604","L68746-7","2017-10-10T12:45:00.000",,"Streams and Rivers","Issaquah","A631","Issaquah Creek upstream of hatchery","Temperature","10.3","deg C","2",,,,,,,,,"KCEL SOP# 245","2017-10-10T00:00:00.000","KCEL"
"36716",,"40654","L68746-9","2017-10-10T13:24:00.000",,"Streams and Rivers","Issaquah","0631","Issaquah Creek at SE 56th St","Temperature","10.5","deg C","2",,,,,,,,,"KCEL SOP# 245","2017-10-10T00:00:00.000","KCEL"
"144364",,"56516","L68956-7","2017-11-14T11:52:00.000",,"Streams and Rivers","Issaquah","A631","Issaquah Creek upstream of hatchery","Temperature","8.4","deg C","2",,,,,,,,,"KCEL SOP# 245","2017-11-14T00:00:00.000","KCEL"
"144352",,"56570","L68956-9","2017-11-14T12:34:00.000",,"Streams and Rivers","Issaquah","0631","Issaquah Creek at SE 56th St","Temperature","8.5","deg C","2",,,,,,,,,"KCEL SOP# 245","2017-11-14T00:00:00.000","KCEL"
"151627",,"59107","L69123-7","2017-12-12T12:20:00.000",,"Streams and Rivers","Issaquah","A631","Issaquah Creek upstream of hatchery","Temperature","5","deg C","2",,,,,,,,,"KCEL SOP# 245","2017-12-12T00:00:00.000","KCEL"
"151616",,"59087","L69123-9","2017-12-12T13:03:00.000",,"Streams and Rivers","Issaquah","0631","Issaquah Creek at SE 56th St","Temperature","5.1","deg C","2",,,,,,,,,"KCEL SOP# 245","2017-12-12T00:00:00.000","KCEL"
"151898",,"59196","L69273-7","2018-01-09T11:35:00.000",,"Streams and Rivers","Issaquah","A631","Issaquah Creek upstream of hatchery","Temperature","7.5","deg C","2",,,,,,,,,"KCEL SOP# 245","2018-01-09T00:00:00.000","KCEL"
"151886",,"59223","L69273-9","2018-01-09T12:06:00.000",,"Streams and Rivers","Issaquah","0631","Issaquah Creek at SE 56th St","Temperature","7.6","deg C","2",,,,,,,,,"KCEL SOP# 245","2018-01-09T00:00:00.000","KCEL"
"154522",,"67832","L69505-9","2018-02-13T11:42:00.000",,"Streams and Rivers","Issaquah","0631","Issaquah Creek at SE 56th St","Temperature","4.9","deg C","2",,,,,,,,,"KCEL SOP# 245","2018-02-13T00:00:00.000","KCEL"
"154534",,"67862","L69505-7","2018-02-13T12:40:00.000",,"Streams and Rivers","Issaquah","A631","Issaquah Creek upstream of hatchery","Temperature","5.4","deg C","2",,,,,,,,,"KCEL SOP# 245","2018-02-13T00:00:00.000","KCEL"
"154790",,"67949","L69608-7","2018-03-12T10:49:00.000",,"Streams and Rivers","Issaquah","A631","Issaquah Creek upstream of hatchery","Temperature","6.7","deg C","2",,,,,,,,,"KCEL SOP# 245","2018-03-12T00:00:00.000","KCEL"
"154778",,"67926","L69608-9","2018-03-12T11:55:00.000",,"Streams and Rivers","Issaquah","0631","Issaquah Creek at SE 56th St","Temperature","7.3","deg C","2",,,,,,,,,"KCEL SOP# 245","2018-03-12T00:00:00.000","KCEL"
"155473",,"68035","L69768-7","2018-04-10T11:24:00.000",,"Streams and Rivers","Issaquah","A631","Issaquah Creek upstream of hatchery","Temperature","9.2","deg C","2",,,,,,,,,"KCEL SOP# 245","2018-04-10T00:00:00.000","KCEL"
"155461",,"68088","L69768-9","2018-04-10T12:05:00.000",,"Streams and Rivers","Issaquah","0631","Issaquah Creek at SE 56th St","Temperature","9.5","deg C","2",,,,,,,,,"KCEL SOP# 245","2018-04-10T00:00:00.000","KCEL"
"155731",,"68175","L70036-7","2018-05-15T12:08:00.000",,"Streams and Rivers","Issaquah","A631","Issaquah Creek upstream of hatchery","Temperature","14","deg C","2",,,,,,,,,"KCEL SOP# 245","2018-05-15T00:00:00.000","KCEL"
"155718",,"68176","L70036-9","2018-05-15T12:55:00.000",,"Streams and Rivers","Issaquah","0631","Issaquah Creek at SE 56th St","Temperature","15","deg C","2",,,,,,,,,"KCEL SOP# 245","2018-05-15T00:00:00.000","KCEL"
"156540",,"68281","L70197-7","2018-06-12T11:30:00.000",,"Streams and Rivers","Issaquah","A631","Issaquah Creek upstream of hatchery","Temperature","12.2","deg C","2",,,,,,,,,"KCEL SOP# 245","2018-06-12T00:00:00.000","KCEL"
"156529",,"68317","L70197-9","2018-06-12T12:20:00.000",,"Streams and Rivers","Issaquah","0631","Issaquah Creek at SE 56th St","Temperature","12.5","deg C","2",,,,,,,,,"KCEL SOP# 245","2018-06-12T00:00:00.000","KCEL"
"156831",,"68377","L70353-7","2018-07-17T12:26:00.000",,"Streams and Rivers","Issaquah","A631","Issaquah Creek upstream of hatchery","Temperature","17.3","deg C","2",,,,,,,,,"KCEL SOP# 245","2018-07-17T00:00:00.000","KCEL"
"156819",,"68406","L70353-9","2018-07-17T13:00:00.000",,"Streams and Rivers","Issaquah","0631","Issaquah Creek at SE 56th St","Temperature","18.3","deg C","2",,,,,,,,,"KCEL SOP# 245","2018-07-17T00:00:00.000","KCEL"
"157382",,"68512","L70434-7","2018-08-14T12:41:00.000",,"Streams and Rivers","Issaquah","A631","Issaquah Creek upstream of hatchery","Temperature","16.3","deg C","2",,,,,,,,,"KCEL SOP# 245","2018-08-14T00:00:00.000","KCEL"
"157371",,"68525","L70434-9","2018-08-14T13:30:00.000",,"Streams and Rivers","Issaquah","0631","Issaquah Creek at SE 56th St","Temperature","17.4","deg C","2",,,,,,,,,"KCEL SOP# 245","2018-08-14T00:00:00.000","KCEL"
"157930",,"68617","L70819-7","2018-09-11T12:37:00.000",,"Streams and Rivers","Issaquah","A631","Issaquah Creek upstream of hatchery","Temperature","14.2","deg C","2",,,,,,,,,"KCEL SOP# 245","2018-09-11T00:00:00.000","KCEL"
"157918",,"68634","L70819-9","2018-09-11T13:27:00.000",,"Streams and Rivers","Issaquah","0631","Issaquah Creek at SE 56th St","Temperature","14.7","deg C","2",,,,,,,,,"KCEL SOP# 245","2018-09-11T00:00:00.000","KCEL"
"158463",,"68787","L71063-7","2018-10-09T11:27:00.000",,"Streams and Rivers","Issaquah","A631","Issaquah Creek upstream of hatchery","Temperature","11.4","deg C","2",,,,,,,,,"KCEL SOP# 245","2018-10-09T00:00:00.000","KCEL"
"158452",,"68740","L71063-9","2018-10-09T12:43:00.000",,"Streams and Rivers","Issaquah","0631","Issaquah Creek at SE 56th St","Temperature","12","deg C","2",,,,,,,,,"KCEL SOP# 245","2018-10-09T00:00:00.000","KCEL"
"159011",,"68880","L71248-7","2018-11-06T11:28:00.000",,"Streams and Rivers","Issaquah","A631","Issaquah Creek upstream of hatchery","Temperature","10.1","deg C","2",,,,,,,,,"KCEL SOP# 245","2018-11-06T00:00:00.000","KCEL"
"159000",,"68827","L71248-9","2018-11-06T12:21:00.000",,"Streams and Rivers","Issaquah","0631","Issaquah Creek at SE 56th St","Temperature","10.4","deg C","2",,,,,,,,,"KCEL SOP# 245","2018-11-06T00:00:00.000","KCEL"
"159773",,"68957","L71432-7","2018-12-11T12:27:00.000",,"Streams and Rivers","Issaquah","A631","Issaquah Creek upstream of hatchery","Temperature","7.2","deg C","2",,,,,,,,,"KCEL SOP# 245","2018-12-11T00:00:00.000","KCEL"
"159762",,"68949","L71432-9","2018-12-11T13:22:00.000",,"Streams and Rivers","Issaquah","0631","Issaquah Creek at SE 56th St","Temperature","7.5","deg C","2",,,,,,,,,"KCEL SOP# 245","2018-12-11T00:00:00.000","KCEL"
"160113",,"69082","L71554-7","2019-01-08T11:46:00.000",,"Streams and Rivers","Issaquah","A631","Issaquah Creek upstream of hatchery","Temperature","6","deg C","2",,,,,,,,,"KCEL SOP# 245","2019-01-08T00:00:00.000","KCEL"
"160112",,"69082","L71554-13","2019-01-08T11:49:00.000",,"Streams and Rivers","Issaquah","A631","Issaquah Creek upstream of hatchery","Temperature","6","deg C","2",,,,,,,,,"KCEL SOP# 245","2019-01-08T00:00:00.000","KCEL"
"160185",,"69093","L71554-9","2019-01-08T12:54:00.000",,"Streams and Rivers","Issaquah","0631","Issaquah Creek at SE 56th St","Temperature","6.2","deg C","2",,,,,,,,,"KCEL SOP# 245","2019-01-08T00:00:00.000","KCEL"
"160242",,"69217","L71701-7","2019-02-26T11:39:00.000",,"Streams and Rivers","Issaquah","A631","Issaquah Creek upstream of hatchery","Temperature","4.4","deg C","2",,,,,,,,,"KCEL SOP# 245","2019-02-26T00:00:00.000","KCEL"
"160230",,"69181","L71701-9","2019-02-26T12:17:00.000",,"Streams and Rivers","Issaquah","0631","Issaquah Creek at SE 56th St","Temperature","4.6","deg C","2",,,,,,,,,"KCEL SOP# 245","2019-02-26T00:00:00.000","KCEL"
"161027",,"69493","L71881-7","2019-03-12T12:38:00.000",,"Streams and Rivers","Issaquah","A631","Issaquah Creek upstream of hatchery","Temperature","4.7","deg C","2",,,,,,,,,"KCEL SOP# 245","2019-03-12T00:00:00.000","KCEL"
"161016",,"69543","L71881-9","2019-03-12T13:15:00.000",,"Streams and Rivers","Issaquah","0631","Issaquah Creek at SE 56th St","Temperature","5","deg C","2",,,,,,,,,"KCEL SOP# 245","2019-03-12T00:00:00.000","KCEL"
"161015",,"69543","L71881-13","2019-03-12T13:17:00.000",,"Streams and Rivers","Issaquah","0631","Issaquah Creek at SE 56th St","Temperature","5","deg C","2",,,,,,,,,"KCEL SOP# 245","2019-03-12T00:00:00.000","KCEL"
"161467",,"69674","L71988-7","2019-04-09T11:54:00.000",,"Streams and Rivers","Issaquah","A631","Issaquah Creek upstream of hatchery","Temperature","9.2","deg C","2",,,,,,,,,"KCEL SOP# 245","2019-04-09T00:00:00.000","KCEL"
"161469",,"69634","L71988-9","2019-04-09T12:28:00.000",,"Streams and Rivers","Issaquah","0631","Issaquah Creek at SE 56th St","Temperature","9.4","deg C","2",,,,,,,,,"KCEL SOP# 245","2019-04-09T00:00:00.000","KCEL"
"162517",,"69882","L72299-7","2019-05-14T10:35:00.000",,"Streams and Rivers","Issaquah","A631","Issaquah Creek upstream of hatchery","Temperature","11.1","deg C","2",,,,,,,,,"KCEL SOP# 245","2019-05-14T00:00:00.000","KCEL"
"162505",,"69866","L72299-9","2019-05-14T11:08:00.000",,"Streams and Rivers","Issaquah","0631","Issaquah Creek at SE 56th St","Temperature","11.6","deg C","2",,,,,,,,,"KCEL SOP# 245","2019-05-14T00:00:00.000","KCEL"
"172508",,"75595","L72442-7","2019-06-11T12:11:00.000",,"Streams and Rivers","Issaquah","A631","Issaquah Creek upstream of hatchery","Temperature","15.5","deg C","1",,,,,,,,,"KCEL SOP# 245","2019-06-11T00:00:00.000","KCEL"
"172496",,"75586","L72442-9","2019-06-11T13:41:00.000",,"Streams and Rivers","Issaquah","0631","Issaquah Creek at SE 56th St","Temperature","16.7","deg C","1",,,,,,,,,"KCEL SOP# 245","2019-06-11T00:00:00.000","KCEL"
"180107",,"77301","L72659-7","2019-07-09T12:22:00.000",,"Streams and Rivers","Issaquah","A631","Issaquah Creek upstream of hatchery","Temperature","14.4","deg C","1",,,,,,,,,"KCEL SOP# 245","2019-07-09T00:00:00.000","KCEL"
"180096",,"77339","L72659-9","2019-07-09T13:26:00.000",,"Streams and Rivers","Issaquah","0631","Issaquah Creek at SE 56th St","Temperature","15","deg C","1",,,,,,,,,"KCEL SOP# 245","2019-07-09T00:00:00.000","KCEL"
"182694",,"78601","L72752-7","2019-08-13T11:19:00.000",,"Streams and Rivers","Issaquah","A631","Issaquah Creek upstream of hatchery","Temperature","14.9","deg C","1",,,,,,,,,"KCEL SOP# 245","2019-08-13T00:00:00.000","KCEL"
"182682",,"78577","L72752-9","2019-08-13T11:57:00.000",,"Streams and Rivers","Issaquah","0631","Issaquah Creek at SE 56th St","Temperature","15.8","deg C","1",,,,,,,,,"KCEL SOP# 245","2019-08-13T00:00:00.000","KCEL"
"183046",,"78689","L72869-7","2019-09-10T09:43:00.000",,"Streams and Rivers","Issaquah","A631","Issaquah Creek upstream of hatchery","Temperature","14","deg C","1",,,,,,,,,"KCEL SOP# 245","2019-09-10T00:00:00.000","KCEL"
"183088",,"78720","L72869-9","2019-09-10T10:16:00.000",,"Streams and Rivers","Issaquah","0631","Issaquah Creek at SE 56th St","Temperature","14.7","deg C","1",,,,,,,,,"KCEL SOP# 245","2019-09-10T00:00:00.000","KCEL"
"185793",,"79072","L73390-7","2019-10-15T12:39:00.000",,"Streams and Rivers","Issaquah","A631","Issaquah Creek upstream of hatchery","Temperature","10","deg C","1",,,,,,,,,"KCEL SOP# 245","2019-10-15T00:00:00.000","KCEL"
"185756",,"79100","L73390-9","2019-10-15T13:47:00.000",,"Streams and Rivers","Issaquah","0631","Issaquah Creek at SE 56th St","Temperature","10.2","deg C","1",,,,,,,,,"KCEL SOP# 245","2019-10-15T00:00:00.000","KCEL"
"186105",,"79189","L73614-7","2019-11-12T12:56:00.000",,"Streams and Rivers","Issaquah","A631","Issaquah Creek upstream of hatchery","Temperature","9.1","deg C","1",,,,,,,,,"KCEL SOP# 245","2019-11-12T00:00:00.000","KCEL"
"186091",,"79155","L73614-9","2019-11-12T13:41:00.000",,"Streams and Rivers","Issaquah","0631","Issaquah Creek at SE 56th St","Temperature","9.4","deg C","1",,,,,,,,,"KCEL SOP# 245","2019-11-12T00:00:00.000","KCEL"
"189278",,"79643","L73750-7","2019-12-17T11:20:00.000",,"Streams and Rivers","Issaquah","A631","Issaquah Creek upstream of hatchery","Temperature","5.7","deg C","1",,,,,,,,,"KCEL SOP# 245","2019-12-17T00:00:00.000","KCEL"
"189356",,"79697","L73750-9","2019-12-17T11:54:00.000",,"Streams and Rivers","Issaquah","0631","Issaquah Creek at SE 56th St","Temperature","5.9","deg C","1",,,,,,,,,"KCEL SOP# 245","2019-12-17T00:00:00.000","KCEL"
"189894",,"79828","L73942-7","2020-01-21T13:15:00.000",,"Streams and Rivers","Issaquah","A631","Issaquah Creek upstream of hatchery","Temperature","7.4","deg C","1",,,,,,,,,"KCEL SOP# 245","2020-01-21T00:00:00.000","KCEL"
"189900",,"79796","L73942-9","2020-01-21T14:09:00.000",,"Streams and Rivers","Issaquah","0631","Issaquah Creek at SE 56th St","Temperature","7.4","deg C","1",,,,,,,,,"KCEL SOP# 245","2020-01-21T00:00:00.000","KCEL"
"190356",,"79942","L74047-7","2020-02-11T13:02:00.000",,"Streams and Rivers","Issaquah","A631","Issaquah Creek upstream of hatchery","Temperature","6.7","deg C","1",,,,,,,,,"KCEL SOP# 245","2020-02-11T00:00:00.000","KCEL"
"190358",,"79881","L74047-9","2020-02-11T13:51:00.000",,"Streams and Rivers","Issaquah","0631","Issaquah Creek at SE 56th St","Temperature","6.8","deg C","1",,,,,,,,,"KCEL SOP# 245","2020-02-11T00:00:00.000","KCEL"
"190811",,"80077","L74237-7","2020-03-10T12:35:00.000",,"Streams and Rivers","Issaquah","A631","Issaquah Creek upstream of hatchery","Temperature","6","deg C","1",,,,,,,,,"KCEL SOP# 245","2020-03-10T00:00:00.000","KCEL"
"190813",,"80057","L74237-9","2020-03-10T13:33:00.000",,"Streams and Rivers","Issaquah","0631","Issaquah Creek at SE 56th St","Temperature","6.1","deg C","1",,,,,,,,,"KCEL SOP# 245","2020-03-10T00:00:00.000","KCEL"
"191099",,"80148","L74619-7","2020-05-19T11:22:00.000",,"Streams and Rivers","Issaquah","A631","Issaquah Creek upstream of hatchery","Temperature","12.1","deg C","1",,,,,,,,,"KCEL SOP# 245","2020-05-19T00:00:00.000","KCEL"
"191101",,"80200","L74619-9","2020-05-19T11:57:00.000",,"Streams and Rivers","Issaquah","0631","Issaquah Creek at SE 56th St","Temperature","12.3","deg C","1",,,,,,,,,"KCEL SOP# 245","2020-05-19T00:00:00.000","KCEL"
"191435",,"80277","L74760-9","2020-06-08T11:52:00.000",,"Streams and Rivers","Issaquah","0631","Issaquah Creek at SE 56th St","Temperature","11.8","deg C","1",,,,,,,,,"KCEL SOP# 245","2020-06-08T00:00:00.000","KCEL"
"191431",,"80294","L74760-7","2020-06-08T12:30:00.000",,"Streams and Rivers","Issaquah","A631","Issaquah Creek upstream of hatchery","Temperature","11.7","deg C","1",,,,,,,,,"KCEL SOP# 245","2020-06-08T00:00:00.000","KCEL"
"192110",,"80408","L74988-7","2020-07-13T13:10:00.000",,"Streams and Rivers","Issaquah","A631","Issaquah Creek upstream of hatchery","Temperature","15.5","deg C","1",,,,,,,,,"KCEL SOP# 245","2020-07-13T00:00:00.000","KCEL"
"192112",,"80439","L74988-9","2020-07-13T14:10:00.000",,"Streams and Rivers","Issaquah","0631","Issaquah Creek at SE 56th St","Temperature","16","deg C","1",,,,,,,,,"KCEL SOP# 245","2020-07-13T00:00:00.000","KCEL"
"192855",,"80591","L75120-7","2020-08-10T13:04:00.000",,"Streams and Rivers","Issaquah","A631","Issaquah Creek upstream of hatchery","Temperature","15.8","deg C","2",,,,,,,,,"KCEL SOP# 245","2020-08-10T00:00:00.000","KCEL"
"192863",,"80581","L75120-9","2020-08-10T13:41:00.000",,"Streams and Rivers","Issaquah","0631","Issaquah Creek at SE 56th St","Temperature","16.6","deg C","2",,,,,,,,,"KCEL SOP# 245","2020-08-10T00:00:00.000","KCEL"
"193424",,"80772","L75212-7","2020-09-30T12:28:00.000",,"Streams and Rivers","Issaquah","A631","Issaquah Creek upstream of hatchery","Temperature","12.7","deg C","1",,,,,,,,,"KCEL SOP# 245","2020-09-30T00:00:00.000","KCEL"
"193408",,"80763","L75212-9","2020-09-30T13:02:00.000",,"Streams and Rivers","Issaquah","0631","Issaquah Creek at SE 56th St","Temperature","13.4","deg C","1",,,,,,,,,"KCEL SOP# 245","2020-09-30T00:00:00.000","KCEL"
"193953",,"80869","L75603-7","2020-10-12T13:29:00.000",,"Streams and Rivers","Issaquah","A631","Issaquah Creek upstream of hatchery","Temperature","12.4","deg C","1",,,,,,,,,"KCEL SOP# 245","2020-10-12T00:00:00.000","KCEL"
"194006",,"80900","L75603-9","2020-10-12T14:17:00.000",,"Streams and Rivers","Issaquah","0631","Issaquah Creek at SE 56th St","Temperature","13","deg C","1",,,,,,,,,"KCEL SOP# 245","2020-10-12T00:00:00.000","KCEL"
"195670",,"81113","L75820-9","2020-11-09T11:27:00.000",,"Streams and Rivers","Issaquah","0631","Issaquah Creek at SE 56th St","Temperature","5.51","deg C","1",,,,,,,,,"KCEL SOP# 245","2020-11-09T00:00:00.000","KCEL"
"195636",,"81103","L75820-7","2020-11-09T12:02:00.000",,"Streams and Rivers","Issaquah","A631","Issaquah Creek upstream of hatchery","Temperature","5.71","deg C","1",,,,,,,,,"KCEL SOP# 245","2020-11-09T00:00:00.000","KCEL"
"195740",,"81254","L75995-7","2020-12-15T12:11:00.000",,"Streams and Rivers","Issaquah","A631","Issaquah Creek upstream of hatchery","Temperature","7.29","deg C","1",,,,,,,,,"KCEL SOP# 245","2020-12-15T00:00:00.000","KCEL"
"195807",,"81271","L75995-9","2020-12-15T13:20:00.000",,"Streams and Rivers","Issaquah","0631","Issaquah Creek at SE 56th St","Temperature","7.49","deg C","1",,,,,,,,,"KCEL SOP# 245","2020-12-15T00:00:00.000","KCEL"
"196124",,"81355","L76190-7","2021-01-12T11:43:00.000",,"Streams and Rivers","Issaquah","A631","Issaquah Creek upstream of hatchery","Temperature","8.23","deg C","1",,,,,,,,,"KCEL SOP# 245","2021-01-12T00:00:00.000","KCEL"
"196122",,"81344","L76190-9","2021-01-12T12:33:00.000",,"Streams and Rivers","Issaquah","0631","Issaquah Creek at SE 56th St","Temperature","8.49","deg C","1",,,,,,,,,"KCEL SOP# 245","2021-01-12T00:00:00.000","KCEL"
"197016",,"81669","L76373-7","2021-02-09T13:14:00.000",,"Streams and Rivers","Issaquah","A631","Issaquah Creek upstream of hatchery","Temperature","6.12","deg C","1",,,,,,,,,"KCEL SOP# 245","2021-02-09T00:00:00.000","KCEL"
"197013",,"81666","L76373-9","2021-02-09T13:48:00.000",,"Streams and Rivers","Issaquah","0631","Issaquah Creek at SE 56th St","Temperature","6.17","deg C","1",,,,,,,,,"KCEL SOP# 245","2021-02-09T00:00:00.000","KCEL"
"197426",,"81777","L76510-7","2021-03-09T12:56:00.000",,"Streams and Rivers","Issaquah","A631","Issaquah Creek upstream of hatchery","Temperature","7.33","deg C","1",,,,,,,,,"KCEL SOP# 245","2021-03-09T00:00:00.000","KCEL"
"197372",,"81777","L76510-13","2021-03-09T12:59:00.000",,"Streams and Rivers","Issaquah","A631","Issaquah Creek upstream of hatchery","Temperature","7.35","deg C","1",,,,,,,,,"KCEL SOP# 245","2021-03-09T00:00:00.000","KCEL"
"197360",,"81761","L76510-9","2021-03-09T13:40:00.000",,"Streams and Rivers","Issaquah","0631","Issaquah Creek at SE 56th St","Temperature","7.47","deg C","1",,,,,,,,,"KCEL SOP# 245","2021-03-09T00:00:00.000","KCEL"
"198126",,"81892","L76684-7","2021-04-13T12:35:00.000",,"Streams and Rivers","Issaquah","A631","Issaquah Creek upstream of hatchery","Temperature","9","deg C","1",,,,,,,,,"KCEL SOP# 245","2021-04-13T00:00:00.000","KCEL"
"198062",,"81904","L76684-9","2021-04-13T13:51:00.000",,"Streams and Rivers","Issaquah","0631","Issaquah Creek at SE 56th St","Temperature","9.59","deg C","1",,,,,,,,,"KCEL SOP# 245","2021-04-13T00:00:00.000","KCEL"
"198413",,"81970","L76843-7","2021-05-11T10:45:00.000",,"Streams and Rivers","Issaquah","A631","Issaquah Creek upstream of hatchery","Temperature","11.7","deg C","1",,,,,,,,,"KCEL SOP# 245","2021-05-11T00:00:00.000","KCEL"
"198426",,"81951","L76843-9","2021-05-11T12:19:00.000",,"Streams and Rivers","Issaquah","0631","Issaquah Creek at SE 56th St","Temperature","12","deg C","1",,,,,,,,,"KCEL SOP# 245","2021-05-11T00:00:00.000","KCEL"
"198409",,"81951","L76843-13","2021-05-11T12:20:00.000",,"Streams and Rivers","Issaquah","0631","Issaquah Creek at SE 56th St","Temperature","12","deg C","1",,,,,,,,,"KCEL SOP# 245","2021-05-11T00:00:00.000","KCEL"
"199771",,"82206","L77070-9","2021-06-15T12:07:00.000",,"Streams and Rivers","Issaquah","0631","Issaquah Creek at SE 56th St","Temperature","13.9","deg C","1",,,,,,,,,"KCEL SOP# 245","2021-06-15T00:00:00.000","KCEL"
"199834",,"82171","L77070-7","2021-06-15T12:45:00.000",,"Streams and Rivers","Issaquah","A631","Issaquah Creek upstream of hatchery","Temperature","13.8","deg C","1",,,,,,,,,"KCEL SOP# 245","2021-06-15T00:00:00.000","KCEL"
"200320",,"82330","L77281-7","2021-07-13T12:18:00.000",,"Streams and Rivers","Issaquah","A631","Issaquah Creek upstream of hatchery","Temperature","17.2","deg C","1",,,,,,,,,"KCEL SOP# 245","2021-07-13T00:00:00.000","KCEL"
"200329",,"82294","L77281-9","2021-07-13T12:59:00.000",,"Streams and Rivers","Issaquah","0631","Issaquah Creek at SE 56th St","Temperature","18.1","deg C","1",,,,,,,,,"KCEL SOP# 245","2021-07-13T00:00:00.000","KCEL"
"201215",,"82519","L77429-7","2021-08-24T13:30:00.000",,"Streams and Rivers","Issaquah","A631","Issaquah Creek upstream of hatchery","Temperature","15.4","deg C","1",,,,,,,,,"KCEL SOP# 245","2021-08-24T00:00:00.000","KCEL"
"201223",,"82495","L77429-9","2021-08-24T14:17:00.000",,"Streams and Rivers","Issaquah","0631","Issaquah Creek at SE 56th St","Temperature","15.8","deg C","1",,,,,,,,,"KCEL SOP# 245","2021-08-24T00:00:00.000","KCEL"
"201963",,"82650","L77693-7","2021-09-14T12:09:00.000",,"Streams and Rivers","Issaquah","A631","Issaquah Creek upstream of hatchery","Temperature","13.3","deg C","1",,,,,,,,,"KCEL SOP# 245","2021-09-14T00:00:00.000","KCEL"
"201972",,"82636","L77693-9","2021-09-14T13:02:00.000",,"Streams and Rivers","Issaquah","0631","Issaquah Creek at SE 56th St","Temperature","13.9","deg C","1",,,,,,,,,"KCEL SOP# 245","2021-09-14T00:00:00.000","KCEL"
"202500",,"82811","L77807-7","2021-10-12T12:38:00.000",,"Streams and Rivers","Issaquah","A631","Issaquah Creek upstream of hatchery","Temperature","8.69","deg C","1",,,,,,,,,"KCEL SOP# 245","2021-10-12T00:00:00.000","KCEL"
"202514",,"82800","L77807-9","2021-10-12T13:13:00.000",,"Streams and Rivers","Issaquah","0631","Issaquah Creek at SE 56th St","Temperature","8.81","deg C","1",,,,,,,,,"KCEL SOP# 245","2021-10-12T00:00:00.000","KCEL"
"203419",,"83284","L78109-7","2021-11-16T12:09:00.000",,"Streams and Rivers","Issaquah","A631","Issaquah Creek upstream of hatchery","Temperature","8.9","deg C","1",,,,,,,,,"KCEL SOP# 245","2021-11-16T00:00:00.000","KCEL"
"203421",,"83322","L78109-9","2021-11-16T12:44:00.000",,"Streams and Rivers","Issaquah","0631","Issaquah Creek at SE 56th St","Temperature","9.1","deg C","1",,,,,,,,,"KCEL SOP# 245","2021-11-16T00:00:00.000","KCEL"
"204364",,"83497","L78210-7","2021-12-14T13:10:00.000",,"Streams and Rivers","Issaquah","A631","Issaquah Creek upstream of hatchery","Temperature","6.27","deg C","1",,,,,,,,,"KCEL SOP# 245","2021-12-14T00:00:00.000","KCEL"
"204366",,"83474","L78210-9","2021-12-14T13:49:00.000",,"Streams and Rivers","Issaquah","0631","Issaquah Creek at SE 56th St","Temperature","6.36","deg C","1",,,,,,,,,"KCEL SOP# 245","2021-12-14T00:00:00.000","KCEL"
"204741",,"83601","L78368-7","2022-01-11T12:21:00.000",,"Streams and Rivers","Issaquah","A631","Issaquah Creek upstream of hatchery","Temperature","6.95","deg C","1",,,,,,,,,"KCEL SOP# 245","2022-01-11T00:00:00.000","KCEL"
"204756",,"83659","L78368-9","2022-01-11T13:03:00.000",,"Streams and Rivers","Issaquah","0631","Issaquah Creek at SE 56th St","Temperature","7.18","deg C","1",,,,,,,,,"KCEL SOP# 245","2022-01-11T00:00:00.000","KCEL"
"205243",,"83784","L78496-7","2022-02-15T10:44:00.000",,"Streams and Rivers","Issaquah","A631","Issaquah Creek upstream of hatchery","Temperature","7.34","deg C","1",,,,,,,,,"KCEL SOP# 245","2022-02-15T00:00:00.000","KCEL"
"205249",,"83785","L78496-9","2022-02-15T11:12:00.000",,"Streams and Rivers","Issaquah","0631","Issaquah Creek at SE 56th St","Temperature","7.43","deg C","1",,,,,,,,,"KCEL SOP# 245","2022-02-15T00:00:00.000","KCEL"
"205732",,"83893","L78763-7","2022-03-14T13:08:00.000",,"Streams and Rivers","Issaquah","A631","Issaquah Creek upstream of hatchery","Temperature","8.14","deg C","1",,,,,,,,,"KCEL SOP# 245","2022-03-14T00:00:00.000","KCEL"
"205754",,"83957","L78763-9","2022-03-14T13:46:00.000",,"Streams and Rivers","Issaquah","0631","Issaquah Creek at SE 56th St","Temperature","8.27","deg C","1",,,,,,,,,"KCEL SOP# 245","2022-03-14T00:00:00.000","KCEL"
"206513",,"84075","L78933-7","2022-04-11T12:59:00.000",,"Streams and Rivers","Issaquah","A631","Issaquah Creek upstream of hatchery","Temperature","7.37","deg C","1",,,,,,,,,"KCEL SOP# 245","2022-04-11T00:00:00.000","KCEL"
"206561",,"84088","L78933-9","2022-04-11T13:35:00.000",,"Streams and Rivers","Issaquah","0631","Issaquah Creek at SE 56th St","Temperature","7.75","deg C","1",,,,,,,,,"KCEL SOP# 245","2022-04-11T00:00:00.000","KCEL"
"207374",,"84263","L79123-7","2022-05-10T12:46:00.000",,"Streams and Rivers","Issaquah","A631","Issaquah Creek upstream of hatchery","Temperature","8.96","deg C","1",,,,,,,,,"KCEL SOP# 245","2022-05-10T00:00:00.000","KCEL"
"207398",,"84257","L79123-9","2022-05-10T14:12:00.000",,"Streams and Rivers","Issaquah","0631","Issaquah Creek at SE 56th St","Temperature","9.64","deg C","1",,,,,,,,,"KCEL SOP# 245","2022-05-10T00:00:00.000","KCEL"
"207726",,"84352","L79320-7","2022-06-14T12:20:00.000",,"Streams and Rivers","Issaquah","A631","Issaquah Creek upstream of hatchery","Temperature","10.8","deg C","1",,,,,,,,,"KCEL SOP# 245","2022-06-14T00:00:00.000","KCEL"
"207732",,"84342","L79320-9","2022-06-14T12:40:00.000",,"Streams and Rivers","Issaquah","0631","Issaquah Creek at SE 56th St","Temperature","10.9","deg C","1",,,,,,,,,"KCEL SOP# 245","2022-06-14T00:00:00.000","KCEL"
"208282",,"84446","L79573-7","2022-07-12T13:49:00.000",,"Streams and Rivers","Issaquah","A631","Issaquah Creek upstream of hatchery","Temperature","17.9","deg C","1",,,,,,,,,"KCEL SOP# 245","2022-07-12T00:00:00.000","KCEL"
"208284",,"84479","L79573-9","2022-07-12T14:32:00.000",,"Streams and Rivers","Issaquah","0631","Issaquah Creek at SE 56th St","Temperature","18.1","deg C","1",,,,,,,,,"KCEL SOP# 245","2022-07-12T00:00:00.000","KCEL"
"209193",,"84619","L79820-7","2022-08-09T12:31:00.000",,"Streams and Rivers","Issaquah","A631","Issaquah Creek upstream of hatchery","Temperature","15.6","deg C","1",,,,,,,,,"KCEL SOP# 245","2022-08-09T00:00:00.000","KCEL"
"209197",,"84670","L79820-9","2022-08-09T13:08:00.000",,"Streams and Rivers","Issaquah","0631","Issaquah Creek at SE 56th St","Temperature","16.5","deg C","1",,,,,,,,,"KCEL SOP# 245","2022-08-09T00:00:00.000","KCEL"
"209875",,"84807","L79974-9","2022-09-13T12:18:00.000",,"Streams and Rivers","Issaquah","0631","Issaquah Creek at SE 56th St","Temperature","15.2","deg C","1",,,,,,,,,"KCEL SOP# 245","2022-09-13T00:00:00.000","KCEL"
"209866",,"84767","L79974-7","2022-09-13T13:24:00.000",,"Streams and Rivers","Issaquah","A631","Issaquah Creek upstream of hatchery","Temperature","15","deg C","1",,,,,,,,,"KCEL SOP# 245","2022-09-13T00:00:00.000","KCEL"
"210940",,"84976","L80278-7","2022-10-11T11:58:00.000",,"Streams and Rivers","Issaquah","A631","Issaquah Creek upstream of hatchery","Temperature","12.3","deg C","1",,,,,,,,,"KCEL SOP# 245","2022-10-11T00:00:00.000","KCEL"
"210970",,"84992","L80278-9","2022-10-11T12:42:00.000",,"Streams and Rivers","Issaquah","0631","Issaquah Creek at SE 56th St","Temperature","13.1","deg C","1",,,,,,,,,"KCEL SOP# 245","2022-10-11T00:00:00.000","KCEL"
"211356",,"85191","L80396-9","2022-11-07T12:48:00.000",,"Streams and Rivers","Issaquah","0631","Issaquah Creek at SE 56th St","Temperature","7.91","deg C","1",,,,,,,,,"KCEL SOP# 245","2022-11-07T00:00:00.000","KCEL"
"211343",,"85157","L80396-7","2022-11-07T13:32:00.000",,"Streams and Rivers","Issaquah","A631","Issaquah Creek upstream of hatchery","Temperature","7.96","deg C","1",,,,,,,,,"KCEL SOP# 245","2022-11-07T00:00:00.000","KCEL"
"212203",,"85405","L80558-9","2022-12-13T13:32:00.000",,"Streams and Rivers","Issaquah","0631","Issaquah Creek at SE 56th St","Temperature","5.87","deg C","1",,,,,,,,,"KCEL SOP# 245","2022-12-13T00:00:00.000","KCEL"
"212198",,"85394","L80558-7","2022-12-13T13:53:00.000",,"Streams and Rivers","Issaquah","A631","Issaquah Creek upstream of hatchery","Temperature","5.83","deg C","1",,,,,,,,,"KCEL SOP# 245","2022-12-13T00:00:00.000","KCEL"
"213094",,"85504","L80781-7","2023-01-10T12:26:00.000",,"Streams and Rivers","Issaquah","A631","Issaquah Creek upstream of hatchery","Temperature","7.07","deg C","1",,,,,,,,,"KCEL SOP# 245","2023-01-10T00:00:00.000","KCEL"
"213096",,"85577","L80781-9","2023-01-10T13:10:00.000",,"Streams and Rivers","Issaquah","0631","Issaquah Creek at SE 56th St","Temperature","7.32","deg C","1",,,,,,,,,"KCEL SOP# 245","2023-01-10T00:00:00.000","KCEL"
"213880",,"85779","L80960-7","2023-02-14T12:59:00.000",,"Streams and Rivers","Issaquah","A631","Issaquah Creek upstream of hatchery","Temperature","5.47","deg C","1",,,,,,,,,"KCEL SOP# 245","2023-02-14T00:00:00.000","KCEL"
"213865",,"85779","L80960-13","2023-02-14T13:01:00.000",,"Streams and Rivers","Issaquah","A631","Issaquah Creek upstream of hatchery","Temperature","5.48","deg C","1",,,,,,,,,"KCEL SOP# 245","2023-02-14T00:00:00.000","KCEL"
"213902",,"85747","L80960-9","2023-02-14T13:57:00.000",,"Streams and Rivers","Issaquah","0631","Issaquah Creek at SE 56th St","Temperature","5.53","deg C","1",,,,,,,,,"KCEL SOP# 245","2023-02-14T00:00:00.000","KCEL"
"214200",,"85856","L81153-9","2023-03-14T12:43:00.000",,"Streams and Rivers","Issaquah","0631","Issaquah Creek at SE 56th St","Temperature","6.33","deg C","1",,,,,,,,,"KCEL SOP# 245","2023-03-14T00:00:00.000","KCEL"
"214196",,"85839","L81153-7","2023-03-14T13:27:00.000",,"Streams and Rivers","Issaquah","A631","Issaquah Creek upstream of hatchery","Temperature","6.71","deg C","1",,,,,,,,,"KCEL SOP# 245","2023-03-14T00:00:00.000","KCEL"
"215070",,"86041","L81332-7","2023-04-11T08:40:00.000",,"Streams and Rivers","Issaquah","A631","Issaquah Creek upstream of hatchery","Temperature","6.87","deg C","1",,,,,,,,,"KCEL SOP# 245","2023-04-11T00:00:00.000","KCEL"
"215079",,"86049","L81332-9","2023-04-11T09:16:00.000",,"Streams and Rivers","Issaquah","0631","Issaquah Creek at SE 56th St","Temperature","6.96","deg C","1",,,,,,,,,"KCEL SOP# 245","2023-04-11T00:00:00.000","KCEL"
"215145",,"86049","L81332-13","2023-04-11T09:18:00.000",,"Streams and Rivers","Issaquah","0631","Issaquah Creek at SE 56th St","Temperature","6.96","deg C","1",,,,,,,,,"KCEL SOP# 245","2023-04-11T00:00:00.000","KCEL"
"215737",,"86167","L81397-7","2023-05-09T12:33:00.000",,"Streams and Rivers","Issaquah","A631","Issaquah Creek upstream of hatchery","Temperature","11.6","deg C","1",,,,,,,,,"KCEL SOP# 245","2023-05-09T00:00:00.000","KCEL"
"215708",,"86191","L81397-9","2023-05-09T13:20:00.000",,"Streams and Rivers","Issaquah","0631","Issaquah Creek at SE 56th St","Temperature","12","deg C","1",,,,,,,,,"KCEL SOP# 245","2023-05-09T00:00:00.000","KCEL"
"216407",,"86346","L81642-7","2023-06-13T11:14:00.000",,"Streams and Rivers","Issaquah","A631","Issaquah Creek upstream of hatchery","Temperature","13.9","deg C","1",,,,,,,,,"KCEL SOP# 245","2023-06-13T00:00:00.000","KCEL"
"216409",,"86375","L81642-9","2023-06-13T11:51:00.000",,"Streams and Rivers","Issaquah","0631","Issaquah Creek at SE 56th St","Temperature","14.4","deg C","1",,,,,,,,,"KCEL SOP# 245","2023-06-13T00:00:00.000","KCEL"
"217068",,"86466","L81962-7","2023-07-25T11:00:00.000",,"Streams and Rivers","Issaquah","A631","Issaquah Creek upstream of hatchery","Temperature","15","deg C","1",,,,,,,,,"KCEL SOP# 245","2023-07-25T00:00:00.000","KCEL"
"217043",,"86486","L81962-9","2023-07-25T11:44:00.000",,"Streams and Rivers","Issaquah","0631","Issaquah Creek at SE 56th St","Temperature","15.7","deg C","1",,,,,,,,,"KCEL SOP# 245","2023-07-25T00:00:00.000","KCEL"
"217556",,"86568","L82063-7","2023-08-15T08:30:00.000",,"Streams and Rivers","Issaquah","A631","Issaquah Creek upstream of hatchery","Temperature","15.6","deg C","1",,,,,,,,,"KCEL SOP# 245","2023-08-15T00:00:00.000","KCEL"
"217558",,"86551","L82063-9","2023-08-15T09:12:00.000",,"Streams and Rivers","Issaquah","0631","Issaquah Creek at SE 56th St","Temperature","17.1","deg C","1",,,,,,,,,"KCEL SOP# 245","2023-08-15T00:00:00.000","KCEL"
"218444",,"86802","L82203-7","2023-09-12T10:41:00.000",,"Streams and Rivers","Issaquah","A631","Issaquah Creek upstream of hatchery","Temperature","13.6","deg C","1",,,,,,,,,"KCEL SOP# 245","2023-09-12T00:00:00.000","KCEL"
"218453",,"86756","L82203-9","2023-09-12T11:15:00.000",,"Streams and Rivers","Issaquah","0631","Issaquah Creek at SE 56th St","Temperature","14.4","deg C","1",,,,,,,,,"KCEL SOP# 245","2023-09-12T00:00:00.000","KCEL"
"219019",,"86891","L82331-7","2023-10-10T12:22:00.000",,"Streams and Rivers","Issaquah","A631","Issaquah Creek upstream of hatchery","Temperature","11.9","deg C","1",,,,,,,,,"KCEL SOP# 245","2023-10-10T00:00:00.000","KCEL"
"218948",,"86874","L82331-9","2023-10-10T12:54:00.000",,"Streams and Rivers","Issaquah","0631","Issaquah Creek at SE 56th St","Temperature","12.4","deg C","1",,,,,,,,,"KCEL SOP# 245","2023-10-10T00:00:00.000","KCEL"
"219990",,"87236","L82750-9","2023-11-06T13:07:00.000",,"Streams and Rivers","Issaquah","0631","Issaquah Creek at SE 56th St","Temperature","10.7","deg C","1",,,,,,,,,"KCEL SOP# 245","2023-11-06T00:00:00.000","KCEL"
"220043",,"87174","L82750-7","2023-11-06T13:50:00.000",,"Streams and Rivers","Issaquah","A631","Issaquah Creek upstream of hatchery","Temperature","10.4","deg C","1",,,,,,,,,"KCEL SOP# 245","2023-11-06T00:00:00.000","KCEL"
"220799",,"87291","L82934-9","2023-12-12T09:48:00.000",,"Streams and Rivers","Issaquah","0631","Issaquah Creek at SE 56th St","Temperature","7.41","deg C","1",,,,,,,,,"KCEL SOP# 245","2023-12-12T00:00:00.000","KCEL"
"220784",,"87344","L82934-7","2023-12-12T10:18:00.000",,"Streams and Rivers","Issaquah","A631","Issaquah Creek upstream of hatchery","Temperature","7.19","deg C","1",,,,,,,,,"KCEL SOP# 245","2023-12-12T00:00:00.000","KCEL"
"221306",,"87453","L83101-7","2024-01-09T09:09:00.000",,"Streams and Rivers","Issaquah","A631","Issaquah Creek upstream of hatchery","Temperature","6.79","deg C","1",,,,,,,,,"KCEL SOP# 245","2024-01-09T00:00:00.000","KCEL"
"221308",,"87498","L83101-9","2024-01-09T09:50:00.000",,"Streams and Rivers","Issaquah","0631","Issaquah Creek at SE 56th St","Temperature","6.88","deg C","1",,,,,,,,,"KCEL SOP# 245","2024-01-09T00:00:00.000","KCEL"
"221707",,"87603","L83237-7","2024-02-13T10:03:00.000",,"Streams and Rivers","Issaquah","A631","Issaquah Creek upstream of hatchery","Temperature","7.52","deg C","1",,,,,,,,,"KCEL SOP# 245","2024-02-13T00:00:00.000","KCEL"
"221709",,"87593","L83237-9","2024-02-13T10:24:00.000",,"Streams and Rivers","Issaquah","0631","Issaquah Creek at SE 56th St","Temperature","7.68","deg C","1",,,,,,,,,"KCEL SOP# 245","2024-02-13T00:00:00.000","KCEL"
"222064",,"87716","L83368-9","2024-03-12T12:41:00.000",,"Streams and Rivers","Issaquah","0631","Issaquah Creek at SE 56th St","Temperature","7.45","deg C","1",,,,,,,,,"KCEL SOP# 245","2024-03-12T00:00:00.000","KCEL"
"222060",,"87717","L83368-7","2024-03-12T12:58:00.000",,"Streams and Rivers","Issaquah","A631","Issaquah Creek upstream of hatchery","Temperature","7.26","deg C","1",,,,,,,,,"KCEL SOP# 245","2024-03-12T00:00:00.000","KCEL"
"223062",,"87903","L83526-7","2024-04-09T08:45:00.000",,"Streams and Rivers","Issaquah","A631","Issaquah Creek upstream of hatchery","Temperature","8.73","deg C","1",,,,,,,,,"KCEL SOP# 245","2024-04-09T00:00:00.000","KCEL"
"223070",,"87901","L83526-9","2024-04-09T10:30:00.000",,"Streams and Rivers","Issaquah","0631","Issaquah Creek at SE 56th St","Temperature","9.18","deg C","1",,,,,,,,,"KCEL SOP# 245","2024-04-09T00:00:00.000","KCEL"
"223660",,"88069","L83656-9","2024-05-07T13:00:00.000",,"Streams and Rivers","Issaquah","0631","Issaquah Creek at SE 56th St","Temperature","9.73","deg C","1",,,,,,,,,"KCEL SOP# 245","2024-05-07T00:00:00.000","KCEL"
"223654",,"88076","L83656-7","2024-05-07T13:30:00.000",,"Streams and Rivers","Issaquah","A631","Issaquah Creek upstream of hatchery","Temperature","9.75","deg C","1",,,,,,,,,"KCEL SOP# 245","2024-05-07T00:00:00.000","KCEL"
"224325",,"88177","L83942-7","2024-06-11T12:38:00.000",,"Streams and Rivers","Issaquah","A631","Issaquah Creek upstream of hatchery","Temperature","12.7","deg C","1",,,,,,,,,"KCEL SOP# 245","2024-06-11T00:00:00.000","KCEL"
"224327",,"88187","L83942-9","2024-06-11T13:14:00.000",,"Streams and Rivers","Issaquah","0631","Issaquah Creek at SE 56th St","Temperature","14","deg C","1",,,,,,,,,"KCEL SOP# 245","2024-06-11T00:00:00.000","KCEL"
"224657",,"88296","L84161-7","2024-07-09T09:03:00.000",,"Streams and Rivers","Issaquah","A631","Issaquah Creek upstream of hatchery","Temperature","14.8","deg C","1",,,,,,,,,"KCEL SOP# 245","2024-07-09T00:00:00.000","KCEL"
"224659",,"88257","L84161-9","2024-07-09T09:40:00.000",,"Streams and Rivers","Issaquah","0631","Issaquah Creek at SE 56th St","Temperature","15.9","deg C","1",,,,,,,,,"KCEL SOP# 245","2024-07-09T00:00:00.000","KCEL"
"227440",,"88569","L84428-9","2024-08-13T14:24:00.000",,"Streams and Rivers","Issaquah","A631","Issaquah Creek upstream of hatchery","Temperature","15.8","deg C","1",,,,,,,,,"KCEL SOP# 245","2024-08-13T00:00:00.000","KCEL"
"227494",,"88553","L84428-11","2024-08-13T15:25:00.000",,"Streams and Rivers","Issaquah","0631","Issaquah Creek at SE 56th St","Temperature","16.1","deg C","1",,,,,,,,,"KCEL SOP# 245","2024-08-13T00:00:00.000","KCEL"
"227961",,"88701","L84583-9","2024-09-17T13:07:00.000",,"Streams and Rivers","Issaquah","A631","Issaquah Creek upstream of hatchery","Temperature","12.9","deg C","1",,,,,,,,,"KCEL SOP# 245","2024-09-17T00:00:00.000","KCEL"
"227981",,"88738","L84583-11","2024-09-17T13:40:00.000",,"Streams and Rivers","Issaquah","0631","Issaquah Creek at SE 56th St","Temperature","13.6","deg C","1",,,,,,,,,"KCEL SOP# 245","2024-09-17T00:00:00.000","KCEL"
"228477",,"88790","L84834-9","2024-10-15T12:33:00.000",,"Streams and Rivers","Issaquah","A631","Issaquah Creek upstream of hatchery","Temperature","12.2","deg C","1",,,,,,,,,"KCEL SOP# 245","2024-10-15T00:00:00.000","KCEL"
"228458",,"88830","L84834-11","2024-10-15T13:09:00.000",,"Streams and Rivers","Issaquah","0631","Issaquah Creek at SE 56th St","Temperature","12.6","deg C","1",,,,,,,,,"KCEL SOP# 245","2024-10-15T00:00:00.000","KCEL"
"229458",,"89029","L84999-9","2024-11-12T13:24:00.000",,"Streams and Rivers","Issaquah","A631","Issaquah Creek upstream of hatchery","Temperature","9.84","deg C","1",,,,,,,,,"KCEL SOP# 245","2024-11-12T00:00:00.000","KCEL"
"229434",,"88999","L84999-11","2024-11-12T14:18:00.000",,"Streams and Rivers","Issaquah","0631","Issaquah Creek at SE 56th St","Temperature","9.95","deg C","1",,,,,,,,,"KCEL SOP# 245","2024-11-12T00:00:00.000","KCEL"
"230122",,"89160","L85102-9","2024-12-10T13:30:00.000",,"Streams and Rivers","Issaquah","A631","Issaquah Creek upstream of hatchery","Temperature","5.69","deg C","1",,,,,,,,,"KCEL SOP# 245","2024-12-10T00:00:00.000","KCEL"
"230102",,"89151","L85102-11","2024-12-10T14:03:00.000",,"Streams and Rivers","Issaquah","0631","Issaquah Creek at SE 56th St","Temperature","5.86","deg C","1",,,,,,,,,"KCEL SOP# 245","2024-12-10T00:00:00.000","KCEL"
"230801",,"89352","L85325-9","2025-01-14T13:27:00.000",,"Streams and Rivers","Issaquah","A631","Issaquah Creek upstream of hatchery","Temperature","6.02","deg C","1",,,,,,,,,"KCEL SOP# 245","2025-01-14T00:00:00.000","KCEL"
"230791",,"89352","L85325-13","2025-01-14T13:28:00.000",,"Streams and Rivers","Issaquah","A631","Issaquah Creek upstream of hatchery","Temperature","6.03","deg C","1",,,,,,,,,"KCEL SOP# 245","2025-01-14T00:00:00.000","KCEL"
"230787",,"89327","L85325-11","2025-01-14T14:13:00.000",,"Streams and Rivers","Issaquah","0631","Issaquah Creek at SE 56th St","Temperature","6.19","deg C","1",,,,,,,,,"KCEL SOP# 245","2025-01-14T00:00:00.000","KCEL"
"231205",,"89443","L85490-7","2025-02-12T11:55:00.000",,"Streams and Rivers","Issaquah","A631","Issaquah Creek upstream of hatchery","Temperature","2.38","deg C","1",,,,,,,,,"KCEL SOP# 245","2025-02-12T00:00:00.000","KCEL"
"231211",,"89513","L85490-9","2025-02-12T12:31:00.000",,"Streams and Rivers","Issaquah","0631","Issaquah Creek at SE 56th St","Temperature","2.61","deg C","1",,,,,,,,,"KCEL SOP# 245","2025-02-12T00:00:00.000","KCEL"
"232204",,"89741","L85604-7","2025-03-12T11:33:00.000",,"Streams and Rivers","Issaquah","A631","Issaquah Creek upstream of hatchery","Temperature","7.54","deg C","1",,,,,,,,,"KCEL SOP# 245","2025-03-12T00:00:00.000","KCEL"
"232208",,"89709","L85604-9","2025-03-12T12:33:00.000",,"Streams and Rivers","Issaquah","0631","Issaquah Creek at SE 56th St","Temperature","7.83","deg C","1",,,,,,,,,"KCEL SOP# 245","2025-03-12T00:00:00.000","KCEL"
"232194",,"89709","L85604-12","2025-03-12T12:36:00.000",,"Streams and Rivers","Issaquah","0631","Issaquah Creek at SE 56th St","Temperature","7.84","deg C","1",,,,,,,,,"KCEL SOP# 245","2025-03-12T00:00:00.000","KCEL"
"232599",,"89827","L85753-7","2025-04-16T12:27:00.000",,"Streams and Rivers","Issaquah","A631","Issaquah Creek upstream of hatchery","Temperature","10.2","deg C","1",,,,,,,,,"KCEL SOP# 245","2025-04-16T00:00:00.000","KCEL"
"232603",,"89813","L85753-9","2025-04-16T13:10:00.000",,"Streams and Rivers","Issaquah","0631","Issaquah Creek at SE 56th St","Temperature","10.7","deg C","1",,,,,,,,,"KCEL SOP# 245","2025-04-16T00:00:00.000","KCEL"
"232877",,"89958","L85999-7","2025-05-14T13:21:00.000",,"Streams and Rivers","Issaquah","A631","Issaquah Creek upstream of hatchery","Temperature","11.3","deg C","1",,,,,,,,,"KCEL SOP# 245","2025-05-14T00:00:00.000","KCEL"
"232881",,"89919","L85999-9","2025-05-14T14:20:00.000",,"Streams and Rivers","Issaquah","0631","Issaquah Creek at SE 56th St","Temperature","11.8","deg C","1",,,,,,,,,"KCEL SOP# 245","2025-05-14T00:00:00.000","KCEL"
"233805",,"90078","L86194-7","2025-06-11T12:07:00.000",,"Streams and Rivers","Issaquah","A631","Issaquah Creek upstream of hatchery","Temperature","15.2","deg C","1",,,,,,,,,"KCEL SOP# 245","2025-06-11T00:00:00.000","KCEL"
"233807",,"90075","L86194-9","2025-06-11T12:56:00.000",,"Streams and Rivers","Issaquah","0631","Issaquah Creek at SE 56th St","Temperature","16.2","deg C","1",,,,,,,,,"KCEL SOP# 245","2025-06-11T00:00:00.000","KCEL"
"234195",,"90162","L86413-7","2025-07-16T11:37:00.000",,"Streams and Rivers","Issaquah","A631","Issaquah Creek upstream of hatchery","Temperature","16.7","deg C","1",,,,,,,,,"KCEL SOP# 245","2025-07-16T00:00:00.000","KCEL"
"234197",,"90188","L86413-9","2025-07-16T12:27:00.000",,"Streams and Rivers","Issaquah","0631","Issaquah Creek at SE 56th St","Temperature","18","deg C","1",,,,,,,,,"KCEL SOP# 245","2025-07-16T00:00:00.000","KCEL"
"234729",,"90348","L86629-7","2025-08-13T11:29:00.000",,"Streams and Rivers","Issaquah","A631","Issaquah Creek upstream of hatchery","Temperature","16.6","deg C","1",,,,,,,,,"KCEL SOP# 245","2025-08-13T00:00:00.000","KCEL"
"234735",,"90333","L86629-9","2025-08-13T12:19:00.000",,"Streams and Rivers","Issaquah","0631","Issaquah Creek at SE 56th St","Temperature","17.9","deg C","1",,,,,,,,,"KCEL SOP# 245","2025-08-13T00:00:00.000","KCEL"
"235294",,"90448","L86765-7","2025-09-10T13:47:00.000",,"Streams and Rivers","Issaquah","A631","Issaquah Creek upstream of hatchery","Temperature","15.9","deg C","1",,,,,,,,,"KCEL SOP# 245","2025-09-10T00:00:00.000","KCEL"
"235203",,"90462","L86765-9","2025-09-10T14:28:00.000",,"Streams and Rivers","Issaquah","0631","Issaquah Creek at SE 56th St","Temperature","16.3","deg C","1",,,,,,,,,"KCEL SOP# 245","2025-09-10T00:00:00.000","KCEL"
"236625",,"90763","L86863-7","2025-10-15T10:37:00.000",,"Streams and Rivers","Issaquah","A631","Issaquah Creek upstream of hatchery","Temperature","7.93","deg C","1",,,,,,,,,"KCEL SOP# 245","2025-10-15T00:00:00.000","KCEL"
"236629",,"90729","L86863-9","2025-10-15T11:33:00.000",,"Streams and Rivers","Issaquah","0631","Issaquah Creek at SE 56th St","Temperature","8.2","deg C","1",,,,,,,,,"KCEL SOP# 245","2025-10-15T00:00:00.000","KCEL"
"237539",,"90934","L87308-7","2025-11-12T11:36:00.000",,"Streams and Rivers","Issaquah","A631","Issaquah Creek upstream of hatchery","Temperature","9.63","deg C","1",,,,,,,,,"KCEL SOP# 245","2025-11-12T00:00:00.000","KCEL"
"237555",,"90940","L87308-9","2025-11-12T12:30:00.000",,"Streams and Rivers","Issaquah","0631","Issaquah Creek at SE 56th St","Temperature","9.91","deg C","1",,,,,,,,,"KCEL SOP# 245","2025-11-12T00:00:00.000","KCEL"
"238216",,"91132","L87456-7","2025-12-08T11:36:00.000",,"Streams and Rivers","Issaquah","A631","Issaquah Creek upstream of hatchery","Temperature","9.32","deg C","1",,,,,,,,,"KCEL SOP# 245","2025-12-08T00:00:00.000","KCEL"
"238221",,"91071","L87456-9","2025-12-08T12:29:00.000",,"Streams and Rivers","Issaquah","0631","Issaquah Creek at SE 56th St","Temperature","9.58","deg C","1",,,,,,,,,"KCEL SOP# 245","2025-12-08T00:00:00.000","KCEL"
"238757",,"91304","L87597-7","2026-01-14T12:04:00.000",,"Streams and Rivers","Issaquah","A631","Issaquah Creek upstream of hatchery","Temperature","8.31","deg C","1",,,,,,,,,"KCEL SOP# 245","2026-01-14T00:00:00.000","KCEL"
"238762",,"91280","L87597-9","2026-01-14T12:46:00.000",,"Streams and Rivers","Issaquah","0631","Issaquah Creek at SE 56th St","Temperature","8.72","deg C","1",,,,,,,,,"KCEL SOP# 245","2026-01-14T00:00:00.000","KCEL"
"239275",,"91445","L87708-7","2026-02-11T11:20:00.000",,"Streams and Rivers","Issaquah","A631","Issaquah Creek upstream of hatchery","Temperature","6.67","deg C","1",,,,,,,,,"KCEL SOP# 245","2026-02-11T00:00:00.000","KCEL"
"239277",,"91463","L87708-9","2026-02-11T11:56:00.000",,"Streams and Rivers","Issaquah","0631","Issaquah Creek at SE 56th St","Temperature","6.68","deg C","1",,,,,,,,,"KCEL SOP# 245","2026-02-11T00:00:00.000","KCEL"
"240191",,"91670","L87912-7","2026-03-11T12:50:00.000",,"Streams and Rivers","Issaquah","A631","Issaquah Creek upstream of hatchery","Temperature","6.81","deg C","1",,,,,,,,,"KCEL SOP# 245","2026-03-11T00:00:00.000","KCEL"
"240193",,"91663","L87912-9","2026-03-11T13:25:00.000",,"Streams and Rivers","Issaquah","0631","Issaquah Creek at SE 56th St","Temperature","6.92","deg C","1",,,,,,,,,"KCEL SOP# 245","2026-03-11T00:00:00.000","KCEL"
"240562",,"91731","L88169-7","2026-04-15T13:00:00.000",,"Streams and Rivers","Issaquah","A631","Issaquah Creek upstream of hatchery","Temperature","8.65","deg C","1",,,,,,,,,"KCEL SOP# 245","2026-04-15T00:00:00.000","KCEL"
"240564",,"91746","L88169-9","2026-04-15T13:45:00.000",,"Streams and Rivers","Issaquah","0631","Issaquah Creek at SE 56th St","Temperature","8.88","deg C","1",,,,,,,,,"KCEL SOP# 245","2026-04-15T00:00:00.000","KCEL"
"241141",,"91922","L88378-7","2026-05-13T12:20:00.000",,"Streams and Rivers","Issaquah","A631","Issaquah Creek upstream of hatchery","Temperature","12.1","deg C","1",,,,,,,,,"KCEL SOP# 245","2026-05-13T00:00:00.000","KCEL"
"241152",,"91953","L88378-9","2026-05-13T12:47:00.000",,"Streams and Rivers","Issaquah","0631","Issaquah Creek at SE 56th St","Temperature","12.5","deg C","1",,,,,,,,,"KCEL SOP# 245","2026-05-13T00:00:00.000","KCEL"
