"event","type","date","facility","remote_facility","trapsite","plant_location","adult_count","male_count","female_count","jack_count","non_viable_female_count","egg_take_count","species","run","stock","origin","adult_mark_type_id","brood_year","cwt_method_checked_lut_id","cwt_checked_ind","cwt_reason_not_checked_lut","cwt_reason_not_checked_txt","cwt_present_ind","cwt_collected_ind","cwt_reason_not_collected","cwt_reason_uncollected_lut","tagged_males","tagged_females","tagged_jacks"
"Adult Mortality Event","","1995-09-25T00:00:00.000","ISSAQUAH HATCHERY","","","","0","3","8","0","0","0","Chinook","Fall","Issaquah Creek","HATCHERY","28","1995",,"true",,,"false","false",,,"0","0","0"
"Parent Spawn Event","Lethal","1995-09-26T00:00:00.000","ISSAQUAH HATCHERY","","","","0","22","36","0","0","0","Chinook","Fall","Issaquah Creek","HATCHERY","2","1995",,"true",,,"true","true",,,"0","0","0"
"Adult Mortality Event","","1995-09-26T00:00:00.000","ISSAQUAH HATCHERY","","","","0","6","3","0","0","0","Chinook","Fall","Issaquah Creek","HATCHERY","2","1995",,"true",,,"true","true",,,"0","0","0"
"EggTake","","1995-09-26T00:00:00.000","ISSAQUAH HATCHERY","","","","0","0","0","0","0","149700","Chinook","Fall","Issaquah Creek","HATCHERY",,"1995",,"false",,,"false","false",,,"0","0","0"
"Adult Surplus Event","","1995-09-26T00:00:00.000","ISSAQUAH HATCHERY","","","","0","67","0","5","0","0","Chinook","Fall","Issaquah Creek","HATCHERY","2","1995",,"true",,,"true","true",,,"0","1","0"
"Adult Surplus Event","","1995-09-29T00:00:00.000","ISSAQUAH HATCHERY","","","","0","136","0","67","0","0","Chinook","Fall","Issaquah Creek","HATCHERY","28","1995",,"true",,,"false","false",,,"0","0","0"
"Adult Mortality Event","","1995-09-29T00:00:00.000","ISSAQUAH HATCHERY","","","","0","5","6","2","0","0","Chinook","Fall","Issaquah Creek","HATCHERY","28","1995",,"true",,,"false","false",,,"0","0","0"
"EggTake","","1995-09-29T00:00:00.000","ISSAQUAH HATCHERY","","","","0","0","0","0","0","241500","Chinook","Fall","Issaquah Creek","HATCHERY",,"1995",,"false",,,"false","false",,,"0","0","0"
"Parent Spawn Event","Lethal","1995-09-29T00:00:00.000","ISSAQUAH HATCHERY","","","","0","48","56","0","0","0","Chinook","Fall","Issaquah Creek","HATCHERY","28","1995",,"true",,,"false","false",,,"0","0","0"
"Adult Mortality Event","","1995-10-02T00:00:00.000","ISSAQUAH HATCHERY","","","","0","6","16","2","0","0","Chinook","Fall","Issaquah Creek","HATCHERY","28","1995",,"false",,,"false","false",,,"0","0","0"
"EggTake","","1995-10-02T00:00:00.000","ISSAQUAH HATCHERY","","","","0","0","0","0","0","421000","Chinook","Fall","Issaquah Creek","HATCHERY",,"1995",,"false",,,"false","false",,,"0","0","0"
"Adult Surplus Event","","1995-10-02T00:00:00.000","ISSAQUAH HATCHERY","","","","0","0","0","538","0","0","Coho","NA","Issaquah Creek","HATCHERY","28","1995",,"false",,,"false","false",,,"0","0","0"
"Adult Surplus Event","","1995-10-02T00:00:00.000","ISSAQUAH HATCHERY","","","","0","4","0","0","0","0","Chinook","Fall","Issaquah Creek","HATCHERY","28","1995",,"false",,,"false","false",,,"0","0","0"
"Adult Surplus Event","","1995-10-02T00:00:00.000","ISSAQUAH HATCHERY","","","","0","89","0","58","0","0","Chinook","Fall","Issaquah Creek","HATCHERY","28","1995",,"false",,,"false","false",,,"0","0","0"
"Parent Spawn Event","Lethal","1995-10-02T00:00:00.000","ISSAQUAH HATCHERY","","","","0","68","92","0","0","0","Chinook","Fall","Issaquah Creek","HATCHERY","28","1995",,"false",,,"false","false",,,"0","0","0"
"Parent Spawn Event","Lethal","1995-10-05T00:00:00.000","ISSAQUAH HATCHERY","","","","0","66","108","0","0","0","Chinook","Fall","Issaquah Creek","HATCHERY","28","1995",,"false",,,"false","false",,,"0","0","0"
"Adult Surplus Event","","1995-10-05T00:00:00.000","ISSAQUAH HATCHERY","","","","0","0","0","60","0","0","Chinook","Fall","Issaquah Creek","HATCHERY","28","1995",,"false",,,"false","false",,,"0","0","0"
"Adult Surplus Event","","1995-10-05T00:00:00.000","ISSAQUAH HATCHERY","","","","0","0","0","301","0","0","Coho","NA","Issaquah Creek","HATCHERY","28","1995",,"false",,,"false","false",,,"0","0","0"
"Adult Surplus Event","","1995-10-05T00:00:00.000","ISSAQUAH HATCHERY","","","","0","2","1","0","0","0","Chinook","Fall","Issaquah Creek","HATCHERY","28","1995",,"false",,,"false","false",,,"0","0","0"
"Adult Mortality Event","","1995-10-05T00:00:00.000","ISSAQUAH HATCHERY","","","","0","11","21","1","0","0","Chinook","Fall","Issaquah Creek","HATCHERY","28","1995",,"false",,,"false","false",,,"0","0","0"
"Adult Mortality Event","","1995-10-05T00:00:00.000","ISSAQUAH HATCHERY","","","","0","0","5","0","0","0","Coho","NA","Issaquah Creek","HATCHERY","28","1995",,"false",,,"false","false",,,"0","0","0"
"EggTake","","1995-10-05T00:00:00.000","ISSAQUAH HATCHERY","","","","0","0","0","0","0","501000","Chinook","Fall","Issaquah Creek","HATCHERY",,"1995",,"false",,,"false","false",,,"0","0","0"
"Adult Mortality Event","","1995-10-09T00:00:00.000","ISSAQUAH HATCHERY","","","","0","1","3","2","0","0","Coho","NA","Issaquah Creek","HATCHERY","28","1995",,"false",,,"false","false",,,"0","0","0"
"Adult Surplus Event","","1995-10-09T00:00:00.000","ISSAQUAH HATCHERY","","","","0","0","0","59","0","0","Chinook","Fall","Issaquah Creek","HATCHERY","28","1995",,"false",,,"false","false",,,"0","0","0"
"EggTake","","1995-10-09T00:00:00.000","ISSAQUAH HATCHERY","","","","0","0","0","0","0","852000","Chinook","Fall","Issaquah Creek","HATCHERY",,"1995",,"false",,,"false","false",,,"0","0","0"
"Adult Mortality Event","","1995-10-09T00:00:00.000","ISSAQUAH HATCHERY","","","","0","40","41","2","0","0","Chinook","Fall","Issaquah Creek","HATCHERY","28","1995",,"false",,,"false","false",,,"0","0","0"
"Parent Spawn Event","Lethal","1995-10-09T00:00:00.000","ISSAQUAH HATCHERY","","","","0","131","185","0","0","0","Chinook","Fall","Issaquah Creek","HATCHERY","28","1995",,"false",,,"false","false",,,"0","0","0"
"Adult Mortality Event","","1995-10-12T00:00:00.000","ISSAQUAH HATCHERY","","","","0","37","18","3","0","0","Chinook","Fall","Issaquah Creek","HATCHERY","28","1995",,"false",,,"false","false",,,"0","0","0"
"Parent Spawn Event","Lethal","1995-10-12T00:00:00.000","ISSAQUAH HATCHERY","","","","0","78","122","0","0","0","Chinook","Fall","Issaquah Creek","HATCHERY","28","1995",,"false",,,"false","false",,,"0","0","0"
"Adult Plant Event","","1995-10-12T00:00:00.000","ISSAQUAH HATCHERY","","","","0","500","500","0","0","0","Coho","NA","Issaquah Creek","HATCHERY","28","1995",,"false",,,"false","false",,,"0","0","0"
"Adult Surplus Event","","1995-10-12T00:00:00.000","ISSAQUAH HATCHERY","","","","0","0","0","447","0","0","Coho","NA","Issaquah Creek","HATCHERY","28","1995",,"false",,,"false","false",,,"0","0","0"
"EggTake","","1995-10-12T00:00:00.000","ISSAQUAH HATCHERY","","","","0","0","0","0","0","534800","Chinook","Fall","Issaquah Creek","HATCHERY",,"1995",,"false",,,"false","false",,,"0","0","0"
"Adult Mortality Event","","1995-10-12T00:00:00.000","ISSAQUAH HATCHERY","","","","0","4","5","4","0","0","Coho","NA","Issaquah Creek","HATCHERY","28","1995",,"false",,,"false","false",,,"0","0","0"
"Adult Surplus Event","","1995-10-16T00:00:00.000","ISSAQUAH HATCHERY","","","","0","1","0","0","0","0","Chinook","Fall","Issaquah Creek","HATCHERY","28","1995",,"false",,,"false","false",,,"0","0","0"
"Parent Spawn Event","Lethal","1995-10-16T00:00:00.000","ISSAQUAH HATCHERY","","","","0","27","35","0","0","0","Chinook","Fall","Issaquah Creek","HATCHERY","28","1995",,"false",,,"false","false",,,"0","0","0"
"Adult Surplus Event","","1995-10-16T00:00:00.000","ISSAQUAH HATCHERY","","","","0","92","406","555","0","0","Coho","NA","Issaquah Creek","HATCHERY","28","1995",,"false",,,"false","false",,,"0","0","0"
"Adult Surplus Event","","1995-10-16T00:00:00.000","ISSAQUAH HATCHERY","","","","0","11","1","0","0","0","Chinook","Fall","Issaquah Creek","HATCHERY","28","1995",,"false",,,"false","false",,,"0","0","0"
"Adult Mortality Event","","1995-10-16T00:00:00.000","ISSAQUAH HATCHERY","","","","0","4","11","0","0","0","Coho","NA","Issaquah Creek","HATCHERY","28","1995",,"false",,,"false","false",,,"0","0","0"
"Adult Plant Event","","1995-10-16T00:00:00.000","ISSAQUAH HATCHERY","","","","0","500","500","0","0","0","Coho","NA","Issaquah Creek","HATCHERY","28","1995",,"false",,,"false","false",,,"0","0","0"
"EggTake","","1995-10-16T00:00:00.000","ISSAQUAH HATCHERY","","","","0","0","0","0","0","146800","Chinook","Fall","Issaquah Creek","HATCHERY",,"1995",,"false",,,"false","false",,,"0","0","0"
"Adult Mortality Event","","1995-10-16T00:00:00.000","ISSAQUAH HATCHERY","","","","0","41","30","2","0","0","Chinook","Fall","Issaquah Creek","HATCHERY","28","1995",,"false",,,"false","false",,,"0","0","0"
"Adult Mortality Event","","1995-10-19T00:00:00.000","ISSAQUAH HATCHERY","","","","0","36","13","1","0","0","Chinook","Fall","Issaquah Creek","HATCHERY","28","1995",,"false",,,"false","false",,,"0","0","0"
"Adult Surplus Event","","1995-10-19T00:00:00.000","ISSAQUAH HATCHERY","","","","0","1","1","0","0","0","Coho","NA","Issaquah Creek","HATCHERY","28","1995",,"false",,,"false","false",,,"0","0","0"
"EggTake","","1995-10-19T00:00:00.000","ISSAQUAH HATCHERY","","","","0","0","0","0","0","112000","Chinook","Fall","Issaquah Creek","HATCHERY",,"1995",,"false",,,"false","false",,,"0","0","0"
"Adult Surplus Event","","1995-10-19T00:00:00.000","ISSAQUAH HATCHERY","","","","0","519","670","384","0","0","Coho","NA","Issaquah Creek","HATCHERY","28","1995",,"false",,,"false","false",,,"0","0","0"
"Adult Surplus Event","","1995-10-19T00:00:00.000","ISSAQUAH HATCHERY","","","","0","1","1","0","0","0","Coho","NA","Issaquah Creek","HATCHERY","28","1995",,"false",,,"false","false",,,"0","0","0"
"Adult Mortality Event","","1995-10-19T00:00:00.000","ISSAQUAH HATCHERY","","","","0","3","9","0","0","0","Coho","NA","Issaquah Creek","HATCHERY","28","1995",,"false",,,"false","false",,,"0","0","0"
"Parent Spawn Event","Lethal","1995-10-19T00:00:00.000","ISSAQUAH HATCHERY","","","","0","7","26","1","0","0","Chinook","Fall","Issaquah Creek","HATCHERY","28","1995",,"false",,,"false","false",,,"0","0","0"
"Adult Plant Event","","1995-10-19T00:00:00.000","ISSAQUAH HATCHERY","","","","0","250","250","0","0","0","Coho","NA","Issaquah Creek","HATCHERY","28","1995",,"false",,,"false","false",,,"0","0","0"
"Adult Mortality Event","","1995-10-23T00:00:00.000","ISSAQUAH HATCHERY","","","","0","3","13","3","0","0","Coho","NA","Issaquah Creek","HATCHERY","28","1995",,"false",,,"false","false",,,"0","0","0"
"EggTake","","1995-10-23T00:00:00.000","ISSAQUAH HATCHERY","","","","0","0","0","0","0","78500","Chinook","Fall","Issaquah Creek","HATCHERY",,"1995",,"false",,,"false","false",,,"0","0","0"
"Adult Mortality Event","","1995-10-23T00:00:00.000","ISSAQUAH HATCHERY","","","","0","25","26","0","0","0","Chinook","Fall","Issaquah Creek","HATCHERY","28","1995",,"false",,,"false","false",,,"0","0","0"
"Adult Surplus Event","","1995-10-23T00:00:00.000","ISSAQUAH HATCHERY","","","","0","787","1147","439","0","0","Coho","NA","Issaquah Creek","HATCHERY","28","1995",,"false",,,"false","false",,,"0","0","0"
"Parent Spawn Event","Lethal","1995-10-23T00:00:00.000","ISSAQUAH HATCHERY","","","","0","11","17","0","0","0","Chinook","Fall","Issaquah Creek","HATCHERY","28","1995",,"false",,,"false","false",,,"0","0","0"
"Adult Surplus Event","","1995-10-23T00:00:00.000","ISSAQUAH HATCHERY","","","","0","1","0","0","0","0","Chinook","Fall","Issaquah Creek","HATCHERY","28","1995",,"false",,,"false","false",,,"0","0","0"
"Parent Spawn Event","Lethal","1995-11-06T00:00:00.000","ISSAQUAH HATCHERY","","","","0","68","152","0","0","0","Coho","NA","Issaquah Creek","HATCHERY","28","1995",,"false",,,"false","false",,,"0","0","0"
"EggTake","","1995-11-06T00:00:00.000","ISSAQUAH HATCHERY","","","","0","0","0","0","0","489000","Coho","NA","Issaquah Creek","HATCHERY",,"1995",,"false",,,"false","false",,,"0","0","0"
"Parent Spawn Event","Lethal","1995-11-06T00:00:00.000","ISSAQUAH HATCHERY","","","","0","68","33","0","15","0","Coho","NA","Issaquah Creek","HATCHERY","28","1995",,"false",,,"false","false",,,"0","0","0"
"Adult Mortality Event","","1995-11-06T00:00:00.000","ISSAQUAH HATCHERY","","","","0","2","32","7","0","0","Coho","NA","Issaquah Creek","HATCHERY","28","1995",,"false",,,"false","false",,,"0","0","0"
"Adult Surplus Event","","1995-11-06T00:00:00.000","ISSAQUAH HATCHERY","","","","0","3","1","0","0","0","Coho","NA","Issaquah Creek","HATCHERY","28","1995",,"false",,,"false","false",,,"0","0","0"
"Adult Mortality Event","","1995-11-06T00:00:00.000","ISSAQUAH HATCHERY","","","","0","11","56","7","0","0","Chinook","Fall","Issaquah Creek","HATCHERY","28","1995",,"false",,,"false","false",,,"0","0","0"
"Adult Surplus Event","","1995-11-06T00:00:00.000","ISSAQUAH HATCHERY","","","","0","0","0","645","0","0","Coho","NA","Issaquah Creek","HATCHERY","28","1995",,"false",,,"false","false",,,"0","0","0"
"Adult Surplus Event","","1995-11-08T00:00:00.000","ISSAQUAH HATCHERY","","","","0","1864","2161","1292","0","0","Coho","NA","Issaquah Creek","HATCHERY","28","1995",,"false",,,"false","false",,,"0","0","0"
"Parent Spawn Event","Lethal","1995-11-09T00:00:00.000","ISSAQUAH HATCHERY","","","","0","292","278","0","27","0","Coho","NA","Issaquah Creek","HATCHERY","28","1995",,"false",,,"false","false",,,"0","0","0"
"Adult Surplus Event","","1995-11-09T00:00:00.000","ISSAQUAH HATCHERY","","","","0","174","134","333","0","0","Coho","NA","Issaquah Creek","HATCHERY","28","1995",,"false",,,"false","false",,,"0","0","0"
"Adult Plant Event","","1995-11-09T00:00:00.000","ISSAQUAH HATCHERY","","","","0","4350","4350","0","0","0","Coho","NA","Issaquah Creek","HATCHERY","28","1995",,"false",,,"false","false",,,"0","0","0"
"EggTake","","1995-11-09T00:00:00.000","ISSAQUAH HATCHERY","","","","0","0","0","0","0","675000","Coho","NA","Issaquah Creek","HATCHERY",,"1995",,"false",,,"false","false",,,"0","0","0"
"Adult Mortality Event","","1995-11-09T00:00:00.000","ISSAQUAH HATCHERY","","","","0","85","213","13","0","0","Coho","NA","Issaquah Creek","HATCHERY","28","1995",,"false",,,"false","false",,,"0","0","0"
"Parent Spawn Event","Lethal","1995-11-13T00:00:00.000","ISSAQUAH HATCHERY","","","","0","475","569","0","39","0","Coho","NA","Issaquah Creek","HATCHERY","28","1995",,"false",,,"false","false",,,"0","0","0"
"Adult Surplus Event","","1995-11-13T00:00:00.000","ISSAQUAH HATCHERY","","","","0","871","515","508","0","0","Coho","NA","Issaquah Creek","HATCHERY","28","1995",,"false",,,"false","false",,,"0","0","0"
"Adult Surplus Event","","1995-11-13T00:00:00.000","ISSAQUAH HATCHERY","","","","0","1","1","0","0","0","Coho","NA","Issaquah Creek","HATCHERY","28","1995",,"false",,,"false","false",,,"0","0","0"
"Adult Mortality Event","","1995-11-13T00:00:00.000","ISSAQUAH HATCHERY","","","","0","20","29","5","0","0","Coho","NA","Issaquah Creek","HATCHERY","28","1995",,"false",,,"false","false",,,"0","0","0"
"Adult Surplus Event","","1995-11-13T00:00:00.000","ISSAQUAH HATCHERY","","","","0","0","1","0","0","0","Coho","NA","Issaquah Creek","HATCHERY","28","1995",,"false",,,"false","false",,,"0","0","0"
"EggTake","","1995-11-13T00:00:00.000","ISSAQUAH HATCHERY","","","","0","0","0","0","0","1683000","Coho","NA","Issaquah Creek","HATCHERY",,"1995",,"false",,,"false","false",,,"0","0","0"
"EggTake","","1995-11-14T00:00:00.000","ISSAQUAH HATCHERY","","","","0","0","0","0","0","535000","Coho","NA","Issaquah Creek","HATCHERY",,"1995",,"false",,,"false","false",,,"0","0","0"
"EggTake","","1995-11-14T00:00:00.000","ISSAQUAH HATCHERY","","","","0","0","0","0","0","200","Coho","NA","Issaquah Creek","HATCHERY",,"1995",,"false",,,"false","false",,,"0","0","0"
"Adult Surplus Event","","1995-11-14T00:00:00.000","ISSAQUAH HATCHERY","","","","0","3","4","0","0","0","Coho","NA","Issaquah Creek","HATCHERY","28","1995",,"false",,,"false","false",,,"0","0","0"
"EggTake","","1995-11-14T00:00:00.000","ISSAQUAH HATCHERY","","","","0","0","0","0","0","200","Coho","NA","Issaquah Creek","HATCHERY",,"1995",,"false",,,"false","false",,,"0","0","0"
"EggTake","","1995-11-14T00:00:00.000","ISSAQUAH HATCHERY","","","","0","0","0","0","0","200","Coho","NA","Issaquah Creek","HATCHERY",,"1995",,"false",,,"false","false",,,"0","0","0"
"Adult Surplus Event","","1995-11-14T00:00:00.000","ISSAQUAH HATCHERY","","","","0","0","0","137","0","0","Coho","NA","Issaquah Creek","HATCHERY","28","1995",,"false",,,"false","false",,,"0","0","0"
"Adult Mortality Event","","1995-11-14T00:00:00.000","ISSAQUAH HATCHERY","","","","0","1","17","1","0","0","Coho","NA","Issaquah Creek","HATCHERY","28","1995",,"false",,,"false","false",,,"0","0","0"
"Parent Spawn Event","Lethal","1995-11-14T00:00:00.000","ISSAQUAH HATCHERY","","","","0","145","185","0","8","0","Coho","NA","Issaquah Creek","HATCHERY","28","1995",,"false",,,"false","false",,,"0","0","0"
"EggTake","","1995-11-20T00:00:00.000","ISSAQUAH HATCHERY","","","","0","0","0","0","0","500","Coho","NA","Issaquah Creek","HATCHERY",,"1995",,"false",,,"false","false",,,"0","0","0"
"Adult Mortality Event","","1995-11-20T00:00:00.000","ISSAQUAH HATCHERY","","","","0","12","25","11","0","0","Coho","NA","Issaquah Creek","HATCHERY","28","1995",,"true",,,"false","false",,,"0","0","0"
"EggTake","","1995-11-20T00:00:00.000","ISSAQUAH HATCHERY","","","","0","0","0","0","0","500","Coho","NA","Issaquah Creek","HATCHERY",,"1995",,"false",,,"false","false",,,"0","0","0"
"Adult Surplus Event","","1995-11-20T00:00:00.000","ISSAQUAH HATCHERY","","","","0","1148","1484","674","0","0","Coho","NA","Issaquah Creek","HATCHERY","28","1995",,"true",,,"false","false",,,"0","0","0"
"EggTake","","1995-11-20T00:00:00.000","ISSAQUAH HATCHERY","","","","0","0","0","0","0","163000","Coho","NA","Issaquah Creek","HATCHERY",,"1995",,"false",,,"false","false",,,"0","0","0"
"Parent Spawn Event","Lethal","1995-11-20T00:00:00.000","ISSAQUAH HATCHERY","","","","0","87","125","0","0","0","Coho","NA","Issaquah Creek","HATCHERY","28","1995",,"true",,,"false","false",,,"0","0","0"
"EggTake","","1995-11-20T00:00:00.000","ISSAQUAH HATCHERY","","","","0","0","0","0","0","214000","Coho","NA","Issaquah Creek","HATCHERY",,"1995",,"false",,,"false","false",,,"0","0","0"
"Adult Mortality Event","","1995-11-21T00:00:00.000","ISSAQUAH HATCHERY","","","","0","7","6","2","0","0","Coho","NA","Issaquah Creek","HATCHERY","28","1995",,"true",,,"false","false",,,"0","0","0"
"Parent Spawn Event","Lethal","1995-11-21T00:00:00.000","ISSAQUAH HATCHERY","","","","0","0","1","0","0","0","Coho","NA","Issaquah Creek","HATCHERY","28","1995",,"true",,,"false","false",,,"0","0","0"
"Adult Surplus Event","","1995-11-21T00:00:00.000","ISSAQUAH HATCHERY","","","","0","1521","2184","1152","0","0","Coho","NA","Issaquah Creek","HATCHERY","28","1995",,"true",,,"false","false",,,"0","0","0"
"Parent Spawn Event","Lethal","1995-11-22T00:00:00.000","ISSAQUAH HATCHERY","","","","0","13","13","0","0","0","Coho","NA","Issaquah Creek","HATCHERY","28","1995",,"false",,,"false","false",,,"0","0","0"
"EggTake","","1995-11-22T00:00:00.000","ISSAQUAH HATCHERY","","","","0","0","0","0","0","3000","Coho","NA","Issaquah Creek","HATCHERY",,"1995",,"false",,,"false","false",,,"0","0","0"
"Adult Surplus Event","","1995-11-27T00:00:00.000","ISSAQUAH HATCHERY","","","","0","652","705","309","0","0","Coho","NA","Issaquah Creek","HATCHERY","28","1995",,"true",,,"false","false",,,"0","0","0"
"Adult Mortality Event","","1995-11-27T00:00:00.000","ISSAQUAH HATCHERY","","","","0","5","6","0","0","0","Coho","NA","Issaquah Creek","HATCHERY","28","1995",,"true",,,"false","false",,,"0","0","0"
"EggTake","","1995-11-29T00:00:00.000","ISSAQUAH HATCHERY","","","","0","0","0","0","0","4500","Chinook","Fall","Issaquah Creek","HATCHERY",,"1995",,"false",,,"false","false",,,"0","0","0"
"Adult Surplus Event","","1996-09-24T00:00:00.000","ISSAQUAH HATCHERY","","","","0","4","0","0","0","0","Chinook","Fall","Issaquah Creek","HATCHERY","28","1996",,"true",,,"false","false",,,"0","0","0"
"Adult Plant Event","","1996-09-30T00:00:00.000","ISSAQUAH HATCHERY","","","","0","75","75","0","0","0","Chinook","Fall","Issaquah Creek","HATCHERY","28","1996",,"true",,,"false","false",,,"0","0","0"
"Parent Spawn Event","Lethal","1996-09-30T00:00:00.000","ISSAQUAH HATCHERY","","","","0","30","25","1","0","0","Chinook","Fall","Issaquah Creek","HATCHERY","28","1996",,"true",,,"false","false",,,"0","0","0"
"EggTake","","1996-09-30T00:00:00.000","ISSAQUAH HATCHERY","","","","0","0","0","0","0","85600","Chinook","Fall","Issaquah Creek","HATCHERY",,"1996",,"false",,,"false","false",,,"0","0","0"
"Adult Mortality Event","","1996-09-30T00:00:00.000","ISSAQUAH HATCHERY","","","","0","6","7","0","0","0","Chinook","Fall","Issaquah Creek","HATCHERY","28","1996",,"true",,,"false","false",,,"0","0","0"
"Adult Surplus Event","","1996-10-07T00:00:00.000","ISSAQUAH HATCHERY","","","","0","112","0","0","0","0","Chinook","Fall","Issaquah Creek","HATCHERY","28","1996",,"true",,,"false","false",,,"0","0","0"
"Adult Mortality Event","","1996-10-07T00:00:00.000","ISSAQUAH HATCHERY","","","","0","7","0","0","0","0","Coho","NA","Issaquah Creek","HATCHERY","28","1996",,"true",,,"false","false",,,"0","0","0"
"Parent Spawn Event","Lethal","1996-10-07T00:00:00.000","ISSAQUAH HATCHERY","","","","0","66","64","1","2","0","Chinook","Fall","Issaquah Creek","HATCHERY","28","1996",,"true",,,"false","false",,,"0","0","0"
"Adult Plant Event","","1996-10-07T00:00:00.000","ISSAQUAH HATCHERY","","","","0","686","1170","0","0","0","Coho","NA","Issaquah Creek","HATCHERY","28","1996",,"true",,,"false","false",,,"0","0","0"
"Adult Surplus Event","","1996-10-07T00:00:00.000","ISSAQUAH HATCHERY","","","","0","0","1","0","0","0","Coho","NA","Issaquah Creek","HATCHERY","28","1996",,"true",,,"false","false",,,"0","0","0"
"Adult Surplus Event","","1996-10-07T00:00:00.000","ISSAQUAH HATCHERY","","","","0","1","0","0","0","0","Chinook","Fall","Issaquah Creek","HATCHERY","28","1996",,"true",,,"false","false",,,"0","0","0"
"Adult Mortality Event","","1996-10-07T00:00:00.000","ISSAQUAH HATCHERY","","","","0","11","14","0","0","0","Chinook","Fall","Issaquah Creek","HATCHERY","28","1996",,"true",,,"false","false",,,"0","0","0"
"Adult Surplus Event","","1996-10-07T00:00:00.000","ISSAQUAH HATCHERY","","","","0","1","0","0","0","0","Coho","NA","Issaquah Creek","HATCHERY","28","1996",,"true",,,"false","false",,,"0","0","0"
"EggTake","","1996-10-07T00:00:00.000","ISSAQUAH HATCHERY","","","","0","0","0","0","0","242900","Chinook","Fall","Issaquah Creek","HATCHERY",,"1996",,"false",,,"false","false",,,"0","0","0"
"Adult Surplus Event","","1996-10-09T00:00:00.000","ISSAQUAH HATCHERY","","","","0","12","11","0","0","0","Coho","NA","Issaquah Creek","HATCHERY","28","1996",,"true",,,"false","false",,,"0","0","0"
"Adult Surplus Event","","1996-10-09T00:00:00.000","ISSAQUAH HATCHERY","","","","0","7","0","0","0","0","Chinook","Fall","Issaquah Creek","HATCHERY","28","1996",,"true",,,"false","false",,,"0","0","0"
"Adult Mortality Event","","1996-10-09T00:00:00.000","ISSAQUAH HATCHERY","","","","0","2","5","0","0","0","Coho","NA","Issaquah Creek","HATCHERY","28","1996",,"true",,,"false","false",,,"0","0","0"
"Adult Plant Event","","1996-10-09T00:00:00.000","ISSAQUAH HATCHERY","","","","0","593","593","185","0","0","Coho","NA","Issaquah Creek","HATCHERY","28","1996",,"true",,,"false","false",,,"0","0","0"
"Adult Mortality Event","","1996-10-09T00:00:00.000","ISSAQUAH HATCHERY","","","","0","11","1","0","0","0","Chinook","Fall","Issaquah Creek","HATCHERY","28","1996",,"true",,,"false","false",,,"0","0","0"
"EggTake","","1996-10-09T00:00:00.000","ISSAQUAH HATCHERY","","","","0","0","0","0","0","336000","Chinook","Fall","Issaquah Creek","HATCHERY",,"1996",,"false",,,"false","false",,,"0","0","0"
"Parent Spawn Event","Lethal","1996-10-09T00:00:00.000","ISSAQUAH HATCHERY","","","","0","96","94","0","0","0","Chinook","Fall","Issaquah Creek","HATCHERY","28","1996",,"true",,,"false","false",,,"0","0","0"
"Parent Spawn Event","Lethal","1996-10-14T00:00:00.000","ISSAQUAH HATCHERY","","","","0","102","94","0","0","0","Chinook","Fall","Issaquah Creek","HATCHERY","28","1996",,"true",,,"false","false",,,"0","0","0"
"Adult Mortality Event","","1996-10-14T00:00:00.000","ISSAQUAH HATCHERY","","","","0","10","2","0","0","0","Chinook","Fall","Issaquah Creek","HATCHERY","28","1996",,"true",,,"false","false",,,"0","0","0"
"EggTake","","1996-10-14T00:00:00.000","ISSAQUAH HATCHERY","","","","0","0","0","0","0","366500","Chinook","Fall","Issaquah Creek","HATCHERY",,"1996",,"false",,,"false","false",,,"0","0","0"
"Adult Mortality Event","","1996-10-14T00:00:00.000","ISSAQUAH HATCHERY","","","","0","40","37","0","0","0","Coho","NA","Issaquah Creek","HATCHERY","28","1996",,"true",,,"false","false",,,"0","0","0"
"Adult Plant Event","","1996-10-16T00:00:00.000","ISSAQUAH HATCHERY","","","","0","1464","1522","0","0","0","Coho","NA","Issaquah Creek","HATCHERY","28","1996",,"true",,,"false","false",,,"0","0","0"
"Adult Mortality Event","","1996-10-17T00:00:00.000","ISSAQUAH HATCHERY","","","","0","11","16","0","0","0","Coho","NA","Issaquah Creek","HATCHERY","28","1996",,"true",,,"false","false",,,"0","0","0"
"Adult Mortality Event","","1996-10-17T00:00:00.000","ISSAQUAH HATCHERY","","","","0","9","1","0","0","0","Chinook","Fall","Issaquah Creek","HATCHERY","28","1996",,"true",,,"false","false",,,"0","0","0"
"EggTake","","1996-10-17T00:00:00.000","ISSAQUAH HATCHERY","","","","0","0","0","0","0","156800","Chinook","Fall","Issaquah Creek","HATCHERY",,"1996",,"false",,,"false","false",,,"0","0","0"
"Parent Spawn Event","Lethal","1996-10-17T00:00:00.000","ISSAQUAH HATCHERY","","","","0","40","40","0","0","0","Chinook","Fall","Issaquah Creek","HATCHERY","28","1996",,"true",,,"false","false",,,"0","0","0"
"Adult Surplus Event","","1996-10-17T00:00:00.000","ISSAQUAH HATCHERY","","","","0","213","0","0","0","0","Chinook","Fall","Issaquah Creek","HATCHERY","28","1996",,"true",,,"false","false",,,"0","0","0"
"Parent Spawn Event","Lethal","1996-10-21T00:00:00.000","ISSAQUAH HATCHERY","","","","0","14","13","0","0","0","Chinook","Fall","Issaquah Creek","HATCHERY","28","1996",,"true",,,"false","false",,,"0","0","0"
"EggTake","","1996-10-21T00:00:00.000","ISSAQUAH HATCHERY","","","","0","0","0","0","0","52200","Chinook","Fall","Issaquah Creek","HATCHERY",,"1996",,"false",,,"false","false",,,"0","0","0"
"Adult Mortality Event","","1996-10-21T00:00:00.000","ISSAQUAH HATCHERY","","","","0","17","51","0","0","0","Coho","NA","Issaquah Creek","HATCHERY","28","1996",,"true",,,"false","false",,,"0","0","0"
"Parent Spawn Event","Lethal","1996-10-29T00:00:00.000","ISSAQUAH HATCHERY","","","","0","326","308","0","0","0","Coho","NA","Issaquah Creek","HATCHERY","28","1996",,"true",,,"false","false",,,"0","0","0"
"Adult Surplus Event","","1996-10-29T00:00:00.000","ISSAQUAH HATCHERY","","","","0","116","116","494","0","0","Coho","NA","Issaquah Creek","HATCHERY","28","1996",,"true",,,"false","false",,,"0","0","0"
"EggTake","","1996-10-29T00:00:00.000","ISSAQUAH HATCHERY","","","","0","0","0","0","0","500000","Coho","NA","Issaquah Creek","HATCHERY",,"1996",,"false",,,"false","false",,,"0","0","0"
"Adult Mortality Event","","1996-10-29T00:00:00.000","ISSAQUAH HATCHERY","","","","0","0","1","0","0","0","Coho","NA","Issaquah Creek","HATCHERY","28","1996",,"true",,,"false","false",,,"0","0","0"
"Adult Surplus Event","","1996-11-04T00:00:00.000","ISSAQUAH HATCHERY","","","","0","3","3","0","0","0","Coho","NA","Issaquah Creek","HATCHERY","28","1996",,"true",,,"false","false",,,"0","0","0"
"Adult Surplus Event","","1996-11-04T00:00:00.000","ISSAQUAH HATCHERY","","","","0","0","0","120","0","0","Coho","NA","Issaquah Creek","HATCHERY","28","1996",,"true",,,"false","false",,,"0","0","0"
"Adult Mortality Event","","1996-11-04T00:00:00.000","ISSAQUAH HATCHERY","","","","0","1","2","0","0","0","Chinook","Fall","Issaquah Creek","HATCHERY","28","1996",,"true",,,"false","false",,,"0","0","0"
"Adult Mortality Event","","1996-11-04T00:00:00.000","ISSAQUAH HATCHERY","","","","0","125","225","0","0","0","Coho","NA","Issaquah Creek","HATCHERY","28","1996",,"true",,,"false","false",,,"0","0","0"
"Parent Spawn Event","Lethal","1996-11-04T00:00:00.000","ISSAQUAH HATCHERY","","","","0","274","250","0","9","0","Coho","NA","Issaquah Creek","HATCHERY","28","1996",,"true",,,"false","false",,,"0","0","0"
"EggTake","","1996-11-04T00:00:00.000","ISSAQUAH HATCHERY","","","","0","0","0","0","0","420000","Coho","NA","Issaquah Creek","HATCHERY",,"1996",,"false",,,"false","false",,,"0","0","0"
"Adult Surplus Event","","1996-11-04T00:00:00.000","ISSAQUAH HATCHERY","","","","0","27","25","0","0","0","Coho","NA","Issaquah Creek","HATCHERY","28","1996",,"true",,,"false","false",,,"0","0","0"
"Adult Surplus Event","","1996-11-06T00:00:00.000","ISSAQUAH HATCHERY","","","","0","25","27","0","0","0","Coho","NA","Issaquah Creek","HATCHERY","28","1996",,"true",,,"false","false",,,"0","0","0"
"EggTake","","1996-11-06T00:00:00.000","ISSAQUAH HATCHERY","","","","0","0","0","0","0","1071000","Coho","NA","Issaquah Creek","HATCHERY",,"1996",,"false",,,"false","false",,,"0","0","0"
"Adult Mortality Event","","1996-11-06T00:00:00.000","ISSAQUAH HATCHERY","","","","0","69","140","0","0","0","Coho","NA","Issaquah Creek","HATCHERY","28","1996",,"true",,,"false","false",,,"0","0","0"
"Parent Spawn Event","Lethal","1996-11-06T00:00:00.000","ISSAQUAH HATCHERY","","","","0","4","4","0","0","0","Coho","NA","Issaquah Creek","HATCHERY","28","1996",,"true",,,"false","false",,,"0","0","0"
"Adult Mortality Event","","1996-11-06T00:00:00.000","ISSAQUAH HATCHERY","","","","0","0","1","0","0","0","Chinook","Fall","Issaquah Creek","HATCHERY","28","1996",,"true",,,"false","false",,,"0","0","0"
"Adult Surplus Event","","1996-11-06T00:00:00.000","ISSAQUAH HATCHERY","","","","0","0","0","368","0","0","Coho","NA","Issaquah Creek","HATCHERY","28","1996",,"true",,,"false","false",,,"0","0","0"
"Parent Spawn Event","Lethal","1996-11-06T00:00:00.000","ISSAQUAH HATCHERY","","","","0","617","279","0","20","0","Coho","NA","Issaquah Creek","HATCHERY","28","1996",,"true",,,"false","false",,,"0","0","0"
"Parent Spawn Event","Lethal","1996-11-06T00:00:00.000","ISSAQUAH HATCHERY","","","","0","0","300","0","0","0","Coho","NA","Issaquah Creek","HATCHERY","28","1996",,"true",,,"false","false",,,"0","0","0"
"Adult Mortality Event","","1996-11-07T00:00:00.000","ISSAQUAH HATCHERY","","","","0","2","1","0","0","0","Chinook","Fall","Issaquah Creek","HATCHERY","28","1996",,"true",,,"false","false",,,"0","0","0"
"Parent Spawn Event","Lethal","1996-11-07T00:00:00.000","ISSAQUAH HATCHERY","","","","0","486","472","0","3","0","Coho","NA","Issaquah Creek","HATCHERY","28","1996",,"true",,,"false","false",,,"0","0","0"
"Adult Surplus Event","","1996-11-07T00:00:00.000","ISSAQUAH HATCHERY","","","","0","0","0","291","0","0","Coho","NA","Issaquah Creek","HATCHERY","28","1996",,"true",,,"false","false",,,"0","0","0"
"Parent Spawn Event","Lethal","1996-11-07T00:00:00.000","ISSAQUAH HATCHERY","","","","0","1","1","0","0","0","Coho","NA","Issaquah Creek","HATCHERY","28","1996",,"true",,,"false","false",,,"0","0","0"
"Adult Mortality Event","","1996-11-07T00:00:00.000","ISSAQUAH HATCHERY","","","","0","55","74","0","0","0","Coho","NA","Issaquah Creek","HATCHERY","28","1996",,"true",,,"false","false",,,"0","0","0"
"EggTake","","1996-11-07T00:00:00.000","ISSAQUAH HATCHERY","","","","0","0","0","0","0","750000","Coho","NA","Issaquah Creek","HATCHERY",,"1996",,"false",,,"false","false",,,"0","0","0"
"Adult Mortality Event","","1996-11-12T00:00:00.000","ISSAQUAH HATCHERY","","","","0","46","75","0","0","0","Coho","NA","Issaquah Creek","HATCHERY","28","1996",,"true",,,"false","false",,,"0","0","0"
"Parent Spawn Event","Lethal","1996-11-12T00:00:00.000","ISSAQUAH HATCHERY","","","","0","550","528","0","10","0","Coho","NA","Issaquah Creek","HATCHERY","28","1996",,"true",,,"false","false",,,"0","0","0"
"Adult Surplus Event","","1996-11-12T00:00:00.000","ISSAQUAH HATCHERY","","","","0","0","0","183","0","0","Coho","NA","Issaquah Creek","HATCHERY","28","1996",,"true",,,"false","false",,,"0","0","0"
"EggTake","","1996-11-12T00:00:00.000","ISSAQUAH HATCHERY","","","","0","0","0","0","0","918000","Coho","NA","Issaquah Creek","HATCHERY",,"1996",,"false",,,"false","false",,,"0","0","0"
"Parent Spawn Event","Lethal","1996-11-12T00:00:00.000","ISSAQUAH HATCHERY","","","","0","2","2","0","0","0","Coho","NA","Issaquah Creek","HATCHERY","28","1996",,"true",,,"false","false",,,"0","0","0"
"Parent Spawn Event","Lethal","1996-11-13T00:00:00.000","ISSAQUAH HATCHERY","","","","0","0","5","0","0","0","Coho","NA","Issaquah Creek","HATCHERY","28","1996",,"true",,,"false","false",,,"0","0","0"
"Parent Spawn Event","Lethal","1996-11-13T00:00:00.000","ISSAQUAH HATCHERY","","","","0","342","328","0","10","0","Coho","NA","Issaquah Creek","HATCHERY","28","1996",,"true",,,"false","false",,,"0","0","0"
"Adult Mortality Event","","1996-11-13T00:00:00.000","ISSAQUAH HATCHERY","","","","0","8","8","0","0","0","Coho","NA","Issaquah Creek","HATCHERY","28","1996",,"true",,,"false","false",,,"0","0","0"
"EggTake","","1996-11-13T00:00:00.000","ISSAQUAH HATCHERY","","","","0","0","0","0","0","514800","Coho","NA","Issaquah Creek","HATCHERY",,"1996",,"false",,,"false","false",,,"0","0","0"
"Adult Surplus Event","","1996-11-13T00:00:00.000","ISSAQUAH HATCHERY","","","","0","3","0","0","0","0","Coho","NA","Issaquah Creek","HATCHERY","28","1996",,"true",,,"false","false",,,"0","0","0"
"Adult Surplus Event","","1996-11-13T00:00:00.000","ISSAQUAH HATCHERY","","","","0","1120","1371","103","0","0","Coho","NA","Issaquah Creek","HATCHERY","28","1996",,"true",,,"false","false",,,"0","0","0"
"EggTake","","1997-09-30T00:00:00.000","ISSAQUAH HATCHERY","","ISSAQUAH CREEK","","0","0","0","0","0","1210000","Chinook","Fall","Issaquah Creek","HATCHERY",,"1997",,"false",,,"false","false",,,"0","0","0"
"Adult Mortality Event","","1997-09-30T00:00:00.000","ISSAQUAH HATCHERY","","ISSAQUAH CREEK","","0","12","12","0","0","0","Coho","NA","Issaquah Creek","HATCHERY","28","1997",,"true",,,"false","false",,,"0","0","0"
"Parent Spawn Event","Lethal","1997-09-30T00:00:00.000","ISSAQUAH HATCHERY","","ISSAQUAH CREEK","","0","279","261","0","6","0","Chinook","Fall","Issaquah Creek","HATCHERY","28","1997",,"true",,,"false","false",,,"0","0","0"
"Adult Mortality Event","","1997-09-30T00:00:00.000","ISSAQUAH HATCHERY","","ISSAQUAH CREEK","","0","18","26","0","0","0","Chinook","Fall","Issaquah Creek","HATCHERY","28","1997",,"true",,,"false","false",,,"0","0","0"
"Adult Surplus Event","","1997-09-30T00:00:00.000","ISSAQUAH HATCHERY","","ISSAQUAH CREEK","","0","199","0","0","0","0","Chinook","Fall","Issaquah Creek","HATCHERY","28","1997",,"true",,,"false","false",,,"0","0","0"
"Trap Estimate","","1997-09-30T00:00:00.000","ISSAQUAH HATCHERY","","ISSAQUAH CREEK","","3000","0","0","0","0","0","Coho","NA","Issaquah Creek","HATCHERY","28","1997",,"false",,,"false","false",,,"0","0","0"
"Trap Estimate","","1997-09-30T00:00:00.000","ISSAQUAH HATCHERY","","ISSAQUAH CREEK","","1800","0","0","125","0","0","Chinook","Fall","Issaquah Creek","HATCHERY","28","1997",,"false",,,"false","false",,,"0","0","0"
"Adult Plant Event","","1997-09-30T00:00:00.000","ISSAQUAH HATCHERY","","ISSAQUAH CREEK","","0","684","640","0","0","0","Coho","NA","Issaquah Creek","HATCHERY","28","1997",,"true",,,"false","false",,,"0","0","0"
"Adult Plant Event","","1997-09-30T00:00:00.000","ISSAQUAH HATCHERY","","ISSAQUAH CREEK","","0","250","250","100","0","0","Chinook","Fall","Issaquah Creek","HATCHERY","28","1997",,"true",,,"false","false",,,"0","0","0"
"Adult Mortality Event","","1997-10-01T00:00:00.000","ISSAQUAH HATCHERY","","ISSAQUAH CREEK","","0","11","66","0","0","0","Chinook","Fall","Issaquah Creek","HATCHERY","28","1997",,"true",,,"false","false",,,"0","0","0"
"EggTake","","1997-10-01T00:00:00.000","ISSAQUAH HATCHERY","","ISSAQUAH CREEK","","0","0","0","0","0","145000","Chinook","Fall","Issaquah Creek","HATCHERY",,"1997",,"false",,,"false","false",,,"0","0","0"
"Adult Surplus Event","","1997-10-01T00:00:00.000","ISSAQUAH HATCHERY","","ISSAQUAH CREEK","","0","1","0","0","0","0","Chinook","Fall","Issaquah Creek","HATCHERY","28","1997",,"true",,,"false","false",,,"0","0","0"
"Adult Plant Event","","1997-10-01T00:00:00.000","ISSAQUAH HATCHERY","","ISSAQUAH CREEK","","0","2","9","0","0","0","Chinook","Fall","Issaquah Creek","HATCHERY","28","1997",,"true",,,"false","false",,,"0","0","0"
"Parent Spawn Event","Lethal","1997-10-01T00:00:00.000","ISSAQUAH HATCHERY","","ISSAQUAH CREEK","","0","38","33","0","1","0","Chinook","Fall","Issaquah Creek","HATCHERY","28","1997",,"true",,,"false","false",,,"0","0","0"
"Adult Mortality Event","","1997-10-02T00:00:00.000","ISSAQUAH HATCHERY","","ISSAQUAH CREEK","","0","17","11","0","0","0","Chinook","Fall","Issaquah Creek","HATCHERY","28","1997",,"true",,,"false","false",,,"0","0","0"
"Adult Plant Event","","1997-10-02T00:00:00.000","ISSAQUAH HATCHERY","","ISSAQUAH CREEK","","0","489","419","0","0","0","Coho","NA","Issaquah Creek","HATCHERY","28","1997",,"true",,,"false","false",,,"0","0","0"
"Adult Mortality Event","","1997-10-02T00:00:00.000","ISSAQUAH HATCHERY","","ISSAQUAH CREEK","","0","2","4","0","0","0","Coho","NA","Issaquah Creek","HATCHERY","28","1997",,"true",,,"false","false",,,"0","0","0"
"EggTake","","1997-10-02T00:00:00.000","ISSAQUAH HATCHERY","","ISSAQUAH CREEK","","0","0","0","0","0","924000","Chinook","Fall","Issaquah Creek","HATCHERY",,"1997",,"false",,,"false","false",,,"0","0","0"
"Trap Estimate","","1997-10-02T00:00:00.000","ISSAQUAH HATCHERY","","ISSAQUAH CREEK","","500","0","0","0","0","0","Coho","NA","Issaquah Creek","HATCHERY","28","1997",,"false",,,"false","false",,,"0","0","0"
"Trap Estimate","","1997-10-02T00:00:00.000","ISSAQUAH HATCHERY","","ISSAQUAH CREEK","","1200","0","0","0","0","0","Chinook","Fall","Issaquah Creek","HATCHERY","28","1997",,"false",,,"false","false",,,"0","0","0"
"Parent Spawn Event","Lethal","1997-10-02T00:00:00.000","ISSAQUAH HATCHERY","","ISSAQUAH CREEK","","0","303","221","5","8","0","Chinook","Fall","Issaquah Creek","HATCHERY","28","1997",,"true",,,"false","false",,,"0","0","0"
"Adult Surplus Event","","1997-10-02T00:00:00.000","ISSAQUAH HATCHERY","","ISSAQUAH CREEK","","0","246","0","0","0","0","Chinook","Fall","Issaquah Creek","HATCHERY","28","1997",,"true",,,"false","false",,,"0","0","0"
"Trap Estimate","","1997-10-05T00:00:00.000","ISSAQUAH HATCHERY","","ISSAQUAH CREEK","","342","0","0","0","0","0","Chinook","Fall","Issaquah Creek","HATCHERY","28","1997",,"false",,,"false","false",,,"0","0","0"
"Adult Plant Event","","1997-10-05T00:00:00.000","ISSAQUAH HATCHERY","","ISSAQUAH CREEK","","0","202","140","0","0","0","Chinook","Fall","Issaquah Creek","HATCHERY","28","1997",,"true",,,"false","false",,,"0","0","0"
"Trap Estimate","","1997-10-07T00:00:00.000","ISSAQUAH HATCHERY","","ISSAQUAH CREEK","","459","0","0","0","0","0","Chinook","Fall","Issaquah Creek","HATCHERY","28","1997",,"false",,,"false","false",,,"0","0","0"
"Adult Surplus Event","","1997-10-07T00:00:00.000","ISSAQUAH HATCHERY","","ISSAQUAH CREEK","","0","0","1","0","0","0","Chinook","Fall","Issaquah Creek","HATCHERY","28","1997",,"true",,,"false","false",,,"0","0","0"
"Adult Plant Event","","1997-10-07T00:00:00.000","ISSAQUAH HATCHERY","","ISSAQUAH CREEK","","0","124","130","0","0","0","Chinook","Fall","Issaquah Creek","HATCHERY","28","1997",,"true",,,"false","false",,,"0","0","0"
"Adult Mortality Event","","1997-10-07T00:00:00.000","ISSAQUAH HATCHERY","","ISSAQUAH CREEK","","0","4","28","0","0","0","Chinook","Fall","Issaquah Creek","HATCHERY","28","1997",,"true",,,"false","false",,,"0","0","0"
"EggTake","","1997-10-07T00:00:00.000","ISSAQUAH HATCHERY","","ISSAQUAH CREEK","","0","0","0","0","0","550000","Chinook","Fall","Issaquah Creek","HATCHERY",,"1997",,"false",,,"false","false",,,"0","0","0"
"Parent Spawn Event","Lethal","1997-10-07T00:00:00.000","ISSAQUAH HATCHERY","","ISSAQUAH CREEK","","0","138","130","4","4","0","Chinook","Fall","Issaquah Creek","HATCHERY","28","1997",,"true",,,"false","false",,,"0","0","0"
"Adult Mortality Event","","1997-10-07T00:00:00.000","ISSAQUAH HATCHERY","","ISSAQUAH CREEK","","0","3","1","0","0","0","Coho","NA","Issaquah Creek","HATCHERY","28","1997",,"true",,,"false","false",,,"0","0","0"
"Trap Estimate","","1997-10-07T00:00:00.000","ISSAQUAH HATCHERY","","ISSAQUAH CREEK","","600","0","0","0","0","0","Coho","NA","Issaquah Creek","HATCHERY","28","1997",,"false",,,"false","false",,,"0","0","0"
"Adult Ship","","1997-10-07T00:00:00.000","ISSAQUAH HATCHERY","","ISSAQUAH CREEK","","0","60","60","0","0","0","Coho","NA","Issaquah Creek","HATCHERY","28","1997",,"true",,,"false","false",,,"0","0","0"
"Adult Surplus Event","","1997-10-07T00:00:00.000","ISSAQUAH HATCHERY","","ISSAQUAH CREEK","","0","63","63","0","0","0","Coho","NA","Issaquah Creek","HATCHERY","28","1997",,"true",,,"false","false",,,"0","0","0"
"Trap Estimate","","1997-10-08T00:00:00.000","ISSAQUAH HATCHERY","","ISSAQUAH CREEK","","500","0","0","0","0","0","Coho","NA","Issaquah Creek","HATCHERY","28","1997",,"false",,,"false","false",,,"0","0","0"
"Adult Surplus Event","","1997-10-08T00:00:00.000","ISSAQUAH HATCHERY","","ISSAQUAH CREEK","","0","1","0","0","0","0","Coho","NA","Issaquah Creek","HATCHERY","28","1997",,"true",,,"false","false",,,"0","0","0"
"Adult Mortality Event","","1997-10-09T00:00:00.000","ISSAQUAH HATCHERY","","ISSAQUAH CREEK","","0","10","31","0","0","0","Chinook","Fall","Issaquah Creek","HATCHERY","28","1997",,"true",,,"false","false",,,"0","0","0"
"Adult Surplus Event","","1997-10-09T00:00:00.000","ISSAQUAH HATCHERY","","ISSAQUAH CREEK","","0","106","106","0","0","0","Coho","NA","Issaquah Creek","HATCHERY","28","1997",,"true",,,"false","false",,,"0","0","0"
"Adult Surplus Event","","1997-10-09T00:00:00.000","ISSAQUAH HATCHERY","","ISSAQUAH CREEK","","0","0","4","0","0","0","Chinook","Fall","Issaquah Creek","HATCHERY","28","1997",,"true",,,"false","false",,,"0","0","0"
"Adult Plant Event","","1997-10-09T00:00:00.000","ISSAQUAH HATCHERY","","ISSAQUAH CREEK","","0","335","231","16","0","0","Chinook","Fall","Issaquah Creek","HATCHERY","28","1997",,"true",,,"false","false",,,"0","0","0"
"Trap Estimate","","1997-10-09T00:00:00.000","ISSAQUAH HATCHERY","","ISSAQUAH CREEK","","600","0","0","0","0","0","Coho","NA","Issaquah Creek","HATCHERY","28","1997",,"false",,,"false","false",,,"0","0","0"
"Trap Estimate","","1997-10-14T00:00:00.000","ISSAQUAH HATCHERY","","ISSAQUAH CREEK","","661","0","0","0","0","0","Coho","NA","Issaquah Creek","HATCHERY","28","1997",,"false",,,"false","false",,,"0","0","0"
"Adult Surplus Event","","1997-10-14T00:00:00.000","ISSAQUAH HATCHERY","","ISSAQUAH CREEK","","0","109","109","0","0","0","Coho","NA","Issaquah Creek","HATCHERY","28","1997",,"true",,,"false","false",,,"0","0","0"
"Adult Mortality Event","","1997-10-14T00:00:00.000","ISSAQUAH HATCHERY","","ISSAQUAH CREEK","","0","10","14","0","0","0","Coho","NA","Issaquah Creek","HATCHERY","28","1997",,"true",,,"false","false",,,"0","0","0"
"Adult Ship","","1997-10-14T00:00:00.000","ISSAQUAH HATCHERY","","ISSAQUAH CREEK","","0","69","68","0","0","0","Coho","NA","Issaquah Creek","HATCHERY","28","1997",,"true",,,"false","false",,,"0","0","0"
"Adult Surplus Event","","1997-10-16T00:00:00.000","ISSAQUAH HATCHERY","","ISSAQUAH CREEK","","0","12","0","0","0","0","Coho","NA","Issaquah Creek","HATCHERY","28","1997",,"true",,,"false","false",,,"0","0","0"
"Trap Estimate","","1997-10-16T00:00:00.000","ISSAQUAH HATCHERY","","ISSAQUAH CREEK","","500","0","0","0","0","0","Coho","NA","Issaquah Creek","HATCHERY","28","1997",,"false",,,"false","false",,,"0","0","0"
"Adult Mortality Event","","1997-10-21T00:00:00.000","ISSAQUAH HATCHERY","","ISSAQUAH CREEK","","0","3","17","0","0","0","Coho","NA","Issaquah Creek","HATCHERY","28","1997",,"true",,,"false","false",,,"0","0","0"
"Adult Mortality Event","","1997-10-21T00:00:00.000","ISSAQUAH HATCHERY","","ISSAQUAH CREEK","","0","1","5","0","0","0","Chinook","Fall","Issaquah Creek","HATCHERY","28","1997",,"true",,,"false","false",,,"0","0","0"
"Adult Plant Event","","1997-10-21T00:00:00.000","ISSAQUAH HATCHERY","","ISSAQUAH CREEK","","0","7","12","0","0","0","Chinook","Fall","Issaquah Creek","HATCHERY","28","1997",,"true",,,"false","false",,,"0","0","0"
"Adult Ship","","1997-10-21T00:00:00.000","ISSAQUAH HATCHERY","","ISSAQUAH CREEK","","0","66","64","0","0","0","Coho","NA","Issaquah Creek","HATCHERY","28","1997",,"true",,,"false","false",,,"0","0","0"
"Trap Estimate","","1997-10-21T00:00:00.000","ISSAQUAH HATCHERY","","ISSAQUAH CREEK","","600","0","0","10","0","0","Coho","NA","Issaquah Creek","HATCHERY","28","1997",,"false",,,"false","false",,,"0","0","0"
"Adult Surplus Event","","1997-10-28T00:00:00.000","ISSAQUAH HATCHERY","","ISSAQUAH CREEK","","0","10","4","0","0","0","Coho","NA","Issaquah Creek","HATCHERY","28","1997",,"true",,,"false","false",,,"0","0","0"
"Trap Estimate","","1997-10-28T00:00:00.000","ISSAQUAH HATCHERY","","ISSAQUAH CREEK","","500","0","0","0","0","0","Coho","NA","Issaquah Creek","HATCHERY","28","1997",,"false",,,"false","false",,,"0","0","0"
"Adult Plant Event","","1997-10-28T00:00:00.000","ISSAQUAH HATCHERY","","ISSAQUAH CREEK","","0","1","7","0","0","0","Chinook","Fall","Issaquah Creek","HATCHERY","28","1997",,"true",,,"false","false",,,"0","0","0"
"Adult Mortality Event","","1997-10-28T00:00:00.000","ISSAQUAH HATCHERY","","ISSAQUAH CREEK","","0","19","16","2","0","0","Coho","NA","Issaquah Creek","HATCHERY","28","1997",,"true",,,"false","false",,,"0","0","0"
"Adult Ship","","1997-10-28T00:00:00.000","ISSAQUAH HATCHERY","","ISSAQUAH CREEK","","0","106","40","0","0","0","Coho","NA","Issaquah Creek","HATCHERY","28","1997",,"true",,,"false","false",,,"0","0","0"
"Parent Spawn Event","Lethal","1997-11-04T00:00:00.000","ISSAQUAH HATCHERY","","ISSAQUAH CREEK","","0","420","345","0","3","0","Coho","NA","Issaquah Creek","HATCHERY","28","1997",,"true",,,"false","false",,,"0","0","0"
"Adult Mortality Event","","1997-11-04T00:00:00.000","ISSAQUAH HATCHERY","","ISSAQUAH CREEK","","0","4","16","0","0","0","Coho","NA","Issaquah Creek","HATCHERY","28","1997",,"true",,,"false","false",,,"0","0","0"
"EggTake","","1997-11-04T00:00:00.000","ISSAQUAH HATCHERY","","ISSAQUAH CREEK","","0","0","0","0","0","690000","Coho","NA","Issaquah Creek","HATCHERY",,"1997",,"false",,,"false","false",,,"0","0","0"
"Adult Surplus Event","","1997-11-06T00:00:00.000","ISSAQUAH HATCHERY","","ISSAQUAH CREEK","","0","2","1","0","0","0","Coho","NA","Issaquah Creek","HATCHERY","28","1997",,"true",,,"false","false",,,"0","0","0"
"EggTake","","1997-11-10T00:00:00.000","ISSAQUAH HATCHERY","","ISSAQUAH CREEK","","0","0","0","0","0","895000","Coho","NA","Issaquah Creek","HATCHERY",,"1997",,"false",,,"false","false",,,"0","0","0"
"Adult Mortality Event","","1997-11-10T00:00:00.000","ISSAQUAH HATCHERY","","ISSAQUAH CREEK","","0","25","23","0","0","0","Coho","NA","Issaquah Creek","HATCHERY","28","1997",,"true",,,"false","false",,,"0","0","0"
"Parent Spawn Event","Lethal","1997-11-10T00:00:00.000","ISSAQUAH HATCHERY","","ISSAQUAH CREEK","","0","558","492","0","32","0","Coho","NA","Issaquah Creek","HATCHERY","28","1997",,"true",,,"false","false",,,"0","0","0"
"Trap Estimate","","1997-11-10T00:00:00.000","ISSAQUAH HATCHERY","","ISSAQUAH CREEK","","14","0","0","0","0","0","Chinook","Fall","Issaquah Creek","HATCHERY","28","1997",,"false",,,"false","false",,,"0","0","0"
"Adult Mortality Event","","1997-11-10T00:00:00.000","ISSAQUAH HATCHERY","","ISSAQUAH CREEK","","0","5","9","0","0","0","Chinook","Fall","Issaquah Creek","HATCHERY","28","1997",,"true",,,"false","false",,,"0","0","0"
"Parent Spawn Event","Lethal","1997-11-13T00:00:00.000","ISSAQUAH HATCHERY","","ISSAQUAH CREEK","","0","225","443","0","9","0","Coho","NA","Issaquah Creek","HATCHERY","28","1997",,"true",,,"false","false",,,"0","0","0"
"Adult Surplus Event","","1997-11-13T00:00:00.000","ISSAQUAH HATCHERY","","ISSAQUAH CREEK","","0","8","2","0","0","0","Coho","NA","Issaquah Creek","HATCHERY","28","1997",,"true",,,"false","false",,,"0","0","0"
"Adult Mortality Event","","1997-11-13T00:00:00.000","ISSAQUAH HATCHERY","","ISSAQUAH CREEK","","0","18","26","0","0","0","Coho","NA","Issaquah Creek","HATCHERY","28","1997",,"true",,,"false","false",,,"0","0","0"
"EggTake","","1997-11-13T00:00:00.000","ISSAQUAH HATCHERY","","ISSAQUAH CREEK","","0","0","0","0","0","778000","Coho","NA","Issaquah Creek","HATCHERY",,"1997",,"false",,,"false","false",,,"0","0","0"
"Adult Surplus Event","","1997-11-18T00:00:00.000","ISSAQUAH HATCHERY","","ISSAQUAH CREEK","","0","5","1","0","0","0","Coho","NA","Issaquah Creek","HATCHERY","28","1997",,"true",,,"false","false",,,"0","0","0"
"Parent Spawn Event","Lethal","1997-11-18T00:00:00.000","ISSAQUAH HATCHERY","","ISSAQUAH CREEK","","0","168","288","0","4","0","Coho","NA","Issaquah Creek","HATCHERY","28","1997",,"true",,,"false","false",,,"0","0","0"
"Adult Mortality Event","","1997-11-18T00:00:00.000","ISSAQUAH HATCHERY","","ISSAQUAH CREEK","","0","17","25","0","0","0","Coho","NA","Issaquah Creek","HATCHERY","28","1997",,"true",,,"false","false",,,"0","0","0"
"EggTake","","1997-11-18T00:00:00.000","ISSAQUAH HATCHERY","","ISSAQUAH CREEK","","0","0","0","0","0","500000","Coho","NA","Issaquah Creek","HATCHERY",,"1997",,"false",,,"false","false",,,"0","0","0"
"Adult Mortality Event","","1997-11-24T00:00:00.000","ISSAQUAH HATCHERY","","ISSAQUAH CREEK","","0","151","156","0","0","0","Coho","NA","Issaquah Creek","HATCHERY","28","1997",,"true",,,"false","false",,,"0","0","0"
"Parent Spawn Event","Lethal","1997-11-24T00:00:00.000","ISSAQUAH HATCHERY","","ISSAQUAH CREEK","","0","265","363","0","5","0","Coho","NA","Issaquah Creek","HATCHERY","28","1997",,"true",,,"false","false",,,"0","0","0"
"Adult Plant Event","","1997-11-24T00:00:00.000","ISSAQUAH HATCHERY","","ISSAQUAH CREEK","","0","200","200","0","0","0","Coho","NA","Issaquah Creek","HATCHERY","28","1997",,"true",,,"false","false",,,"0","0","0"
"Trap Estimate","","1997-11-24T00:00:00.000","ISSAQUAH HATCHERY","","ISSAQUAH CREEK","","500","0","0","0","0","0","Coho","NA","Issaquah Creek","HATCHERY","28","1997",,"false",,,"false","false",,,"0","0","0"
"EggTake","","1997-11-24T00:00:00.000","ISSAQUAH HATCHERY","","ISSAQUAH CREEK","","0","0","0","0","0","559000","Coho","NA","Issaquah Creek","HATCHERY",,"1997",,"false",,,"false","false",,,"0","0","0"
"Adult Mortality Event","","1998-09-18T00:00:00.000","ISSAQUAH HATCHERY","","ISSAQUAH CREEK","","0","10","10","0","0","0","Chinook","Fall","Issaquah Creek","HATCHERY","28","1998",,"false",,,"false","false",,,"0","0","0"
"Trap Estimate","","1998-09-18T00:00:00.000","ISSAQUAH HATCHERY","","ISSAQUAH CREEK","","200","0","0","0","0","0","Chinook","Fall","Issaquah Creek","HATCHERY","28","1998",,"false",,,"false","false",,,"0","0","0"
"Adult Mortality Event","","1998-09-21T00:00:00.000","ISSAQUAH HATCHERY","","ISSAQUAH CREEK","","0","17","14","0","0","0","Chinook","Fall","Issaquah Creek","HATCHERY","28","1998",,"false",,,"false","false",,,"0","0","0"
"Trap Estimate","","1998-09-21T00:00:00.000","ISSAQUAH HATCHERY","","ISSAQUAH CREEK","","400","0","0","0","0","0","Chinook","Fall","Issaquah Creek","HATCHERY","28","1998",,"false",,,"false","false",,,"0","0","0"
"Trap Estimate","","1998-09-25T00:00:00.000","ISSAQUAH HATCHERY","","ISSAQUAH CREEK","","200","0","0","1","0","0","Chinook","Fall","Issaquah Creek","HATCHERY","28","1998",,"false",,,"false","false",,,"0","0","0"
"Adult Mortality Event","","1998-09-25T00:00:00.000","ISSAQUAH HATCHERY","","ISSAQUAH CREEK","","0","11","16","0","0","0","Chinook","Fall","Issaquah Creek","HATCHERY","28","1998",,"false",,,"false","false",,,"0","0","0"
"Adult Mortality Event","","1998-09-28T00:00:00.000","ISSAQUAH HATCHERY","","ISSAQUAH CREEK","","0","8","8","1","0","0","Chinook","Fall","Issaquah Creek","HATCHERY","28","1998",,"false",,,"false","false",,,"0","0","0"
"Trap Estimate","","1998-09-28T00:00:00.000","ISSAQUAH HATCHERY","","ISSAQUAH CREEK","","200","0","0","0","0","0","Chinook","Fall","Issaquah Creek","HATCHERY","28","1998",,"false",,,"false","false",,,"0","0","0"
"Trap Estimate","","1998-09-29T00:00:00.000","ISSAQUAH HATCHERY","","ISSAQUAH CREEK","","100","0","0","0","0","0","Chinook","Fall","Issaquah Creek","HATCHERY","28","1998",,"false",,,"false","false",,,"0","0","0"
"Adult Mortality Event","","1998-09-29T00:00:00.000","ISSAQUAH HATCHERY","","ISSAQUAH CREEK","","0","37","35","0","0","0","Chinook","Fall","Issaquah Creek","HATCHERY","28","1998",,"false",,,"false","false",,,"0","0","0"
"EggTake","","1998-09-30T00:00:00.000","ISSAQUAH HATCHERY","","ISSAQUAH CREEK","","0","0","0","0","0","1055000","Chinook","Fall","Issaquah Creek","HATCHERY",,"1998",,"false",,,"false","false",,,"0","0","0"
"Adult Surplus Event","","1998-09-30T00:00:00.000","ISSAQUAH HATCHERY","","ISSAQUAH CREEK","","0","4","0","0","0","0","Chinook","Fall","Issaquah Creek","HATCHERY","28","1998",,"false",,,"false","false",,,"0","0","0"
"Trap Estimate","","1998-09-30T00:00:00.000","ISSAQUAH HATCHERY","","ISSAQUAH CREEK","","300","0","0","0","0","0","Chinook","Fall","Issaquah Creek","HATCHERY","28","1998",,"false",,,"false","false",,,"0","0","0"
"Adult Plant Event","","1998-09-30T00:00:00.000","ISSAQUAH HATCHERY","","ISSAQUAH CREEK","","0","50","50","0","0","0","Chinook","Fall","Issaquah Creek","HATCHERY","28","1998",,"false",,,"false","false",,,"0","0","0"
"Parent Spawn Event","Lethal","1998-09-30T00:00:00.000","ISSAQUAH HATCHERY","","ISSAQUAH CREEK","","0","202","196","0","5","0","Chinook","Fall","Issaquah Creek","HATCHERY","28","1998",,"false",,,"false","false",,,"0","0","0"
"Adult Mortality Event","","1998-09-30T00:00:00.000","ISSAQUAH HATCHERY","","ISSAQUAH CREEK","","0","74","41","0","0","0","Chinook","Fall","Issaquah Creek","HATCHERY","28","1998",,"false",,,"false","false",,,"0","0","0"
"Trap Estimate","","1998-10-01T00:00:00.000","ISSAQUAH HATCHERY","","ISSAQUAH CREEK","","1200","0","0","23","0","0","Chinook","Fall","Issaquah Creek","HATCHERY","28","1998",,"false",,,"false","false",,,"0","0","0"
"Adult Mortality Event","","1998-10-01T00:00:00.000","ISSAQUAH HATCHERY","","ISSAQUAH CREEK","","0","24","12","0","0","0","Chinook","Fall","Issaquah Creek","HATCHERY","28","1998",,"false",,,"false","false",,,"0","0","0"
"Adult Mortality Event","","1998-10-02T00:00:00.000","ISSAQUAH HATCHERY","","ISSAQUAH CREEK","","0","35","34","3","0","0","Chinook","Fall","Issaquah Creek","HATCHERY","28","1998",,"false",,,"false","false",,,"0","0","0"
"Trap Estimate","","1998-10-02T00:00:00.000","ISSAQUAH HATCHERY","","ISSAQUAH CREEK","","500","0","0","0","0","0","Chinook","Fall","Issaquah Creek","HATCHERY","28","1998",,"false",,,"false","false",,,"0","0","0"
"Trap Estimate","","1998-10-03T00:00:00.000","ISSAQUAH HATCHERY","","ISSAQUAH CREEK","","100","0","0","0","0","0","Chinook","Fall","Issaquah Creek","HATCHERY","28","1998",,"false",,,"false","false",,,"0","0","0"
"Adult Mortality Event","","1998-10-03T00:00:00.000","ISSAQUAH HATCHERY","","ISSAQUAH CREEK","","0","67","23","0","0","0","Chinook","Fall","Issaquah Creek","HATCHERY","28","1998",,"false",,,"false","false",,,"0","0","0"
"Adult Mortality Event","","1998-10-04T00:00:00.000","ISSAQUAH HATCHERY","","ISSAQUAH CREEK","","0","63","25","0","0","0","Chinook","Fall","Issaquah Creek","HATCHERY","28","1998",,"false",,,"false","false",,,"0","0","0"
"Trap Estimate","","1998-10-04T00:00:00.000","ISSAQUAH HATCHERY","","ISSAQUAH CREEK","","25","0","0","0","0","0","Chinook","Fall","Issaquah Creek","HATCHERY","28","1998",,"false",,,"false","false",,,"0","0","0"
"EggTake","","1998-10-05T00:00:00.000","ISSAQUAH HATCHERY","","ISSAQUAH CREEK","","0","0","0","0","0","1035000","Chinook","Fall","Issaquah Creek","HATCHERY",,"1998",,"false",,,"false","false",,,"0","0","0"
"Trap Estimate","","1998-10-05T00:00:00.000","ISSAQUAH HATCHERY","","ISSAQUAH CREEK","","10","0","0","0","0","0","Chinook","Fall","Issaquah Creek","HATCHERY","28","1998",,"false",,,"false","false",,,"0","0","0"
"Adult Mortality Event","","1998-10-05T00:00:00.000","ISSAQUAH HATCHERY","","ISSAQUAH CREEK","","0","32","65","0","0","0","Chinook","Fall","Issaquah Creek","HATCHERY","28","1998",,"false",,,"false","false",,,"0","0","0"
"Adult Plant Event","","1998-10-05T00:00:00.000","ISSAQUAH HATCHERY","","ISSAQUAH CREEK","","0","435","384","0","0","0","Chinook","Fall","Issaquah Creek","HATCHERY","28","1998",,"false",,,"false","false",,,"0","0","0"
"Parent Spawn Event","Lethal","1998-10-05T00:00:00.000","ISSAQUAH HATCHERY","","ISSAQUAH CREEK","","0","213","205","0","0","0","Chinook","Fall","Issaquah Creek","HATCHERY","28","1998",,"false",,,"false","false",,,"0","0","0"
"Adult Mortality Event","","1998-10-07T00:00:00.000","ISSAQUAH HATCHERY","","ISSAQUAH CREEK","","0","123","77","0","0","0","Chinook","Fall","Issaquah Creek","HATCHERY","28","1998",,"false",,,"false","false",,,"0","0","0"
"Trap Estimate","","1998-10-07T00:00:00.000","ISSAQUAH HATCHERY","","ISSAQUAH CREEK","","180","0","0","0","0","0","Chinook","Fall","Issaquah Creek","HATCHERY","28","1998",,"false",,,"false","false",,,"0","0","0"
"Trap Estimate","","1998-10-08T00:00:00.000","ISSAQUAH HATCHERY","","ISSAQUAH CREEK","","400","0","0","0","0","0","Chinook","Fall","Issaquah Creek","HATCHERY","28","1998",,"false",,,"false","false",,,"0","0","0"
"EggTake","","1998-10-08T00:00:00.000","ISSAQUAH HATCHERY","","ISSAQUAH CREEK","","0","0","0","0","0","554000","Chinook","Fall","Issaquah Creek","HATCHERY",,"1998",,"false",,,"false","false",,,"0","0","0"
"Parent Spawn Event","Lethal","1998-10-08T00:00:00.000","ISSAQUAH HATCHERY","","ISSAQUAH CREEK","","0","127","118","0","18","0","Chinook","Fall","Issaquah Creek","HATCHERY","28","1998",,"false",,,"false","false",,,"0","0","0"
"Adult Mortality Event","","1998-10-08T00:00:00.000","ISSAQUAH HATCHERY","","ISSAQUAH CREEK","","0","55","65","0","0","0","Chinook","Fall","Issaquah Creek","HATCHERY","28","1998",,"false",,,"false","false",,,"0","0","0"
"Adult Plant Event","","1998-10-08T00:00:00.000","ISSAQUAH HATCHERY","","ISSAQUAH CREEK","","0","522","116","0","0","0","Chinook","Fall","Issaquah Creek","HATCHERY","28","1998",,"false",,,"false","false",,,"0","0","0"
"Trap Estimate","","1998-10-09T00:00:00.000","ISSAQUAH HATCHERY","","ISSAQUAH CREEK","","250","0","0","0","0","0","Chinook","Fall","Issaquah Creek","HATCHERY","28","1998",,"false",,,"false","false",,,"0","0","0"
"Adult Mortality Event","","1998-10-09T00:00:00.000","ISSAQUAH HATCHERY","","ISSAQUAH CREEK","","0","24","18","0","0","0","Chinook","Fall","Issaquah Creek","HATCHERY","28","1998",,"false",,,"false","false",,,"0","0","0"
"Adult Mortality Event","","1998-10-10T00:00:00.000","ISSAQUAH HATCHERY","","ISSAQUAH CREEK","","0","3","0","0","0","0","Chinook","Fall","Issaquah Creek","HATCHERY","28","1998",,"false",,,"false","false",,,"0","0","0"
"Trap Estimate","","1998-10-10T00:00:00.000","ISSAQUAH HATCHERY","","ISSAQUAH CREEK","","200","0","0","0","0","0","Chinook","Fall","Issaquah Creek","HATCHERY","28","1998",,"false",,,"false","false",,,"0","0","0"
"Trap Estimate","","1998-10-11T00:00:00.000","ISSAQUAH HATCHERY","","ISSAQUAH CREEK","","100","0","0","0","0","0","Chinook","Fall","Issaquah Creek","HATCHERY","28","1998",,"false",,,"false","false",,,"0","0","0"
"Adult Mortality Event","","1998-10-11T00:00:00.000","ISSAQUAH HATCHERY","","ISSAQUAH CREEK","","0","2","8","0","0","0","Chinook","Fall","Issaquah Creek","HATCHERY","28","1998",,"false",,,"false","false",,,"0","0","0"
"Trap Estimate","","1998-10-12T00:00:00.000","ISSAQUAH HATCHERY","","ISSAQUAH CREEK","","100","0","0","0","0","0","Chinook","Fall","Issaquah Creek","HATCHERY","28","1998",,"false",,,"false","false",,,"0","0","0"
"Adult Mortality Event","","1998-10-12T00:00:00.000","ISSAQUAH HATCHERY","","ISSAQUAH CREEK","","0","33","16","0","0","0","Chinook","Fall","Issaquah Creek","HATCHERY","28","1998",,"false",,,"false","false",,,"0","0","0"
"Adult Plant Event","","1998-10-13T00:00:00.000","ISSAQUAH HATCHERY","","ISSAQUAH CREEK","","0","404","195","20","0","0","Chinook","Fall","Issaquah Creek","HATCHERY","28","1998",,"false",,,"false","false",,,"0","0","0"
"Parent Spawn Event","Lethal","1998-10-13T00:00:00.000","ISSAQUAH HATCHERY","","ISSAQUAH CREEK","","0","63","58","0","0","0","Chinook","Fall","Issaquah Creek","HATCHERY","28","1998",,"false",,,"false","false",,,"0","0","0"
"EggTake","","1998-10-13T00:00:00.000","ISSAQUAH HATCHERY","","ISSAQUAH CREEK","","0","0","0","0","0","250000","Chinook","Fall","Issaquah Creek","HATCHERY",,"1998",,"false",,,"false","false",,,"0","0","0"
"Trap Estimate","","1998-10-13T00:00:00.000","ISSAQUAH HATCHERY","","ISSAQUAH CREEK","","50","0","0","0","0","0","Chinook","Fall","Issaquah Creek","HATCHERY","28","1998",,"false",,,"false","false",,,"0","0","0"
"EggTake","","1998-11-02T00:00:00.000","ISSAQUAH HATCHERY","","ISSAQUAH CREEK","","0","0","0","0","0","176900","Coho","NA","Issaquah Creek","HATCHERY",,"1998",,"false",,,"false","false",,,"0","0","0"
"Adult Plant Event","","1998-11-02T00:00:00.000","ISSAQUAH HATCHERY","","ISSAQUAH CREEK","","0","168","157","0","0","0","Chinook","Fall","Issaquah Creek","HATCHERY","28","1998",,"false",,,"false","false",,,"0","0","0"
"Adult Mortality Event","","1998-11-02T00:00:00.000","ISSAQUAH HATCHERY","","ISSAQUAH CREEK","","0","36","82","26","0","0","Coho","NA","Issaquah Creek","HATCHERY","14","1998",,"true",,,"false","false",,,"0","0","0"
"Adult Surplus Event","","1998-11-02T00:00:00.000","ISSAQUAH HATCHERY","","ISSAQUAH CREEK","","0","1","1","0","0","0","Coho","NA","Issaquah Creek","HATCHERY","14","1998",,"true",,,"false","false",,,"0","0","0"
"Parent Spawn Event","Lethal","1998-11-02T00:00:00.000","ISSAQUAH HATCHERY","","ISSAQUAH CREEK","","0","89","81","0","6","0","Coho","NA","Issaquah Creek","HATCHERY","14","1998",,"true",,,"false","false",,,"0","0","0"
"Trap Estimate","","1998-11-02T00:00:00.000","ISSAQUAH HATCHERY","","ISSAQUAH CREEK","","352","0","0","0","0","0","Chinook","Fall","Issaquah Creek","HATCHERY","28","1998",,"false",,,"false","false",,,"0","0","0"
"Trap Estimate","","1998-11-02T00:00:00.000","ISSAQUAH HATCHERY","","ISSAQUAH CREEK","","1000","0","0","50","0","0","Coho","NA","Issaquah Creek","HATCHERY","14","1998",,"false",,,"false","false",,,"0","0","0"
"Adult Mortality Event","","1998-11-02T00:00:00.000","ISSAQUAH HATCHERY","","ISSAQUAH CREEK","","0","49","31","0","0","0","Chinook","Fall","Issaquah Creek","HATCHERY","28","1998",,"false",,,"false","false",,,"0","0","0"
"Parent Spawn Event","Lethal","1998-11-09T00:00:00.000","ISSAQUAH HATCHERY","","ISSAQUAH CREEK","","0","332","306","0","43","0","Coho","NA","Issaquah Creek","HATCHERY","14","1998",,"true",,,"false","false",,,"0","0","0"
"Adult Surplus Event","","1998-11-09T00:00:00.000","ISSAQUAH HATCHERY","","ISSAQUAH CREEK","","0","0","0","31","0","0","Coho","NA","Issaquah Creek","HATCHERY","14","1998",,"true",,,"false","false",,,"0","0","0"
"EggTake","","1998-11-09T00:00:00.000","ISSAQUAH HATCHERY","","ISSAQUAH CREEK","","0","0","0","0","0","700000","Coho","NA","Issaquah Creek","HATCHERY",,"1998",,"false",,,"false","false",,,"0","0","0"
"Adult Mortality Event","","1998-11-09T00:00:00.000","ISSAQUAH HATCHERY","","ISSAQUAH CREEK","","0","7","7","0","0","0","Coho","NA","Issaquah Creek","HATCHERY","14","1998",,"true",,,"false","false",,,"0","0","0"
"Adult Surplus Event","","1998-11-09T00:00:00.000","ISSAQUAH HATCHERY","","ISSAQUAH CREEK","","0","0","0","53","0","0","Coho","NA","Issaquah Creek","HATCHERY","2","1998",,"true",,,"false","false",,,"0","0","0"
"Parent Spawn Event","Lethal","1998-11-09T00:00:00.000","ISSAQUAH HATCHERY","","ISSAQUAH CREEK","","0","0","4","0","0","0","Coho","NA","Issaquah Creek","HATCHERY","2","1998",,"true",,,"false","false",,,"0","0","0"
"Trap Estimate","","1998-11-09T00:00:00.000","ISSAQUAH HATCHERY","","ISSAQUAH CREEK","","200","0","0","200","0","0","Coho","NA","Issaquah Creek","HATCHERY","14","1998",,"false",,,"false","false",,,"0","0","0"
"Adult Mortality Event","","1998-11-16T00:00:00.000","ISSAQUAH HATCHERY","","ISSAQUAH CREEK","","0","17","20","0","0","0","Coho","NA","Issaquah Creek","HATCHERY","14","1998",,"true",,,"false","false",,,"0","0","0"
"Trap Estimate","","1998-11-16T00:00:00.000","ISSAQUAH HATCHERY","","ISSAQUAH CREEK","","1200","0","0","0","0","0","Coho","NA","Issaquah Creek","HATCHERY","14","1998",,"false",,,"false","false",,,"0","0","0"
"EggTake","","1998-11-16T00:00:00.000","ISSAQUAH HATCHERY","","ISSAQUAH CREEK","","0","0","0","0","0","550000","Coho","NA","Issaquah Creek","HATCHERY",,"1998",,"false",,,"false","false",,,"0","0","0"
"Parent Spawn Event","Lethal","1998-11-16T00:00:00.000","ISSAQUAH HATCHERY","","ISSAQUAH CREEK","","0","259","258","0","12","0","Coho","NA","Issaquah Creek","HATCHERY","14","1998",,"true",,,"false","false",,,"0","0","0"
"Parent Spawn Event","Lethal","1998-11-16T00:00:00.000","ISSAQUAH HATCHERY","","ISSAQUAH CREEK","","0","0","1","3","0","0","Coho","NA","Issaquah Creek","HATCHERY","2","1998",,"true",,,"false","false",,,"0","0","0"
"Adult Surplus Event","","1998-11-16T00:00:00.000","ISSAQUAH HATCHERY","","ISSAQUAH CREEK","","0","0","0","95","0","0","Coho","NA","Issaquah Creek","HATCHERY","2","1998",,"true",,,"false","false",,,"0","0","0"
"Adult Surplus Event","","1998-11-16T00:00:00.000","ISSAQUAH HATCHERY","","ISSAQUAH CREEK","","0","0","0","35","0","0","Coho","NA","Issaquah Creek","HATCHERY","14","1998",,"true",,,"false","false",,,"0","0","0"
"Parent Spawn Event","Live","1998-11-16T00:00:00.000","ISSAQUAH HATCHERY","","ISSAQUAH CREEK","","0","0","0","0","0","0","Coho","NA","Issaquah Creek","HATCHERY","2","1998",,"true",,,"false","false",,,"0","0","0"
"Adult Surplus Event","","1998-11-18T00:00:00.000","ISSAQUAH HATCHERY","","ISSAQUAH CREEK","","0","0","0","24","0","0","Coho","NA","Issaquah Creek","HATCHERY","14","1998",,"true",,,"false","false",,,"0","0","0"
"Trap Estimate","","1998-11-18T00:00:00.000","ISSAQUAH HATCHERY","","ISSAQUAH CREEK","","450","0","0","0","0","0","Coho","NA","Issaquah Creek","HATCHERY","2","1998",,"false",,,"false","false",,,"0","0","0"
"Parent Spawn Event","Lethal","1998-11-18T00:00:00.000","ISSAQUAH HATCHERY","","ISSAQUAH CREEK","","0","378","383","0","15","0","Coho","NA","Issaquah Creek","HATCHERY","14","1998",,"true",,,"false","false",,,"0","0","0"
"Adult Mortality Event","","1998-11-18T00:00:00.000","ISSAQUAH HATCHERY","","ISSAQUAH CREEK","","0","36","45","0","0","0","Coho","NA","Issaquah Creek","HATCHERY","14","1998",,"true",,,"false","false",,,"0","0","0"
"EggTake","","1998-11-18T00:00:00.000","ISSAQUAH HATCHERY","","ISSAQUAH CREEK","","0","0","0","0","0","775000","Coho","NA","Issaquah Creek","HATCHERY",,"1998",,"false",,,"false","false",,,"0","0","0"
"Trap Estimate","","1998-11-18T00:00:00.000","ISSAQUAH HATCHERY","","ISSAQUAH CREEK","","450","0","0","70","0","0","Coho","NA","Issaquah Creek","HATCHERY","14","1998",,"false",,,"false","false",,,"0","0","0"
"Adult Surplus Event","","1998-11-18T00:00:00.000","ISSAQUAH HATCHERY","","ISSAQUAH CREEK","","0","0","0","50","0","0","Coho","NA","Issaquah Creek","HATCHERY","2","1998",,"true",,,"false","false",,,"0","0","0"
"Adult Mortality Event","","1998-11-21T00:00:00.000","ISSAQUAH HATCHERY","","ISSAQUAH CREEK","","0","0","0","98","0","0","Coho","NA","Issaquah Creek","HATCHERY","14","1998",,"true",,,"false","false",,,"0","0","0"
"Trap Estimate","","1998-11-21T00:00:00.000","ISSAQUAH HATCHERY","","ISSAQUAH CREEK","","0","0","0","100","0","0","Coho","NA","Issaquah Creek","HATCHERY","14","1998",,"false",,,"false","false",,,"0","0","0"
"Adult Mortality Event","","1998-11-22T00:00:00.000","ISSAQUAH HATCHERY","","ISSAQUAH CREEK","","0","0","0","3","0","0","Coho","NA","Issaquah Creek","HATCHERY","14","1998",,"true",,,"false","false",,,"0","0","0"
"Adult Mortality Event","","1998-11-23T00:00:00.000","ISSAQUAH HATCHERY","","ISSAQUAH CREEK","","0","20","8","0","0","0","Coho","NA","Issaquah Creek","HATCHERY","14","1998",,"true",,,"false","false",,,"0","0","0"
"EggTake","","1998-11-23T00:00:00.000","ISSAQUAH HATCHERY","","ISSAQUAH CREEK","","0","0","0","0","0","450000","Coho","NA","Issaquah Creek","HATCHERY",,"1998",,"false",,,"false","false",,,"0","0","0"
"Adult Surplus Event","","1998-11-23T00:00:00.000","ISSAQUAH HATCHERY","","ISSAQUAH CREEK","","0","0","0","21","0","0","Coho","NA","Issaquah Creek","HATCHERY","14","1998",,"true",,,"false","false",,,"0","0","0"
"Adult Surplus Event","","1998-11-23T00:00:00.000","ISSAQUAH HATCHERY","","ISSAQUAH CREEK","","0","0","0","57","0","0","Coho","NA","Issaquah Creek","HATCHERY","2","1998",,"true",,,"false","false",,,"0","0","0"
"Parent Spawn Event","Lethal","1998-11-23T00:00:00.000","ISSAQUAH HATCHERY","","ISSAQUAH CREEK","","0","220","210","0","6","0","Coho","NA","Issaquah Creek","HATCHERY","14","1998",,"true",,,"false","false",,,"0","0","0"
"Trap Estimate","","1998-11-23T00:00:00.000","ISSAQUAH HATCHERY","","ISSAQUAH CREEK","","50","0","0","100","0","0","Coho","NA","Issaquah Creek","HATCHERY","14","1998",,"false",,,"false","false",,,"0","0","0"
"Trap Estimate","","1998-11-30T00:00:00.000","ISSAQUAH HATCHERY","","ISSAQUAH CREEK","","34","0","0","2","0","0","Coho","NA","Issaquah Creek","HATCHERY","14","1998",,"false",,,"false","false",,,"0","0","0"
"Adult Mortality Event","","1998-11-30T00:00:00.000","ISSAQUAH HATCHERY","","ISSAQUAH CREEK","","0","65","70","0","0","0","Coho","NA","Issaquah Creek","HATCHERY","14","1998",,"true",,,"false","false",,,"0","0","0"
"Parent Spawn Event","Lethal","1998-11-30T00:00:00.000","ISSAQUAH HATCHERY","","ISSAQUAH CREEK","","0","10","9","0","0","0","Coho","NA","Issaquah Creek","HATCHERY","2","1998",,"true",,,"false","false",,,"0","0","0"
"EggTake","","1998-11-30T00:00:00.000","ISSAQUAH HATCHERY","","ISSAQUAH CREEK","","0","0","0","0","0","295000","Coho","NA","Issaquah Creek","HATCHERY",,"1998",,"false",,,"false","false",,,"0","0","0"
"Adult Mortality Event","","1998-11-30T00:00:00.000","ISSAQUAH HATCHERY","","ISSAQUAH CREEK","","0","10","9","3","0","0","Coho","NA","Issaquah Creek","HATCHERY","14","1998",,"true",,,"false","false",,,"0","0","0"
"Adult Plant Event","","1998-11-30T00:00:00.000","ISSAQUAH HATCHERY","","ISSAQUAH CREEK","","0","30","67","0","0","0","Coho","NA","Issaquah Creek","HATCHERY","14","1998",,"true",,,"false","false",,,"0","0","0"
"Parent Spawn Event","Lethal","1998-11-30T00:00:00.000","ISSAQUAH HATCHERY","","ISSAQUAH CREEK","","0","94","137","0","0","0","Coho","NA","Issaquah Creek","HATCHERY","14","1998",,"true",,,"false","false",,,"0","0","0"
"Adult Surplus Event","","1998-11-30T00:00:00.000","ISSAQUAH HATCHERY","","ISSAQUAH CREEK","","0","0","0","23","0","0","Coho","NA","Issaquah Creek","HATCHERY","14","1998",,"true",,,"false","false",,,"0","0","0"
"Trap Estimate","","1999-09-27T00:00:00.000","ISSAQUAH HATCHERY","","ISSAQUAH CREEK","","2","0","0","0","0","0","Coho","NA","Issaquah Creek","HATCHERY","14","1999",,"false",,,"false","false",,,"0","0","0"
"Adult Surplus Event","","1999-09-27T00:00:00.000","ISSAQUAH HATCHERY","","ISSAQUAH CREEK","","0","7","0","0","0","0","Chinook","Fall","Issaquah Creek","HATCHERY","28","1999",,"true",,,"false","false",,,"0","0","0"
"Adult Plant Event","","1999-09-27T00:00:00.000","ISSAQUAH HATCHERY","","ISSAQUAH CREEK","","0","2","0","0","0","0","Coho","NA","Issaquah Creek","HATCHERY","14","1999",,"true",,,"false","false",,,"0","0","0"
"Trap Estimate","","1999-09-27T00:00:00.000","ISSAQUAH HATCHERY","","ISSAQUAH CREEK","","10","0","0","0","0","0","Coho","NA","Issaquah Creek","HATCHERY","2","1999",,"false",,,"false","false",,,"0","0","0"
"Parent Spawn Event","Lethal","1999-09-27T00:00:00.000","ISSAQUAH HATCHERY","","ISSAQUAH CREEK","","0","13","8","0","8","0","Chinook","Fall","Issaquah Creek","HATCHERY","28","1999",,"true",,,"false","false",,,"0","0","0"
"Adult Plant Event","","1999-09-27T00:00:00.000","ISSAQUAH HATCHERY","","ISSAQUAH CREEK","","0","9","0","0","0","0","Coho","NA","Issaquah Creek","HATCHERY","2","1999",,"true",,,"false","false",,,"0","0","0"
"Adult Mortality Event","","1999-09-27T00:00:00.000","ISSAQUAH HATCHERY","","ISSAQUAH CREEK","","0","9","0","0","0","0","Chinook","Fall","Issaquah Creek","HATCHERY","28","1999",,"true",,,"false","false",,,"0","0","0"
"Adult Surplus Event","","1999-09-27T00:00:00.000","ISSAQUAH HATCHERY","","ISSAQUAH CREEK","","0","1","0","0","0","0","Coho","NA","Issaquah Creek","HATCHERY","2","1999",,"true",,,"false","false",,,"0","0","0"
"EggTake","","1999-09-27T00:00:00.000","ISSAQUAH HATCHERY","","ISSAQUAH CREEK","","0","0","0","0","0","62000","Chinook","Fall","Issaquah Creek","HATCHERY",,"1999",,"false",,,"false","false",,,"0","0","0"
"Trap Estimate","","1999-09-27T00:00:00.000","ISSAQUAH HATCHERY","","ISSAQUAH CREEK","","243","0","0","5","0","0","Chinook","Fall","Issaquah Creek","HATCHERY","28","1999",,"false",,,"false","false",,,"0","0","0"
"Adult Mortality Event","","1999-09-28T00:00:00.000","ISSAQUAH HATCHERY","","ISSAQUAH CREEK","","0","1","0","0","0","0","Chinook","Fall","Issaquah Creek","HATCHERY","28","1999",,"true",,,"false","false",,,"0","0","0"
"Adult Mortality Event","","1999-09-30T00:00:00.000","ISSAQUAH HATCHERY","","ISSAQUAH CREEK","","0","2","1","0","0","0","Chinook","Fall","Issaquah Creek","HATCHERY","28","1999",,"true",,,"false","false",,,"0","0","0"
"Parent Spawn Event","Lethal","1999-10-05T00:00:00.000","ISSAQUAH HATCHERY","","ISSAQUAH CREEK","","0","0","5","0","0","0","Chinook","Fall","Issaquah Creek","HATCHERY","28","1999",,"true",,,"false","false",,,"0","0","0"
"Trap Estimate","","1999-10-05T00:00:00.000","ISSAQUAH HATCHERY","","ISSAQUAH CREEK","","800","0","0","13","0","0","Chinook","Fall","Issaquah Creek","HATCHERY","28","1999",,"false",,,"false","false",,,"0","0","0"
"Adult Mortality Event","","1999-10-05T00:00:00.000","ISSAQUAH HATCHERY","","ISSAQUAH CREEK","","0","7","8","0","0","0","Chinook","Fall","Issaquah Creek","HATCHERY","28","1999",,"true",,,"false","false",,,"0","0","0"
"Adult Plant Event","","1999-10-05T00:00:00.000","ISSAQUAH HATCHERY","","ISSAQUAH CREEK","","0","1","7","0","0","0","Coho","NA","Issaquah Creek","HATCHERY","2","1999",,"true",,,"false","false",,,"0","0","0"
"Adult Surplus Event","","1999-10-05T00:00:00.000","ISSAQUAH HATCHERY","","ISSAQUAH CREEK","","0","6","1","0","0","0","Chinook","Fall","Issaquah Creek","HATCHERY","28","1999",,"true",,,"false","false",,,"0","0","0"
"EggTake","","1999-10-05T00:00:00.000","ISSAQUAH HATCHERY","","ISSAQUAH CREEK","","0","0","0","0","0","1000000","Chinook","Fall","Issaquah Creek","HATCHERY",,"1999",,"false",,,"false","false",,,"0","0","0"
"Parent Spawn Event","Lethal","1999-10-05T00:00:00.000","ISSAQUAH HATCHERY","","ISSAQUAH CREEK","","0","264","217","13","11","0","Chinook","Fall","Issaquah Creek","HATCHERY","28","1999",,"true",,,"false","false",,,"0","0","0"
"Trap Estimate","","1999-10-05T00:00:00.000","ISSAQUAH HATCHERY","","ISSAQUAH CREEK","","8","0","0","0","0","0","Coho","NA","Issaquah Creek","HATCHERY","2","1999",,"false",,,"false","false",,,"0","0","0"
"Adult Mortality Event","","1999-10-10T00:00:00.000","ISSAQUAH HATCHERY","","ISSAQUAH CREEK","","0","14","13","0","0","0","Chinook","Fall","Issaquah Creek","HATCHERY","28","1999",,"true",,,"false","false",,,"0","0","0"
"Adult Mortality Event","","1999-10-10T00:00:00.000","ISSAQUAH HATCHERY","","ISSAQUAH CREEK","","0","1","0","0","0","0","Coho","NA","Issaquah Creek","HATCHERY","2","1999",,"true",,,"false","false",,,"0","0","0"
"Trap Estimate","","1999-10-10T00:00:00.000","ISSAQUAH HATCHERY","","ISSAQUAH CREEK","","200","0","0","0","0","0","Coho","NA","Issaquah Creek","HATCHERY","2","1999",,"false",,,"false","false",,,"0","0","0"
"Adult Mortality Event","","1999-10-11T00:00:00.000","ISSAQUAH HATCHERY","","ISSAQUAH CREEK","","0","11","12","0","0","0","Chinook","Fall","Issaquah Creek","HATCHERY","28","1999",,"true",,,"false","false",,,"0","0","0"
"Trap Estimate","","1999-10-11T00:00:00.000","ISSAQUAH HATCHERY","","ISSAQUAH CREEK","","685","0","0","0","0","0","Coho","NA","Issaquah Creek","HATCHERY","2","1999",,"false",,,"false","false",,,"0","0","0"
"Adult Mortality Event","","1999-10-11T00:00:00.000","ISSAQUAH HATCHERY","","ISSAQUAH CREEK","","0","1","2","0","0","0","Coho","NA","Issaquah Creek","HATCHERY","2","1999",,"true",,,"false","false",,,"0","0","0"
"Trap Estimate","","1999-10-11T00:00:00.000","ISSAQUAH HATCHERY","","ISSAQUAH CREEK","","1100","0","0","26","0","0","Chinook","Fall","Issaquah Creek","HATCHERY","28","1999",,"false",,,"false","false",,,"0","0","0"
"Parent Spawn Event","Lethal","1999-10-11T00:00:00.000","ISSAQUAH HATCHERY","","ISSAQUAH CREEK","","0","139","155","25","16","0","Chinook","Fall","Issaquah Creek","HATCHERY","28","1999",,"true",,,"false","false",,,"0","0","0"
"Parent Spawn Event","Lethal","1999-10-11T00:00:00.000","ISSAQUAH HATCHERY","","ISSAQUAH CREEK","","0","7","1","1","0","0","Chinook","Fall","Issaquah Creek","HATCHERY","28","1999",,"true",,,"false","false",,,"0","0","0"
"Adult Plant Event","","1999-10-11T00:00:00.000","ISSAQUAH HATCHERY","","ISSAQUAH CREEK","","0","274","171","0","0","0","Chinook","Fall","Issaquah Creek","HATCHERY","28","1999",,"true",,,"false","false",,,"0","0","0"
"EggTake","","1999-10-11T00:00:00.000","ISSAQUAH HATCHERY","","ISSAQUAH CREEK","","0","0","0","0","0","680000","Chinook","Fall","Issaquah Creek","HATCHERY",,"1999",,"false",,,"false","false",,,"0","0","0"
"Parent Spawn Event","Lethal","1999-10-13T00:00:00.000","ISSAQUAH HATCHERY","","ISSAQUAH CREEK","","0","1","0","0","0","0","Chinook","Fall","Issaquah Creek","HATCHERY","28","1999",,"true",,,"false","false",,,"0","0","0"
"Adult Mortality Event","","1999-10-18T00:00:00.000","ISSAQUAH HATCHERY","","ISSAQUAH CREEK","","0","46","34","0","0","0","Chinook","Fall","Issaquah Creek","HATCHERY","28","1999",,"true",,,"false","false",,,"0","0","0"
"Parent Spawn Event","Lethal","1999-10-18T00:00:00.000","ISSAQUAH HATCHERY","","ISSAQUAH CREEK","","0","150","153","0","3","0","Chinook","Fall","Issaquah Creek","HATCHERY","28","1999",,"true",,,"false","false",,,"0","0","0"
"Adult Surplus Event","","1999-10-18T00:00:00.000","ISSAQUAH HATCHERY","","ISSAQUAH CREEK","","0","77","0","0","0","0","Chinook","Fall","Issaquah Creek","HATCHERY","28","1999",,"true",,,"false","false",,,"0","0","0"
"Adult Mortality Event","","1999-10-18T00:00:00.000","ISSAQUAH HATCHERY","","ISSAQUAH CREEK","","0","0","1","0","0","0","Coho","NA","Issaquah Creek","HATCHERY","2","1999",,"true",,,"false","false",,,"0","0","0"
"Adult Plant Event","","1999-10-18T00:00:00.000","ISSAQUAH HATCHERY","","ISSAQUAH CREEK","","0","83","62","0","0","0","Chinook","Fall","Issaquah Creek","HATCHERY","28","1999",,"true",,,"false","false",,,"0","0","0"
"EggTake","","1999-10-18T00:00:00.000","ISSAQUAH HATCHERY","","ISSAQUAH CREEK","","0","0","0","0","0","652500","Chinook","Fall","Issaquah Creek","HATCHERY",,"1999",,"false",,,"false","false",,,"0","0","0"
"Adult Mortality Event","","1999-10-20T00:00:00.000","ISSAQUAH HATCHERY","","ISSAQUAH CREEK","","0","3","1","0","0","0","Coho","NA","Issaquah Creek","HATCHERY","2","1999",,"true",,,"false","false",,,"0","0","0"
"Trap Estimate","","1999-10-20T00:00:00.000","ISSAQUAH HATCHERY","","ISSAQUAH CREEK","","20","0","0","5","0","0","Chinook","Fall","Issaquah Creek","HATCHERY","28","1999",,"false",,,"false","false",,,"0","0","0"
"Parent Spawn Event","Lethal","1999-10-20T00:00:00.000","ISSAQUAH HATCHERY","","ISSAQUAH CREEK","","0","0","5","0","0","0","Chinook","Fall","Issaquah Creek","HATCHERY","28","1999",,"true",,,"false","false",,,"0","0","0"
"Adult Surplus Event","","1999-10-20T00:00:00.000","ISSAQUAH HATCHERY","","ISSAQUAH CREEK","","0","5","0","0","0","0","Chinook","Fall","Issaquah Creek","HATCHERY","28","1999",,"true",,,"false","false",,,"0","0","0"
"Adult Surplus Event","","1999-10-20T00:00:00.000","ISSAQUAH HATCHERY","","ISSAQUAH CREEK","","0","2","1","0","0","0","Chinook","Fall","Issaquah Creek","HATCHERY","28","1999",,"true",,,"false","false",,,"0","0","0"
"Adult Mortality Event","","1999-10-20T00:00:00.000","ISSAQUAH HATCHERY","","ISSAQUAH CREEK","","0","8","8","3","0","0","Chinook","Fall","Issaquah Creek","HATCHERY","28","1999",,"true",,,"false","false",,,"0","0","0"
"Adult Plant Event","","1999-10-20T00:00:00.000","ISSAQUAH HATCHERY","","ISSAQUAH CREEK","","0","79","42","0","0","0","Chinook","Fall","Issaquah Creek","HATCHERY","28","1999",,"true",,,"false","false",,,"0","0","0"
"Adult Surplus Event","","1999-10-23T00:00:00.000","ISSAQUAH HATCHERY","","ISSAQUAH CREEK","","0","1","0","0","0","0","Chinook","Fall","Issaquah Creek","HATCHERY","28","1999",,"true",,,"false","false",,,"0","0","0"
"Adult Surplus Event","","1999-10-23T00:00:00.000","ISSAQUAH HATCHERY","","ISSAQUAH CREEK","","0","1","0","0","0","0","Coho","NA","Issaquah Creek","HATCHERY","2","1999",,"true",,,"false","false",,,"0","0","0"
"Adult Mortality Event","","1999-10-27T00:00:00.000","ISSAQUAH HATCHERY","","ISSAQUAH CREEK","","0","10","9","2","0","0","Coho","NA","Issaquah Creek","HATCHERY","2","1999",,"true",,,"false","false",,,"0","0","0"
"Adult Mortality Event","","1999-10-27T00:00:00.000","ISSAQUAH HATCHERY","","ISSAQUAH CREEK","","0","9","5","5","0","0","Chinook","Fall","Issaquah Creek","HATCHERY","28","1999",,"true",,,"false","false",,,"0","0","0"
"Trap Estimate","","1999-10-27T00:00:00.000","ISSAQUAH HATCHERY","","ISSAQUAH CREEK","","20","0","0","8","0","0","Chinook","Fall","Issaquah Creek","HATCHERY","28","1999",,"false",,,"false","false",,,"0","0","0"
"Trap Estimate","","1999-10-27T00:00:00.000","ISSAQUAH HATCHERY","","ISSAQUAH CREEK","","0","0","0","2","0","0","Coho","NA","Issaquah Creek","HATCHERY","2","1999",,"false",,,"false","false",,,"0","0","0"
"Trap Estimate","","1999-10-31T00:00:00.000","ISSAQUAH HATCHERY","","ISSAQUAH CREEK","","1200","0","0","100","0","0","Coho","NA","Issaquah Creek","HATCHERY","2","1999",,"false",,,"false","false",,,"0","0","0"
"Adult Mortality Event","","1999-10-31T00:00:00.000","ISSAQUAH HATCHERY","","ISSAQUAH CREEK","","0","10","10","0","0","0","Coho","NA","Issaquah Creek","HATCHERY","2","1999",,"true",,,"false","false",,,"0","0","0"
"Adult Surplus Event","","1999-11-03T00:00:00.000","ISSAQUAH HATCHERY","","ISSAQUAH CREEK","","0","0","0","35","0","0","Coho","NA","Issaquah Creek","HATCHERY","2","1999",,"true",,,"false","false",,,"0","0","0"
"Parent Spawn Event","Lethal","1999-11-03T00:00:00.000","ISSAQUAH HATCHERY","","ISSAQUAH CREEK","","0","39","36","0","0","0","Coho","NA","Issaquah Creek","HATCHERY","14","1999",,"true",,,"false","false",,,"0","0","0"
"Parent Spawn Event","Lethal","1999-11-03T00:00:00.000","ISSAQUAH HATCHERY","","ISSAQUAH CREEK","","0","362","333","0","0","0","Coho","NA","Issaquah Creek","HATCHERY","2","1999",,"true",,,"false","false",,,"0","0","0"
"EggTake","","1999-11-03T00:00:00.000","ISSAQUAH HATCHERY","","ISSAQUAH CREEK","","0","0","0","0","0","850500","Coho","NA","Issaquah Creek","HATCHERY",,"1999",,"false",,,"false","false",,,"0","0","0"
"Adult Plant Event","","1999-11-03T00:00:00.000","ISSAQUAH HATCHERY","","ISSAQUAH CREEK","","0","2","2","0","0","0","Chinook","Fall","Issaquah Creek","HATCHERY","28","1999",,"true",,,"false","false",,,"0","0","0"
"Adult Surplus Event","","1999-11-03T00:00:00.000","ISSAQUAH HATCHERY","","ISSAQUAH CREEK","","0","11","0","0","0","0","Coho","NA","Issaquah Creek","HATCHERY","14","1999",,"true",,,"false","false",,,"0","0","0"
"Adult Surplus Event","","1999-11-03T00:00:00.000","ISSAQUAH HATCHERY","","ISSAQUAH CREEK","","0","1","16","0","0","0","Chinook","Fall","Issaquah Creek","HATCHERY","28","1999",,"true",,,"false","false",,,"0","0","0"
"Adult Mortality Event","","1999-11-03T00:00:00.000","ISSAQUAH HATCHERY","","ISSAQUAH CREEK","","0","14","19","0","0","0","Coho","NA","Issaquah Creek","HATCHERY","2","1999",,"true",,,"false","false",,,"0","0","0"
"Adult Surplus Event","","1999-11-03T00:00:00.000","ISSAQUAH HATCHERY","","ISSAQUAH CREEK","","0","202","0","0","0","0","Coho","NA","Issaquah Creek","HATCHERY","2","1999",,"true",,,"false","false",,,"0","0","0"
"Adult Surplus Event","","1999-11-03T00:00:00.000","ISSAQUAH HATCHERY","","ISSAQUAH CREEK","","0","0","0","2","0","0","Coho","NA","Issaquah Creek","HATCHERY","14","1999",,"true",,,"false","false",,,"0","0","0"
"Adult Mortality Event","","1999-11-03T00:00:00.000","ISSAQUAH HATCHERY","","ISSAQUAH CREEK","","0","3","1","0","0","0","Chinook","Fall","Issaquah Creek","HATCHERY","28","1999",,"true",,,"false","false",,,"0","0","0"
"EggTake","","1999-11-08T00:00:00.000","ISSAQUAH HATCHERY","","ISSAQUAH CREEK","","0","0","0","0","0","1163500","Coho","NA","Issaquah Creek","HATCHERY",,"1999",,"false",,,"false","false",,,"0","0","0"
"Adult Surplus Event","","1999-11-08T00:00:00.000","ISSAQUAH HATCHERY","","ISSAQUAH CREEK","","0","4","4","0","0","0","Coho","NA","Issaquah Creek","HATCHERY","2","1999",,"true",,,"false","false",,,"0","0","0"
"Adult Surplus Event","","1999-11-08T00:00:00.000","ISSAQUAH HATCHERY","","ISSAQUAH CREEK","","0","146","0","0","0","0","Coho","NA","Issaquah Creek","HATCHERY","2","1999",,"true",,,"false","false",,,"0","0","0"
"Adult Mortality Event","","1999-11-08T00:00:00.000","ISSAQUAH HATCHERY","","ISSAQUAH CREEK","","0","16","11","0","0","0","Coho","NA","Issaquah Creek","HATCHERY","2","1999",,"true",,,"false","false",,,"0","0","0"
"Adult Mortality Event","","1999-11-08T00:00:00.000","ISSAQUAH HATCHERY","","ISSAQUAH CREEK","","0","1","1","0","0","0","Chinook","Fall","Issaquah Creek","HATCHERY","28","1999",,"true",,,"false","false",,,"0","0","0"
"Parent Spawn Event","Lethal","1999-11-08T00:00:00.000","ISSAQUAH HATCHERY","","ISSAQUAH CREEK","","0","432","397","0","0","0","Coho","NA","Issaquah Creek","HATCHERY","2","1999",,"true",,,"false","false",,,"0","0","0"
"Trap Estimate","","1999-11-08T00:00:00.000","ISSAQUAH HATCHERY","","ISSAQUAH CREEK","","6","0","0","0","0","0","Chinook","Fall","Issaquah Creek","HATCHERY","28","1999",,"false",,,"false","false",,,"0","0","0"
"Parent Spawn Event","Lethal","1999-11-08T00:00:00.000","ISSAQUAH HATCHERY","","ISSAQUAH CREEK","","0","39","17","0","0","0","Coho","NA","Issaquah Creek","HATCHERY","14","1999",,"true",,,"false","false",,,"0","0","0"
"Adult Plant Event","","1999-11-08T00:00:00.000","ISSAQUAH HATCHERY","","ISSAQUAH CREEK","","0","5","2","10","0","0","Chinook","Fall","Issaquah Creek","HATCHERY","28","1999",,"true",,,"false","false",,,"0","0","0"
"Adult Surplus Event","","1999-11-08T00:00:00.000","ISSAQUAH HATCHERY","","ISSAQUAH CREEK","","0","5","0","0","0","0","Coho","NA","Issaquah Creek","HATCHERY","14","1999",,"true",,,"false","false",,,"0","0","0"
"Trap Estimate","","1999-11-08T00:00:00.000","ISSAQUAH HATCHERY","","ISSAQUAH CREEK","","858","0","0","90","0","0","Coho","NA","Issaquah Creek","HATCHERY","2","1999",,"false",,,"false","false",,,"0","0","0"
"Adult Surplus Event","","1999-11-08T00:00:00.000","ISSAQUAH HATCHERY","","ISSAQUAH CREEK","","0","0","0","2","0","0","Coho","NA","Issaquah Creek","HATCHERY","14","1999",,"true",,,"false","false",,,"0","0","0"
"Adult Surplus Event","","1999-11-08T00:00:00.000","ISSAQUAH HATCHERY","","ISSAQUAH CREEK","","0","0","0","70","0","0","Coho","NA","Issaquah Creek","HATCHERY","2","1999",,"true",,,"false","false",,,"0","0","0"
"Adult Surplus Event","","1999-11-15T00:00:00.000","ISSAQUAH HATCHERY","","ISSAQUAH CREEK","","0","13","4","10","0","0","Coho","NA","Issaquah Creek","HATCHERY","14","1999",,"true",,,"false","false",,,"0","0","0"
"Adult Mortality Event","","1999-11-15T00:00:00.000","ISSAQUAH HATCHERY","","ISSAQUAH CREEK","","0","1","5","0","0","0","Coho","NA","Issaquah Creek","HATCHERY","14","1999",,"true",,,"false","false",,,"0","0","0"
"Parent Spawn Event","Lethal","1999-11-15T00:00:00.000","ISSAQUAH HATCHERY","","ISSAQUAH CREEK","","0","31","17","0","0","0","Coho","NA","Issaquah Creek","HATCHERY","14","1999",,"true",,,"false","false",,,"0","0","0"
"EggTake","","1999-11-15T00:00:00.000","ISSAQUAH HATCHERY","","ISSAQUAH CREEK","","0","0","0","0","0","625000","Coho","NA","Issaquah Creek","HATCHERY",,"1999",,"false",,,"false","false",,,"0","0","0"
"Parent Spawn Event","Lethal","1999-11-15T00:00:00.000","ISSAQUAH HATCHERY","","ISSAQUAH CREEK","","0","264","248","0","0","0","Coho","NA","Issaquah Creek","HATCHERY","2","1999",,"true",,,"false","false",,,"0","0","0"
"Adult Surplus Event","","1999-11-15T00:00:00.000","ISSAQUAH HATCHERY","","ISSAQUAH CREEK","","0","40","0","30","0","0","Coho","NA","Issaquah Creek","HATCHERY","2","1999",,"true",,,"false","false",,,"0","0","0"
"Adult Surplus Event","","1999-11-16T00:00:00.000","ISSAQUAH HATCHERY","","ISSAQUAH CREEK","","0","2","0","0","0","0","Coho","NA","Issaquah Creek","HATCHERY","2","1999",,"true",,,"false","false",,,"0","0","0"
"Adult Mortality Event","","1999-11-22T00:00:00.000","ISSAQUAH HATCHERY","","ISSAQUAH CREEK","","0","15","13","0","0","0","Coho","NA","Issaquah Creek","HATCHERY","14","1999",,"true",,,"false","false",,,"0","0","0"
"Parent Spawn Event","Lethal","1999-11-22T00:00:00.000","ISSAQUAH HATCHERY","","ISSAQUAH CREEK","","0","62","68","0","0","0","Coho","NA","Issaquah Creek","HATCHERY","2","1999",,"true",,,"false","false",,,"0","0","0"
"Parent Spawn Event","Lethal","1999-11-22T00:00:00.000","ISSAQUAH HATCHERY","","ISSAQUAH CREEK","","0","5","7","0","0","0","Coho","NA","Issaquah Creek","HATCHERY","14","1999",,"true",,,"false","false",,,"0","0","0"
"Adult Mortality Event","","1999-11-22T00:00:00.000","ISSAQUAH HATCHERY","","ISSAQUAH CREEK","","0","3","5","0","0","0","Coho","NA","Issaquah Creek","HATCHERY","2","1999",,"true",,,"false","false",,,"0","0","0"
"Adult Surplus Event","","1999-11-22T00:00:00.000","ISSAQUAH HATCHERY","","ISSAQUAH CREEK","","0","0","0","41","0","0","Coho","NA","Issaquah Creek","HATCHERY","2","1999",,"true",,,"false","false",,,"0","0","0"
"Adult Surplus Event","","1999-11-22T00:00:00.000","ISSAQUAH HATCHERY","","ISSAQUAH CREEK","","0","3","1","0","0","0","Coho","NA","Issaquah Creek","HATCHERY","14","1999",,"true",,,"false","false",,,"0","0","0"
"EggTake","","1999-11-22T00:00:00.000","ISSAQUAH HATCHERY","","ISSAQUAH CREEK","","0","0","0","0","0","189000","Coho","NA","Issaquah Creek","HATCHERY",,"1999",,"false",,,"false","false",,,"0","0","0"
"Adult Mortality Event","","2000-09-30T00:00:00.000","ISSAQUAH HATCHERY","","ISSAQUAH CREEK","","0","1","1","0","0","0","Coho","NA","Issaquah Creek","HATCHERY","2","2000",,"true",,,"false","false",,,"0","0","0"
"Trap Estimate","","2000-09-30T00:00:00.000","ISSAQUAH HATCHERY","","ISSAQUAH CREEK","","800","0","0","100","0","0","Chinook","Fall","Issaquah Creek","HATCHERY","28","2000",,"false",,,"false","false",,,"0","0","0"
"Adult Mortality Event","","2000-09-30T00:00:00.000","ISSAQUAH HATCHERY","","ISSAQUAH CREEK","","0","64","14","23","0","0","Chinook","Fall","Issaquah Creek","HATCHERY","28","2000",,"false",,,"false","false",,,"0","0","0"
"Adult Mortality Event","","2000-09-30T00:00:00.000","ISSAQUAH HATCHERY","","ISSAQUAH CREEK","","0","1","0","0","0","0","Coho","NA","Issaquah Creek","HATCHERY","2","2000",,"true",,,"false","false",,,"0","0","0"
"Trap Estimate","","2000-09-30T00:00:00.000","ISSAQUAH HATCHERY","","ISSAQUAH CREEK","","25","0","0","0","0","0","Coho","NA","Issaquah Creek","HATCHERY","2","2000",,"false",,,"false","false",,,"0","0","0"
"Adult Plant Event","","2000-10-02T00:00:00.000","ISSAQUAH HATCHERY","","ISSAQUAH CREEK","","0","309","0","0","0","0","Chinook","Fall","Issaquah Creek","HATCHERY","28","2000",,"true",,,"false","false",,,"0","0","0"
"Parent Spawn Event","Lethal","2000-10-02T00:00:00.000","ISSAQUAH HATCHERY","","ISSAQUAH CREEK","","0","194","144","0","27","0","Chinook","Fall","Issaquah Creek","HATCHERY","28","2000",,"true",,,"false","false",,,"0","0","0"
"Adult Mortality Event","","2000-10-02T00:00:00.000","ISSAQUAH HATCHERY","","ISSAQUAH CREEK","","0","1","0","0","0","0","Coho","NA","Issaquah Creek","HATCHERY","2","2000",,"true",,,"false","false",,,"0","0","0"
"Adult Surplus Event","","2000-10-02T00:00:00.000","ISSAQUAH HATCHERY","","ISSAQUAH CREEK","","0","169","0","0","0","0","Chinook","Fall","Issaquah Creek","HATCHERY","28","2000",,"true",,,"false","false",,,"0","0","0"
"Trap Estimate","","2000-10-02T00:00:00.000","ISSAQUAH HATCHERY","","ISSAQUAH CREEK","","300","0","0","50","0","0","Coho","NA","Issaquah Creek","HATCHERY","2","2000",,"false",,,"false","false",,,"0","0","0"
"Adult Mortality Event","","2000-10-02T00:00:00.000","ISSAQUAH HATCHERY","","ISSAQUAH CREEK","","0","73","20","19","0","0","Chinook","Fall","Issaquah Creek","HATCHERY","28","2000",,"true",,,"false","false",,,"0","0","0"
"Trap Estimate","","2000-10-02T00:00:00.000","ISSAQUAH HATCHERY","","ISSAQUAH CREEK","","1416","0","0","250","0","0","Chinook","Fall","Issaquah Creek","HATCHERY","28","2000",,"false",,,"false","false",,,"0","0","0"
"EggTake","","2000-10-02T00:00:00.000","ISSAQUAH HATCHERY","","ISSAQUAH CREEK","","0","0","0","0","0","640000","Chinook","Fall","Issaquah Creek","HATCHERY",,"2000",,"false",,,"false","false",,,"0","0","0"
"Trap Estimate","","2000-10-08T00:00:00.000","ISSAQUAH HATCHERY","","ISSAQUAH CREEK","","130","0","0","10","0","0","Chinook","Fall","Issaquah Creek","HATCHERY","28","2000",,"false",,,"false","false",,,"0","0","0"
"Adult Mortality Event","","2000-10-08T00:00:00.000","ISSAQUAH HATCHERY","","ISSAQUAH CREEK","","0","163","19","75","0","0","Chinook","Fall","Issaquah Creek","HATCHERY","28","2000",,"true",,,"false","false",,,"0","0","0"
"Trap Estimate","","2000-10-08T00:00:00.000","ISSAQUAH HATCHERY","","ISSAQUAH CREEK","","287","0","0","1","0","0","Coho","NA","Issaquah Creek","HATCHERY","2","2000",,"false",,,"false","false",,,"0","0","0"
"Adult Mortality Event","","2000-10-08T00:00:00.000","ISSAQUAH HATCHERY","","ISSAQUAH CREEK","","0","1","8","1","0","0","Coho","NA","Issaquah Creek","HATCHERY","2","2000",,"true",,,"false","false",,,"0","0","0"
"EggTake","","2000-10-09T00:00:00.000","ISSAQUAH HATCHERY","","ISSAQUAH CREEK","","0","0","0","0","0","1127000","Chinook","Fall","Issaquah Creek","HATCHERY",,"2000",,"false",,,"false","false",,,"0","0","0"
"Trap Estimate","","2000-10-09T00:00:00.000","ISSAQUAH HATCHERY","","ISSAQUAH CREEK","","1700","0","0","0","0","0","Coho","NA","Issaquah Creek","HATCHERY","2","2000",,"false",,,"false","false",,,"0","0","0"
"Adult Plant Event","","2000-10-09T00:00:00.000","ISSAQUAH HATCHERY","","ISSAQUAH CREEK","","0","533","0","0","0","0","Chinook","Fall","Issaquah Creek","HATCHERY","28","2000",,"true",,,"false","false",,,"0","0","0"
"Trap Estimate","","2000-10-09T00:00:00.000","ISSAQUAH HATCHERY","","ISSAQUAH CREEK","","618","0","0","74","0","0","Chinook","Fall","Issaquah Creek","HATCHERY","28","2000",,"false",,,"false","false",,,"0","0","0"
"Parent Spawn Event","Lethal","2000-10-09T00:00:00.000","ISSAQUAH HATCHERY","","ISSAQUAH CREEK","","0","260","266","0","3","0","Chinook","Fall","Issaquah Creek","HATCHERY","28","2000",,"true",,,"false","false",,,"0","0","0"
"Adult Plant Event","","2000-10-09T00:00:00.000","ISSAQUAH HATCHERY","","ISSAQUAH CREEK","","0","86","117","0","0","0","Coho","NA","Issaquah Creek","HATCHERY","2","2000",,"true",,,"false","false",,,"0","0","0"
"Adult Mortality Event","","2000-10-09T00:00:00.000","ISSAQUAH HATCHERY","","ISSAQUAH CREEK","","0","98","17","16","0","0","Chinook","Fall","Issaquah Creek","HATCHERY","28","2000",,"true",,,"false","false",,,"0","0","0"
"Trap Estimate","","2000-10-11T00:00:00.000","ISSAQUAH HATCHERY","","ISSAQUAH CREEK","","2632","0","0","0","0","0","Coho","NA","Issaquah Creek","HATCHERY","2","2000",,"false",,,"false","false",,,"0","0","0"
"Adult Plant Event","","2000-10-11T00:00:00.000","ISSAQUAH HATCHERY","","ISSAQUAH CREEK","","0","565","657","0","0","0","Coho","NA","Issaquah Creek","HATCHERY","2","2000",,"true",,,"false","false",,,"0","0","0"
"Adult Mortality Event","","2000-10-14T00:00:00.000","ISSAQUAH HATCHERY","","ISSAQUAH CREEK","","0","3","20","3","0","0","Coho","NA","Issaquah Creek","HATCHERY","2","2000",,"true",,,"false","false",,,"0","0","0"
"Trap Estimate","","2000-10-14T00:00:00.000","ISSAQUAH HATCHERY","","ISSAQUAH CREEK","","72","0","0","0","0","0","Chinook","Fall","Issaquah Creek","HATCHERY","28","2000",,"false",,,"false","false",,,"0","0","0"
"Adult Mortality Event","","2000-10-14T00:00:00.000","ISSAQUAH HATCHERY","","ISSAQUAH CREEK","","0","133","40","65","0","0","Chinook","Fall","Issaquah Creek","HATCHERY","28","2000",,"true",,,"false","false",,,"0","0","0"
"EggTake","","2000-10-16T00:00:00.000","ISSAQUAH HATCHERY","","ISSAQUAH CREEK","","0","0","0","0","0","687000","Chinook","Fall","Issaquah Creek","HATCHERY",,"2000",,"false",,,"false","false",,,"0","0","0"
"Adult Mortality Event","","2000-10-16T00:00:00.000","ISSAQUAH HATCHERY","","ISSAQUAH CREEK","","0","310","46","64","0","0","Chinook","Fall","Issaquah Creek","HATCHERY","28","2000",,"true",,,"false","false",,,"0","0","0"
"Adult Plant Event","","2000-10-16T00:00:00.000","ISSAQUAH HATCHERY","","ISSAQUAH CREEK","","0","82","7","0","0","0","Chinook","Fall","Issaquah Creek","HATCHERY","28","2000",,"true",,,"false","false",,,"0","0","0"
"Adult Plant Event","","2000-10-16T00:00:00.000","ISSAQUAH HATCHERY","","ISSAQUAH CREEK","","0","128","151","0","0","0","Coho","NA","Issaquah Creek","HATCHERY","2","2000",,"true",,,"false","false",,,"0","0","0"
"Trap Estimate","","2000-10-16T00:00:00.000","ISSAQUAH HATCHERY","","ISSAQUAH CREEK","","487","0","0","0","0","0","Chinook","Fall","Issaquah Creek","HATCHERY","28","2000",,"false",,,"false","false",,,"0","0","0"
"Parent Spawn Event","Lethal","2000-10-16T00:00:00.000","ISSAQUAH HATCHERY","","ISSAQUAH CREEK","","0","149","149","0","0","0","Chinook","Fall","Issaquah Creek","HATCHERY","28","2000",,"true",,,"false","false",,,"0","0","0"
"Adult Mortality Event","","2000-10-16T00:00:00.000","ISSAQUAH HATCHERY","","ISSAQUAH CREEK","","0","10","11","3","0","0","Coho","NA","Issaquah Creek","HATCHERY","2","2000",,"true",,,"false","false",,,"0","0","0"
"Trap Estimate","","2000-10-16T00:00:00.000","ISSAQUAH HATCHERY","","ISSAQUAH CREEK","","3357","0","0","0","0","0","Coho","NA","Issaquah Creek","HATCHERY","2","2000",,"false",,,"false","false",,,"0","0","0"
"Trap Estimate","","2000-10-17T00:00:00.000","ISSAQUAH HATCHERY","","ISSAQUAH CREEK","","3398","0","0","0","0","0","Coho","NA","Issaquah Creek","HATCHERY","2","2000",,"false",,,"false","false",,,"0","0","0"
"Trap Estimate","","2000-10-17T00:00:00.000","ISSAQUAH HATCHERY","","ISSAQUAH CREEK","","150","0","0","0","0","0","Chinook","Fall","Issaquah Creek","HATCHERY","28","2000",,"false",,,"false","false",,,"0","0","0"
"Adult Plant Event","","2000-10-17T00:00:00.000","ISSAQUAH HATCHERY","","ISSAQUAH CREEK","","0","1103","1431","0","0","0","Coho","NA","Issaquah Creek","HATCHERY","2","2000",,"true",,,"false","false",,,"0","0","0"
"Adult Plant Event","","2000-10-17T00:00:00.000","ISSAQUAH HATCHERY","","ISSAQUAH CREEK","","0","156","90","49","0","0","Chinook","Fall","Issaquah Creek","HATCHERY","28","2000",,"true",,,"false","false",,,"0","0","0"
"Adult Mortality Event","","2000-10-17T00:00:00.000","ISSAQUAH HATCHERY","","ISSAQUAH CREEK","","0","12","7","100","0","0","Chinook","Fall","Issaquah Creek","HATCHERY","28","2000",,"true",,,"false","false",,,"0","0","0"
"Adult Surplus Event","","2000-10-19T00:00:00.000","ISSAQUAH HATCHERY","","ISSAQUAH CREEK","","0","1","0","0","0","0","Chinook","Fall","Issaquah Creek","HATCHERY","28","2000",,"true",,,"false","false",,,"0","0","0"
"Adult Plant Event","","2000-10-23T00:00:00.000","ISSAQUAH HATCHERY","","ISSAQUAH CREEK","","0","5000","5000","0","0","0","Coho","NA","Issaquah Creek","HATCHERY","28","2000",,"false",,,"false","false",,,"0","0","0"
"Adult Plant Event","","2000-10-23T00:00:00.000","ISSAQUAH HATCHERY","","ISSAQUAH CREEK","","0","2178","1923","0","0","0","Coho","NA","Issaquah Creek","HATCHERY","2","2000",,"true",,,"false","false",,,"0","0","0"
"Adult Plant Event","","2000-10-23T00:00:00.000","ISSAQUAH HATCHERY","","ISSAQUAH CREEK","","0","19","16","0","0","0","Chinook","Fall","Issaquah Creek","HATCHERY","28","2000",,"true",,,"false","false",,,"0","0","0"
"Adult Surplus Event","","2000-10-23T00:00:00.000","ISSAQUAH HATCHERY","","ISSAQUAH CREEK","","0","1","0","0","0","0","Coho","NA","Issaquah Creek","HATCHERY","2","2000",,"true",,,"false","false",,,"0","0","0"
"Trap Estimate","","2000-10-23T00:00:00.000","ISSAQUAH HATCHERY","","ISSAQUAH CREEK","","10000","0","0","0","0","0","Coho","NA","Issaquah Creek","HATCHERY","28","2000",,"false",,,"false","false",,,"0","0","0"
"Trap Estimate","","2000-10-23T00:00:00.000","ISSAQUAH HATCHERY","","ISSAQUAH CREEK","","13","0","0","24","0","0","Chinook","Fall","Issaquah Creek","HATCHERY","28","2000",,"false",,,"false","false",,,"0","0","0"
"Adult Mortality Event","","2000-10-24T00:00:00.000","ISSAQUAH HATCHERY","","ISSAQUAH CREEK","","0","33","13","22","0","0","Chinook","Fall","Issaquah Creek","HATCHERY","28","2000",,"true",,,"false","false",,,"0","0","0"
"Adult Mortality Event","","2000-10-24T00:00:00.000","ISSAQUAH HATCHERY","","ISSAQUAH CREEK","","0","33","73","8","0","0","Coho","NA","Issaquah Creek","HATCHERY","2","2000",,"true",,,"false","false",,,"0","0","0"
"Trap Estimate","","2000-10-24T00:00:00.000","ISSAQUAH HATCHERY","","ISSAQUAH CREEK","","0","0","0","4","0","0","Coho","NA","Issaquah Creek","HATCHERY","2","2000",,"false",,,"false","false",,,"0","0","0"
"Adult Mortality Event","","2000-10-25T00:00:00.000","ISSAQUAH HATCHERY","","ISSAQUAH CREEK","","0","2","0","0","0","0","Chinook","Fall","Issaquah Creek","HATCHERY","28","2000",,"true",,,"false","false",,,"0","0","0"
"Adult Mortality Event","","2000-10-25T00:00:00.000","ISSAQUAH HATCHERY","","ISSAQUAH CREEK","","0","5","25","1","0","0","Coho","NA","Issaquah Creek","HATCHERY","2","2000",,"true",,,"false","false",,,"0","0","0"
"Adult Mortality Event","","2000-10-26T00:00:00.000","ISSAQUAH HATCHERY","","ISSAQUAH CREEK","","0","4","3","1","0","0","Chinook","Fall","Issaquah Creek","HATCHERY","28","2000",,"true",,,"false","false",,,"0","0","0"
"Adult Mortality Event","","2000-10-26T00:00:00.000","ISSAQUAH HATCHERY","","ISSAQUAH CREEK","","0","7","18","1","0","0","Coho","NA","Issaquah Creek","HATCHERY","2","2000",,"true",,,"false","false",,,"0","0","0"
"Adult Mortality Event","","2000-10-27T00:00:00.000","ISSAQUAH HATCHERY","","ISSAQUAH CREEK","","0","6","17","2","0","0","Coho","NA","Issaquah Creek","HATCHERY","2","2000",,"true",,,"false","false",,,"0","0","0"
"Adult Mortality Event","","2000-10-27T00:00:00.000","ISSAQUAH HATCHERY","","ISSAQUAH CREEK","","0","1","0","2","0","0","Chinook","Fall","Issaquah Creek","HATCHERY","28","2000",,"true",,,"false","false",,,"0","0","0"
"Adult Mortality Event","","2000-10-28T00:00:00.000","ISSAQUAH HATCHERY","","ISSAQUAH CREEK","","0","1","0","2","0","0","Chinook","Fall","Issaquah Creek","HATCHERY","28","2000",,"true",,,"false","false",,,"0","0","0"
"Adult Mortality Event","","2000-10-29T00:00:00.000","ISSAQUAH HATCHERY","","ISSAQUAH CREEK","","0","0","0","1","0","0","Chinook","Fall","Issaquah Creek","HATCHERY","28","2000",,"true",,,"false","false",,,"0","0","0"
"Adult Mortality Event","","2000-10-30T00:00:00.000","ISSAQUAH HATCHERY","","ISSAQUAH CREEK","","0","8","4","18","0","0","Chinook","Fall","Issaquah Creek","HATCHERY","28","2000",,"true",,,"false","false",,,"0","0","0"
"Adult Mortality Event","","2000-10-30T00:00:00.000","ISSAQUAH HATCHERY","","ISSAQUAH CREEK","","0","95","254","6","0","0","Coho","NA","Issaquah Creek","HATCHERY","2","2000",,"true",,,"false","false",,,"0","0","0"
"EggTake","","2000-10-30T00:00:00.000","ISSAQUAH HATCHERY","","ISSAQUAH CREEK","","0","0","0","0","0","770000","Coho","NA","Issaquah Creek","HATCHERY",,"2000",,"false",,,"false","false",,,"0","0","0"
"Parent Spawn Event","Lethal","2000-10-30T00:00:00.000","ISSAQUAH HATCHERY","","ISSAQUAH CREEK","","0","283","264","0","0","0","Coho","NA","Issaquah Creek","HATCHERY","2","2000",,"true",,,"false","false",,,"0","0","0"
"Adult Mortality Event","","2000-10-31T00:00:00.000","ISSAQUAH HATCHERY","","ISSAQUAH CREEK","","0","1","5","0","0","0","Coho","NA","Issaquah Creek","HATCHERY","2","2000",,"true",,,"false","false",,,"0","0","0"
"Adult Mortality Event","","2000-10-31T00:00:00.000","ISSAQUAH HATCHERY","","ISSAQUAH CREEK","","0","0","0","1","0","0","Chinook","Fall","Issaquah Creek","HATCHERY","28","2000",,"true",,,"false","false",,,"0","0","0"
"Adult Mortality Event","","2000-11-05T00:00:00.000","ISSAQUAH HATCHERY","","ISSAQUAH CREEK","","0","0","2","0","0","0","Chinook","Fall","Issaquah Creek","HATCHERY","28","2000",,"true",,,"false","false",,,"0","0","0"
"Trap Estimate","","2000-11-05T00:00:00.000","ISSAQUAH HATCHERY","","ISSAQUAH CREEK","","500","0","0","0","0","0","Coho","NA","Issaquah Creek","HATCHERY","2","2000",,"false",,,"false","false",,,"0","0","0"
"Adult Mortality Event","","2000-11-05T00:00:00.000","ISSAQUAH HATCHERY","","ISSAQUAH CREEK","","0","62","80","0","0","0","Coho","NA","Issaquah Creek","HATCHERY","2","2000",,"true",,,"false","false",,,"0","0","0"
"EggTake","","2000-11-06T00:00:00.000","ISSAQUAH HATCHERY","","ISSAQUAH CREEK","","0","0","0","0","0","1012000","Coho","NA","Issaquah Creek","HATCHERY",,"2000",,"false",,,"false","false",,,"0","0","0"
"Adult Mortality Event","","2000-11-06T00:00:00.000","ISSAQUAH HATCHERY","","ISSAQUAH CREEK","","0","86","118","0","0","0","Coho","NA","Issaquah Creek","HATCHERY","2","2000",,"true",,,"false","false",,,"0","0","0"
"Adult Surplus Event","","2000-11-06T00:00:00.000","ISSAQUAH HATCHERY","","ISSAQUAH CREEK","","0","6","3","0","0","0","Coho","NA","Issaquah Creek","HATCHERY","2","2000",,"true",,,"false","false",,,"0","0","0"
"Parent Spawn Event","Lethal","2000-11-06T00:00:00.000","ISSAQUAH HATCHERY","","ISSAQUAH CREEK","","0","395","367","0","24","0","Coho","NA","Issaquah Creek","HATCHERY","2","2000",,"true",,,"false","false",,,"0","0","0"
"Trap Estimate","","2000-11-08T00:00:00.000","ISSAQUAH HATCHERY","","ISSAQUAH CREEK","","1000","0","0","0","0","0","Coho","NA","Issaquah Creek","HATCHERY","2","2000",,"false",,,"false","false",,,"0","0","0"
"Adult Mortality Event","","2000-11-08T00:00:00.000","ISSAQUAH HATCHERY","","ISSAQUAH CREEK","","0","42","52","0","0","0","Coho","NA","Issaquah Creek","HATCHERY","2","2000",,"true",,,"false","false",,,"0","0","0"
"Adult Mortality Event","","2000-11-08T00:00:00.000","ISSAQUAH HATCHERY","","ISSAQUAH CREEK","","0","2","2","0","0","0","Chinook","Fall","Issaquah Creek","HATCHERY","28","2000",,"true",,,"false","false",,,"0","0","0"
"EggTake","","2000-11-08T00:00:00.000","ISSAQUAH HATCHERY","","ISSAQUAH CREEK","","0","0","0","0","0","675000","Coho","NA","Issaquah Creek","HATCHERY",,"2000",,"false",,,"false","false",,,"0","0","0"
"Parent Spawn Event","Lethal","2000-11-08T00:00:00.000","ISSAQUAH HATCHERY","","ISSAQUAH CREEK","","0","23","15","0","0","0","Coho","NA","Issaquah Creek","HATCHERY","14","2000",,"true",,,"false","false",,,"0","0","0"
"Adult Plant Event","","2000-11-08T00:00:00.000","ISSAQUAH HATCHERY","","ISSAQUAH CREEK","","0","59","0","6","0","0","Coho","NA","Issaquah Creek","HATCHERY","2","2000",,"true",,,"false","false",,,"0","0","0"
"Parent Spawn Event","Lethal","2000-11-08T00:00:00.000","ISSAQUAH HATCHERY","","ISSAQUAH CREEK","","0","259","248","0","11","0","Coho","NA","Issaquah Creek","HATCHERY","2","2000",,"true",,,"false","false",,,"0","0","0"
"Adult Plant Event","","2000-11-08T00:00:00.000","ISSAQUAH HATCHERY","","ISSAQUAH CREEK","","0","3","6","0","0","0","Chinook","Fall","Issaquah Creek","HATCHERY","28","2000",,"true",,,"false","false",,,"0","0","0"
"Parent Spawn Event","Lethal","2000-11-13T00:00:00.000","ISSAQUAH HATCHERY","","ISSAQUAH CREEK","","0","22","6","0","0","0","Coho","NA","Issaquah Creek","HATCHERY","14","2000",,"true",,,"false","false",,,"0","0","0"
"Trap Estimate","","2000-11-13T00:00:00.000","ISSAQUAH HATCHERY","","ISSAQUAH CREEK","","1500","0","0","0","0","0","Coho","NA","Issaquah Creek","HATCHERY","2","2000",,"false",,,"false","false",,,"0","0","0"
"Adult Surplus Event","","2000-11-13T00:00:00.000","ISSAQUAH HATCHERY","","ISSAQUAH CREEK","","0","4","4","0","0","0","Coho","NA","Issaquah Creek","HATCHERY","2","2000",,"true",,,"false","false",,,"0","0","0"
"EggTake","","2000-11-13T00:00:00.000","ISSAQUAH HATCHERY","","ISSAQUAH CREEK","","0","0","0","0","0","475000","Coho","NA","Issaquah Creek","HATCHERY",,"2000",,"false",,,"false","false",,,"0","0","0"
"Adult Plant Event","","2000-11-13T00:00:00.000","ISSAQUAH HATCHERY","","ISSAQUAH CREEK","","0","347","424","0","0","0","Coho","NA","Issaquah Creek","HATCHERY","2","2000",,"true",,,"false","false",,,"0","0","0"
"Parent Spawn Event","Lethal","2000-11-13T00:00:00.000","ISSAQUAH HATCHERY","","ISSAQUAH CREEK","","0","180","182","0","15","0","Coho","NA","Issaquah Creek","HATCHERY","2","2000",,"true",,,"false","false",,,"0","0","0"
"Adult Mortality Event","","2000-11-13T00:00:00.000","ISSAQUAH HATCHERY","","ISSAQUAH CREEK","","0","64","95","0","0","0","Coho","NA","Issaquah Creek","HATCHERY","2","2000",,"true",,,"false","false",,,"0","0","0"
"Adult Plant Event","","2000-11-13T00:00:00.000","ISSAQUAH HATCHERY","","ISSAQUAH CREEK","","0","8","3","0","0","0","Coho","NA","Issaquah Creek","HATCHERY","14","2000",,"true",,,"false","false",,,"0","0","0"
"Adult Surplus Event","","2000-11-13T00:00:00.000","ISSAQUAH HATCHERY","","ISSAQUAH CREEK","","0","32","13","0","0","0","Coho","NA","Issaquah Creek","HATCHERY","2","2000",,"true",,,"false","false",,,"0","0","0"
"Adult Mortality Event","","2000-11-13T00:00:00.000","ISSAQUAH HATCHERY","","ISSAQUAH CREEK","","0","11","21","0","0","0","Coho","NA","Issaquah Creek","HATCHERY","2","2000",,"true",,,"false","false",,,"0","0","0"
"Adult Plant Event","","2000-11-14T00:00:00.000","ISSAQUAH HATCHERY","","ISSAQUAH CREEK","","0","240","150","0","0","0","Coho","NA","Issaquah Creek","HATCHERY","2","2000",,"true",,,"false","false",,,"0","0","0"
"Adult Surplus Event","","2000-11-14T00:00:00.000","ISSAQUAH HATCHERY","","ISSAQUAH CREEK","","0","289","211","0","0","0","Coho","NA","Issaquah Creek","HATCHERY","2","2000",,"true",,,"false","false",,,"0","0","0"
"Parent Spawn Event","Lethal","2000-11-15T00:00:00.000","ISSAQUAH HATCHERY","","ISSAQUAH CREEK","","0","91","97","0","0","0","Coho","NA","Issaquah Creek","HATCHERY","2","2000",,"true",,,"false","false",,,"0","0","0"
"Adult Mortality Event","","2000-11-15T00:00:00.000","ISSAQUAH HATCHERY","","ISSAQUAH CREEK","","0","125","171","0","0","0","Coho","NA","Issaquah Creek","HATCHERY","2","2000",,"true",,,"false","false",,,"0","0","0"
"Adult Plant Event","","2000-11-15T00:00:00.000","ISSAQUAH HATCHERY","","ISSAQUAH CREEK","","0","71","17","0","0","0","Coho","NA","Issaquah Creek","HATCHERY","14","2000",,"true",,,"false","false",,,"0","0","0"
"Trap Estimate","","2000-11-15T00:00:00.000","ISSAQUAH HATCHERY","","ISSAQUAH CREEK","","700","0","0","10","0","0","Coho","NA","Issaquah Creek","HATCHERY","2","2000",,"false",,,"false","false",,,"0","0","0"
"Adult Mortality Event","","2000-11-15T00:00:00.000","ISSAQUAH HATCHERY","","ISSAQUAH CREEK","","0","0","2","0","0","0","Chinook","Fall","Issaquah Creek","HATCHERY","28","2000",,"true",,,"false","false",,,"0","0","0"
"Adult Ship","","2000-11-15T00:00:00.000","ISSAQUAH HATCHERY","","ISSAQUAH CREEK","","0","100","100","0","0","0","Coho","NA","Issaquah Creek","HATCHERY","2","2000",,"true",,,"false","false",,,"0","0","0"
"Adult Plant Event","","2000-11-15T00:00:00.000","ISSAQUAH HATCHERY","","ISSAQUAH CREEK","","0","251","173","14","0","0","Coho","NA","Issaquah Creek","HATCHERY","2","2000",,"true",,,"false","false",,,"0","0","0"
"EggTake","","2000-11-15T00:00:00.000","ISSAQUAH HATCHERY","","ISSAQUAH CREEK","","0","0","0","0","0","200000","Coho","NA","Issaquah Creek","HATCHERY",,"2000",,"false",,,"false","false",,,"0","0","0"
"Adult Plant Event","","2000-11-27T00:00:00.000","ISSAQUAH HATCHERY","","ISSAQUAH CREEK","","0","37","26","0","0","0","Coho","NA","Issaquah Creek","HATCHERY","14","2000",,"true",,,"false","false",,,"0","0","0"
"Adult Mortality Event","","2000-11-27T00:00:00.000","ISSAQUAH HATCHERY","","ISSAQUAH CREEK","","0","158","176","11","0","0","Coho","NA","Issaquah Creek","HATCHERY","2","2000",,"true",,,"false","false",,,"0","0","0"
"Adult Ship","","2000-11-27T00:00:00.000","ISSAQUAH HATCHERY","","ISSAQUAH CREEK","","0","38","18","0","0","0","Coho","NA","Issaquah Creek","HATCHERY","14","2000",,"true",,,"false","false",,,"0","0","0"
"Adult Mortality Event","","2000-11-27T00:00:00.000","ISSAQUAH HATCHERY","","ISSAQUAH CREEK","","0","6","5","0","0","0","Coho","NA","Issaquah Creek","HATCHERY","14","2000",,"true",,,"false","false",,,"0","0","0"
"Parent Spawn Event","Lethal","2000-11-27T00:00:00.000","ISSAQUAH HATCHERY","","ISSAQUAH CREEK","","0","121","123","0","0","0","Coho","NA","Issaquah Creek","HATCHERY","2","2000",,"true",,,"false","false",,,"0","0","0"
"Trap Estimate","","2000-11-27T00:00:00.000","ISSAQUAH HATCHERY","","ISSAQUAH CREEK","","1826","0","0","0","0","0","Coho","NA","Issaquah Creek","HATCHERY","2","2000",,"false",,,"false","false",,,"0","0","0"
"Adult Ship","","2000-11-27T00:00:00.000","ISSAQUAH HATCHERY","","ISSAQUAH CREEK","","0","369","296","0","0","0","Coho","NA","Issaquah Creek","HATCHERY","2","2000",,"true",,,"false","false",,,"0","0","0"
"Adult Plant Event","","2000-11-27T00:00:00.000","ISSAQUAH HATCHERY","","ISSAQUAH CREEK","","0","235","203","0","0","0","Coho","NA","Issaquah Creek","HATCHERY","2","2000",,"true",,,"false","false",,,"0","0","0"
"EggTake","","2000-11-27T00:00:00.000","ISSAQUAH HATCHERY","","ISSAQUAH CREEK","","0","0","0","0","0","325000","Coho","NA","Issaquah Creek","HATCHERY",,"2000",,"false",,,"false","false",,,"0","0","0"
"Adult Surplus Event","","2000-11-27T00:00:00.000","ISSAQUAH HATCHERY","","ISSAQUAH CREEK","","0","242","122","0","0","0","Coho","NA","Issaquah Creek","HATCHERY","2","2000",,"true",,,"false","false",,,"0","0","0"
"EggTake","","2000-12-04T00:00:00.000","ISSAQUAH HATCHERY","","ISSAQUAH CREEK","","0","0","0","0","0","21660","Coho","NA","Issaquah Creek","HATCHERY",,"2000",,"false",,,"false","false",,,"0","0","0"
"Parent Spawn Event","Lethal","2000-12-04T00:00:00.000","ISSAQUAH HATCHERY","","ISSAQUAH CREEK","","0","10","10","0","0","0","Coho","NA","Issaquah Creek","HATCHERY","2","2000",,"true",,,"false","false",,,"0","0","0"
"Adult Plant Event","","2000-12-06T00:00:00.000","ISSAQUAH HATCHERY","","ISSAQUAH CREEK","","0","58","50","9","0","0","Coho","NA","Issaquah Creek","HATCHERY","2","2000",,"true",,,"false","false",,,"0","0","0"
"EggTake","","2000-12-06T00:00:00.000","ISSAQUAH HATCHERY","","ISSAQUAH CREEK","","0","0","0","0","0","88000","Coho","NA","Issaquah Creek","HATCHERY",,"2000",,"false",,,"false","false",,,"0","0","0"
"Parent Spawn Event","Lethal","2000-12-06T00:00:00.000","ISSAQUAH HATCHERY","","ISSAQUAH CREEK","","0","36","36","0","0","0","Coho","NA","Issaquah Creek","HATCHERY","2","2000",,"true",,,"false","false",,,"0","0","0"
"Adult Plant Event","","2001-09-30T00:00:00.000","ISSAQUAH HATCHERY","","ISSAQUAH HATCHERY","","0","30","20","0","0","0","Coho","NA","Issaquah Creek","HATCHERY","2","2001",,"true",,,"false","false",,,"0","0","0"
"Adult Mortality Event","","2001-09-30T00:00:00.000","ISSAQUAH HATCHERY","","ISSAQUAH HATCHERY","","0","1","3","0","0","0","Coho","NA","Issaquah Creek","HATCHERY","2","2001",,"true",,,"false","false",,,"0","0","0"
"Adult Plant Event","","2001-09-30T00:00:00.000","ISSAQUAH HATCHERY","","ISSAQUAH HATCHERY","","0","1026","678","35","0","0","Chinook","Fall","Issaquah Creek","HATCHERY","14","2001",,"true",,,"false","false",,,"0","0","0"
"Trap Estimate","","2001-09-30T00:00:00.000","ISSAQUAH HATCHERY","","ISSAQUAH HATCHERY","","3154","0","0","79","0","0","Chinook","Fall","Issaquah Creek","HATCHERY","14","2001",,"false",,,"false","false",,,"0","0","0"
"Trap Estimate","","2001-09-30T00:00:00.000","ISSAQUAH HATCHERY","","ISSAQUAH HATCHERY","","83","0","0","0","0","0","Coho","NA","Issaquah Creek","HATCHERY","2","2001",,"false",,,"false","false",,,"0","0","0"
"Adult Mortality Event","","2001-09-30T00:00:00.000","ISSAQUAH HATCHERY","","ISSAQUAH HATCHERY","","0","168","82","9","0","0","Chinook","Fall","Issaquah Creek","HATCHERY","14","2001",,"true",,,"false","false",,,"0","0","0"
"Adult Plant Event","","2001-10-01T00:00:00.000","ISSAQUAH HATCHERY","","ISSAQUAH HATCHERY","","0","35","15","0","0","0","Coho","NA","Issaquah Creek","HATCHERY","2","2001",,"true",,,"false","false",,,"0","0","0"
"Adult Mortality Event","","2001-10-01T00:00:00.000","ISSAQUAH HATCHERY","","ISSAQUAH HATCHERY","","0","30","24","4","0","0","Chinook","Fall","Issaquah Creek","HATCHERY","28","2001",,"true",,,"false","false",,,"0","0","0"
"Adult Mortality Event","","2001-10-01T00:00:00.000","ISSAQUAH HATCHERY","","ISSAQUAH HATCHERY","","0","0","0","2","0","0","Coho","NA","Issaquah Creek","HATCHERY","2","2001",,"true",,,"false","false",,,"0","0","0"
"Trap Estimate","","2001-10-01T00:00:00.000","ISSAQUAH HATCHERY","","ISSAQUAH HATCHERY","","465","0","0","0","0","0","Chinook","Fall","Issaquah Creek","HATCHERY","28","2001",,"false",,,"false","false",,,"0","0","0"
"Trap Estimate","","2001-10-01T00:00:00.000","ISSAQUAH HATCHERY","","ISSAQUAH HATCHERY","","50","0","0","10","0","0","Coho","NA","Issaquah Creek","HATCHERY","2","2001",,"false",,,"false","false",,,"0","0","0"
"Adult Surplus Event","","2001-10-02T00:00:00.000","ISSAQUAH HATCHERY","","ISSAQUAH HATCHERY","","0","212","0","0","0","0","Chinook","Fall","Issaquah Creek","HATCHERY","28","2001",,"true",,,"false","false",,,"0","0","0"
"Trap Estimate","","2001-10-02T00:00:00.000","ISSAQUAH HATCHERY","","ISSAQUAH HATCHERY","","300","0","0","0","0","0","Chinook","Fall","Issaquah Creek","HATCHERY","28","2001",,"false",,,"false","false",,,"0","0","0"
"Parent Spawn Event","Lethal","2001-10-02T00:00:00.000","ISSAQUAH HATCHERY","","ISSAQUAH HATCHERY","","0","144","147","0","0","0","Chinook","Fall","Issaquah Creek","HATCHERY","28","2001",,"true",,,"false","false",,,"0","0","0"
"Adult Mortality Event","","2001-10-02T00:00:00.000","ISSAQUAH HATCHERY","","ISSAQUAH HATCHERY","","0","104","55","2","0","0","Chinook","Fall","Issaquah Creek","HATCHERY","28","2001",,"true",,,"false","false",,,"0","0","0"
"EggTake","","2001-10-02T00:00:00.000","ISSAQUAH HATCHERY","","ISSAQUAH HATCHERY","","0","0","0","0","0","560000","Chinook","Fall","Issaquah Creek","HATCHERY",,"2001",,"false",,,"false","false",,,"0","0","0"
"Adult Mortality Event","","2001-10-03T00:00:00.000","ISSAQUAH HATCHERY","","ISSAQUAH HATCHERY","","0","11","4","2","0","0","Chinook","Fall","Issaquah Creek","HATCHERY","28","2001",,"true",,,"false","false",,,"0","0","0"
"Adult Mortality Event","","2001-10-04T00:00:00.000","ISSAQUAH HATCHERY","","ISSAQUAH HATCHERY","","0","11","5","5","0","0","Chinook","Fall","Issaquah Creek","HATCHERY","28","2001",,"true",,,"false","false",,,"0","0","0"
"Adult Mortality Event","","2001-10-05T00:00:00.000","ISSAQUAH HATCHERY","","ISSAQUAH HATCHERY","","0","16","10","4","0","0","Chinook","Fall","Issaquah Creek","HATCHERY","28","2001",,"true",,,"false","false",,,"0","0","0"
"Adult Mortality Event","","2001-10-06T00:00:00.000","ISSAQUAH HATCHERY","","ISSAQUAH HATCHERY","","0","26","5","4","0","0","Chinook","Fall","Issaquah Creek","HATCHERY","28","2001",,"true",,,"false","false",,,"0","0","0"
"Adult Surplus Event","","2001-10-08T00:00:00.000","ISSAQUAH HATCHERY","","ISSAQUAH HATCHERY","","0","244","1","0","0","0","Chinook","Fall","Issaquah Creek","HATCHERY","28","2001",,"true",,,"false","false",,,"0","0","0"
"Adult Plant Event","","2001-10-08T00:00:00.000","ISSAQUAH HATCHERY","","ISSAQUAH HATCHERY","","0","794","0","0","0","0","Chinook","Fall","Issaquah Creek","HATCHERY","28","2001",,"true",,,"false","false",,,"0","0","0"
"Parent Spawn Event","Lethal","2001-10-08T00:00:00.000","ISSAQUAH HATCHERY","","ISSAQUAH HATCHERY","","0","121","121","0","0","0","Chinook","Fall","Issaquah Creek","HATCHERY","28","2001",,"true",,,"false","false",,,"0","0","0"
"Trap Estimate","","2001-10-08T00:00:00.000","ISSAQUAH HATCHERY","","ISSAQUAH HATCHERY","","1466","0","0","50","0","0","Chinook","Fall","Issaquah Creek","HATCHERY","28","2001",,"false",,,"false","false",,,"0","0","0"
"EggTake","","2001-10-08T00:00:00.000","ISSAQUAH HATCHERY","","ISSAQUAH HATCHERY","","0","0","0","0","0","528000","Chinook","Fall","Issaquah Creek","HATCHERY",,"2001",,"false",,,"false","false",,,"0","0","0"
"Adult Mortality Event","","2001-10-08T00:00:00.000","ISSAQUAH HATCHERY","","ISSAQUAH HATCHERY","","0","188","46","17","0","0","Chinook","Fall","Issaquah Creek","HATCHERY","28","2001",,"true",,,"false","false",,,"0","0","0"
"Adult Mortality Event","","2001-10-10T00:00:00.000","ISSAQUAH HATCHERY","","ISSAQUAH HATCHERY","","0","13","29","5","0","0","Chinook","Fall","Issaquah Creek","HATCHERY","28","2001",,"true",,,"false","false",,,"0","0","0"
"Adult Plant Event","","2001-10-10T00:00:00.000","ISSAQUAH HATCHERY","","ISSAQUAH HATCHERY","","0","94","31","25","0","0","Coho","NA","Issaquah Creek","HATCHERY","2","2001",,"true",,,"false","false",,,"0","0","0"
"Trap Estimate","","2001-10-10T00:00:00.000","ISSAQUAH HATCHERY","","ISSAQUAH HATCHERY","","146","0","0","25","0","0","Coho","NA","Issaquah Creek","HATCHERY","2","2001",,"false",,,"false","false",,,"0","0","0"
"Adult Mortality Event","","2001-10-10T00:00:00.000","ISSAQUAH HATCHERY","","ISSAQUAH HATCHERY","","0","0","0","1","0","0","Coho","NA","Issaquah Creek","HATCHERY","2","2001",,"true",,,"false","false",,,"0","0","0"
"Adult Plant Event","","2001-10-10T00:00:00.000","ISSAQUAH HATCHERY","","ISSAQUAH HATCHERY","","0","237","200","58","0","0","Chinook","Fall","Issaquah Creek","HATCHERY","28","2001",,"true",,,"false","false",,,"0","0","0"
"Trap Estimate","","2001-10-10T00:00:00.000","ISSAQUAH HATCHERY","","ISSAQUAH HATCHERY","","1067","0","0","58","0","0","Chinook","Fall","Issaquah Creek","HATCHERY","28","2001",,"false",,,"false","false",,,"0","0","0"
"Adult Mortality Event","","2001-10-15T00:00:00.000","ISSAQUAH HATCHERY","","ISSAQUAH HATCHERY","","0","4","14","0","0","0","Coho","NA","Issaquah Creek","HATCHERY","2","2001",,"true",,,"false","false",,,"0","0","0"
"EggTake","","2001-10-15T00:00:00.000","ISSAQUAH HATCHERY","","ISSAQUAH HATCHERY","","0","0","0","0","0","1120000","Chinook","Fall","Issaquah Creek","HATCHERY",,"2001",,"false",,,"false","false",,,"0","0","0"
"Adult Surplus Event","","2001-10-15T00:00:00.000","ISSAQUAH HATCHERY","","ISSAQUAH HATCHERY","","0","52","28","0","0","0","Chinook","Fall","Issaquah Creek","HATCHERY","28","2001",,"true",,,"false","false",,,"0","0","0"
"Parent Spawn Event","Lethal","2001-10-15T00:00:00.000","ISSAQUAH HATCHERY","","ISSAQUAH HATCHERY","","0","216","210","0","0","0","Chinook","Fall","Issaquah Creek","HATCHERY","28","2001",,"true",,,"false","false",,,"0","0","0"
"Adult Mortality Event","","2001-10-15T00:00:00.000","ISSAQUAH HATCHERY","","ISSAQUAH HATCHERY","","0","120","192","27","0","0","Chinook","Fall","Issaquah Creek","HATCHERY","28","2001",,"true",,,"false","false",,,"0","0","0"
"Trap Estimate","","2001-10-17T00:00:00.000","ISSAQUAH HATCHERY","","ISSAQUAH HATCHERY","","2160","0","0","96","0","0","Chinook","Fall","Issaquah Creek","HATCHERY","28","2001",,"false",,,"false","false",,,"0","0","0"
"Adult Mortality Event","","2001-10-17T00:00:00.000","ISSAQUAH HATCHERY","","ISSAQUAH HATCHERY","","0","28","13","6","0","0","Chinook","Fall","Issaquah Creek","HATCHERY","28","2001",,"true",,,"false","false",,,"0","0","0"
"Adult Plant Event","","2001-10-17T00:00:00.000","ISSAQUAH HATCHERY","","ISSAQUAH HATCHERY","","0","424","141","50","0","0","Coho","NA","Issaquah Creek","HATCHERY","2","2001",,"true",,,"false","false",,,"0","0","0"
"Adult Plant Event","","2001-10-17T00:00:00.000","ISSAQUAH HATCHERY","","ISSAQUAH HATCHERY","","0","700","600","50","0","0","Chinook","Fall","Issaquah Creek","HATCHERY","28","2001",,"true",,,"false","false",,,"0","0","0"
"Adult Surplus Event","","2001-10-17T00:00:00.000","ISSAQUAH HATCHERY","","ISSAQUAH HATCHERY","","0","1","0","0","0","0","Chinook","Fall","Issaquah Creek","HATCHERY","28","2001",,"true",,,"false","false",,,"0","0","0"
"Trap Estimate","","2001-10-17T00:00:00.000","ISSAQUAH HATCHERY","","ISSAQUAH HATCHERY","","1038","0","0","95","0","0","Coho","NA","Issaquah Creek","HATCHERY","2","2001",,"false",,,"false","false",,,"0","0","0"
"Adult Mortality Event","","2001-10-17T00:00:00.000","ISSAQUAH HATCHERY","","ISSAQUAH HATCHERY","","0","3","2","0","0","0","Coho","NA","Issaquah Creek","HATCHERY","2","2001",,"true",,,"false","false",,,"0","0","0"
"Adult Mortality Event","","2001-10-18T00:00:00.000","ISSAQUAH HATCHERY","","ISSAQUAH HATCHERY","","0","8","3","3","0","0","Chinook","Fall","Issaquah Creek","HATCHERY","28","2001",,"true",,,"false","false",,,"0","0","0"
"Adult Mortality Event","","2001-10-19T00:00:00.000","ISSAQUAH HATCHERY","","ISSAQUAH HATCHERY","","0","0","3","0","0","0","Coho","NA","Issaquah Creek","HATCHERY","2","2001",,"true",,,"false","false",,,"0","0","0"
"Adult Mortality Event","","2001-10-19T00:00:00.000","ISSAQUAH HATCHERY","","ISSAQUAH HATCHERY","","0","17","12","5","0","0","Chinook","Fall","Issaquah Creek","HATCHERY","28","2001",,"true",,,"false","false",,,"0","0","0"
"Adult Mortality Event","","2001-10-20T00:00:00.000","ISSAQUAH HATCHERY","","ISSAQUAH HATCHERY","","0","16","9","5","0","0","Chinook","Fall","Issaquah Creek","HATCHERY","28","2001",,"true",,,"false","false",,,"0","0","0"
"Trap Estimate","","2001-10-20T00:00:00.000","ISSAQUAH HATCHERY","","ISSAQUAH HATCHERY","","1005","0","0","0","0","0","Chinook","Fall","Issaquah Creek","HATCHERY","28","2001",,"false",,,"false","false",,,"0","0","0"
"Adult Plant Event","","2001-10-20T00:00:00.000","ISSAQUAH HATCHERY","","ISSAQUAH HATCHERY","","0","454","455","0","0","0","Chinook","Fall","Issaquah Creek","HATCHERY","28","2001",,"true",,,"false","false",,,"0","0","0"
"Adult Mortality Event","","2001-10-20T00:00:00.000","ISSAQUAH HATCHERY","","ISSAQUAH HATCHERY","","0","2","1","2","0","0","Coho","NA","Issaquah Creek","HATCHERY","2","2001",,"true",,,"false","false",,,"0","0","0"
"Adult Mortality Event","","2001-10-21T00:00:00.000","ISSAQUAH HATCHERY","","ISSAQUAH HATCHERY","","0","2","3","1","0","0","Coho","NA","Issaquah Creek","HATCHERY","2","2001",,"true",,,"false","false",,,"0","0","0"
"Adult Mortality Event","","2001-10-21T00:00:00.000","ISSAQUAH HATCHERY","","ISSAQUAH HATCHERY","","0","8","14","6","0","0","Chinook","Fall","Issaquah Creek","HATCHERY","28","2001",,"true",,,"false","false",,,"0","0","0"
"Adult Surplus Event","","2001-10-22T00:00:00.000","ISSAQUAH HATCHERY","","ISSAQUAH HATCHERY","","0","31","120","0","0","0","Coho","NA","Issaquah Creek","HATCHERY","2","2001",,"true",,,"false","false",,,"0","0","0"
"Parent Spawn Event","Lethal","2001-10-22T00:00:00.000","ISSAQUAH HATCHERY","","ISSAQUAH HATCHERY","","0","111","101","0","0","0","Chinook","Fall","Issaquah Creek","HATCHERY","28","2001",,"true",,,"false","false",,,"0","0","0"
"Adult Surplus Event","","2001-10-22T00:00:00.000","ISSAQUAH HATCHERY","","ISSAQUAH HATCHERY","","0","51","47","1","0","0","Chinook","Fall","Issaquah Creek","HATCHERY","28","2001",,"true",,,"false","false",,,"0","0","0"
"Adult Mortality Event","","2001-10-22T00:00:00.000","ISSAQUAH HATCHERY","","ISSAQUAH HATCHERY","","0","85","106","9","0","0","Chinook","Fall","Issaquah Creek","HATCHERY","28","2001",,"true",,,"false","false",,,"0","0","0"
"EggTake","","2001-10-22T00:00:00.000","ISSAQUAH HATCHERY","","ISSAQUAH HATCHERY","","0","0","0","0","0","558000","Chinook","Fall","Issaquah Creek","HATCHERY",,"2001",,"false",,,"false","false",,,"0","0","0"
"Adult Mortality Event","","2001-10-23T00:00:00.000","ISSAQUAH HATCHERY","","ISSAQUAH HATCHERY","","0","2","11","2","0","0","Coho","NA","Issaquah Creek","HATCHERY","2","2001",,"true",,,"false","false",,,"0","0","0"
"Adult Plant Event","","2001-10-23T00:00:00.000","ISSAQUAH HATCHERY","","ISSAQUAH HATCHERY","","0","1885","1256","2","0","0","Coho","NA","Issaquah Creek","HATCHERY","2","2001",,"true",,,"false","false",,,"0","0","0"
"Trap Estimate","","2001-10-23T00:00:00.000","ISSAQUAH HATCHERY","","ISSAQUAH HATCHERY","","12816","0","0","50","0","0","Coho","NA","Issaquah Creek","HATCHERY","2","2001",,"false",,,"false","false",,,"0","0","0"
"Adult Mortality Event","","2001-10-23T00:00:00.000","ISSAQUAH HATCHERY","","ISSAQUAH HATCHERY","","0","12","7","4","0","0","Chinook","Fall","Issaquah Creek","HATCHERY","28","2001",,"true",,,"false","false",,,"0","0","0"
"Trap Estimate","","2001-10-24T00:00:00.000","ISSAQUAH HATCHERY","","ISSAQUAH HATCHERY","","834","0","0","0","0","0","Chinook","Fall","Issaquah Creek","HATCHERY","28","2001",,"false",,,"false","false",,,"0","0","0"
"Adult Plant Event","","2001-10-24T00:00:00.000","ISSAQUAH HATCHERY","","ISSAQUAH HATCHERY","","0","800","900","0","0","0","Chinook","Fall","Issaquah Creek","HATCHERY","28","2001",,"true",,,"false","false",,,"0","0","0"
"Adult Mortality Event","","2001-10-24T00:00:00.000","ISSAQUAH HATCHERY","","ISSAQUAH HATCHERY","","0","17","10","0","0","0","Chinook","Fall","Issaquah Creek","HATCHERY","28","2001",,"true",,,"false","false",,,"0","0","0"
"Adult Mortality Event","","2001-10-25T00:00:00.000","ISSAQUAH HATCHERY","","ISSAQUAH HATCHERY","","0","3","4","0","0","0","Chinook","Fall","Issaquah Creek","HATCHERY","28","2001",,"true",,,"false","false",,,"0","0","0"
"Adult Mortality Event","","2001-10-26T00:00:00.000","ISSAQUAH HATCHERY","","ISSAQUAH HATCHERY","","0","7","18","3","0","0","Chinook","Fall","Issaquah Creek","HATCHERY","28","2001",,"true",,,"false","false",,,"0","0","0"
"Adult Mortality Event","","2001-10-29T00:00:00.000","ISSAQUAH HATCHERY","","ISSAQUAH HATCHERY","","0","32","32","4","0","0","Chinook","Fall","Issaquah Creek","HATCHERY","28","2001",,"true",,,"false","false",,,"0","0","0"
"Adult Surplus Event","","2001-10-29T00:00:00.000","ISSAQUAH HATCHERY","","ISSAQUAH HATCHERY","","0","239","561","23","0","0","Coho","NA","Issaquah Creek","HATCHERY","2","2001",,"true",,,"false","false",,,"0","0","0"
"Adult Mortality Event","","2001-10-29T00:00:00.000","ISSAQUAH HATCHERY","","ISSAQUAH HATCHERY","","0","12","44","0","0","0","Coho","NA","Issaquah Creek","HATCHERY","2","2001",,"true",,,"false","false",,,"0","0","0"
"Trap Estimate","","2001-10-30T00:00:00.000","ISSAQUAH HATCHERY","","ISSAQUAH HATCHERY","","14349","0","0","100","0","0","Coho","NA","Issaquah Creek","HATCHERY","2","2001",,"false",,,"false","false",,,"0","0","0"
"Adult Surplus Event","","2001-10-30T00:00:00.000","ISSAQUAH HATCHERY","","ISSAQUAH HATCHERY","","0","3","3","0","0","0","Coho","NA","Issaquah Creek","HATCHERY","2","2001",,"true",,,"false","false",,,"0","0","0"
"Adult Mortality Event","","2001-10-30T00:00:00.000","ISSAQUAH HATCHERY","","ISSAQUAH HATCHERY","","0","15","35","0","0","0","Coho","NA","Issaquah Creek","HATCHERY","2","2001",,"true",,,"false","false",,,"0","0","0"
"Adult Plant Event","","2001-10-30T00:00:00.000","ISSAQUAH HATCHERY","","ISSAQUAH HATCHERY","","0","6617","9926","10","0","0","Coho","NA","Issaquah Creek","HATCHERY","2","2001",,"true",,,"false","false",,,"0","0","0"
"Adult Mortality Event","","2001-10-31T00:00:00.000","ISSAQUAH HATCHERY","","ISSAQUAH HATCHERY","","0","6","8","5","0","0","Chinook","Fall","Issaquah Creek","HATCHERY","28","2001",,"true",,,"false","false",,,"0","0","0"
"Adult Mortality Event","","2001-11-01T00:00:00.000","ISSAQUAH HATCHERY","","ISSAQUAH HATCHERY","","0","9","20","0","0","0","Coho","NA","Issaquah Creek","HATCHERY","2","2001",,"true",,,"false","false",,,"0","0","0"
"Adult Mortality Event","","2001-11-01T00:00:00.000","ISSAQUAH HATCHERY","","ISSAQUAH HATCHERY","","0","6","5","0","0","0","Coho","NA","Issaquah Creek","HATCHERY","28","2001",,"false",,,"false","false",,,"0","0","0"
"Adult Mortality Event","","2001-11-01T00:00:00.000","ISSAQUAH HATCHERY","","ISSAQUAH HATCHERY","","0","2","0","0","0","0","Chinook","Fall","Issaquah Creek","HATCHERY","28","2001",,"false",,,"false","false",,,"0","0","0"
"Adult Mortality Event","","2001-11-02T00:00:00.000","ISSAQUAH HATCHERY","","ISSAQUAH HATCHERY","","0","0","1","0","0","0","Coho","NA","Issaquah Creek","HATCHERY","28","2001",,"false",,,"false","false",,,"0","0","0"
"Adult Mortality Event","","2001-11-02T00:00:00.000","ISSAQUAH HATCHERY","","ISSAQUAH HATCHERY","","0","7","35","0","0","0","Coho","NA","Issaquah Creek","HATCHERY","2","2001",,"true",,,"false","false",,,"0","0","0"
"Adult Mortality Event","","2001-11-02T00:00:00.000","ISSAQUAH HATCHERY","","ISSAQUAH HATCHERY","","0","0","0","4","0","0","Chinook","Fall","Issaquah Creek","HATCHERY","2","2001",,"true",,,"false","false",,,"0","0","0"
"Adult Mortality Event","","2001-11-02T00:00:00.000","ISSAQUAH HATCHERY","","ISSAQUAH HATCHERY","","0","2","0","0","0","0","Chinook","Fall","Issaquah Creek","HATCHERY","28","2001",,"false",,,"false","false",,,"0","0","0"
"Adult Mortality Event","","2001-11-04T00:00:00.000","ISSAQUAH HATCHERY","","ISSAQUAH HATCHERY","","0","1","0","0","0","0","Coho","NA","Issaquah Creek","HATCHERY","28","2001",,"false",,,"false","false",,,"0","0","0"
"Adult Mortality Event","","2001-11-04T00:00:00.000","ISSAQUAH HATCHERY","","ISSAQUAH HATCHERY","","0","0","0","2","0","0","Chinook","Fall","Issaquah Creek","HATCHERY","2","2001",,"true",,,"false","false",,,"0","0","0"
"Adult Mortality Event","","2001-11-04T00:00:00.000","ISSAQUAH HATCHERY","","ISSAQUAH HATCHERY","","0","8","32","4","0","0","Coho","NA","Issaquah Creek","HATCHERY","2","2001",,"true",,,"false","false",,,"0","0","0"
"Adult Mortality Event","","2001-11-04T00:00:00.000","ISSAQUAH HATCHERY","","ISSAQUAH HATCHERY","","0","0","1","0","0","0","Chinook","Fall","Issaquah Creek","HATCHERY","28","2001",,"false",,,"false","false",,,"0","0","0"
"Trap Estimate","","2001-11-04T00:00:00.000","ISSAQUAH HATCHERY","","ISSAQUAH HATCHERY","","0","0","0","4","0","0","Chinook","Fall","Issaquah Creek","HATCHERY","28","2001",,"false",,,"false","false",,,"0","0","0"
"Adult Plant Event","","2001-11-04T00:00:00.000","ISSAQUAH HATCHERY","","ISSAQUAH HATCHERY","","0","80","70","0","0","0","Chinook","Fall","Issaquah Creek","HATCHERY","28","2001",,"false",,,"false","false",,,"0","0","0"
"Adult Mortality Event","","2001-11-05T00:00:00.000","ISSAQUAH HATCHERY","","ISSAQUAH HATCHERY","","0","30","123","0","0","0","Coho","NA","Issaquah Creek","HATCHERY","2","2001",,"true",,,"false","false",,,"0","0","0"
"Parent Spawn Event","Lethal","2001-11-05T00:00:00.000","ISSAQUAH HATCHERY","","ISSAQUAH HATCHERY","","0","304","302","0","0","0","Coho","NA","Issaquah Creek","HATCHERY","2","2001",,"true",,,"false","false",,,"0","0","0"
"EggTake","","2001-11-05T00:00:00.000","ISSAQUAH HATCHERY","","ISSAQUAH HATCHERY","","0","0","0","0","0","756000","Coho","NA","Issaquah Creek","HATCHERY",,"2001",,"false",,,"false","false",,,"0","0","0"
"Adult Mortality Event","","2001-11-05T00:00:00.000","ISSAQUAH HATCHERY","","ISSAQUAH HATCHERY","","0","8","2","2","0","0","Chinook","Fall","Issaquah Creek","HATCHERY","28","2001",,"false",,,"false","false",,,"0","0","0"
"Adult Surplus Event","","2001-11-05T00:00:00.000","ISSAQUAH HATCHERY","","ISSAQUAH HATCHERY","","0","5","3","0","0","0","Coho","NA","Issaquah Creek","HATCHERY","2","2001",,"true",,,"false","false",,,"0","0","0"
"Trap Estimate","","2001-11-06T00:00:00.000","ISSAQUAH HATCHERY","","ISSAQUAH HATCHERY","","1400","0","0","100","0","0","Coho","NA","Issaquah Creek","HATCHERY","2","2001",,"false",,,"false","false",,,"0","0","0"
"Adult Plant Event","","2001-11-06T00:00:00.000","ISSAQUAH HATCHERY","","ISSAQUAH HATCHERY","","0","700","700","100","0","0","Coho","NA","Issaquah Creek","HATCHERY","2","2001",,"true",,,"false","false",,,"0","0","0"
"Adult Plant Event","","2001-11-06T00:00:00.000","ISSAQUAH HATCHERY","","ISSAQUAH HATCHERY","","0","8","12","3","0","0","Chinook","Fall","Issaquah Creek","HATCHERY","2","2001",,"true",,,"false","false",,,"0","0","0"
"Adult Mortality Event","","2001-11-06T00:00:00.000","ISSAQUAH HATCHERY","","ISSAQUAH HATCHERY","","0","0","0","3","0","0","Chinook","Fall","Issaquah Creek","HATCHERY","2","2001",,"true",,,"false","false",,,"0","0","0"
"Adult Mortality Event","","2001-11-06T00:00:00.000","ISSAQUAH HATCHERY","","ISSAQUAH HATCHERY","","0","0","1","0","0","0","Chinook","Fall","Issaquah Creek","HATCHERY","28","2001",,"false",,,"false","false",,,"0","0","0"
"Adult Mortality Event","","2001-11-06T00:00:00.000","ISSAQUAH HATCHERY","","ISSAQUAH HATCHERY","","0","7","18","1","0","0","Coho","NA","Issaquah Creek","HATCHERY","2","2001",,"true",,,"false","false",,,"0","0","0"
"Adult Mortality Event","","2001-11-08T00:00:00.000","ISSAQUAH HATCHERY","","ISSAQUAH HATCHERY","","0","1","0","0","0","0","Coho","NA","Issaquah Creek","HATCHERY","28","2001",,"false",,,"false","false",,,"0","0","0"
"Adult Ship","","2001-11-08T00:00:00.000","ISSAQUAH HATCHERY","","ISSAQUAH HATCHERY","","0","268","222","0","0","0","Coho","NA","Issaquah Creek","HATCHERY","2","2001",,"true",,,"false","false",,,"0","0","0"
"Adult Mortality Event","","2001-11-08T00:00:00.000","ISSAQUAH HATCHERY","","ISSAQUAH HATCHERY","","0","19","122","5","0","0","Coho","NA","Issaquah Creek","HATCHERY","2","2001",,"true",,,"false","false",,,"0","0","0"
"Parent Spawn Event","Lethal","2001-11-13T00:00:00.000","ISSAQUAH HATCHERY","","ISSAQUAH HATCHERY","","0","174","200","0","0","0","Coho","NA","Issaquah Creek","HATCHERY","2","2001",,"true",,,"false","false",,,"0","0","0"
"EggTake","","2001-11-13T00:00:00.000","ISSAQUAH HATCHERY","","ISSAQUAH HATCHERY","","0","0","0","0","0","468000","Coho","NA","Issaquah Creek","HATCHERY",,"2001",,"false",,,"false","false",,,"0","0","0"
"Adult Surplus Event","","2001-11-13T00:00:00.000","ISSAQUAH HATCHERY","","ISSAQUAH HATCHERY","","0","5","3","0","0","0","Coho","NA","Issaquah Creek","HATCHERY","2","2001",,"true",,,"false","false",,,"0","0","0"
"Adult Mortality Event","","2001-11-13T00:00:00.000","ISSAQUAH HATCHERY","","ISSAQUAH HATCHERY","","0","0","10","0","0","0","Coho","NA","Issaquah Creek","HATCHERY","2","2001",,"true",,,"false","false",,,"0","0","0"
"Adult Mortality Event","","2001-11-13T00:00:00.000","ISSAQUAH HATCHERY","","ISSAQUAH HATCHERY","","0","21","95","0","0","0","Coho","NA","Issaquah Creek","HATCHERY","2","2001",,"true",,,"false","false",,,"0","0","0"
"Trap Estimate","","2001-11-13T00:00:00.000","ISSAQUAH HATCHERY","","ISSAQUAH HATCHERY","","4000","0","0","150","0","0","Coho","NA","Issaquah Creek","HATCHERY","2","2001",,"false",,,"false","false",,,"0","0","0"
"Adult Plant Event","","2001-11-13T00:00:00.000","ISSAQUAH HATCHERY","","ISSAQUAH HATCHERY","","0","2478","2471","150","0","0","Coho","NA","Issaquah Creek","HATCHERY","2","2001",,"true",,,"false","false",,,"0","0","0"
"EggTake","","2001-11-19T00:00:00.000","ISSAQUAH HATCHERY","","ISSAQUAH HATCHERY","","0","0","0","0","0","697000","Coho","NA","Issaquah Creek","HATCHERY",,"2001",,"false",,,"false","false",,,"0","0","0"
"Parent Spawn Event","Lethal","2001-11-19T00:00:00.000","ISSAQUAH HATCHERY","","ISSAQUAH HATCHERY","","0","228","241","0","0","0","Coho","NA","Issaquah Creek","HATCHERY","2","2001",,"true",,,"false","false",,,"0","0","0"
"Adult Mortality Event","","2001-11-19T00:00:00.000","ISSAQUAH HATCHERY","","ISSAQUAH HATCHERY","","0","3","6","0","0","0","Coho","NA","Issaquah Creek","HATCHERY","2","2001",,"true",,,"false","false",,,"0","0","0"
"Trap Estimate","","2001-11-19T00:00:00.000","ISSAQUAH HATCHERY","","ISSAQUAH HATCHERY","","1377","0","0","0","0","0","Coho","NA","Issaquah Creek","HATCHERY","2","2001",,"false",,,"false","false",,,"0","0","0"
"Adult Plant Event","","2001-11-28T00:00:00.000","ISSAQUAH HATCHERY","","ISSAQUAH HATCHERY","","0","3547","1035","152","0","0","Coho","NA","Issaquah Creek","HATCHERY","2","2001",,"true",,,"false","false",,,"0","0","0"
"Parent Spawn Event","Lethal","2001-11-28T00:00:00.000","ISSAQUAH HATCHERY","","ISSAQUAH HATCHERY","","0","45","45","0","0","0","Coho","NA","Issaquah Creek","HATCHERY","2","2001",,"true",,,"false","false",,,"0","0","0"
"EggTake","","2001-11-28T00:00:00.000","ISSAQUAH HATCHERY","","ISSAQUAH HATCHERY","","0","0","0","0","0","90000","Coho","NA","Issaquah Creek","HATCHERY",,"2001",,"false",,,"false","false",,,"0","0","0"
"Adult Mortality Event","","2001-11-28T00:00:00.000","ISSAQUAH HATCHERY","","ISSAQUAH HATCHERY","","0","111","5","0","0","0","Coho","NA","Issaquah Creek","HATCHERY","2","2001",,"true",,,"false","false",,,"0","0","0"
"Trap Estimate","","2002-09-30T00:00:00.000","ISSAQUAH HATCHERY","","ISSAQUAH HATCHERY","","10","0","0","0","0","0","Coho","NA","Issaquah Creek","HATCHERY","28","2002",,"false",,,"false","false",,,"0","0","0"
"Trap Estimate","","2002-09-30T00:00:00.000","ISSAQUAH HATCHERY","","ISSAQUAH HATCHERY","","3930","0","0","100","0","0","Chinook","Fall","Issaquah Creek","HATCHERY","2","2002",,"false",,,"false","false",,,"0","0","0"
"Adult Mortality Event","","2002-09-30T00:00:00.000","ISSAQUAH HATCHERY","","ISSAQUAH HATCHERY","","0","262","525","23","0","0","Chinook","Fall","Issaquah Creek","HATCHERY","2","2002",,"true",,,"false","false",,,"0","0","0"
"EggTake","","2002-09-30T00:00:00.000","ISSAQUAH HATCHERY","","ISSAQUAH HATCHERY","","0","0","0","0","0","608000","Chinook","Fall","Issaquah Creek","HATCHERY",,"2002",,"false",,,"false","false",,,"0","0","0"
"Parent Spawn Event","Lethal","2002-09-30T00:00:00.000","ISSAQUAH HATCHERY","","ISSAQUAH HATCHERY","","0","106","106","0","0","0","Chinook","Fall","Issaquah Creek","HATCHERY","2","2002",,"true",,,"false","false",,,"0","0","0"
"Parent Spawn Event","Lethal","2002-10-01T00:00:00.000","ISSAQUAH HATCHERY","","ISSAQUAH HATCHERY","","0","149","149","0","1","0","Chinook","Fall","Issaquah Creek","HATCHERY","2","2002",,"true",,,"false","false",,,"0","0","0"
"EggTake","","2002-10-01T00:00:00.000","ISSAQUAH HATCHERY","","ISSAQUAH HATCHERY","","0","0","0","0","0","768000","Chinook","Fall","Issaquah Creek","HATCHERY",,"2002",,"false",,,"false","false",,,"0","0","0"
"Adult Plant Event","","2002-10-01T00:00:00.000","ISSAQUAH HATCHERY","","ISSAQUAH HATCHERY","","0","1143","1143","74","0","0","Chinook","Fall","Issaquah Creek","HATCHERY","2","2002",,"true",,,"false","false",,,"0","0","0"
"Adult Surplus Event","","2002-10-01T00:00:00.000","ISSAQUAH HATCHERY","","ISSAQUAH HATCHERY","","0","92","122","0","0","0","Chinook","Fall","Issaquah Creek","HATCHERY","2","2002",,"true",,,"false","false",,,"0","0","0"
"Adult Mortality Event","","2002-10-01T00:00:00.000","ISSAQUAH HATCHERY","","ISSAQUAH HATCHERY","","0","42","90","3","0","0","Chinook","Fall","Issaquah Creek","HATCHERY","2","2002",,"true",,,"false","false",,,"0","0","0"
"Adult Mortality Event","","2002-10-03T00:00:00.000","ISSAQUAH HATCHERY","","ISSAQUAH HATCHERY","","0","1","4","3","0","0","Chinook","Fall","Issaquah Creek","HATCHERY","2","2002",,"true",,,"false","false",,,"0","0","0"
"Trap Estimate","","2002-10-03T00:00:00.000","ISSAQUAH HATCHERY","","ISSAQUAH HATCHERY","","500","0","0","50","0","0","Chinook","Fall","Issaquah Creek","HATCHERY","2","2002",,"false",,,"false","false",,,"0","0","0"
"Adult Mortality Event","","2002-10-04T00:00:00.000","ISSAQUAH HATCHERY","","ISSAQUAH HATCHERY","","0","0","1","2","0","0","Chinook","Fall","Issaquah Creek","HATCHERY","2","2002",,"true",,,"false","false",,,"0","0","0"
"Trap Estimate","","2002-10-04T00:00:00.000","ISSAQUAH HATCHERY","","ISSAQUAH HATCHERY","","100","0","0","5","0","0","Chinook","Fall","Issaquah Creek","HATCHERY","2","2002",,"false",,,"false","false",,,"0","0","0"
"Adult Mortality Event","","2002-10-05T00:00:00.000","ISSAQUAH HATCHERY","","ISSAQUAH HATCHERY","","0","2","0","0","0","0","Chinook","Fall","Issaquah Creek","HATCHERY","2","2002",,"true",,,"false","false",,,"0","0","0"
"Trap Estimate","","2002-10-05T00:00:00.000","ISSAQUAH HATCHERY","","ISSAQUAH HATCHERY","","100","0","0","5","0","0","Chinook","Fall","Issaquah Creek","HATCHERY","2","2002",,"false",,,"false","false",,,"0","0","0"
"Trap Estimate","","2002-10-06T00:00:00.000","ISSAQUAH HATCHERY","","ISSAQUAH HATCHERY","","300","0","0","10","0","0","Chinook","Fall","Issaquah Creek","HATCHERY","2","2002",,"false",,,"false","false",,,"0","0","0"
"Adult Mortality Event","","2002-10-06T00:00:00.000","ISSAQUAH HATCHERY","","ISSAQUAH HATCHERY","","0","3","2","3","0","0","Chinook","Fall","Issaquah Creek","HATCHERY","2","2002",,"true",,,"false","false",,,"0","0","0"
"Trap Estimate","","2002-10-07T00:00:00.000","ISSAQUAH HATCHERY","","ISSAQUAH HATCHERY","","500","0","0","10","0","0","Chinook","Fall","Issaquah Creek","HATCHERY","2","2002",,"false",,,"false","false",,,"0","0","0"
"Adult Mortality Event","","2002-10-07T00:00:00.000","ISSAQUAH HATCHERY","","ISSAQUAH HATCHERY","","0","5","11","16","0","0","Chinook","Fall","Issaquah Creek","HATCHERY","2","2002",,"true",,,"false","false",,,"0","0","0"
"Adult Mortality Event","","2002-10-08T00:00:00.000","ISSAQUAH HATCHERY","","ISSAQUAH HATCHERY","","0","17","26","9","0","0","Chinook","Fall","Issaquah Creek","HATCHERY","2","2002",,"true",,,"false","false",,,"0","0","0"
"Parent Spawn Event","Lethal","2002-10-08T00:00:00.000","ISSAQUAH HATCHERY","","ISSAQUAH HATCHERY","","0","146","146","0","0","0","Chinook","Fall","Issaquah Creek","HATCHERY","2","2002",,"true",,,"false","false",,,"0","0","0"
"Trap Estimate","","2002-10-08T00:00:00.000","ISSAQUAH HATCHERY","","ISSAQUAH HATCHERY","","0","0","0","20","0","0","Chinook","Fall","Issaquah Creek","HATCHERY","2","2002",,"false",,,"false","false",,,"0","0","0"
"EggTake","","2002-10-08T00:00:00.000","ISSAQUAH HATCHERY","","ISSAQUAH HATCHERY","","0","0","0","0","0","728000","Chinook","Fall","Issaquah Creek","HATCHERY",,"2002",,"false",,,"false","false",,,"0","0","0"
"Adult Surplus Event","","2002-10-08T00:00:00.000","ISSAQUAH HATCHERY","","ISSAQUAH HATCHERY","","0","21","19","1","0","0","Chinook","Fall","Issaquah Creek","HATCHERY","2","2002",,"true",,,"false","false",,,"0","0","0"
"Adult Plant Event","","2002-10-08T00:00:00.000","ISSAQUAH HATCHERY","","ISSAQUAH HATCHERY","","0","294","326","33","0","0","Chinook","Fall","Issaquah Creek","HATCHERY","2","2002",,"true",,,"false","false",,,"0","0","0"
"Adult Mortality Event","","2002-10-09T00:00:00.000","ISSAQUAH HATCHERY","","ISSAQUAH HATCHERY","","0","2","9","3","0","0","Chinook","Fall","Issaquah Creek","HATCHERY","2","2002",,"true",,,"false","false",,,"0","0","0"
"Adult Mortality Event","","2002-10-10T00:00:00.000","ISSAQUAH HATCHERY","","ISSAQUAH HATCHERY","","0","1","2","2","0","0","Chinook","Fall","Issaquah Creek","HATCHERY","2","2002",,"true",,,"false","false",,,"0","0","0"
"Adult Mortality Event","","2002-10-11T00:00:00.000","ISSAQUAH HATCHERY","","ISSAQUAH HATCHERY","","0","2","2","0","0","0","Chinook","Fall","Issaquah Creek","HATCHERY","2","2002",,"true",,,"false","false",,,"0","0","0"
"Adult Mortality Event","","2002-10-12T00:00:00.000","ISSAQUAH HATCHERY","","ISSAQUAH HATCHERY","","0","10","14","2","0","0","Chinook","Fall","Issaquah Creek","HATCHERY","2","2002",,"true",,,"false","false",,,"0","0","0"
"Adult Mortality Event","","2002-10-13T00:00:00.000","ISSAQUAH HATCHERY","","ISSAQUAH HATCHERY","","0","16","17","3","0","0","Chinook","Fall","Issaquah Creek","HATCHERY","2","2002",,"true",,,"false","false",,,"0","0","0"
"Adult Mortality Event","","2002-10-14T00:00:00.000","ISSAQUAH HATCHERY","","ISSAQUAH HATCHERY","","0","1","2","3","0","0","Coho","NA","Issaquah Creek","HATCHERY","2","2002",,"true",,,"false","false",,,"0","0","0"
"Trap Estimate","","2002-10-14T00:00:00.000","ISSAQUAH HATCHERY","","ISSAQUAH HATCHERY","","0","0","0","3","0","0","Coho","NA","Issaquah Creek","HATCHERY","2","2002",,"false",,,"false","false",,,"0","0","0"
"Adult Mortality Event","","2002-10-14T00:00:00.000","ISSAQUAH HATCHERY","","ISSAQUAH HATCHERY","","0","6","21","0","0","0","Chinook","Fall","Issaquah Creek","HATCHERY","2","2002",,"true",,,"false","false",,,"0","0","0"
"Adult Surplus Event","","2002-10-15T00:00:00.000","ISSAQUAH HATCHERY","","ISSAQUAH HATCHERY","","0","36","5","1","0","0","Chinook","Fall","Issaquah Creek","HATCHERY","2","2002",,"true",,,"false","false",,,"0","0","0"
"Adult Plant Event","","2002-10-15T00:00:00.000","ISSAQUAH HATCHERY","","ISSAQUAH HATCHERY","","0","30","40","25","0","0","Chinook","Fall","Issaquah Creek","HATCHERY","2","2002",,"true",,,"false","false",,,"0","0","0"
"Parent Spawn Event","Lethal","2002-10-15T00:00:00.000","ISSAQUAH HATCHERY","","ISSAQUAH HATCHERY","","0","111","105","0","0","0","Chinook","Fall","Issaquah Creek","HATCHERY","2","2002",,"true",,,"false","false",,,"0","0","0"
"Adult Mortality Event","","2002-10-15T00:00:00.000","ISSAQUAH HATCHERY","","ISSAQUAH HATCHERY","","0","13","31","5","0","0","Chinook","Fall","Issaquah Creek","HATCHERY","2","2002",,"true",,,"false","false",,,"0","0","0"
"Adult Mortality Event","","2002-10-15T00:00:00.000","ISSAQUAH HATCHERY","","ISSAQUAH HATCHERY","","0","0","4","0","0","0","Coho","NA","Issaquah Creek","HATCHERY","2","2002",,"true",,,"false","false",,,"0","0","0"
"Trap Estimate","","2002-10-15T00:00:00.000","ISSAQUAH HATCHERY","","ISSAQUAH HATCHERY","","14","0","0","60","0","0","Chinook","Fall","Issaquah Creek","HATCHERY","2","2002",,"false",,,"false","false",,,"0","0","0"
"EggTake","","2002-10-15T00:00:00.000","ISSAQUAH HATCHERY","","ISSAQUAH HATCHERY","","0","0","0","0","0","504000","Chinook","Fall","Issaquah Creek","HATCHERY",,"2002",,"false",,,"false","false",,,"0","0","0"
"Trap Estimate","","2002-10-20T00:00:00.000","ISSAQUAH HATCHERY","","ISSAQUAH HATCHERY","","150","0","0","20","0","0","Coho","NA","Issaquah Creek","HATCHERY","2","2002",,"false",,,"false","false",,,"0","0","0"
"Adult Mortality Event","","2002-10-20T00:00:00.000","ISSAQUAH HATCHERY","","ISSAQUAH HATCHERY","","0","2","6","1","0","0","Coho","NA","Issaquah Creek","HATCHERY","2","2002",,"true",,,"false","false",,,"0","0","0"
"Trap Estimate","","2002-10-20T00:00:00.000","ISSAQUAH HATCHERY","","ISSAQUAH HATCHERY","","50","0","0","6","0","0","Chinook","Fall","Issaquah Creek","HATCHERY","2","2002",,"false",,,"false","false",,,"0","0","0"
"Adult Mortality Event","","2002-10-20T00:00:00.000","ISSAQUAH HATCHERY","","ISSAQUAH HATCHERY","","0","5","12","7","0","0","Chinook","Fall","Issaquah Creek","HATCHERY","2","2002",,"true",,,"false","false",,,"0","0","0"
"Adult Surplus Event","","2002-10-22T00:00:00.000","ISSAQUAH HATCHERY","","ISSAQUAH HATCHERY","","0","33","13","28","0","0","Chinook","Fall","Issaquah Creek","HATCHERY","2","2002",,"true",,,"false","false",,,"0","0","0"
"Adult Plant Event","","2002-10-22T00:00:00.000","ISSAQUAH HATCHERY","","ISSAQUAH HATCHERY","","0","32","12","28","0","0","Chinook","Fall","Issaquah Creek","HATCHERY","2","2002",,"true",,,"false","false",,,"0","0","0"
"Trap Estimate","","2002-10-22T00:00:00.000","ISSAQUAH HATCHERY","","ISSAQUAH HATCHERY","","100","0","0","12","0","0","Chinook","Fall","Issaquah Creek","HATCHERY","2","2002",,"false",,,"false","false",,,"0","0","0"
"Adult Surplus Event","","2002-10-22T00:00:00.000","ISSAQUAH HATCHERY","","ISSAQUAH HATCHERY","","0","20","18","1","0","0","Coho","NA","Issaquah Creek","HATCHERY","2","2002",,"true",,,"false","false",,,"0","0","0"
"Adult Plant Event","","2002-10-29T00:00:00.000","ISSAQUAH HATCHERY","","ISSAQUAH HATCHERY","","0","80","52","15","0","0","Coho","NA","Issaquah Creek","HATCHERY","2","2002",,"true",,,"false","false",,,"0","0","0"
"Adult Mortality Event","","2002-10-29T00:00:00.000","ISSAQUAH HATCHERY","","ISSAQUAH HATCHERY","","0","4","13","0","0","0","Coho","NA","Issaquah Creek","HATCHERY","2","2002",,"true",,,"false","false",,,"0","0","0"
"Trap Estimate","","2002-10-29T00:00:00.000","ISSAQUAH HATCHERY","","ISSAQUAH HATCHERY","","180","0","0","17","0","0","Coho","NA","Issaquah Creek","HATCHERY","2","2002",,"false",,,"false","false",,,"0","0","0"
"Adult Surplus Event","","2002-10-30T00:00:00.000","ISSAQUAH HATCHERY","","ISSAQUAH HATCHERY","","0","2","0","0","0","0","Coho","NA","Issaquah Creek","HATCHERY","2","2002",,"true",,,"false","false",,,"0","0","0"
"Adult Plant Event","","2002-10-31T00:00:00.000","ISSAQUAH HATCHERY","","ISSAQUAH HATCHERY","","0","26","31","3","0","0","Chinook","Fall","Issaquah Creek","HATCHERY","2","2002",,"true",,,"false","false",,,"0","0","0"
"Adult Surplus Event","","2002-10-31T00:00:00.000","ISSAQUAH HATCHERY","","ISSAQUAH HATCHERY","","0","1","1","0","0","0","Coho","NA","Issaquah Creek","HATCHERY","2","2002",,"true",,,"false","false",,,"0","0","0"
"Trap Estimate","","2002-10-31T00:00:00.000","ISSAQUAH HATCHERY","","ISSAQUAH HATCHERY","","7","0","0","2","0","0","Chinook","Fall","Issaquah Creek","HATCHERY","2","2002",,"false",,,"false","false",,,"0","0","0"
"Adult Mortality Event","","2002-10-31T00:00:00.000","ISSAQUAH HATCHERY","","ISSAQUAH HATCHERY","","0","6","13","0","0","0","Coho","NA","Issaquah Creek","HATCHERY","2","2002",,"true",,,"false","false",,,"0","0","0"
"Adult Mortality Event","","2002-10-31T00:00:00.000","ISSAQUAH HATCHERY","","ISSAQUAH HATCHERY","","0","2","2","4","0","0","Chinook","Fall","Issaquah Creek","HATCHERY","2","2002",,"true",,,"false","false",,,"0","0","0"
"Adult Mortality Event","","2002-11-06T00:00:00.000","ISSAQUAH HATCHERY","","ISSAQUAH HATCHERY","","0","8","12","8","0","0","Coho","NA","Issaquah Creek","HATCHERY","2","2002",,"true",,,"false","false",,,"0","0","0"
"Adult Surplus Event","","2002-11-06T00:00:00.000","ISSAQUAH HATCHERY","","ISSAQUAH HATCHERY","","0","2","0","0","0","0","Coho","NA","Issaquah Creek","HATCHERY","2","2002",,"true",,,"false","false",,,"0","0","0"
"Trap Estimate","","2002-11-06T00:00:00.000","ISSAQUAH HATCHERY","","ISSAQUAH HATCHERY","","18","0","0","2","0","0","Chinook","Fall","Issaquah Creek","HATCHERY","2","2002",,"false",,,"false","false",,,"0","0","0"
"Adult Mortality Event","","2002-11-06T00:00:00.000","ISSAQUAH HATCHERY","","ISSAQUAH HATCHERY","","0","2","2","2","0","0","Chinook","Fall","Issaquah Creek","HATCHERY","2","2002",,"true",,,"false","false",,,"0","0","0"
"Adult Mortality Event","","2002-11-13T00:00:00.000","ISSAQUAH HATCHERY","","ISSAQUAH HATCHERY","","0","12","11","0","0","0","Coho","NA","Issaquah Creek","HATCHERY","2","2002",,"true",,,"false","false",,,"0","0","0"
"Adult Mortality Event","","2002-11-13T00:00:00.000","ISSAQUAH HATCHERY","","ISSAQUAH HATCHERY","","0","4","1","1","0","0","Chinook","Fall","Issaquah Creek","HATCHERY","2","2002",,"true",,,"false","false",,,"0","0","0"
"Trap Estimate","","2002-11-13T00:00:00.000","ISSAQUAH HATCHERY","","ISSAQUAH HATCHERY","","900","0","0","100","0","0","Coho","NA","Issaquah Creek","HATCHERY","2","2002",,"false",,,"false","false",,,"0","0","0"
"Adult Plant Event","","2002-11-18T00:00:00.000","ISSAQUAH HATCHERY","","ISSAQUAH HATCHERY","","0","2","0","0","0","0","Chinook","Fall","Issaquah Creek","HATCHERY","2","2002",,"true",,,"false","false",,,"0","0","0"
"Adult Surplus Event","","2002-11-19T00:00:00.000","ISSAQUAH HATCHERY","","ISSAQUAH HATCHERY","","0","3","2","0","0","0","Coho","NA","Issaquah Creek","HATCHERY","2","2002",,"true",,,"false","false",,,"0","0","0"
"Parent Spawn Event","Lethal","2002-11-19T00:00:00.000","ISSAQUAH HATCHERY","","ISSAQUAH HATCHERY","","0","165","162","0","0","0","Coho","NA","Issaquah Creek","HATCHERY","2","2002",,"true",,,"false","false",,,"0","0","0"
"EggTake","","2002-11-19T00:00:00.000","ISSAQUAH HATCHERY","","ISSAQUAH HATCHERY","","0","0","0","0","0","250000","Coho","NA","Issaquah Creek","HATCHERY",,"2002",,"false",,,"false","false",,,"0","0","0"
"Adult Plant Event","","2002-11-19T00:00:00.000","ISSAQUAH HATCHERY","","ISSAQUAH HATCHERY","","0","0","0","101","0","0","Coho","NA","Issaquah Creek","HATCHERY","2","2002",,"true",,,"false","false",,,"0","0","0"
"Adult Mortality Event","","2002-11-20T00:00:00.000","ISSAQUAH HATCHERY","","ISSAQUAH HATCHERY","","0","37","34","2","0","0","Coho","NA","Issaquah Creek","HATCHERY","2","2002",,"true",,,"false","false",,,"0","0","0"
"Adult Mortality Event","","2002-11-20T00:00:00.000","ISSAQUAH HATCHERY","","ISSAQUAH HATCHERY","","0","7","6","1","0","0","Chinook","Fall","Issaquah Creek","HATCHERY","2","2002",,"true",,,"false","false",,,"0","0","0"
"Adult Mortality Event","","2002-11-26T00:00:00.000","ISSAQUAH HATCHERY","","ISSAQUAH HATCHERY","","0","35","27","1","0","0","Coho","NA","Issaquah Creek","HATCHERY","2","2002",,"true",,,"false","false",,,"0","0","0"
"Adult Surplus Event","","2002-11-26T00:00:00.000","ISSAQUAH HATCHERY","","ISSAQUAH HATCHERY","","0","4","3","0","0","0","Coho","NA","Issaquah Creek","HATCHERY","2","2002",,"true",,,"false","false",,,"0","0","0"
"Parent Spawn Event","Lethal","2002-11-26T00:00:00.000","ISSAQUAH HATCHERY","","ISSAQUAH HATCHERY","","0","195","125","0","6","0","Coho","NA","Issaquah Creek","HATCHERY","2","2002",,"true",,,"false","false",,,"0","0","0"
"EggTake","","2002-11-26T00:00:00.000","ISSAQUAH HATCHERY","","ISSAQUAH HATCHERY","","0","0","0","0","0","210000","Coho","NA","Issaquah Creek","HATCHERY",,"2002",,"false",,,"false","false",,,"0","0","0"
"Adult Mortality Event","","2002-11-27T00:00:00.000","ISSAQUAH HATCHERY","","ISSAQUAH HATCHERY","","0","0","1","1","0","0","Chinook","Fall","Issaquah Creek","HATCHERY","2","2002",,"true",,,"false","false",,,"0","0","0"
"Trap Estimate","","2002-11-27T00:00:00.000","ISSAQUAH HATCHERY","","ISSAQUAH HATCHERY","","1","0","0","1","0","0","Chinook","Fall","Issaquah Creek","HATCHERY","2","2002",,"false",,,"false","false",,,"0","0","0"
"Adult Mortality Event","","2002-11-29T00:00:00.000","ISSAQUAH HATCHERY","","ISSAQUAH HATCHERY","","0","0","3","1","0","0","Coho","NA","Issaquah Creek","HATCHERY","2","2002",,"true",,,"false","false",,,"0","0","0"
"EggTake","","2002-12-03T00:00:00.000","ISSAQUAH HATCHERY","","ISSAQUAH HATCHERY","","0","0","0","0","0","70000","Coho","NA","Issaquah Creek","HATCHERY",,"2002",,"false",,,"false","false",,,"0","0","0"
"Trap Estimate","","2002-12-03T00:00:00.000","ISSAQUAH HATCHERY","","ISSAQUAH HATCHERY","","0","0","0","12","0","0","Coho","NA","Issaquah Creek","HATCHERY","2","2002",,"false",,,"false","false",,,"0","0","0"
"Adult Surplus Event","","2002-12-03T00:00:00.000","ISSAQUAH HATCHERY","","ISSAQUAH HATCHERY","","0","4","3","0","0","0","Coho","NA","Issaquah Creek","HATCHERY","2","2002",,"true",,,"false","false",,,"0","0","0"
"Adult Mortality Event","","2002-12-03T00:00:00.000","ISSAQUAH HATCHERY","","ISSAQUAH HATCHERY","","0","4","2","0","0","0","Coho","NA","Issaquah Creek","HATCHERY","2","2002",,"true",,,"false","false",,,"0","0","0"
"Parent Spawn Event","Lethal","2002-12-03T00:00:00.000","ISSAQUAH HATCHERY","","ISSAQUAH HATCHERY","","0","18","17","0","0","0","Coho","NA","Issaquah Creek","HATCHERY","2","2002",,"true",,,"false","false",,,"0","0","0"
"Adult Plant Event","","2002-12-03T00:00:00.000","ISSAQUAH HATCHERY","","ISSAQUAH HATCHERY","","0","0","0","13","0","0","Coho","NA","Issaquah Creek","HATCHERY","2","2002",,"true",,,"false","false",,,"0","0","0"
"Adult Surplus Event","","2002-12-03T00:00:00.000","ISSAQUAH HATCHERY","","ISSAQUAH HATCHERY","","0","34","0","0","0","0","Coho","NA","Issaquah Creek","HATCHERY","2","2002",,"true",,,"false","false",,,"0","0","0"
"Parent Spawn Event","Lethal","2002-12-03T00:00:00.000","ISSAQUAH HATCHERY","","ISSAQUAH HATCHERY","","0","26","27","0","0","0","Coho","NA","Issaquah Creek","HATCHERY","2","2002",,"true",,,"false","false",,,"0","0","0"
"Trap Estimate","","2002-12-03T00:00:00.000","ISSAQUAH HATCHERY","","ISSAQUAH HATCHERY","","44","0","0","47","0","0","Coho","NA","Issaquah Creek","HATCHERY","2","2002",,"false",,,"false","false",,,"0","0","0"
"Adult Plant Event","","2002-12-03T00:00:00.000","ISSAQUAH HATCHERY","","ISSAQUAH HATCHERY","","0","3","0","41","0","0","Coho","NA","Issaquah Creek","HATCHERY","2","2002",,"true",,,"false","false",,,"0","0","0"
"Adult Plant Event","","2002-12-10T00:00:00.000","ISSAQUAH HATCHERY","","ISSAQUAH HATCHERY","","0","5","8","1","0","0","Coho","NA","Issaquah Creek","HATCHERY","2","2002",,"true",,,"false","false",,,"0","0","0"
"Parent Spawn Event","Lethal","2002-12-10T00:00:00.000","ISSAQUAH HATCHERY","","ISSAQUAH HATCHERY","","0","8","7","0","0","0","Coho","NA","Issaquah Creek","HATCHERY","2","2002",,"true",,,"false","false",,,"0","0","0"
"EggTake","","2002-12-10T00:00:00.000","ISSAQUAH HATCHERY","","ISSAQUAH HATCHERY","","0","0","0","0","0","22000","Coho","NA","Issaquah Creek","HATCHERY",,"2002",,"false",,,"false","false",,,"0","0","0"
"Parent Spawn Event","Lethal","2002-12-10T00:00:00.000","ISSAQUAH HATCHERY","","ISSAQUAH HATCHERY","","0","8","5","0","2","0","Coho","NA","Issaquah Creek","HATCHERY","2","2002",,"true",,,"false","false",,,"0","0","0"
"Adult Mortality Event","","2002-12-10T00:00:00.000","ISSAQUAH HATCHERY","","ISSAQUAH HATCHERY","","0","1","0","0","0","0","Coho","NA","Issaquah Creek","HATCHERY","2","2002",,"true",,,"false","false",,,"0","0","0"
"Adult Plant Event","","2002-12-10T00:00:00.000","ISSAQUAH HATCHERY","","ISSAQUAH HATCHERY","","0","21","7","11","0","0","Coho","NA","Issaquah Creek","HATCHERY","2","2002",,"true",,,"false","false",,,"0","0","0"
"Adult Mortality Event","","2002-12-10T00:00:00.000","ISSAQUAH HATCHERY","","ISSAQUAH HATCHERY","","0","2","1","0","0","0","Coho","NA","Issaquah Creek","HATCHERY","2","2002",,"true",,,"false","false",,,"0","0","0"
"Adult Mortality Event","","2003-09-30T00:00:00.000","ISSAQUAH HATCHERY","","ISSAQUAH HATCHERY","","0","0","1","0","0","0","Coho","NA","Issaquah Creek","HATCHERY","2","2003",,"true",,,"true","true",,,"0","1","0"
"Trap Estimate","","2003-09-30T00:00:00.000","ISSAQUAH HATCHERY","","ISSAQUAH HATCHERY","","2947","0","0","50","0","0","Chinook","Fall","Issaquah Creek","HATCHERY","28","2003",,"false",,,"false","false",,,"0","0","0"
"Adult Mortality Event","","2003-09-30T00:00:00.000","ISSAQUAH HATCHERY","","ISSAQUAH HATCHERY","","0","17","10","0","0","0","Chinook","Fall","Issaquah Creek","HATCHERY","2","2003",,"true",,,"false","false",,,"0","0","0"
"Parent Spawn Event","Lethal","2003-09-30T00:00:00.000","ISSAQUAH HATCHERY","","ISSAQUAH HATCHERY","","0","170","173","0","0","0","Chinook","Fall","Issaquah Creek","HATCHERY","2","2003",,"true",,,"false","false",,,"0","0","0"
"Adult Mortality Event","","2003-09-30T00:00:00.000","ISSAQUAH HATCHERY","","ISSAQUAH HATCHERY","","0","10","7","0","0","0","Chinook","Fall","Issaquah Creek","HATCHERY","28","2003",,"true",,,"false","false",,,"0","0","0"
"EggTake","","2003-09-30T00:00:00.000","ISSAQUAH HATCHERY","","ISSAQUAH HATCHERY","","0","0","0","0","0","828000","Chinook","Fall","Issaquah Creek","HATCHERY",,"2003",,"false",,,"false","false",,,"0","0","0"
"Adult Mortality Event","","2003-09-30T00:00:00.000","ISSAQUAH HATCHERY","","ISSAQUAH HATCHERY","","0","39","14","3","0","0","Chinook","Fall","Issaquah Creek","HATCHERY","2","2003",,"true",,,"false","false",,,"0","0","0"
"Adult Plant Event","","2003-09-30T00:00:00.000","ISSAQUAH HATCHERY","","ISSAQUAH HATCHERY","","0","316","93","0","0","0","Chinook","Fall","Issaquah Creek","HATCHERY","28","2003",,"true",,,"false","false",,,"0","0","0"
"Adult Surplus Event","","2003-09-30T00:00:00.000","ISSAQUAH HATCHERY","","ISSAQUAH HATCHERY","","0","0","0","10","0","0","Chinook","Fall","Issaquah Creek","HATCHERY","2","2003",,"true",,,"false","false",,,"0","0","0"
"Adult Mortality Event","","2003-09-30T00:00:00.000","ISSAQUAH HATCHERY","","ISSAQUAH HATCHERY","","0","15","14","0","0","0","Chinook","Fall","Issaquah Creek","HATCHERY","28","2003",,"true",,,"false","false",,,"0","0","0"
"Parent Spawn Event","Lethal","2003-09-30T00:00:00.000","ISSAQUAH HATCHERY","","ISSAQUAH HATCHERY","","0","25","20","0","0","0","Chinook","Fall","Issaquah Creek","HATCHERY","28","2003",,"true",,,"false","false",,,"0","0","0"
"Trap Estimate","","2003-09-30T00:00:00.000","ISSAQUAH HATCHERY","","ISSAQUAH HATCHERY","","10","0","0","0","0","0","Coho","NA","Issaquah Creek","HATCHERY","2","2003",,"false",,,"false","false",,,"0","0","0"
"Trap Estimate","","2003-09-30T00:00:00.000","ISSAQUAH HATCHERY","","ISSAQUAH HATCHERY","","500","0","0","50","0","0","Chinook","Fall","Issaquah Creek","HATCHERY","28","2003",,"false",,,"false","false",,,"0","0","0"
"Adult Plant Event","","2003-09-30T00:00:00.000","ISSAQUAH HATCHERY","","ISSAQUAH HATCHERY","","0","14","10","0","0","0","Chinook","Fall","Issaquah Creek","HATCHERY","28","2003",,"true",,,"false","false",,,"0","0","0"
"Adult Mortality Event","","2003-10-01T00:00:00.000","ISSAQUAH HATCHERY","","ISSAQUAH HATCHERY","","0","1","8","0","0","0","Coho","NA","Issaquah Creek","HATCHERY","2","2003",,"true",,,"false","false",,,"0","0","0"
"Adult Mortality Event","","2003-10-01T00:00:00.000","ISSAQUAH HATCHERY","","ISSAQUAH HATCHERY","","0","11","8","0","0","0","Chinook","Fall","Issaquah Creek","HATCHERY","28","2003",,"true",,,"false","false",,,"0","0","0"
"Adult Mortality Event","","2003-10-01T00:00:00.000","ISSAQUAH HATCHERY","","ISSAQUAH HATCHERY","","0","70","76","0","0","0","Chinook","Fall","Issaquah Creek","HATCHERY","2","2003",,"true",,,"false","false",,,"0","0","0"
"Adult Mortality Event","","2003-10-02T00:00:00.000","ISSAQUAH HATCHERY","","ISSAQUAH HATCHERY","","0","5","1","0","0","0","Chinook","Fall","Issaquah Creek","HATCHERY","2","2003",,"true",,,"false","false",,,"0","0","0"
"Adult Plant Event","","2003-10-07T00:00:00.000","ISSAQUAH HATCHERY","","ISSAQUAH HATCHERY","","0","1356","64","0","0","0","Chinook","Fall","Issaquah Creek","HATCHERY","28","2003",,"true",,,"false","false",,,"0","0","0"
"Adult Mortality Event","","2003-10-07T00:00:00.000","ISSAQUAH HATCHERY","","ISSAQUAH HATCHERY","","0","67","57","0","0","0","Chinook","Fall","Issaquah Creek","HATCHERY","2","2003",,"true",,,"false","false",,,"0","0","0"
"Adult Surplus Event","","2003-10-07T00:00:00.000","ISSAQUAH HATCHERY","","ISSAQUAH HATCHERY","","0","2","2","0","0","0","Chinook","Fall","Issaquah Creek","HATCHERY","2","2003",,"true",,,"false","false",,,"0","0","0"
"Parent Spawn Event","Lethal","2003-10-07T00:00:00.000","ISSAQUAH HATCHERY","","ISSAQUAH HATCHERY","","0","54","64","0","0","0","Chinook","Fall","Issaquah Creek","HATCHERY","28","2003",,"true",,,"false","false",,,"0","0","0"
"Adult Mortality Event","","2003-10-07T00:00:00.000","ISSAQUAH HATCHERY","","ISSAQUAH HATCHERY","","0","37","25","0","0","0","Chinook","Fall","Issaquah Creek","HATCHERY","28","2003",,"true",,,"false","false",,,"0","0","0"
"EggTake","","2003-10-07T00:00:00.000","ISSAQUAH HATCHERY","","ISSAQUAH HATCHERY","","0","0","0","0","0","980000","Chinook","Fall","Issaquah Creek","HATCHERY",,"2003",,"false",,,"false","false",,,"0","0","0"
"Adult Mortality Event","","2003-10-07T00:00:00.000","ISSAQUAH HATCHERY","","ISSAQUAH HATCHERY","","0","5","21","0","0","0","Coho","NA","Issaquah Creek","HATCHERY","2","2003",,"true",,,"true","true",,,"0","0","0"
"Adult Surplus Event","","2003-10-07T00:00:00.000","ISSAQUAH HATCHERY","","ISSAQUAH HATCHERY","","0","16","8","0","0","0","Chinook","Fall","Issaquah Creek","HATCHERY","28","2003",,"true",,,"false","false",,,"0","0","0"
"Adult Surplus Event","","2003-10-07T00:00:00.000","ISSAQUAH HATCHERY","","ISSAQUAH HATCHERY","","0","49","109","0","0","0","Coho","NA","Issaquah Creek","HATCHERY","2","2003",,"true",,,"true","true",,,"3","23","0"
"Parent Spawn Event","Lethal","2003-10-07T00:00:00.000","ISSAQUAH HATCHERY","","ISSAQUAH HATCHERY","","0","180","126","0","0","0","Chinook","Fall","Issaquah Creek","HATCHERY","2","2003",,"true",,,"false","false",,,"0","0","0"
"Trap Estimate","","2003-10-08T00:00:00.000","ISSAQUAH HATCHERY","","ISSAQUAH HATCHERY","","500","0","0","10","0","0","Coho","NA","Issaquah Creek","HATCHERY","2","2003",,"false",,,"false","false",,,"0","0","0"
"Adult Mortality Event","","2003-10-08T00:00:00.000","ISSAQUAH HATCHERY","","ISSAQUAH HATCHERY","","0","57","25","0","0","0","Chinook","Fall","Issaquah Creek","HATCHERY","2","2003",,"true",,,"false","false",,,"0","0","0"
"Adult Mortality Event","","2003-10-08T00:00:00.000","ISSAQUAH HATCHERY","","ISSAQUAH HATCHERY","","0","3","4","1","0","0","Coho","NA","Issaquah Creek","HATCHERY","2","2003",,"true",,,"true","true",,,"1","4","0"
"Trap Estimate","","2003-10-08T00:00:00.000","ISSAQUAH HATCHERY","","ISSAQUAH HATCHERY","","2000","0","0","0","0","0","Chinook","Fall","Issaquah Creek","HATCHERY","2","2003",,"false",,,"false","false",,,"0","0","0"
"Adult Mortality Event","","2003-10-08T00:00:00.000","ISSAQUAH HATCHERY","","ISSAQUAH HATCHERY","","0","14","14","1","0","0","Chinook","Fall","Issaquah Creek","HATCHERY","28","2003",,"true",,,"false","false",,,"0","0","0"
"Adult Mortality Event","","2003-10-12T00:00:00.000","ISSAQUAH HATCHERY","","ISSAQUAH HATCHERY","","0","94","17","7","0","0","Chinook","Fall","Issaquah Creek","HATCHERY","2","2003",,"true",,,"false","false",,,"0","0","0"
"Adult Mortality Event","","2003-10-12T00:00:00.000","ISSAQUAH HATCHERY","","ISSAQUAH HATCHERY","","0","13","5","0","0","0","Chinook","Fall","Issaquah Creek","HATCHERY","28","2003",,"true",,,"false","false",,,"0","0","0"
"Adult Mortality Event","","2003-10-13T00:00:00.000","ISSAQUAH HATCHERY","","ISSAQUAH HATCHERY","","0","31","23","0","0","0","Chinook","Fall","Issaquah Creek","HATCHERY","28","2003",,"true",,,"false","false",,,"0","0","0"
"Adult Mortality Event","","2003-10-13T00:00:00.000","ISSAQUAH HATCHERY","","ISSAQUAH HATCHERY","","0","8","10","0","0","0","Coho","NA","Issaquah Creek","HATCHERY","2","2003",,"true",,,"false","false",,,"0","0","0"
"Trap Estimate","","2003-10-13T00:00:00.000","ISSAQUAH HATCHERY","","ISSAQUAH HATCHERY","","1000","0","0","0","0","0","Coho","NA","Issaquah Creek","HATCHERY","28","2003",,"false",,,"false","false",,,"0","0","0"
"Adult Plant Event","","2003-10-13T00:00:00.000","ISSAQUAH HATCHERY","","ISSAQUAH HATCHERY","","0","500","185","0","0","0","Chinook","Fall","Issaquah Creek","HATCHERY","28","2003",,"true",,,"false","false",,,"0","0","0"
"Trap Estimate","","2003-10-13T00:00:00.000","ISSAQUAH HATCHERY","","ISSAQUAH HATCHERY","","250","0","0","0","0","0","Chinook","Fall","Issaquah Creek","HATCHERY","28","2003",,"false",,,"false","false",,,"0","0","0"
"Adult Plant Event","","2003-10-13T00:00:00.000","ISSAQUAH HATCHERY","","ISSAQUAH HATCHERY","","0","136","277","0","0","0","Coho","NA","Issaquah Creek","HATCHERY","28","2003",,"false",,,"false","false",,,"0","0","0"
"Adult Mortality Event","","2003-10-13T00:00:00.000","ISSAQUAH HATCHERY","","ISSAQUAH HATCHERY","","0","136","40","4","0","0","Chinook","Fall","Issaquah Creek","HATCHERY","2","2003",,"true",,,"false","false",,,"0","0","0"
"Adult Mortality Event","","2003-10-13T00:00:00.000","ISSAQUAH HATCHERY","","ISSAQUAH HATCHERY","","0","2","4","0","0","0","Coho","NA","Issaquah Creek","HATCHERY","2","2003",,"true",,,"true","true",,,"2","4","0"
"Adult Mortality Event","","2003-10-13T00:00:00.000","ISSAQUAH HATCHERY","","ISSAQUAH HATCHERY","","0","1","2","0","0","0","Coho","NA","Issaquah Creek","HATCHERY","28","2003",,"false",,,"false","false",,,"0","0","0"
"Adult Mortality Event","","2003-10-14T00:00:00.000","ISSAQUAH HATCHERY","","ISSAQUAH HATCHERY","","0","17","8","1","0","0","Chinook","Fall","Issaquah Creek","HATCHERY","28","2003",,"true",,,"false","false",,,"0","0","0"
"Parent Spawn Event","Lethal","2003-10-14T00:00:00.000","ISSAQUAH HATCHERY","","ISSAQUAH HATCHERY","","0","44","53","0","0","0","Chinook","Fall","Issaquah Creek","HATCHERY","28","2003",,"true",,,"false","false",,,"0","0","0"
"Adult Plant Event","","2003-10-14T00:00:00.000","ISSAQUAH HATCHERY","","ISSAQUAH HATCHERY","","0","21","47","0","0","0","Coho","NA","Issaquah Creek","HATCHERY","28","2003",,"false",,,"false","false",,,"0","0","0"
"Adult Surplus Event","","2003-10-14T00:00:00.000","ISSAQUAH HATCHERY","","ISSAQUAH HATCHERY","","0","1","0","0","0","0","Chinook","Fall","Issaquah Creek","HATCHERY","28","2003",,"true",,,"false","false",,,"0","0","0"
"Adult Surplus Event","","2003-10-14T00:00:00.000","ISSAQUAH HATCHERY","","ISSAQUAH HATCHERY","","0","172","175","0","0","0","Coho","NA","Issaquah Creek","HATCHERY","2","2003",,"true",,,"false","false",,,"0","0","0"
"Adult Surplus Event","","2003-10-14T00:00:00.000","ISSAQUAH HATCHERY","","ISSAQUAH HATCHERY","","0","6","0","0","0","0","Coho","NA","Issaquah Creek","HATCHERY","28","2003",,"false",,,"false","false",,,"0","0","0"
"Adult Surplus Event","","2003-10-14T00:00:00.000","ISSAQUAH HATCHERY","","ISSAQUAH HATCHERY","","0","8","17","0","0","0","Coho","NA","Issaquah Creek","HATCHERY","2","2003",,"true",,,"true","true",,,"9","17","0"
"Adult Mortality Event","","2003-10-14T00:00:00.000","ISSAQUAH HATCHERY","","ISSAQUAH HATCHERY","","0","2","9","3","0","0","Coho","NA","Issaquah Creek","HATCHERY","2","2003",,"true",,,"false","false",,,"0","0","0"
"Adult Mortality Event","","2003-10-14T00:00:00.000","ISSAQUAH HATCHERY","","ISSAQUAH HATCHERY","","0","1","0","0","0","0","Coho","NA","Issaquah Creek","HATCHERY","2","2003",,"true",,,"true","true",,,"0","0","0"
"Adult Plant Event","","2003-10-14T00:00:00.000","ISSAQUAH HATCHERY","","ISSAQUAH HATCHERY","","0","307","65","0","0","0","Chinook","Fall","Issaquah Creek","HATCHERY","28","2003",,"true",,,"false","false",,,"0","0","0"
"Adult Plant Event","","2003-10-14T00:00:00.000","ISSAQUAH HATCHERY","","ISSAQUAH HATCHERY","","0","328","47","0","0","0","Chinook","Fall","Issaquah Creek","HATCHERY","28","2003",,"true",,,"false","false",,,"0","0","0"
"Adult Surplus Event","","2003-10-14T00:00:00.000","ISSAQUAH HATCHERY","","ISSAQUAH HATCHERY","","0","2","2","0","0","0","Chinook","Fall","Issaquah Creek","HATCHERY","2","2003",,"true",,,"false","false",,,"0","0","0"
"Adult Surplus Event","","2003-10-14T00:00:00.000","ISSAQUAH HATCHERY","","ISSAQUAH HATCHERY","","0","24","0","0","0","0","Chinook","Fall","Issaquah Creek","HATCHERY","28","2003",,"true",,,"false","false",,,"0","0","0"
"Trap Estimate","","2003-10-14T00:00:00.000","ISSAQUAH HATCHERY","","ISSAQUAH HATCHERY","","1000","0","0","0","0","0","Coho","NA","Issaquah Creek","HATCHERY","2","2003",,"false",,,"false","false",,,"0","0","0"
"Parent Spawn Event","Lethal","2003-10-14T00:00:00.000","ISSAQUAH HATCHERY","","ISSAQUAH HATCHERY","","0","113","92","0","0","0","Chinook","Fall","Issaquah Creek","HATCHERY","2","2003",,"true",,,"false","false",,,"0","0","0"
"EggTake","","2003-10-14T00:00:00.000","ISSAQUAH HATCHERY","","ISSAQUAH HATCHERY","","0","0","0","0","0","672000","Chinook","Fall","Issaquah Creek","HATCHERY",,"2003",,"false",,,"false","false",,,"0","0","0"
"Adult Mortality Event","","2003-10-14T00:00:00.000","ISSAQUAH HATCHERY","","ISSAQUAH HATCHERY","","0","60","52","0","0","0","Chinook","Fall","Issaquah Creek","HATCHERY","2","2003",,"true",,,"false","false",,,"0","0","0"
"Adult Mortality Event","","2003-10-15T00:00:00.000","ISSAQUAH HATCHERY","","ISSAQUAH HATCHERY","","0","3","4","0","0","0","Coho","NA","Issaquah Creek","HATCHERY","2","2003",,"true",,,"false","false",,,"0","0","0"
"Adult Surplus Event","","2003-10-15T00:00:00.000","ISSAQUAH HATCHERY","","ISSAQUAH HATCHERY","","0","0","1","0","0","0","Coho","NA","Issaquah Creek","HATCHERY","2","2003",,"true",,,"false","false",,,"0","0","0"
"Adult Mortality Event","","2003-10-17T00:00:00.000","ISSAQUAH HATCHERY","","ISSAQUAH HATCHERY","","0","1","1","0","0","0","Coho","NA","Issaquah Creek","HATCHERY","2","2003",,"true",,,"false","false",,,"0","0","0"
"Trap Estimate","","2003-10-17T00:00:00.000","ISSAQUAH HATCHERY","","ISSAQUAH HATCHERY","","500","0","0","0","0","0","Coho","NA","Issaquah Creek","HATCHERY","2","2003",,"false",,,"false","false",,,"0","0","0"
"Adult Mortality Event","","2003-10-19T00:00:00.000","ISSAQUAH HATCHERY","","ISSAQUAH HATCHERY","","0","22","2","0","0","0","Chinook","Fall","Issaquah Creek","HATCHERY","2","2003",,"true",,,"false","false",,,"0","0","0"
"Adult Mortality Event","","2003-10-19T00:00:00.000","ISSAQUAH HATCHERY","","ISSAQUAH HATCHERY","","0","2","0","0","0","0","Chinook","Fall","Issaquah Creek","HATCHERY","28","2003",,"true",,,"false","false",,,"0","0","0"
"Adult Mortality Event","","2003-10-20T00:00:00.000","ISSAQUAH HATCHERY","","ISSAQUAH HATCHERY","","0","3","6","0","0","0","Coho","NA","Issaquah Creek","HATCHERY","2","2003",,"true",,,"false","false",,,"0","0","0"
"Adult Mortality Event","","2003-10-20T00:00:00.000","ISSAQUAH HATCHERY","","ISSAQUAH HATCHERY","","0","1","1","0","0","0","Coho","NA","Issaquah Creek","HATCHERY","2","2003",,"true",,,"true","true",,,"1","1","0"
"Adult Surplus Event","","2003-10-21T00:00:00.000","ISSAQUAH HATCHERY","","ISSAQUAH HATCHERY","","0","2","2","0","0","0","Chinook","Fall","Issaquah Creek","HATCHERY","2","2003",,"true",,,"false","false",,,"0","0","0"
"Adult Mortality Event","","2003-10-21T00:00:00.000","ISSAQUAH HATCHERY","","ISSAQUAH HATCHERY","","0","1","2","0","0","0","Coho","NA","Issaquah Creek","HATCHERY","2","2003",,"true",,,"false","false",,,"0","0","0"
"Adult Mortality Event","","2003-10-21T00:00:00.000","ISSAQUAH HATCHERY","","ISSAQUAH HATCHERY","","0","1","0","0","0","0","Coho","NA","Issaquah Creek","HATCHERY","2","2003",,"true",,,"true","true",,,"1","0","0"
"Adult Mortality Event","","2003-10-22T00:00:00.000","ISSAQUAH HATCHERY","","ISSAQUAH HATCHERY","","0","4","7","0","0","0","Coho","NA","Issaquah Creek","HATCHERY","2","2003",,"true",,,"true","true",,,"4","7","0"
"Adult Mortality Event","","2003-10-22T00:00:00.000","ISSAQUAH HATCHERY","","ISSAQUAH HATCHERY","","0","15","19","0","0","0","Coho","NA","Issaquah Creek","HATCHERY","2","2003",,"true",,,"false","false",,,"0","0","0"
"Adult Mortality Event","","2003-10-23T00:00:00.000","ISSAQUAH HATCHERY","","ISSAQUAH HATCHERY","","0","1","3","0","0","0","Coho","NA","Issaquah Creek","HATCHERY","2","2003",,"true",,,"true","true",,,"1","3","0"
"Adult Mortality Event","","2003-10-23T00:00:00.000","ISSAQUAH HATCHERY","","ISSAQUAH HATCHERY","","0","4","7","0","0","0","Coho","NA","Issaquah Creek","HATCHERY","2","2003",,"true",,,"true","true",,,"4","7","0"
"Adult Mortality Event","","2003-10-25T00:00:00.000","ISSAQUAH HATCHERY","","ISSAQUAH HATCHERY","","0","19","39","0","0","0","Coho","NA","Issaquah Creek","HATCHERY","2","2003",,"true",,,"false","false",,,"0","0","0"
"Trap Estimate","","2003-10-25T00:00:00.000","ISSAQUAH HATCHERY","","ISSAQUAH HATCHERY","","1200","0","0","0","0","0","Coho","NA","Issaquah Creek","HATCHERY","2","2003",,"false",,,"false","false",,,"0","0","0"
"Adult Mortality Event","","2003-10-25T00:00:00.000","ISSAQUAH HATCHERY","","ISSAQUAH HATCHERY","","0","1","4","0","0","0","Coho","NA","Issaquah Creek","HATCHERY","2","2003",,"true",,,"true","true",,,"1","4","0"
"Adult Mortality Event","","2003-10-26T00:00:00.000","ISSAQUAH HATCHERY","","ISSAQUAH HATCHERY","","0","49","8","5","0","0","Chinook","Fall","Issaquah Creek","HATCHERY","2","2003",,"true",,,"false","false",,,"0","0","0"
"Adult Mortality Event","","2003-10-26T00:00:00.000","ISSAQUAH HATCHERY","","ISSAQUAH HATCHERY","","0","2","8","0","0","0","Coho","NA","Issaquah Creek","HATCHERY","2","2003",,"true",,,"false","false",,,"0","0","0"
"Adult Mortality Event","","2003-10-26T00:00:00.000","ISSAQUAH HATCHERY","","ISSAQUAH HATCHERY","","0","6","2","1","0","0","Chinook","Fall","Issaquah Creek","HATCHERY","28","2003",,"true",,,"false","false",,,"0","0","0"
"Adult Mortality Event","","2003-10-26T00:00:00.000","ISSAQUAH HATCHERY","","ISSAQUAH HATCHERY","","0","1","2","0","0","0","Coho","NA","Issaquah Creek","HATCHERY","2","2003",,"true",,,"true","true",,,"1","2","0"
"Adult Mortality Event","","2003-10-27T00:00:00.000","ISSAQUAH HATCHERY","","ISSAQUAH HATCHERY","","0","24","19","0","0","0","Chinook","Fall","Issaquah Creek","HATCHERY","2","2003",,"true",,,"false","false",,,"0","0","0"
"Adult Surplus Event","","2003-10-27T00:00:00.000","ISSAQUAH HATCHERY","","ISSAQUAH HATCHERY","","0","0","4","0","0","0","Coho","NA","Issaquah Creek","HATCHERY","2","2003",,"true",,,"true","true",,,"0","4","0"
"Adult Surplus Event","","2003-10-27T00:00:00.000","ISSAQUAH HATCHERY","","ISSAQUAH HATCHERY","","0","52","70","0","0","0","Coho","NA","Issaquah Creek","HATCHERY","2","2003",,"true",,,"true","true",,,"52","70","0"
"Adult Mortality Event","","2003-10-27T00:00:00.000","ISSAQUAH HATCHERY","","ISSAQUAH HATCHERY","","0","39","113","0","0","0","Coho","NA","Issaquah Creek","HATCHERY","2","2003",,"true",,,"false","false",,,"0","0","0"
"Adult Plant Event","","2003-10-27T00:00:00.000","ISSAQUAH HATCHERY","","ISSAQUAH HATCHERY","","0","14","10","60","0","0","Chinook","Fall","Issaquah Creek","HATCHERY","2","2003",,"true",,,"false","false",,,"0","0","0"
"Adult Surplus Event","","2003-10-27T00:00:00.000","ISSAQUAH HATCHERY","","ISSAQUAH HATCHERY","","0","2","2","0","0","0","Coho","NA","Issaquah Creek","HATCHERY","28","2003",,"false",,,"false","false",,,"0","0","0"
"Trap Estimate","","2003-10-27T00:00:00.000","ISSAQUAH HATCHERY","","ISSAQUAH HATCHERY","","10","0","0","0","0","0","Chinook","Fall","Issaquah Creek","HATCHERY","2","2003",,"false",,,"false","false",,,"0","0","0"
"Adult Surplus Event","","2003-10-27T00:00:00.000","ISSAQUAH HATCHERY","","ISSAQUAH HATCHERY","","0","210","207","0","0","0","Coho","NA","Issaquah Creek","HATCHERY","2","2003",,"true",,,"false","false",,,"0","0","0"
"Adult Surplus Event","","2003-10-28T00:00:00.000","ISSAQUAH HATCHERY","","ISSAQUAH HATCHERY","","0","27","24","1","0","0","Coho","NA","Issaquah Creek","HATCHERY","2","2003",,"true",,,"true","true",,,"27","24","1"
"Adult Surplus Event","","2003-10-28T00:00:00.000","ISSAQUAH HATCHERY","","ISSAQUAH HATCHERY","","0","94","80","0","0","0","Coho","NA","Issaquah Creek","HATCHERY","2","2003",,"true",,,"false","false",,,"0","0","0"
"Adult Mortality Event","","2003-10-28T00:00:00.000","ISSAQUAH HATCHERY","","ISSAQUAH HATCHERY","","0","3","22","0","0","0","Coho","NA","Issaquah Creek","HATCHERY","2","2003",,"true",,,"false","false",,,"0","0","0"
"Adult Mortality Event","","2003-10-29T00:00:00.000","ISSAQUAH HATCHERY","","ISSAQUAH HATCHERY","","0","3","6","0","0","0","Coho","NA","Issaquah Creek","HATCHERY","2","2003",,"true",,,"true","true",,,"3","6","0"
"Adult Surplus Event","","2003-10-29T00:00:00.000","ISSAQUAH HATCHERY","","ISSAQUAH HATCHERY","","0","30","20","0","0","0","Coho","NA","Issaquah Creek","HATCHERY","2","2003",,"true",,,"false","false",,,"0","0","0"
"Adult Mortality Event","","2003-10-29T00:00:00.000","ISSAQUAH HATCHERY","","ISSAQUAH HATCHERY","","0","5","12","0","0","0","Coho","NA","Issaquah Creek","HATCHERY","2","2003",,"true",,,"false","false",,,"0","0","0"
"Adult Surplus Event","","2003-10-29T00:00:00.000","ISSAQUAH HATCHERY","","ISSAQUAH HATCHERY","","0","177","167","0","0","0","Coho","NA","Issaquah Creek","HATCHERY","2","2003",,"true",,,"false","false",,,"0","0","0"
"Adult Mortality Event","","2003-10-30T00:00:00.000","ISSAQUAH HATCHERY","","ISSAQUAH HATCHERY","","0","2","6","0","0","0","Coho","NA","Issaquah Creek","HATCHERY","2","2003",,"true",,,"false","false",,,"0","0","0"
"Adult Mortality Event","","2003-10-30T00:00:00.000","ISSAQUAH HATCHERY","","ISSAQUAH HATCHERY","","0","1","0","0","0","0","Coho","NA","Issaquah Creek","HATCHERY","2","2003",,"true",,,"true","true",,,"1","0","0"
"Adult Mortality Event","","2003-10-31T00:00:00.000","ISSAQUAH HATCHERY","","ISSAQUAH HATCHERY","","0","8","1","0","0","0","Chinook","Fall","Issaquah Creek","HATCHERY","2","2003",,"true",,,"false","false",,,"0","0","0"
"Trap Estimate","","2003-10-31T00:00:00.000","ISSAQUAH HATCHERY","","ISSAQUAH HATCHERY","","20","0","0","0","0","0","Chinook","Fall","Issaquah Creek","HATCHERY","28","2003",,"false",,,"false","false",,,"0","0","0"
"Adult Mortality Event","","2003-10-31T00:00:00.000","ISSAQUAH HATCHERY","","ISSAQUAH HATCHERY","","0","1","1","0","0","0","Coho","NA","Issaquah Creek","HATCHERY","28","2003",,"true",,,"false","false",,,"0","0","0"
"Adult Mortality Event","","2003-10-31T00:00:00.000","ISSAQUAH HATCHERY","","ISSAQUAH HATCHERY","","0","1","3","0","0","0","Coho","NA","Issaquah Creek","HATCHERY","2","2003",,"true",,,"false","false",,,"0","0","0"
"Adult Mortality Event","","2003-10-31T00:00:00.000","ISSAQUAH HATCHERY","","ISSAQUAH HATCHERY","","0","3","1","0","0","0","Chinook","Fall","Issaquah Creek","HATCHERY","28","2003",,"true",,,"false","false",,,"0","0","0"
"Adult Mortality Event","","2003-11-02T00:00:00.000","ISSAQUAH HATCHERY","","ISSAQUAH HATCHERY","","0","0","1","0","0","0","Coho","NA","Issaquah Creek","HATCHERY","2","2003",,"true",,,"true","true",,,"0","1","0"
"Adult Mortality Event","","2003-11-02T00:00:00.000","ISSAQUAH HATCHERY","","ISSAQUAH HATCHERY","","0","1","9","0","0","0","Coho","NA","Issaquah Creek","HATCHERY","2","2003",,"true",,,"false","false",,,"0","0","0"
"Adult Mortality Event","","2003-11-04T00:00:00.000","ISSAQUAH HATCHERY","","ISSAQUAH HATCHERY","","0","8","44","0","0","0","Coho","NA","Issaquah Creek","HATCHERY","2","2003",,"true",,,"false","false",,,"0","0","0"
"Adult Mortality Event","","2003-11-04T00:00:00.000","ISSAQUAH HATCHERY","","ISSAQUAH HATCHERY","","0","4","1","0","0","0","Chinook","Fall","Issaquah Creek","HATCHERY","28","2003",,"true",,,"false","false",,,"0","0","0"
"EggTake","","2003-11-04T00:00:00.000","ISSAQUAH HATCHERY","","ISSAQUAH HATCHERY","","0","0","0","0","0","290000","Coho","NA","Issaquah Creek","HATCHERY",,"2003",,"false",,,"false","false",,,"0","0","0"
"Parent Spawn Event","Lethal","2003-11-04T00:00:00.000","ISSAQUAH HATCHERY","","ISSAQUAH HATCHERY","","0","114","83","0","12","0","Coho","NA","Issaquah Creek","HATCHERY","2","2003",,"true",,,"false","false",,,"0","0","0"
"Adult Plant Event","","2003-11-04T00:00:00.000","ISSAQUAH HATCHERY","","ISSAQUAH HATCHERY","","0","3","5","0","0","0","Chinook","Fall","Issaquah Creek","HATCHERY","28","2003",,"true",,,"false","false",,,"0","0","0"
"Parent Spawn Event","Lethal","2003-11-04T00:00:00.000","ISSAQUAH HATCHERY","","ISSAQUAH HATCHERY","","0","14","12","0","0","0","Coho","NA","Issaquah Creek","HATCHERY","28","2003",,"false",,,"false","false",,,"0","0","0"
"Parent Spawn Event","Lethal","2003-11-04T00:00:00.000","ISSAQUAH HATCHERY","","ISSAQUAH HATCHERY","","0","36","23","0","0","0","Coho","NA","Issaquah Creek","HATCHERY","2","2003",,"true",,,"true","true",,,"0","0","0"
"Trap Estimate","","2003-11-04T00:00:00.000","ISSAQUAH HATCHERY","","ISSAQUAH HATCHERY","","15","0","0","0","0","0","Chinook","Fall","Issaquah Creek","HATCHERY","28","2003",,"false",,,"false","false",,,"0","0","0"
"Adult Mortality Event","","2003-11-04T00:00:00.000","ISSAQUAH HATCHERY","","ISSAQUAH HATCHERY","","0","7","6","0","0","0","Coho","NA","Issaquah Creek","HATCHERY","2","2003",,"true",,,"true","true",,,"43","29","0"
"Adult Mortality Event","","2003-11-05T00:00:00.000","ISSAQUAH HATCHERY","","ISSAQUAH HATCHERY","","0","4","2","0","0","0","Coho","NA","Issaquah Creek","HATCHERY","2","2003",,"true",,,"true","true",,,"4","2","0"
"Adult Mortality Event","","2003-11-05T00:00:00.000","ISSAQUAH HATCHERY","","ISSAQUAH HATCHERY","","0","1","2","0","0","0","Coho","NA","Issaquah Creek","HATCHERY","28","2003",,"false",,,"false","false",,,"0","0","0"
"Adult Mortality Event","","2003-11-05T00:00:00.000","ISSAQUAH HATCHERY","","ISSAQUAH HATCHERY","","0","5","6","1","0","0","Coho","NA","Issaquah Creek","HATCHERY","2","2003",,"true",,,"false","false",,,"0","0","0"
"Adult Ship","","2003-11-05T00:00:00.000","ISSAQUAH HATCHERY","","ISSAQUAH HATCHERY","","0","194","172","0","0","0","Coho","NA","Issaquah Creek","HATCHERY","28","2003",,"false",,,"false","false",,,"0","0","0"
"Trap Estimate","","2003-11-07T00:00:00.000","ISSAQUAH HATCHERY","","ISSAQUAH HATCHERY","","1000","0","0","31","0","0","Coho","NA","Issaquah Creek","HATCHERY","2","2003",,"false",,,"false","false",,,"0","0","0"
"Adult Mortality Event","","2003-11-07T00:00:00.000","ISSAQUAH HATCHERY","","ISSAQUAH HATCHERY","","0","0","1","0","0","0","Coho","NA","Issaquah Creek","HATCHERY","2","2003",,"true",,,"true","true",,,"0","1","0"
"Adult Mortality Event","","2003-11-07T00:00:00.000","ISSAQUAH HATCHERY","","ISSAQUAH HATCHERY","","0","1","0","0","0","0","Coho","NA","Issaquah Creek","HATCHERY","2","2003",,"true",,,"false","false",,,"0","0","0"
"Adult Mortality Event","","2003-11-12T00:00:00.000","ISSAQUAH HATCHERY","","ISSAQUAH HATCHERY","","0","17","9","0","0","0","Coho","NA","Issaquah Creek","HATCHERY","2","2003",,"true",,,"false","false",,,"0","0","0"
"Parent Spawn Event","Lethal","2003-11-12T00:00:00.000","ISSAQUAH HATCHERY","","ISSAQUAH HATCHERY","","0","72","55","3","0","0","Coho","NA","Issaquah Creek","HATCHERY","2","2003",,"true",,,"true","true",,,"72","55","3"
"Adult Surplus Event","","2003-11-12T00:00:00.000","ISSAQUAH HATCHERY","","ISSAQUAH HATCHERY","","0","2","1","0","0","0","Coho","NA","Issaquah Creek","HATCHERY","28","2003",,"false",,,"false","false",,,"0","0","0"
"Adult Mortality Event","","2003-11-12T00:00:00.000","ISSAQUAH HATCHERY","","ISSAQUAH HATCHERY","","0","1","6","0","0","0","Coho","NA","Issaquah Creek","HATCHERY","28","2003",,"false",,,"false","false",,,"0","0","0"
"Parent Spawn Event","Lethal","2003-11-12T00:00:00.000","ISSAQUAH HATCHERY","","ISSAQUAH HATCHERY","","0","293","229","7","12","0","Coho","NA","Issaquah Creek","HATCHERY","2","2003",,"true",,,"false","false",,,"0","0","0"
"Adult Plant Event","","2003-11-12T00:00:00.000","ISSAQUAH HATCHERY","","ISSAQUAH HATCHERY","","0","4","0","0","0","0","Chinook","Fall","Issaquah Creek","HATCHERY","28","2003",,"true",,,"false","false",,,"0","0","0"
"EggTake","","2003-11-12T00:00:00.000","ISSAQUAH HATCHERY","","ISSAQUAH HATCHERY","","0","0","0","0","0","819000","Coho","NA","Issaquah Creek","HATCHERY",,"2003",,"false",,,"false","false",,,"0","0","0"
"Adult Mortality Event","","2003-11-12T00:00:00.000","ISSAQUAH HATCHERY","","ISSAQUAH HATCHERY","","0","1","0","0","0","0","Chinook","Fall","Issaquah Creek","HATCHERY","28","2003",,"true",,,"false","false",,,"0","0","0"
"Parent Spawn Event","Lethal","2003-11-12T00:00:00.000","ISSAQUAH HATCHERY","","ISSAQUAH HATCHERY","","0","48","47","0","0","0","Coho","NA","Issaquah Creek","HATCHERY","28","2003",,"false",,,"false","false",,,"0","0","0"
"Adult Mortality Event","","2003-11-17T00:00:00.000","ISSAQUAH HATCHERY","","ISSAQUAH HATCHERY","","0","0","2","0","0","0","Coho","NA","Issaquah Creek","HATCHERY","28","2003",,"false",,,"false","false",,,"0","0","0"
"Adult Mortality Event","","2003-11-17T00:00:00.000","ISSAQUAH HATCHERY","","ISSAQUAH HATCHERY","","0","8","8","0","0","0","Coho","NA","Issaquah Creek","HATCHERY","2","2003",,"true",,,"false","false",,,"0","0","0"
"Adult Surplus Event","","2003-11-18T00:00:00.000","ISSAQUAH HATCHERY","","ISSAQUAH HATCHERY","","0","15","4","0","0","0","Coho","NA","Issaquah Creek","HATCHERY","28","2003",,"false",,,"false","false",,,"0","0","0"
"Parent Spawn Event","Lethal","2003-11-18T00:00:00.000","ISSAQUAH HATCHERY","","ISSAQUAH HATCHERY","","0","148","130","0","0","0","Coho","NA","Issaquah Creek","HATCHERY","28","2003",,"true",,,"true","true",,,"0","0","0"
"Parent Spawn Event","Lethal","2003-11-18T00:00:00.000","ISSAQUAH HATCHERY","","ISSAQUAH HATCHERY","","0","29","36","0","0","0","Coho","NA","Issaquah Creek","HATCHERY","2","2003",,"true",,,"true","true",,,"49","57","1"
"Adult Mortality Event","","2003-11-18T00:00:00.000","ISSAQUAH HATCHERY","","ISSAQUAH HATCHERY","","0","2","0","0","0","0","Coho","NA","Issaquah Creek","HATCHERY","28","2003",,"false",,,"false","false",,,"0","0","0"
"Adult Surplus Event","","2003-11-18T00:00:00.000","ISSAQUAH HATCHERY","","ISSAQUAH HATCHERY","","0","20","21","1","0","0","Coho","NA","Issaquah Creek","HATCHERY","2","2003",,"true",,,"true","true",,,"0","0","0"
"EggTake","","2003-11-18T00:00:00.000","ISSAQUAH HATCHERY","","ISSAQUAH HATCHERY","","0","0","0","0","0","396000","Coho","NA","Issaquah Creek","HATCHERY",,"2003",,"false",,,"false","false",,,"0","0","0"
"Adult Mortality Event","","2003-11-18T00:00:00.000","ISSAQUAH HATCHERY","","ISSAQUAH HATCHERY","","0","3","0","0","0","0","Coho","NA","Issaquah Creek","HATCHERY","28","2003",,"true",,,"true","true",,,"0","0","0"
"Adult Surplus Event","","2003-11-18T00:00:00.000","ISSAQUAH HATCHERY","","ISSAQUAH HATCHERY","","0","62","66","0","0","0","Coho","NA","Issaquah Creek","HATCHERY","28","2003",,"true",,,"true","true",,,"0","1","0"
"Adult Plant Event","","2003-11-18T00:00:00.000","ISSAQUAH HATCHERY","","ISSAQUAH HATCHERY","","0","1","0","0","0","0","Chinook","Fall","Issaquah Creek","HATCHERY","28","2003",,"true",,,"false","false",,,"0","0","0"
"Parent Spawn Event","Lethal","2003-11-18T00:00:00.000","ISSAQUAH HATCHERY","","ISSAQUAH HATCHERY","","0","35","18","0","0","0","Coho","NA","Issaquah Creek","HATCHERY","28","2003",,"false",,,"false","false",,,"0","0","0"
"Adult Mortality Event","","2003-11-19T00:00:00.000","ISSAQUAH HATCHERY","","ISSAQUAH HATCHERY","","0","1","0","0","0","0","Coho","NA","Issaquah Creek","HATCHERY","28","2003",,"false",,,"false","false",,,"0","0","0"
"Adult Mortality Event","","2003-11-19T00:00:00.000","ISSAQUAH HATCHERY","","ISSAQUAH HATCHERY","","0","3","4","0","0","0","Coho","NA","Issaquah Creek","HATCHERY","2","2003",,"true",,,"false","false",,,"0","0","0"
"Adult Mortality Event","","2003-11-26T00:00:00.000","ISSAQUAH HATCHERY","","ISSAQUAH HATCHERY","","0","5","9","0","0","0","Coho","NA","Issaquah Creek","HATCHERY","2","2003",,"true",,,"false","false",,,"0","0","0"
"Adult Mortality Event","","2003-11-26T00:00:00.000","ISSAQUAH HATCHERY","","ISSAQUAH HATCHERY","","0","2","1","0","0","0","Coho","NA","Issaquah Creek","HATCHERY","28","2003",,"true",,,"false","false",,,"0","0","0"
"Adult Mortality Event","","2003-12-01T00:00:00.000","ISSAQUAH HATCHERY","","ISSAQUAH HATCHERY","","0","0","2","0","0","0","Coho","NA","Issaquah Creek","HATCHERY","2","2003",,"true",,,"false","false",,,"0","0","0"
"Parent Spawn Event","Lethal","2003-12-02T00:00:00.000","ISSAQUAH HATCHERY","","ISSAQUAH HATCHERY","","0","35","30","0","0","0","Coho","NA","Issaquah Creek","HATCHERY","2","2003",,"true",,,"true","true",,,"57","57","6"
"Adult Mortality Event","","2003-12-02T00:00:00.000","ISSAQUAH HATCHERY","","ISSAQUAH HATCHERY","","0","4","3","0","0","0","Coho","NA","Issaquah Creek","HATCHERY","2","2003",,"true",,,"false","false",,,"0","0","0"
"Adult Surplus Event","","2003-12-02T00:00:00.000","ISSAQUAH HATCHERY","","ISSAQUAH HATCHERY","","0","21","27","7","0","0","Coho","NA","Issaquah Creek","HATCHERY","2","2003",,"true",,,"true","true",,,"0","0","0"
"Adult Mortality Event","","2003-12-02T00:00:00.000","ISSAQUAH HATCHERY","","ISSAQUAH HATCHERY","","0","1","0","0","0","0","Coho","NA","Issaquah Creek","HATCHERY","2","2003",,"true",,,"true","true",,,"0","0","0"
"Parent Spawn Event","Lethal","2003-12-02T00:00:00.000","ISSAQUAH HATCHERY","","ISSAQUAH HATCHERY","","0","31","31","0","0","0","Coho","NA","Issaquah Creek","HATCHERY","28","2003",,"true",,,"false","false",,,"0","0","0"
"Adult Plant Event","","2003-12-02T00:00:00.000","ISSAQUAH HATCHERY","","ISSAQUAH HATCHERY","","0","3","0","8","0","0","Chinook","Fall","Issaquah Creek","HATCHERY","28","2003",,"true",,,"false","false",,,"0","0","0"
"Adult Surplus Event","","2003-12-02T00:00:00.000","ISSAQUAH HATCHERY","","ISSAQUAH HATCHERY","","0","31","36","8","0","0","Coho","NA","Issaquah Creek","HATCHERY","28","2003",,"true",,,"false","false",,,"0","0","0"
"Adult Surplus Event","","2003-12-02T00:00:00.000","ISSAQUAH HATCHERY","","ISSAQUAH HATCHERY","","0","125","105","18","0","0","Coho","NA","Issaquah Creek","HATCHERY","2","2003",,"true",,,"false","false",,,"0","0","0"
"Trap Estimate","","2003-12-02T00:00:00.000","ISSAQUAH HATCHERY","","ISSAQUAH HATCHERY","","383","0","0","9","0","0","Coho","NA","Issaquah Creek","HATCHERY","2","2003",,"false",,,"false","false",,,"0","0","0"
"EggTake","","2003-12-02T00:00:00.000","ISSAQUAH HATCHERY","","ISSAQUAH HATCHERY","","0","0","0","0","0","328000","Coho","NA","Issaquah Creek","HATCHERY",,"2003",,"false",,,"false","false",,,"0","0","0"
"Parent Spawn Event","Lethal","2003-12-02T00:00:00.000","ISSAQUAH HATCHERY","","ISSAQUAH HATCHERY","","0","148","137","0","0","0","Coho","NA","Issaquah Creek","HATCHERY","2","2003",,"true",,,"false","false",,,"0","0","0"
"Adult Mortality Event","","2004-09-15T00:00:00.000","ISSAQUAH HATCHERY","","ISSAQUAH HATCHERY","","0","1","4","4","0","0","Chinook","Fall","Issaquah Creek","HATCHERY","2","2004",,"true",,,"false","false",,,"0","0","0"
"Trap Estimate","","2004-09-15T00:00:00.000","ISSAQUAH HATCHERY","","ISSAQUAH HATCHERY","","510","0","0","10","0","0","Chinook","Fall","Issaquah Creek","HATCHERY","2","2004",,"false",,,"false","false",,,"0","0","0"
"Adult Mortality Event","","2004-09-15T00:00:00.000","ISSAQUAH HATCHERY","","ISSAQUAH HATCHERY","","0","0","1","0","0","0","Chinook","Fall","Issaquah Creek","HATCHERY","28","2004",,"true",,,"false","false",,,"0","0","0"
"Trap Estimate","","2004-09-22T00:00:00.000","ISSAQUAH HATCHERY","","ISSAQUAH HATCHERY","","25","0","0","0","0","0","Coho","NA","Issaquah Creek","HATCHERY","28","2004",,"false",,,"false","false",,,"0","0","0"
"Adult Surplus Event","","2004-09-28T00:00:00.000","ISSAQUAH HATCHERY","","ISSAQUAH HATCHERY","","0","48","2","0","0","0","Chinook","Fall","Issaquah Creek","HATCHERY","2","2004",,"true",,,"false","false",,,"0","0","0"
"Adult Mortality Event","","2004-09-28T00:00:00.000","ISSAQUAH HATCHERY","","ISSAQUAH HATCHERY","","0","20","66","6","0","0","Chinook","Fall","Issaquah Creek","HATCHERY","2","2004",,"true",,,"false","false",,,"0","0","0"
"Adult Mortality Event","","2004-09-28T00:00:00.000","ISSAQUAH HATCHERY","","ISSAQUAH HATCHERY","","0","10","15","1","0","0","Chinook","Fall","Issaquah Creek","HATCHERY","2","2004",,"true",,,"false","false",,,"0","0","0"
"Adult Plant Event","","2004-09-28T00:00:00.000","ISSAQUAH HATCHERY","","ISSAQUAH HATCHERY","","0","42","38","0","0","0","Chinook","Fall","Issaquah Creek","HATCHERY","28","2004",,"false",,,"false","false",,,"0","0","0"
"Adult Mortality Event","","2004-09-28T00:00:00.000","ISSAQUAH HATCHERY","","ISSAQUAH HATCHERY","","0","1","4","0","0","0","Chinook","Fall","Issaquah Creek","HATCHERY","28","2004",,"false",,,"false","false",,,"0","0","0"
"EggTake","","2004-09-28T00:00:00.000","ISSAQUAH HATCHERY","","ISSAQUAH HATCHERY","","0","0","0","0","0","1144000","Chinook","Fall","Issaquah Creek","HATCHERY",,"2004",,"false",,,"false","false",,,"0","0","0"
"Adult Mortality Event","","2004-09-28T00:00:00.000","ISSAQUAH HATCHERY","","ISSAQUAH HATCHERY","","0","3","0","0","0","0","Chinook","Fall","Issaquah Creek","HATCHERY","28","2004",,"false",,,"false","false",,,"0","0","0"
"Trap Estimate","","2004-09-28T00:00:00.000","ISSAQUAH HATCHERY","","ISSAQUAH HATCHERY","","510","0","0","15","0","0","Chinook","Fall","Issaquah Creek","HATCHERY","2","2004",,"false",,,"false","false",,,"0","0","0"
"Adult Plant Event","","2004-09-28T00:00:00.000","ISSAQUAH HATCHERY","","ISSAQUAH HATCHERY","","0","449","376","0","0","0","Chinook","Fall","Issaquah Creek","HATCHERY","2","2004",,"true",,,"false","false",,,"0","0","0"
"Parent Spawn Event","Lethal","2004-09-28T00:00:00.000","ISSAQUAH HATCHERY","","ISSAQUAH HATCHERY","","0","37","28","0","0","0","Chinook","Fall","Issaquah Creek","HATCHERY","28","2004",,"false",,,"false","false",,,"0","0","0"
"Parent Spawn Event","Lethal","2004-09-28T00:00:00.000","ISSAQUAH HATCHERY","","ISSAQUAH HATCHERY","","0","158","169","2","30","0","Chinook","Fall","Issaquah Creek","HATCHERY","2","2004",,"true",,,"false","false",,,"0","0","0"
"Trap Estimate","","2004-09-28T00:00:00.000","ISSAQUAH HATCHERY","","ISSAQUAH HATCHERY","","921","0","0","100","0","0","Chinook","Fall","Issaquah Creek","HATCHERY","2","2004",,"false",,,"false","false",,,"0","0","0"
"Adult Plant Event","","2004-09-29T00:00:00.000","ISSAQUAH HATCHERY","","ISSAQUAH HATCHERY","","0","13","45","0","0","0","Chinook","Fall","Issaquah Creek","HATCHERY","2","2004",,"true",,,"false","false",,,"0","0","0"
"Adult Plant Event","","2004-09-29T00:00:00.000","ISSAQUAH HATCHERY","","ISSAQUAH HATCHERY","","0","4","7","0","0","0","Coho","NA","Issaquah Creek","HATCHERY","2","2004",,"true",,,"false","false",,,"0","0","0"
"Adult Plant Event","","2004-09-29T00:00:00.000","ISSAQUAH HATCHERY","","ISSAQUAH HATCHERY","","0","6","4","0","0","0","Chinook","Fall","Issaquah Creek","HATCHERY","28","2004",,"false",,,"false","false",,,"0","0","0"
"Adult Mortality Event","","2004-09-29T00:00:00.000","ISSAQUAH HATCHERY","","ISSAQUAH HATCHERY","","0","5","5","0","0","0","Chinook","Fall","Issaquah Creek","HATCHERY","2","2004",,"true",,,"false","false",,,"0","0","0"
"Trap Estimate","","2004-09-29T00:00:00.000","ISSAQUAH HATCHERY","","ISSAQUAH HATCHERY","","3000","0","0","100","0","0","Chinook","Fall","Issaquah Creek","HATCHERY","28","2004",,"false",,,"false","false",,,"0","0","0"
"Trap Estimate","","2004-09-29T00:00:00.000","ISSAQUAH HATCHERY","","ISSAQUAH HATCHERY","","376","0","0","0","0","0","Coho","NA","Issaquah Creek","HATCHERY","2","2004",,"false",,,"false","false",,,"0","0","0"
"EggTake","","2004-09-29T00:00:00.000","ISSAQUAH HATCHERY","","ISSAQUAH HATCHERY","","0","0","0","0","0","900000","Chinook","Fall","Issaquah Creek","HATCHERY",,"2004",,"false",,,"false","false",,,"0","0","0"
"Parent Spawn Event","Lethal","2004-09-29T00:00:00.000","ISSAQUAH HATCHERY","","ISSAQUAH HATCHERY","","0","163","154","0","0","0","Chinook","Fall","Issaquah Creek","HATCHERY","2","2004",,"true",,,"false","false",,,"0","0","0"
"Parent Spawn Event","Lethal","2004-09-29T00:00:00.000","ISSAQUAH HATCHERY","","ISSAQUAH HATCHERY","","0","22","22","0","0","0","Chinook","Fall","Issaquah Creek","HATCHERY","28","2004",,"false",,,"false","false",,,"0","0","0"
"Adult Mortality Event","","2004-09-29T00:00:00.000","ISSAQUAH HATCHERY","","ISSAQUAH HATCHERY","","0","0","1","0","0","0","Coho","NA","Issaquah Creek","HATCHERY","2","2004",,"true",,,"false","false",,,"0","0","0"
"Trap Estimate","","2004-10-04T00:00:00.000","ISSAQUAH HATCHERY","","ISSAQUAH HATCHERY","","1600","0","0","0","0","0","Chinook","Fall","Issaquah Creek","HATCHERY","14","2004",,"false",,,"false","false",,,"0","0","0"
"Adult Mortality Event","","2004-10-04T00:00:00.000","ISSAQUAH HATCHERY","","ISSAQUAH HATCHERY","","0","1","15","0","0","0","Coho","NA","Issaquah Creek","HATCHERY","2","2004",,"true",,,"false","false",,,"0","0","0"
"Adult Mortality Event","","2004-10-04T00:00:00.000","ISSAQUAH HATCHERY","","ISSAQUAH HATCHERY","","0","2","3","0","0","0","Chinook","Fall","Issaquah Creek","HATCHERY","14","2004",,"true",,,"false","false",,,"0","0","0"
"Adult Mortality Event","","2004-10-04T00:00:00.000","ISSAQUAH HATCHERY","","ISSAQUAH HATCHERY","","0","23","54","4","0","0","Chinook","Fall","Issaquah Creek","HATCHERY","2","2004",,"true",,,"false","false",,,"0","0","0"
"EggTake","","2004-10-05T00:00:00.000","ISSAQUAH HATCHERY","","ISSAQUAH HATCHERY","","0","0","0","0","0","488000","Chinook","Fall","Issaquah Creek","HATCHERY",,"2004",,"false",,,"false","false",,,"0","0","0"
"Adult Surplus Event","","2004-10-05T00:00:00.000","ISSAQUAH HATCHERY","","ISSAQUAH HATCHERY","","0","21","1","0","0","0","Chinook","Fall","Issaquah Creek","HATCHERY","2","2004",,"true",,,"false","false",,,"0","0","0"
"Adult Plant Event","","2004-10-05T00:00:00.000","ISSAQUAH HATCHERY","","ISSAQUAH HATCHERY","","0","42","48","0","0","0","Chinook","Fall","Issaquah Creek","HATCHERY","14","2004",,"true",,,"false","false",,,"0","0","0"
"Adult Mortality Event","","2004-10-05T00:00:00.000","ISSAQUAH HATCHERY","","ISSAQUAH HATCHERY","","0","4","8","0","0","0","Chinook","Fall","Issaquah Creek","HATCHERY","14","2004",,"true",,,"false","false",,,"0","0","0"
"Parent Spawn Event","Lethal","2004-10-05T00:00:00.000","ISSAQUAH HATCHERY","","ISSAQUAH HATCHERY","","0","98","100","0","0","0","Chinook","Fall","Issaquah Creek","HATCHERY","2","2004",,"true",,,"false","false",,,"0","0","0"
"Adult Mortality Event","","2004-10-05T00:00:00.000","ISSAQUAH HATCHERY","","ISSAQUAH HATCHERY","","0","92","137","10","0","0","Chinook","Fall","Issaquah Creek","HATCHERY","2","2004",,"true",,,"false","false",,,"0","0","0"
"Parent Spawn Event","Lethal","2004-10-05T00:00:00.000","ISSAQUAH HATCHERY","","ISSAQUAH HATCHERY","","0","12","7","0","0","0","Chinook","Fall","Issaquah Creek","HATCHERY","14","2004",,"true",,,"false","false",,,"0","0","0"
"Adult Surplus Event","","2004-10-05T00:00:00.000","ISSAQUAH HATCHERY","","ISSAQUAH HATCHERY","","0","1","1","0","0","0","Coho","NA","Issaquah Creek","HATCHERY","2","2004",,"true",,,"false","false",,,"0","0","0"
"Adult Mortality Event","","2004-10-05T00:00:00.000","ISSAQUAH HATCHERY","","ISSAQUAH HATCHERY","","0","0","4","0","0","0","Coho","NA","Issaquah Creek","HATCHERY","2","2004",,"true",,,"true","true",,,"0","4","0"
"Adult Mortality Event","","2004-10-05T00:00:00.000","ISSAQUAH HATCHERY","","ISSAQUAH HATCHERY","","0","10","16","0","0","0","Coho","NA","Issaquah Creek","HATCHERY","2","2004",,"true",,,"false","false",,,"0","0","0"
"Adult Plant Event","","2004-10-05T00:00:00.000","ISSAQUAH HATCHERY","","ISSAQUAH HATCHERY","","0","348","191","0","0","0","Chinook","Fall","Issaquah Creek","HATCHERY","2","2004",,"true",,,"false","false",,,"0","0","0"
"Adult Plant Event","","2004-10-06T00:00:00.000","ISSAQUAH HATCHERY","","ISSAQUAH HATCHERY","","0","795","572","57","0","0","Chinook","Fall","Issaquah Creek","HATCHERY","2","2004",,"true",,,"false","false",,,"0","0","0"
"Adult Mortality Event","","2004-10-06T00:00:00.000","ISSAQUAH HATCHERY","","ISSAQUAH HATCHERY","","0","47","42","3","0","0","Chinook","Fall","Issaquah Creek","HATCHERY","2","2004",,"true",,,"false","false",,,"0","0","0"
"Adult Plant Event","","2004-10-06T00:00:00.000","ISSAQUAH HATCHERY","","ISSAQUAH HATCHERY","","0","102","42","3","0","0","Chinook","Fall","Issaquah Creek","HATCHERY","14","2004",,"true",,,"false","false",,,"0","0","0"
"Adult Mortality Event","","2004-10-06T00:00:00.000","ISSAQUAH HATCHERY","","ISSAQUAH HATCHERY","","0","4","4","0","0","0","Chinook","Fall","Issaquah Creek","HATCHERY","14","2004",,"true",,,"false","false",,,"0","0","0"
"Trap Estimate","","2004-10-08T00:00:00.000","ISSAQUAH HATCHERY","","ISSAQUAH HATCHERY","","1500","0","0","50","0","0","Coho","NA","Issaquah Creek","HATCHERY","2","2004",,"false",,,"false","false",,,"0","0","0"
"Adult Mortality Event","","2004-10-08T00:00:00.000","ISSAQUAH HATCHERY","","ISSAQUAH HATCHERY","","0","0","5","0","0","0","Coho","NA","Issaquah Creek","HATCHERY","2","2004",,"true",,,"false","false",,,"0","0","0"
"Adult Mortality Event","","2004-10-08T00:00:00.000","ISSAQUAH HATCHERY","","ISSAQUAH HATCHERY","","0","0","1","0","0","0","Coho","NA","Issaquah Creek","HATCHERY","2","2004",,"true",,,"true","true",,,"0","1","0"
"Adult Mortality Event","","2004-10-10T00:00:00.000","ISSAQUAH HATCHERY","","ISSAQUAH HATCHERY","","0","0","2","0","0","0","Coho","NA","Issaquah Creek","HATCHERY","2","2004",,"true",,,"false","false",,,"0","0","0"
"Adult Mortality Event","","2004-10-10T00:00:00.000","ISSAQUAH HATCHERY","","ISSAQUAH HATCHERY","","0","0","1","0","0","0","Coho","NA","Issaquah Creek","HATCHERY","2","2004",,"true",,,"true","true",,,"0","1","0"
"Adult Mortality Event","","2004-10-11T00:00:00.000","ISSAQUAH HATCHERY","","ISSAQUAH HATCHERY","","0","0","2","0","0","0","Coho","NA","Issaquah Creek","HATCHERY","2","2004",,"true",,,"true","true",,,"0","2","0"
"Adult Mortality Event","","2004-10-11T00:00:00.000","ISSAQUAH HATCHERY","","ISSAQUAH HATCHERY","","0","1","0","0","0","0","Chinook","Fall","Issaquah Creek","HATCHERY","2","2004",,"true",,,"true","true",,,"1","0","0"
"Adult Mortality Event","","2004-10-11T00:00:00.000","ISSAQUAH HATCHERY","","ISSAQUAH HATCHERY","","0","4","12","1","0","0","Coho","NA","Issaquah Creek","HATCHERY","2","2004",,"true",,,"false","false",,,"0","0","0"
"Adult Mortality Event","","2004-10-12T00:00:00.000","ISSAQUAH HATCHERY","","ISSAQUAH HATCHERY","","0","4","22","7","0","0","Coho","NA","Issaquah Creek","HATCHERY","2","2004",,"true",,,"false","false",,,"0","0","0"
"Adult Mortality Event","","2004-10-12T00:00:00.000","ISSAQUAH HATCHERY","","ISSAQUAH HATCHERY","","0","6","12","12","0","0","Chinook","Fall","Issaquah Creek","HATCHERY","14","2004",,"true",,,"false","false",,,"0","0","0"
"EggTake","","2004-10-12T00:00:00.000","ISSAQUAH HATCHERY","","ISSAQUAH HATCHERY","","0","0","0","0","0","344000","Chinook","Fall","Issaquah Creek","HATCHERY",,"2004",,"false",,,"false","false",,,"0","0","0"
"Parent Spawn Event","Lethal","2004-10-12T00:00:00.000","ISSAQUAH HATCHERY","","ISSAQUAH HATCHERY","","0","56","60","0","0","0","Chinook","Fall","Issaquah Creek","HATCHERY","2","2004",,"true",,,"false","false",,,"0","0","0"
"Adult Surplus Event","","2004-10-12T00:00:00.000","ISSAQUAH HATCHERY","","ISSAQUAH HATCHERY","","0","94","154","0","0","0","Chinook","Fall","Issaquah Creek","HATCHERY","2","2004",,"true",,,"false","false",,,"0","0","0"
"Adult Plant Event","","2004-10-12T00:00:00.000","ISSAQUAH HATCHERY","","ISSAQUAH HATCHERY","","0","0","5","0","0","0","Chinook","Fall","Issaquah Creek","HATCHERY","14","2004",,"true",,,"false","false",,,"0","0","0"
"Adult Mortality Event","","2004-10-12T00:00:00.000","ISSAQUAH HATCHERY","","ISSAQUAH HATCHERY","","0","0","2","0","0","0","Coho","NA","Issaquah Creek","HATCHERY","2","2004",,"true",,,"true","true",,,"0","2","0"
"Adult Mortality Event","","2004-10-12T00:00:00.000","ISSAQUAH HATCHERY","","ISSAQUAH HATCHERY","","0","106","211","12","0","0","Chinook","Fall","Issaquah Creek","HATCHERY","2","2004",,"true",,,"false","false",,,"0","0","0"
"Trap Estimate","","2004-10-12T00:00:00.000","ISSAQUAH HATCHERY","","ISSAQUAH HATCHERY","","600","0","0","0","0","0","Chinook","Fall","Issaquah Creek","HATCHERY","2","2004",,"false",,,"false","false",,,"0","0","0"
"Adult Mortality Event","","2004-10-12T00:00:00.000","ISSAQUAH HATCHERY","","ISSAQUAH HATCHERY","","0","0","0","1","0","0","Chinook","Fall","Issaquah Creek","HATCHERY","2","2004",,"true",,,"true","true",,,"0","0","1"
"Adult Surplus Event","","2004-10-12T00:00:00.000","ISSAQUAH HATCHERY","","ISSAQUAH HATCHERY","","0","1","0","0","0","0","Coho","NA","Issaquah Creek","HATCHERY","2","2004",,"true",,,"false","false",,,"0","0","0"
"Parent Spawn Event","Lethal","2004-10-12T00:00:00.000","ISSAQUAH HATCHERY","","ISSAQUAH HATCHERY","","0","8","1","0","0","0","Chinook","Fall","Issaquah Creek","HATCHERY","14","2004",,"true",,,"false","false",,,"0","0","0"
"Adult Plant Event","","2004-10-12T00:00:00.000","ISSAQUAH HATCHERY","","ISSAQUAH HATCHERY","","0","13","20","0","0","0","Chinook","Fall","Issaquah Creek","HATCHERY","2","2004",,"true",,,"false","false",,,"0","0","0"
"Trap Estimate","","2004-10-13T00:00:00.000","ISSAQUAH HATCHERY","","ISSAQUAH HATCHERY","","30","0","0","0","0","0","Chinook","Fall","Issaquah Creek","HATCHERY","14","2004",,"false",,,"false","false",,,"0","0","0"
"Adult Plant Event","","2004-10-13T00:00:00.000","ISSAQUAH HATCHERY","","ISSAQUAH HATCHERY","","0","318","259","50","0","0","Chinook","Fall","Issaquah Creek","HATCHERY","2","2004",,"true",,,"false","false",,,"0","0","0"
"Adult Plant Event","","2004-10-13T00:00:00.000","ISSAQUAH HATCHERY","","ISSAQUAH HATCHERY","","0","45","23","0","0","0","Chinook","Fall","Issaquah Creek","HATCHERY","14","2004",,"true",,,"false","false",,,"0","0","0"
"Adult Mortality Event","","2004-10-13T00:00:00.000","ISSAQUAH HATCHERY","","ISSAQUAH HATCHERY","","0","0","10","0","0","0","Coho","NA","Issaquah Creek","HATCHERY","2","2004",,"true",,,"false","false",,,"0","0","0"
"Adult Mortality Event","","2004-10-13T00:00:00.000","ISSAQUAH HATCHERY","","ISSAQUAH HATCHERY","","0","3","1","0","0","0","Chinook","Fall","Issaquah Creek","HATCHERY","14","2004",,"true",,,"false","false",,,"0","0","0"
"Adult Mortality Event","","2004-10-13T00:00:00.000","ISSAQUAH HATCHERY","","ISSAQUAH HATCHERY","","0","46","72","12","0","0","Chinook","Fall","Issaquah Creek","HATCHERY","2","2004",,"true",,,"false","false",,,"0","0","0"
"Adult Mortality Event","","2004-10-13T00:00:00.000","ISSAQUAH HATCHERY","","ISSAQUAH HATCHERY","","0","0","1","0","0","0","Coho","NA","Issaquah Creek","HATCHERY","14","2004",,"true",,,"false","false",,,"0","0","0"
"Adult Mortality Event","","2004-10-15T00:00:00.000","ISSAQUAH HATCHERY","","ISSAQUAH HATCHERY","","0","2","15","0","0","0","Coho","NA","Issaquah Creek","HATCHERY","2","2004",,"true",,,"true","true",,,"2","15","0"
"Adult Mortality Event","","2004-10-19T00:00:00.000","ISSAQUAH HATCHERY","","ISSAQUAH HATCHERY","","0","112","215","0","0","0","Chinook","Fall","Issaquah Creek","HATCHERY","2","2004",,"true",,,"false","false",,,"0","0","0"
"Adult Mortality Event","","2004-10-19T00:00:00.000","ISSAQUAH HATCHERY","","ISSAQUAH HATCHERY","","0","1","31","0","0","0","Coho","NA","Issaquah Creek","HATCHERY","2","2004",,"true",,,"true","true",,,"1","31","0"
"Adult Mortality Event","","2004-10-19T00:00:00.000","ISSAQUAH HATCHERY","","ISSAQUAH HATCHERY","","0","8","69","0","0","0","Coho","NA","Issaquah Creek","HATCHERY","2","2004",,"true",,,"false","false",,,"0","0","0"
"Adult Surplus Event","","2004-10-19T00:00:00.000","ISSAQUAH HATCHERY","","ISSAQUAH HATCHERY","","0","1","1","0","0","0","Coho","NA","Issaquah Creek","HATCHERY","2","2004",,"true",,,"false","false",,,"0","0","0"
"Adult Surplus Event","","2004-10-19T00:00:00.000","ISSAQUAH HATCHERY","","ISSAQUAH HATCHERY","","0","117","110","0","0","0","Chinook","Fall","Issaquah Creek","HATCHERY","2","2004",,"true",,,"false","false",,,"0","0","0"
"Adult Plant Event","","2004-10-19T00:00:00.000","ISSAQUAH HATCHERY","","ISSAQUAH HATCHERY","","0","102","33","9","0","0","Chinook","Fall","Issaquah Creek","HATCHERY","14","2004",,"true",,,"false","false",,,"0","0","0"
"Adult Surplus Event","","2004-10-20T00:00:00.000","ISSAQUAH HATCHERY","","ISSAQUAH HATCHERY","","0","0","1","0","0","0","Coho","NA","Issaquah Creek","HATCHERY","2","2004",,"true",,,"false","false",,,"0","0","0"
"Adult Mortality Event","","2004-10-20T00:00:00.000","ISSAQUAH HATCHERY","","ISSAQUAH HATCHERY","","0","8","2","2","0","0","Chinook","Fall","Issaquah Creek","HATCHERY","14","2004",,"true",,,"false","false",,,"0","0","0"
"Adult Mortality Event","","2004-10-20T00:00:00.000","ISSAQUAH HATCHERY","","ISSAQUAH HATCHERY","","0","1","1","0","0","0","Coho","NA","Issaquah Creek","HATCHERY","14","2004",,"true",,,"false","false",,,"0","0","0"
"Adult Mortality Event","","2004-10-20T00:00:00.000","ISSAQUAH HATCHERY","","ISSAQUAH HATCHERY","","0","14","64","3","0","0","Coho","NA","Issaquah Creek","HATCHERY","2","2004",,"true",,,"false","false",,,"0","0","0"
"Adult Mortality Event","","2004-10-20T00:00:00.000","ISSAQUAH HATCHERY","","ISSAQUAH HATCHERY","","0","46","78","14","0","0","Chinook","Fall","Issaquah Creek","HATCHERY","2","2004",,"true",,,"false","false",,,"0","0","0"
"Adult Mortality Event","","2004-10-22T00:00:00.000","ISSAQUAH HATCHERY","","ISSAQUAH HATCHERY","","0","2","0","0","0","0","Coho","NA","Issaquah Creek","HATCHERY","2","2004",,"true",,,"true","true",,,"2","0","0"
"Adult Mortality Event","","2004-10-22T00:00:00.000","ISSAQUAH HATCHERY","","ISSAQUAH HATCHERY","","0","2","10","0","0","0","Coho","NA","Issaquah Creek","HATCHERY","2","2004",,"true",,,"false","false",,,"0","0","0"
"Adult Mortality Event","","2004-10-23T00:00:00.000","ISSAQUAH HATCHERY","","ISSAQUAH HATCHERY","","0","0","9","0","0","0","Coho","NA","Issaquah Creek","HATCHERY","2","2004",,"true",,,"true","true",,,"0","9","0"
"Adult Mortality Event","","2004-10-23T00:00:00.000","ISSAQUAH HATCHERY","","ISSAQUAH HATCHERY","","0","4","16","1","0","0","Coho","NA","Issaquah Creek","HATCHERY","2","2004",,"true",,,"false","false",,,"0","0","0"
"Adult Mortality Event","","2004-10-24T00:00:00.000","ISSAQUAH HATCHERY","","ISSAQUAH HATCHERY","","0","13","27","0","0","0","Coho","NA","Issaquah Creek","HATCHERY","2","2004",,"true",,,"false","false",,,"0","0","0"
"Adult Mortality Event","","2004-10-24T00:00:00.000","ISSAQUAH HATCHERY","","ISSAQUAH HATCHERY","","0","0","12","0","0","0","Coho","NA","Issaquah Creek","HATCHERY","2","2004",,"true",,,"true","true",,,"0","12","0"
"Adult Mortality Event","","2004-10-25T00:00:00.000","ISSAQUAH HATCHERY","","ISSAQUAH HATCHERY","","0","5","20","0","0","0","Coho","NA","Issaquah Creek","HATCHERY","2","2004",,"true",,,"false","false",,,"0","0","0"
"Adult Mortality Event","","2004-10-25T00:00:00.000","ISSAQUAH HATCHERY","","ISSAQUAH HATCHERY","","0","1","3","0","0","0","Coho","NA","Issaquah Creek","HATCHERY","2","2004",,"true",,,"true","true",,,"1","3","0"
"Adult Mortality Event","","2004-10-26T00:00:00.000","ISSAQUAH HATCHERY","","ISSAQUAH HATCHERY","","0","0","3","0","0","0","Coho","NA","Issaquah Creek","HATCHERY","2","2004",,"true",,,"true","true",,,"0","3","0"
"Adult Mortality Event","","2004-10-26T00:00:00.000","ISSAQUAH HATCHERY","","ISSAQUAH HATCHERY","","0","6","38","0","0","0","Coho","NA","Issaquah Creek","HATCHERY","2","2004",,"true",,,"false","false",,,"0","0","0"
"Adult Mortality Event","","2004-10-27T00:00:00.000","ISSAQUAH HATCHERY","","ISSAQUAH HATCHERY","","0","2","1","0","0","0","Chinook","Fall","Issaquah Creek","HATCHERY","14","2004",,"true",,,"false","false",,,"0","0","0"
"Adult Plant Event","","2004-10-27T00:00:00.000","ISSAQUAH HATCHERY","","ISSAQUAH HATCHERY","","0","2500","2500","0","0","0","Chinook","Fall","Issaquah Creek","HATCHERY","28","2004",,"false",,,"false","false",,,"0","0","0"
"Adult Mortality Event","","2004-10-27T00:00:00.000","ISSAQUAH HATCHERY","","ISSAQUAH HATCHERY","","0","17","20","4","0","0","Chinook","Fall","Issaquah Creek","HATCHERY","2","2004",,"true",,,"false","false",,,"0","0","0"
"Adult Mortality Event","","2004-10-27T00:00:00.000","ISSAQUAH HATCHERY","","ISSAQUAH HATCHERY","","0","8","32","0","0","0","Coho","NA","Issaquah Creek","HATCHERY","2","2004",,"true",,,"false","false",,,"0","0","0"
"Trap Estimate","","2004-10-27T00:00:00.000","ISSAQUAH HATCHERY","","ISSAQUAH HATCHERY","","5000","0","0","0","0","0","Chinook","Fall","Issaquah Creek","HATCHERY","28","2004",,"false",,,"false","false",,,"0","0","0"
"Adult Mortality Event","","2004-10-27T00:00:00.000","ISSAQUAH HATCHERY","","ISSAQUAH HATCHERY","","0","0","13","1","0","0","Coho","NA","Issaquah Creek","HATCHERY","2","2004",,"true",,,"true","true",,,"0","13","1"
"Adult Mortality Event","","2004-10-29T00:00:00.000","ISSAQUAH HATCHERY","","ISSAQUAH HATCHERY","","0","7","11","0","0","0","Coho","NA","Issaquah Creek","HATCHERY","2","2004",,"true",,,"false","false",,,"0","0","0"
"Adult Mortality Event","","2004-10-29T00:00:00.000","ISSAQUAH HATCHERY","","ISSAQUAH HATCHERY","","0","0","2","0","0","0","Coho","NA","Issaquah Creek","HATCHERY","2","2004",,"true",,,"true","true",,,"0","2","0"
"Adult Mortality Event","","2004-10-30T00:00:00.000","ISSAQUAH HATCHERY","","ISSAQUAH HATCHERY","","0","0","1","0","0","0","Coho","NA","Issaquah Creek","HATCHERY","2","2004",,"true",,,"true","true",,,"0","1","0"
"Adult Mortality Event","","2004-10-30T00:00:00.000","ISSAQUAH HATCHERY","","ISSAQUAH HATCHERY","","0","3","4","0","0","0","Coho","NA","Issaquah Creek","HATCHERY","2","2004",,"true",,,"false","false",,,"0","0","0"
"Adult Mortality Event","","2004-10-31T00:00:00.000","ISSAQUAH HATCHERY","","ISSAQUAH HATCHERY","","0","0","1","0","0","0","Coho","NA","Issaquah Creek","HATCHERY","2","2004",,"true",,,"true","true",,,"0","1","0"
"Adult Mortality Event","","2004-10-31T00:00:00.000","ISSAQUAH HATCHERY","","ISSAQUAH HATCHERY","","0","11","39","1","0","0","Coho","NA","Issaquah Creek","HATCHERY","2","2004",,"true",,,"false","false",,,"0","0","0"
"Adult Mortality Event","","2004-11-01T00:00:00.000","ISSAQUAH HATCHERY","","ISSAQUAH HATCHERY","","0","3","11","0","0","0","Coho","NA","Issaquah Creek","HATCHERY","2","2004",,"true",,,"true","true",,,"3","11","0"
"Adult Mortality Event","","2004-11-01T00:00:00.000","ISSAQUAH HATCHERY","","ISSAQUAH HATCHERY","","0","3","33","0","0","0","Coho","NA","Issaquah Creek","HATCHERY","2","2004",,"true",,,"false","false",,,"0","0","0"
"Adult Mortality Event","","2004-11-02T00:00:00.000","ISSAQUAH HATCHERY","","ISSAQUAH HATCHERY","","0","10","47","5","0","0","Coho","NA","Issaquah Creek","HATCHERY","2","2004",,"true",,,"true","true",,,"93","101","5"
"Parent Spawn Event","Lethal","2004-11-02T00:00:00.000","ISSAQUAH HATCHERY","","ISSAQUAH HATCHERY","","0","83","54","0","0","0","Coho","NA","Issaquah Creek","HATCHERY","2","2004",,"true",,,"true","true",,,"0","0","0"
"EggTake","","2004-11-02T00:00:00.000","ISSAQUAH HATCHERY","","ISSAQUAH HATCHERY","","0","0","0","0","0","680000","Coho","NA","Issaquah Creek","HATCHERY",,"2004",,"false",,,"false","false",,,"0","0","0"
"Parent Spawn Event","Lethal","2004-11-02T00:00:00.000","ISSAQUAH HATCHERY","","ISSAQUAH HATCHERY","","0","209","176","0","12","0","Coho","NA","Issaquah Creek","HATCHERY","2","2004",,"true",,,"false","false",,,"0","0","0"
"Adult Mortality Event","","2004-11-02T00:00:00.000","ISSAQUAH HATCHERY","","ISSAQUAH HATCHERY","","0","54","100","0","0","0","Coho","NA","Issaquah Creek","HATCHERY","2","2004",,"true",,,"false","false",,,"0","0","0"
"Parent Spawn Event","Lethal","2004-11-02T00:00:00.000","ISSAQUAH HATCHERY","","ISSAQUAH HATCHERY","","0","5","4","0","0","0","Coho","NA","Issaquah Creek","HATCHERY","14","2004",,"true",,,"false","false",,,"0","0","0"
"Trap Estimate","","2004-11-02T00:00:00.000","ISSAQUAH HATCHERY","","ISSAQUAH HATCHERY","","1000","0","0","0","0","0","Coho","NA","Issaquah Creek","HATCHERY","2","2004",,"false",,,"false","false",,,"0","0","0"
"Adult Surplus Event","","2004-11-02T00:00:00.000","ISSAQUAH HATCHERY","","ISSAQUAH HATCHERY","","0","9","2","0","0","0","Coho","NA","Issaquah Creek","HATCHERY","2","2004",,"true",,,"false","false",,,"0","0","0"
"Adult Plant Event","","2004-11-02T00:00:00.000","ISSAQUAH HATCHERY","","ISSAQUAH HATCHERY","","0","50","70","25","0","0","Chinook","Fall","Issaquah Creek","HATCHERY","2","2004",,"true",,,"false","false",,,"0","0","0"
"Trap Estimate","","2004-11-02T00:00:00.000","ISSAQUAH HATCHERY","","ISSAQUAH HATCHERY","","600","0","0","37","0","0","Chinook","Fall","Issaquah Creek","HATCHERY","2","2004",,"false",,,"false","false",,,"0","0","0"
"Adult Mortality Event","","2004-11-02T00:00:00.000","ISSAQUAH HATCHERY","","ISSAQUAH HATCHERY","","0","12","0","1","0","0","Chinook","Fall","Issaquah Creek","HATCHERY","2","2004",,"true",,,"false","false",,,"0","0","0"
"Trap Estimate","","2004-11-03T00:00:00.000","ISSAQUAH HATCHERY","","ISSAQUAH HATCHERY","","1016","0","0","25","0","0","Coho","NA","Issaquah Creek","HATCHERY","28","2004",,"false",,,"false","false",,,"0","0","0"
"Adult Ship","","2004-11-03T00:00:00.000","ISSAQUAH HATCHERY","","ISSAQUAH HATCHERY","","0","228","188","25","0","0","Coho","NA","Issaquah Creek","HATCHERY","28","2004",,"false",,,"false","false",,,"0","0","0"
"Adult Mortality Event","","2004-11-03T00:00:00.000","ISSAQUAH HATCHERY","","ISSAQUAH HATCHERY","","0","4","6","0","0","0","Coho","NA","Issaquah Creek","HATCHERY","2","2004",,"true",,,"true","true",,,"4","6","0"
"Adult Mortality Event","","2004-11-03T00:00:00.000","ISSAQUAH HATCHERY","","ISSAQUAH HATCHERY","","0","27","70","0","0","0","Coho","NA","Issaquah Creek","HATCHERY","2","2004",,"true",,,"false","false",,,"0","0","0"
"Adult Mortality Event","","2004-11-04T00:00:00.000","ISSAQUAH HATCHERY","","ISSAQUAH HATCHERY","","0","0","2","0","0","0","Coho","NA","Issaquah Creek","HATCHERY","2","2004",,"true",,,"true","true",,,"0","2","0"
"Adult Mortality Event","","2004-11-04T00:00:00.000","ISSAQUAH HATCHERY","","ISSAQUAH HATCHERY","","0","10","10","0","0","0","Coho","NA","Issaquah Creek","HATCHERY","2","2004",,"true",,,"false","false",,,"0","0","0"
"Adult Mortality Event","","2004-11-05T00:00:00.000","ISSAQUAH HATCHERY","","ISSAQUAH HATCHERY","","0","0","4","0","0","0","Coho","NA","Issaquah Creek","HATCHERY","2","2004",,"true",,,"true","true",,,"0","4","0"
"Adult Mortality Event","","2004-11-05T00:00:00.000","ISSAQUAH HATCHERY","","ISSAQUAH HATCHERY","","0","4","13","0","0","0","Coho","NA","Issaquah Creek","HATCHERY","2","2004",,"true",,,"false","false",,,"0","0","0"
"Adult Mortality Event","","2004-11-07T00:00:00.000","ISSAQUAH HATCHERY","","ISSAQUAH HATCHERY","","0","5","11","0","0","0","Coho","NA","Issaquah Creek","HATCHERY","2","2004",,"true",,,"false","false",,,"0","0","0"
"Adult Mortality Event","","2004-11-07T00:00:00.000","ISSAQUAH HATCHERY","","ISSAQUAH HATCHERY","","0","0","2","0","0","0","Coho","NA","Issaquah Creek","HATCHERY","2","2004",,"true",,,"true","true",,,"0","2","0"
"Adult Mortality Event","","2004-11-08T00:00:00.000","ISSAQUAH HATCHERY","","ISSAQUAH HATCHERY","","0","1","2","0","0","0","Coho","NA","Issaquah Creek","HATCHERY","2","2004",,"true",,,"true","true",,,"1","2","0"
"Adult Mortality Event","","2004-11-08T00:00:00.000","ISSAQUAH HATCHERY","","ISSAQUAH HATCHERY","","0","9","5","0","0","0","Coho","NA","Issaquah Creek","HATCHERY","2","2004",,"true",,,"false","false",,,"0","0","0"
"Parent Spawn Event","Lethal","2004-11-09T00:00:00.000","ISSAQUAH HATCHERY","","ISSAQUAH HATCHERY","","0","151","122","0","6","0","Coho","NA","Issaquah Creek","HATCHERY","2","2004",,"true",,,"false","false",,,"0","0","0"
"EggTake","","2004-11-09T00:00:00.000","ISSAQUAH HATCHERY","","ISSAQUAH HATCHERY","","0","0","0","0","0","510000","Coho","NA","Issaquah Creek","HATCHERY",,"2004",,"false",,,"false","false",,,"0","0","0"
"Adult Mortality Event","","2004-11-09T00:00:00.000","ISSAQUAH HATCHERY","","ISSAQUAH HATCHERY","","0","2","3","0","0","0","Chinook","Fall","Issaquah Creek","HATCHERY","2","2004",,"true",,,"false","false",,,"0","0","0"
"Parent Spawn Event","Lethal","2004-11-09T00:00:00.000","ISSAQUAH HATCHERY","","ISSAQUAH HATCHERY","","0","12","1","0","0","0","Coho","NA","Issaquah Creek","HATCHERY","14","2004",,"true",,,"false","false",,,"0","0","0"
"Adult Mortality Event","","2004-11-09T00:00:00.000","ISSAQUAH HATCHERY","","ISSAQUAH HATCHERY","","0","12","22","5","0","0","Coho","NA","Issaquah Creek","HATCHERY","2","2004",,"true",,,"false","false",,,"0","0","0"
"Parent Spawn Event","Lethal","2004-11-09T00:00:00.000","ISSAQUAH HATCHERY","","ISSAQUAH HATCHERY","","0","27","43","0","0","0","Coho","NA","Issaquah Creek","HATCHERY","2","2004",,"true",,,"true","true",,,"27","43","0"
"Adult Surplus Event","","2004-11-09T00:00:00.000","ISSAQUAH HATCHERY","","ISSAQUAH HATCHERY","","0","5","3","0","0","0","Coho","NA","Issaquah Creek","HATCHERY","2","2004",,"true",,,"false","false",,,"0","0","0"
"Adult Plant Event","","2004-11-09T00:00:00.000","ISSAQUAH HATCHERY","","ISSAQUAH HATCHERY","","0","150","100","25","0","0","Chinook","Fall","Issaquah Creek","HATCHERY","2","2004",,"true",,,"false","false",,,"0","0","0"
"Adult Mortality Event","","2004-11-10T00:00:00.000","ISSAQUAH HATCHERY","","ISSAQUAH HATCHERY","","0","5","7","1","0","0","Chinook","Fall","Issaquah Creek","HATCHERY","2","2004",,"true",,,"false","false",,,"0","0","0"
"Adult Ship","","2004-11-10T00:00:00.000","ISSAQUAH HATCHERY","","ISSAQUAH HATCHERY","","0","140","110","15","0","0","Coho","NA","Issaquah Creek","HATCHERY","28","2004",,"false",,,"false","false",,,"0","0","0"
"Adult Mortality Event","","2004-11-13T00:00:00.000","ISSAQUAH HATCHERY","","ISSAQUAH HATCHERY","","0","0","1","0","0","0","Chinook","Fall","Issaquah Creek","HATCHERY","2","2004",,"true",,,"false","false",,,"0","0","0"
"Adult Plant Event","","2004-11-16T00:00:00.000","ISSAQUAH HATCHERY","","ISSAQUAH HATCHERY","","0","151","102","5","0","0","Chinook","Fall","Issaquah Creek","HATCHERY","2","2004",,"true",,,"false","false",,,"0","0","0"
"Adult Mortality Event","","2004-11-16T00:00:00.000","ISSAQUAH HATCHERY","","ISSAQUAH HATCHERY","","0","1","0","0","0","0","Chinook","Fall","Issaquah Creek","HATCHERY","2","2004",,"true",,,"false","false",,,"0","0","0"
"Adult Mortality Event","","2004-11-16T00:00:00.000","ISSAQUAH HATCHERY","","ISSAQUAH HATCHERY","","0","13","8","0","0","0","Coho","NA","Issaquah Creek","HATCHERY","2","2004",,"true",,,"true","true",,,"110","38","5"
"Parent Spawn Event","Lethal","2004-11-16T00:00:00.000","ISSAQUAH HATCHERY","","ISSAQUAH HATCHERY","","0","91","103","0","0","0","Coho","NA","Issaquah Creek","HATCHERY","2","2004",,"true",,,"false","false",,,"0","0","0"
"Trap Estimate","","2004-11-16T00:00:00.000","ISSAQUAH HATCHERY","","ISSAQUAH HATCHERY","","1200","0","0","150","0","0","Coho","NA","Issaquah Creek","HATCHERY","28","2004",,"false",,,"false","false",,,"0","0","0"
"Adult Mortality Event","","2004-11-16T00:00:00.000","ISSAQUAH HATCHERY","","ISSAQUAH HATCHERY","","0","40","25","0","0","0","Coho","NA","Issaquah Creek","HATCHERY","2","2004",,"true",,,"false","false",,,"0","0","0"
"Adult Surplus Event","","2004-11-16T00:00:00.000","ISSAQUAH HATCHERY","","ISSAQUAH HATCHERY","","0","369","3","3","0","0","Coho","NA","Issaquah Creek","HATCHERY","2","2004",,"true",,,"false","false",,,"0","0","0"
"Parent Spawn Event","Lethal","2004-11-16T00:00:00.000","ISSAQUAH HATCHERY","","ISSAQUAH HATCHERY","","0","31","30","0","0","0","Coho","NA","Issaquah Creek","HATCHERY","2","2004",,"true",,,"true","true",,,"0","0","0"
"Adult Surplus Event","","2004-11-16T00:00:00.000","ISSAQUAH HATCHERY","","ISSAQUAH HATCHERY","","0","66","0","5","0","0","Coho","NA","Issaquah Creek","HATCHERY","2","2004",,"true",,,"true","true",,,"0","0","0"
"Adult Plant Event","","2004-11-16T00:00:00.000","ISSAQUAH HATCHERY","","ISSAQUAH HATCHERY","","0","550","570","125","0","0","Coho","NA","Issaquah Creek","HATCHERY","28","2004",,"false",,,"false","false",,,"0","0","0"
"Parent Spawn Event","Lethal","2004-11-16T00:00:00.000","ISSAQUAH HATCHERY","","ISSAQUAH HATCHERY","","0","16","5","0","0","0","Coho","NA","Issaquah Creek","HATCHERY","14","2004",,"true",,,"false","false",,,"0","0","0"
"EggTake","","2004-11-16T00:00:00.000","ISSAQUAH HATCHERY","","ISSAQUAH HATCHERY","","0","0","0","0","0","440000","Coho","NA","Issaquah Creek","HATCHERY",,"2004",,"false",,,"false","false",,,"0","0","0"
"Adult Mortality Event","","2004-11-24T00:00:00.000","ISSAQUAH HATCHERY","","ISSAQUAH HATCHERY","","0","2","1","0","0","0","Coho","NA","Issaquah Creek","HATCHERY","14","2004",,"true",,,"false","false",,,"0","0","0"
"Adult Mortality Event","","2004-11-24T00:00:00.000","ISSAQUAH HATCHERY","","ISSAQUAH HATCHERY","","0","32","28","1","0","0","Coho","NA","Issaquah Creek","HATCHERY","2","2004",,"true",,,"false","false",,,"0","0","0"
"Trap Estimate","","2004-11-24T00:00:00.000","ISSAQUAH HATCHERY","","ISSAQUAH HATCHERY","","500","0","0","0","0","0","Coho","NA","Issaquah Creek","HATCHERY","2","2004",,"false",,,"false","false",,,"0","0","0"
"Adult Mortality Event","","2004-11-24T00:00:00.000","ISSAQUAH HATCHERY","","ISSAQUAH HATCHERY","","0","1","2","0","0","0","Coho","NA","Issaquah Creek","HATCHERY","2","2004",,"true",,,"true","true",,,"1","2","0"
"Parent Spawn Event","Lethal","2004-11-30T00:00:00.000","ISSAQUAH HATCHERY","","ISSAQUAH HATCHERY","","0","24","14","0","0","0","Coho","NA","Issaquah Creek","HATCHERY","2","2004",,"true",,,"true","true",,,"0","0","0"
"Adult Mortality Event","","2004-11-30T00:00:00.000","ISSAQUAH HATCHERY","","ISSAQUAH HATCHERY","","0","23","22","0","0","0","Coho","NA","Issaquah Creek","HATCHERY","2","2004",,"true",,,"false","false",,,"0","0","0"
"Adult Mortality Event","","2004-11-30T00:00:00.000","ISSAQUAH HATCHERY","","ISSAQUAH HATCHERY","","0","4","3","0","0","0","Coho","NA","Issaquah Creek","HATCHERY","14","2004",,"true",,,"false","false",,,"0","0","0"
"Parent Spawn Event","Lethal","2004-11-30T00:00:00.000","ISSAQUAH HATCHERY","","ISSAQUAH HATCHERY","","0","36","43","0","4","0","Coho","NA","Issaquah Creek","HATCHERY","2","2004",,"true",,,"false","false",,,"0","0","0"
"Adult Surplus Event","","2004-11-30T00:00:00.000","ISSAQUAH HATCHERY","","ISSAQUAH HATCHERY","","0","18","0","0","0","0","Coho","NA","Issaquah Creek","HATCHERY","2","2004",,"true",,,"true","true",,,"46","19","1"
"Adult Surplus Event","","2004-11-30T00:00:00.000","ISSAQUAH HATCHERY","","ISSAQUAH HATCHERY","","0","90","1","20","0","0","Coho","NA","Issaquah Creek","HATCHERY","2","2004",,"true",,,"false","false",,,"0","0","0"
"Adult Mortality Event","","2004-11-30T00:00:00.000","ISSAQUAH HATCHERY","","ISSAQUAH HATCHERY","","0","4","5","1","0","0","Coho","NA","Issaquah Creek","HATCHERY","2","2004",,"true",,,"true","true",,,"0","0","0"
"EggTake","","2004-11-30T00:00:00.000","ISSAQUAH HATCHERY","","ISSAQUAH HATCHERY","","0","0","0","0","0","280000","Coho","NA","Issaquah Creek","HATCHERY",,"2004",,"false",,,"false","false",,,"0","0","0"
"Parent Spawn Event","Lethal","2004-11-30T00:00:00.000","ISSAQUAH HATCHERY","","ISSAQUAH HATCHERY","","0","27","30","0","0","0","Coho","NA","Issaquah Creek","HATCHERY","14","2004",,"true",,,"false","false",,,"0","0","0"
"Adult Plant Event","","2004-11-30T00:00:00.000","ISSAQUAH HATCHERY","","ISSAQUAH HATCHERY","","0","335","241","11","0","0","Coho","NA","Issaquah Creek","HATCHERY","28","2004",,"false",,,"false","false",,,"0","0","0"
"Adult Plant Event","","2004-12-01T00:00:00.000","ISSAQUAH HATCHERY","","ISSAQUAH HATCHERY","","0","7500","7500","600","0","0","Coho","NA","Issaquah Creek","HATCHERY","28","2004",,"false",,,"false","false",,,"0","0","0"
"Trap Estimate","","2004-12-01T00:00:00.000","ISSAQUAH HATCHERY","","ISSAQUAH HATCHERY","","15000","0","0","600","0","0","Coho","NA","Issaquah Creek","HATCHERY","28","2004",,"false",,,"false","false",,,"0","0","0"
"Adult Mortality Event","","2005-09-27T00:00:00.000","ISSAQUAH HATCHERY","","ISSAQUAH CREEK","","0","1","2","0","0","0","Chinook","Fall","Issaquah Creek","HATCHERY","14","2005",,"true",,,"false","false",,,"0","0","0"
"Parent Spawn Event","Lethal","2005-09-27T00:00:00.000","ISSAQUAH HATCHERY","","ISSAQUAH CREEK","","0","59","8","0","0","0","Chinook","Fall","Issaquah Creek","HATCHERY","14","2005",,"true",,,"false","false",,,"0","0","0"
"Trap Estimate","","2005-09-27T00:00:00.000","ISSAQUAH HATCHERY","","ISSAQUAH CREEK","","1250","0","0","50","0","0","Chinook","Fall","Issaquah Creek","HATCHERY","14","2005",,"false",,,"false","false",,,"0","0","0"
"EggTake","","2005-09-27T00:00:00.000","ISSAQUAH HATCHERY","","ISSAQUAH CREEK","","0","0","0","0","0","628000","Chinook","Fall","Issaquah Creek","HATCHERY",,"2005",,"false",,,"false","false",,,"0","0","0"
"Parent Spawn Event","Lethal","2005-09-27T00:00:00.000","ISSAQUAH HATCHERY","","ISSAQUAH CREEK","","0","1","0","0","0","0","Chinook","Fall","Issaquah Creek","HATCHERY","14","2005",,"true",,,"true","true",,,"1","0","0"
"Adult Mortality Event","","2005-09-27T00:00:00.000","ISSAQUAH HATCHERY","","ISSAQUAH CREEK","","0","24","15","4","0","0","Chinook","Fall","Issaquah Creek","HATCHERY","2","2005",,"true",,,"false","false",,,"0","0","0"
"Parent Spawn Event","Lethal","2005-09-27T00:00:00.000","ISSAQUAH HATCHERY","","ISSAQUAH CREEK","","0","6","1","0","0","0","Chinook","Fall","Issaquah Creek","HATCHERY","2","2005",,"true",,,"true","true",,,"6","1","0"
"Parent Spawn Event","Lethal","2005-09-27T00:00:00.000","ISSAQUAH HATCHERY","","ISSAQUAH CREEK","","0","78","135","0","8","0","Chinook","Fall","Issaquah Creek","HATCHERY","2","2005",,"true",,,"false","false",,,"0","0","0"
"Adult Mortality Event","","2005-09-30T00:00:00.000","ISSAQUAH HATCHERY","","ISSAQUAH CREEK","","0","8","2","5","0","0","Chinook","Fall","Issaquah Creek","HATCHERY","2","2005",,"true",,,"false","false",,,"0","0","0"
"Adult Mortality Event","","2005-09-30T00:00:00.000","ISSAQUAH HATCHERY","","ISSAQUAH CREEK","","0","3","0","0","0","0","Chinook","Fall","Issaquah Creek","HATCHERY","14","2005",,"true",,,"false","false",,,"0","0","0"
"Adult Plant Event","","2005-10-01T00:00:00.000","ISSAQUAH HATCHERY","","ISSAQUAH CREEK","","0","100","100","10","0","0","Coho","NA","Issaquah Creek","HATCHERY","28","2005",,"false",,,"false","false",,,"0","0","0"
"Trap Estimate","","2005-10-01T00:00:00.000","ISSAQUAH HATCHERY","","ISSAQUAH CREEK","","400","0","0","10","0","0","Coho","NA","Issaquah Creek","HATCHERY","28","2005",,"false",,,"false","false",,,"0","0","0"
"Adult Plant Event","","2005-10-01T00:00:00.000","ISSAQUAH HATCHERY","","ISSAQUAH CREEK","","0","1600","800","100","0","0","Chinook","Fall","Issaquah Creek","HATCHERY","28","2005",,"false",,,"false","false",,,"0","0","0"
"Trap Estimate","","2005-10-01T00:00:00.000","ISSAQUAH HATCHERY","","ISSAQUAH CREEK","","2400","0","0","100","0","0","Chinook","Fall","Issaquah Creek","HATCHERY","28","2005",,"false",,,"false","false",,,"0","0","0"
"Adult Mortality Event","","2005-10-04T00:00:00.000","ISSAQUAH HATCHERY","","ISSAQUAH CREEK","","0","1","0","0","0","0","Chinook","Fall","Issaquah Creek","HATCHERY","2","2005",,"true",,,"true","true",,,"1","0","0"
"Parent Spawn Event","Lethal","2005-10-05T00:00:00.000","ISSAQUAH HATCHERY","","ISSAQUAH CREEK","","0","111","198","0","3","0","Chinook","Fall","Issaquah Creek","HATCHERY","2","2005",,"true",,,"false","false",,,"0","0","0"
"Trap Estimate","","2005-10-05T00:00:00.000","ISSAQUAH HATCHERY","","ISSAQUAH CREEK","","1800","0","0","50","0","0","Chinook","Fall","Issaquah Creek","HATCHERY","2","2005",,"false",,,"false","false",,,"0","0","0"
"EggTake","","2005-10-05T00:00:00.000","ISSAQUAH HATCHERY","","ISSAQUAH CREEK","","0","0","0","0","0","808000","Chinook","Fall","Issaquah Creek","HATCHERY",,"2005",,"false",,,"false","false",,,"0","0","0"
"Adult Surplus Event","","2005-10-05T00:00:00.000","ISSAQUAH HATCHERY","","ISSAQUAH CREEK","","0","2","2","0","0","0","Chinook","Fall","Issaquah Creek","HATCHERY","2","2005",,"true",,,"false","false",,,"0","0","0"
"Adult Mortality Event","","2005-10-05T00:00:00.000","ISSAQUAH HATCHERY","","ISSAQUAH CREEK","","0","35","13","2","0","0","Chinook","Fall","Issaquah Creek","HATCHERY","2","2005",,"true",,,"false","false",,,"0","0","0"
"Parent Spawn Event","Lethal","2005-10-05T00:00:00.000","ISSAQUAH HATCHERY","","ISSAQUAH CREEK","","0","79","9","0","0","0","Chinook","Fall","Issaquah Creek","HATCHERY","2","2005",,"true",,,"true","true",,,"81","9","3"
"Adult Plant Event","","2005-10-05T00:00:00.000","ISSAQUAH HATCHERY","","ISSAQUAH CREEK","","0","24","0","3","0","0","Chinook","Fall","Issaquah Creek","HATCHERY","14","2005",,"true",,,"false","false",,,"0","0","0"
"Adult Mortality Event","","2005-10-05T00:00:00.000","ISSAQUAH HATCHERY","","ISSAQUAH CREEK","","0","5","0","2","0","0","Chinook","Fall","Issaquah Creek","HATCHERY","14","2005",,"true",,,"false","false",,,"0","0","0"
"Adult Mortality Event","","2005-10-05T00:00:00.000","ISSAQUAH HATCHERY","","ISSAQUAH CREEK","","0","40","10","11","0","0","Chinook","Fall","Issaquah Creek","HATCHERY","2","2005",,"true",,,"false","false",,,"0","0","0"
"Parent Spawn Event","Lethal","2005-10-05T00:00:00.000","ISSAQUAH HATCHERY","","ISSAQUAH CREEK","","0","30","13","0","0","0","Chinook","Fall","Issaquah Creek","HATCHERY","14","2005",,"true",,,"false","false",,,"0","0","0"
"Adult Plant Event","","2005-10-05T00:00:00.000","ISSAQUAH HATCHERY","","ISSAQUAH CREEK","","0","644","4","21","0","0","Chinook","Fall","Issaquah Creek","HATCHERY","2","2005",,"true",,,"false","false",,,"0","0","0"
"Adult Mortality Event","","2005-10-05T00:00:00.000","ISSAQUAH HATCHERY","","ISSAQUAH CREEK","","0","4","0","3","0","0","Chinook","Fall","Issaquah Creek","HATCHERY","2","2005",,"true",,,"true","true",,,"0","0","0"
"Adult Surplus Event","","2005-10-06T00:00:00.000","ISSAQUAH HATCHERY","","ISSAQUAH CREEK","","0","0","0","1","0","0","Chinook","Fall","Issaquah Creek","HATCHERY","2","2005",,"true",,,"true","true",,,"0","0","1"
"Adult Surplus Event","","2005-10-07T00:00:00.000","ISSAQUAH HATCHERY","","ISSAQUAH CREEK","","0","1","0","0","0","0","Chinook","Fall","Issaquah Creek","HATCHERY","2","2005",,"true",,,"true","true",,,"1","0","0"
"Adult Mortality Event","","2005-10-10T00:00:00.000","ISSAQUAH HATCHERY","","ISSAQUAH CREEK","","0","0","1","0","0","0","Coho","NA","Issaquah Creek","HATCHERY","2","2005",,"true",,,"true","true",,,"0","1","0"
"Adult Surplus Event","","2005-10-10T00:00:00.000","ISSAQUAH HATCHERY","","ISSAQUAH CREEK","","0","0","0","1","0","0","Chinook","Fall","Issaquah Creek","HATCHERY","2","2005",,"true",,,"true","true",,,"0","0","1"
"Trap Estimate","","2005-10-11T00:00:00.000","ISSAQUAH HATCHERY","","ISSAQUAH CREEK","","450","0","0","25","0","0","Chinook","Fall","Issaquah Creek","HATCHERY","28","2005",,"false",,,"false","false",,,"0","0","0"
"Parent Spawn Event","Lethal","2005-10-11T00:00:00.000","ISSAQUAH HATCHERY","","ISSAQUAH CREEK","","0","197","225","0","0","0","Chinook","Fall","Issaquah Creek","HATCHERY","2","2005",,"true",,,"false","false",,,"0","0","0"
"Adult Plant Event","","2005-10-11T00:00:00.000","ISSAQUAH HATCHERY","","ISSAQUAH CREEK","","0","338","56","0","0","0","Chinook","Fall","Issaquah Creek","HATCHERY","2","2005",,"true",,,"false","false",,,"0","0","0"
"Parent Spawn Event","Lethal","2005-10-11T00:00:00.000","ISSAQUAH HATCHERY","","ISSAQUAH CREEK","","0","32","15","0","0","0","Chinook","Fall","Issaquah Creek","HATCHERY","14","2005",,"true",,,"false","false",,,"0","0","0"
"Adult Plant Event","","2005-10-11T00:00:00.000","ISSAQUAH HATCHERY","","ISSAQUAH CREEK","","0","100","100","0","0","0","Coho","NA","Issaquah Creek","HATCHERY","28","2005",,"false",,,"false","false",,,"0","0","0"
"Adult Surplus Event","","2005-10-11T00:00:00.000","ISSAQUAH HATCHERY","","ISSAQUAH CREEK","","0","0","1","0","0","0","Chinook","Fall","Issaquah Creek","HATCHERY","2","2005",,"true",,,"true","true",,,"0","1","0"
"Parent Spawn Event","Lethal","2005-10-11T00:00:00.000","ISSAQUAH HATCHERY","","ISSAQUAH CREEK","","0","15","4","0","0","0","Chinook","Fall","Issaquah Creek","HATCHERY","2","2005",,"true",,,"true","true",,,"41","5","0"
"Adult Surplus Event","","2005-10-11T00:00:00.000","ISSAQUAH HATCHERY","","ISSAQUAH CREEK","","0","26","1","0","0","0","Chinook","Fall","Issaquah Creek","HATCHERY","2","2005",,"true",,,"true","true",,,"0","0","0"
"Adult Mortality Event","","2005-10-11T00:00:00.000","ISSAQUAH HATCHERY","","ISSAQUAH CREEK","","0","20","13","2","0","0","Chinook","Fall","Issaquah Creek","HATCHERY","2","2005",,"true",,,"false","false",,,"0","0","0"
"Adult Plant Event","","2005-10-11T00:00:00.000","ISSAQUAH HATCHERY","","ISSAQUAH CREEK","","0","300","150","25","0","0","Chinook","Fall","Issaquah Creek","HATCHERY","28","2005",,"false",,,"false","false",,,"0","0","0"
"EggTake","","2005-10-11T00:00:00.000","ISSAQUAH HATCHERY","","ISSAQUAH CREEK","","0","0","0","0","0","1096000","Chinook","Fall","Issaquah Creek","HATCHERY",,"2005",,"false",,,"false","false",,,"0","0","0"
"Trap Estimate","","2005-10-11T00:00:00.000","ISSAQUAH HATCHERY","","ISSAQUAH CREEK","","900","0","0","10","0","0","Coho","NA","Issaquah Creek","HATCHERY","28","2005",,"false",,,"false","false",,,"0","0","0"
"Adult Surplus Event","","2005-10-11T00:00:00.000","ISSAQUAH HATCHERY","","ISSAQUAH CREEK","","0","9","2","0","0","0","Chinook","Fall","Issaquah Creek","HATCHERY","2","2005",,"true",,,"false","false",,,"0","0","0"
"Adult Mortality Event","","2005-10-12T00:00:00.000","ISSAQUAH HATCHERY","","ISSAQUAH CREEK","","0","1","2","0","0","0","Coho","NA","Issaquah Creek","HATCHERY","2","2005",,"true",,,"false","false",,,"0","0","0"
"Adult Mortality Event","","2005-10-12T00:00:00.000","ISSAQUAH HATCHERY","","ISSAQUAH CREEK","","0","23","27","9","0","0","Chinook","Fall","Issaquah Creek","HATCHERY","2","2005",,"true",,,"false","false",,,"0","0","0"
"Adult Mortality Event","","2005-10-12T00:00:00.000","ISSAQUAH HATCHERY","","ISSAQUAH CREEK","","0","1","0","2","0","0","Chinook","Fall","Issaquah Creek","HATCHERY","14","2005",,"true",,,"false","false",,,"0","0","0"
"Adult Mortality Event","","2005-10-12T00:00:00.000","ISSAQUAH HATCHERY","","ISSAQUAH CREEK","","0","4","1","1","0","0","Chinook","Fall","Issaquah Creek","HATCHERY","14","2005",,"true",,,"false","false",,,"0","0","0"
"Adult Mortality Event","","2005-10-14T00:00:00.000","ISSAQUAH HATCHERY","","ISSAQUAH CREEK","","0","1","0","0","0","0","Coho","NA","Issaquah Creek","HATCHERY","2","2005",,"true",,,"true","true",,,"1","0","0"
"Adult Mortality Event","","2005-10-17T00:00:00.000","ISSAQUAH HATCHERY","","ISSAQUAH CREEK","","0","1","1","0","0","0","Coho","NA","Issaquah Creek","HATCHERY","2","2005",,"true",,,"true","true",,,"1","1","0"
"Adult Surplus Event","","2005-10-18T00:00:00.000","ISSAQUAH HATCHERY","","ISSAQUAH CREEK","","0","21","0","0","0","0","Chinook","Fall","Issaquah Creek","HATCHERY","2","2005",,"true",,,"true","true",,,"0","0","0"
"Adult Mortality Event","","2005-10-18T00:00:00.000","ISSAQUAH HATCHERY","","ISSAQUAH CREEK","","0","0","6","0","0","0","Coho","NA","Issaquah Creek","HATCHERY","2","2005",,"true",,,"true","true",,,"0","6","0"
"EggTake","","2005-10-18T00:00:00.000","ISSAQUAH HATCHERY","","ISSAQUAH CREEK","","0","0","0","0","0","224000","Chinook","Fall","Issaquah Creek","HATCHERY",,"2005",,"false",,,"false","false",,,"0","0","0"
"Adult Mortality Event","","2005-10-18T00:00:00.000","ISSAQUAH HATCHERY","","ISSAQUAH CREEK","","0","49","73","9","0","0","Chinook","Fall","Issaquah Creek","HATCHERY","2","2005",,"true",,,"false","false",,,"0","0","0"
"Adult Surplus Event","","2005-10-18T00:00:00.000","ISSAQUAH HATCHERY","","ISSAQUAH CREEK","","0","1","0","0","0","0","Chinook","Fall","Issaquah Creek","HATCHERY","14","2005",,"true",,,"true","false",,,"0","0","0"
"Parent Spawn Event","Lethal","2005-10-18T00:00:00.000","ISSAQUAH HATCHERY","","ISSAQUAH CREEK","","0","8","9","0","0","0","Chinook","Fall","Issaquah Creek","HATCHERY","14","2005",,"true",,,"false","false",,,"0","0","0"
"Parent Spawn Event","Lethal","2005-10-18T00:00:00.000","ISSAQUAH HATCHERY","","ISSAQUAH CREEK","","0","7","0","0","0","0","Chinook","Fall","Issaquah Creek","HATCHERY","2","2005",,"true",,,"true","true",,,"0","0","0"
"Adult Plant Event","","2005-10-18T00:00:00.000","ISSAQUAH HATCHERY","","ISSAQUAH CREEK","","0","231","302","0","0","0","Chinook","Fall","Issaquah Creek","HATCHERY","2","2005",,"true",,,"false","false",,,"0","0","0"
"Parent Spawn Event","Lethal","2005-10-18T00:00:00.000","ISSAQUAH HATCHERY","","ISSAQUAH CREEK","","0","35","41","0","0","0","Chinook","Fall","Issaquah Creek","HATCHERY","2","2005",,"true",,,"false","false",,,"0","0","0"
"Adult Surplus Event","","2005-10-18T00:00:00.000","ISSAQUAH HATCHERY","","ISSAQUAH CREEK","","0","0","2","0","0","0","Chinook","Fall","Issaquah Creek","HATCHERY","2","2005",,"true",,,"true","true",,,"0","2","0"
"Trap Estimate","","2005-10-18T00:00:00.000","ISSAQUAH HATCHERY","","ISSAQUAH CREEK","","1000","0","0","100","0","0","Coho","NA","Issaquah Creek","HATCHERY","2","2005",,"false",,,"false","false",,,"0","0","0"
"Trap Estimate","","2005-10-18T00:00:00.000","ISSAQUAH HATCHERY","","ISSAQUAH CREEK","","173","0","0","0","0","0","Chinook","Fall","Issaquah Creek","HATCHERY","2","2005",,"false",,,"false","false",,,"0","0","0"
"Adult Mortality Event","","2005-10-18T00:00:00.000","ISSAQUAH HATCHERY","","ISSAQUAH CREEK","","0","4","7","0","0","0","Coho","NA","Issaquah Creek","HATCHERY","2","2005",,"true",,,"false","false",,,"0","0","0"
"Adult Mortality Event","","2005-10-18T00:00:00.000","ISSAQUAH HATCHERY","","ISSAQUAH CREEK","","0","3","2","0","0","0","Chinook","Fall","Issaquah Creek","HATCHERY","14","2005",,"true",,,"false","false",,,"0","0","0"
"Adult Plant Event","","2005-10-18T00:00:00.000","ISSAQUAH HATCHERY","","ISSAQUAH CREEK","","0","41","21","11","0","0","Chinook","Fall","Issaquah Creek","HATCHERY","14","2005",,"true",,,"false","false",,,"0","0","0"
"Adult Mortality Event","","2005-10-18T00:00:00.000","ISSAQUAH HATCHERY","","ISSAQUAH CREEK","","0","16","0","0","0","0","Chinook","Fall","Issaquah Creek","HATCHERY","2","2005",,"true",,,"true","true",,,"44","0","0"
"Trap Estimate","","2005-10-18T00:00:00.000","ISSAQUAH HATCHERY","","ISSAQUAH CREEK","","575","0","0","10","0","0","Chinook","Fall","Issaquah Creek","HATCHERY","14","2005",,"false",,,"false","false",,,"0","0","0"
"Adult Surplus Event","","2005-10-18T00:00:00.000","ISSAQUAH HATCHERY","","ISSAQUAH CREEK","","0","160","4","0","0","0","Chinook","Fall","Issaquah Creek","HATCHERY","2","2005",,"true",,,"false","false",,,"0","0","0"
"Adult Mortality Event","","2005-10-19T00:00:00.000","ISSAQUAH HATCHERY","","ISSAQUAH CREEK","","0","10","4","0","0","0","Chinook","Fall","Issaquah Creek","HATCHERY","14","2005",,"true",,,"false","false",,,"0","0","0"
"Adult Mortality Event","","2005-10-19T00:00:00.000","ISSAQUAH HATCHERY","","ISSAQUAH CREEK","","0","1","2","0","0","0","Coho","NA","Issaquah Creek","HATCHERY","2","2005",,"true",,,"true","true",,,"1","2","0"
"Adult Mortality Event","","2005-10-19T00:00:00.000","ISSAQUAH HATCHERY","","ISSAQUAH CREEK","","0","76","63","4","0","0","Chinook","Fall","Issaquah Creek","HATCHERY","2","2005",,"true",,,"false","false",,,"0","0","0"
"Adult Mortality Event","","2005-10-19T00:00:00.000","ISSAQUAH HATCHERY","","ISSAQUAH CREEK","","0","3","1","1","0","0","Chinook","Fall","Issaquah Creek","HATCHERY","2","2005",,"true",,,"true","true",,,"3","1","1"
"Trap Estimate","","2005-10-19T00:00:00.000","ISSAQUAH HATCHERY","","ISSAQUAH CREEK","","168","0","0","0","0","0","Chinook","Fall","Issaquah Creek","HATCHERY","2","2005",,"false",,,"false","false",,,"0","0","0"
"Adult Mortality Event","","2005-10-19T00:00:00.000","ISSAQUAH HATCHERY","","ISSAQUAH CREEK","","0","7","11","0","0","0","Coho","NA","Issaquah Creek","HATCHERY","2","2005",,"true",,,"false","false",,,"0","0","0"
"Adult Surplus Event","","2005-10-19T00:00:00.000","ISSAQUAH HATCHERY","","ISSAQUAH CREEK","","0","1","2","0","0","0","Chinook","Fall","Issaquah Creek","HATCHERY","2","2005",,"true",,,"true","true",,,"1","2","0"
"Adult Mortality Event","","2005-10-20T00:00:00.000","ISSAQUAH HATCHERY","","ISSAQUAH CREEK","","0","1","1","0","0","0","Coho","NA","Issaquah Creek","HATCHERY","2","2005",,"true",,,"true","true",,,"1","1","0"
"Adult Surplus Event","","2005-10-20T00:00:00.000","ISSAQUAH HATCHERY","","ISSAQUAH CREEK","","0","1","0","0","0","0","Chinook","Fall","Issaquah Creek","HATCHERY","2","2005",,"true",,,"true","true",,,"1","0","0"
"Adult Mortality Event","","2005-10-22T00:00:00.000","ISSAQUAH HATCHERY","","ISSAQUAH CREEK","","0","1","0","0","0","0","Coho","NA","Issaquah Creek","HATCHERY","2","2005",,"true",,,"true","true",,,"1","0","0"
"Adult Mortality Event","","2005-10-23T00:00:00.000","ISSAQUAH HATCHERY","","ISSAQUAH CREEK","","0","1","2","0","0","0","Coho","NA","Issaquah Creek","HATCHERY","2","2005",,"true",,,"true","true",,,"1","2","0"
"Adult Surplus Event","","2005-10-24T00:00:00.000","ISSAQUAH HATCHERY","","ISSAQUAH CREEK","","0","1","0","0","0","0","Chinook","Fall","Issaquah Creek","HATCHERY","2","2005",,"true",,,"true","true",,,"1","0","0"
"Adult Mortality Event","","2005-10-25T00:00:00.000","ISSAQUAH HATCHERY","","ISSAQUAH CREEK","","0","0","1","0","0","0","Coho","NA","Issaquah Creek","HATCHERY","28","2005",,"true",,,"true","true",,,"0","1","0"
"Adult Plant Event","","2005-10-25T00:00:00.000","ISSAQUAH HATCHERY","","ISSAQUAH CREEK","","0","45","61","10","0","0","Chinook","Fall","Issaquah Creek","HATCHERY","2","2005",,"true",,,"false","false",,,"0","0","0"
"Adult Surplus Event","","2005-10-25T00:00:00.000","ISSAQUAH HATCHERY","","ISSAQUAH CREEK","","0","2","0","0","0","0","Chinook","Fall","Issaquah Creek","HATCHERY","2","2005",,"true",,,"true","true",,,"2","0","0"
"Adult Surplus Event","","2005-10-25T00:00:00.000","ISSAQUAH HATCHERY","","ISSAQUAH CREEK","","0","8","2","0","0","0","Chinook","Fall","Issaquah Creek","HATCHERY","2","2005",,"true",,,"false","false",,,"0","0","0"
"Adult Plant Event","","2005-10-25T00:00:00.000","ISSAQUAH HATCHERY","","ISSAQUAH CREEK","","0","4","3","0","0","0","Chinook","Fall","Issaquah Creek","HATCHERY","14","2005",,"true",,,"false","false",,,"0","0","0"
"Adult Mortality Event","","2005-10-25T00:00:00.000","ISSAQUAH HATCHERY","","ISSAQUAH CREEK","","0","3","8","2","0","0","Coho","NA","Issaquah Creek","HATCHERY","2","2005",,"true",,,"true","true",,,"3","8","2"
"Adult Mortality Event","","2005-10-26T00:00:00.000","ISSAQUAH HATCHERY","","ISSAQUAH CREEK","","0","4","0","0","0","0","Chinook","Fall","Issaquah Creek","HATCHERY","14","2005",,"true",,,"false","false",,,"0","0","0"
"Adult Mortality Event","","2005-10-26T00:00:00.000","ISSAQUAH HATCHERY","","ISSAQUAH CREEK","","0","0","1","5","0","0","Chinook","Fall","Issaquah Creek","HATCHERY","14","2005",,"true",,,"false","false",,,"0","0","0"
"Adult Plant Event","","2005-10-26T00:00:00.000","ISSAQUAH HATCHERY","","ISSAQUAH CREEK","","0","175","175","10","0","0","Coho","NA","Issaquah Creek","HATCHERY","28","2005",,"false",,,"false","false",,,"0","0","0"
"Adult Mortality Event","","2005-10-26T00:00:00.000","ISSAQUAH HATCHERY","","ISSAQUAH CREEK","","0","19","60","1","0","0","Coho","NA","Issaquah Creek","HATCHERY","2","2005",,"true",,,"false","false",,,"0","0","0"
"Trap Estimate","","2005-10-26T00:00:00.000","ISSAQUAH HATCHERY","","ISSAQUAH CREEK","","1500","0","0","0","0","0","Coho","NA","Issaquah Creek","HATCHERY","2","2005",,"false",,,"false","false",,,"0","0","0"
"Adult Plant Event","","2005-10-26T00:00:00.000","ISSAQUAH HATCHERY","","ISSAQUAH CREEK","","0","5","10","2","0","0","Chinook","Fall","Issaquah Creek","HATCHERY","28","2005",,"false",,,"false","false",,,"0","0","0"
"Adult Mortality Event","","2005-10-26T00:00:00.000","ISSAQUAH HATCHERY","","ISSAQUAH CREEK","","0","30","23","2","0","0","Chinook","Fall","Issaquah Creek","HATCHERY","2","2005",,"true",,,"false","false",,,"0","0","0"
"Adult Mortality Event","","2005-10-26T00:00:00.000","ISSAQUAH HATCHERY","","ISSAQUAH CREEK","","0","0","2","0","0","0","Coho","NA","Issaquah Creek","HATCHERY","2","2005",,"true",,,"true","true",,,"0","2","0"
"Adult Mortality Event","","2005-10-27T00:00:00.000","ISSAQUAH HATCHERY","","ISSAQUAH CREEK","","0","2","6","0","0","0","Coho","NA","Issaquah Creek","HATCHERY","2","2005",,"true",,,"true","true",,,"2","6","0"
"Adult Mortality Event","","2005-10-28T00:00:00.000","ISSAQUAH HATCHERY","","ISSAQUAH CREEK","","0","1","0","0","0","0","Chinook","Fall","Issaquah Creek","HATCHERY","2","2005",,"true",,,"true","true",,,"1","0","0"
"Adult Mortality Event","","2005-10-28T00:00:00.000","ISSAQUAH HATCHERY","","ISSAQUAH CREEK","","0","2","6","0","0","0","Coho","NA","Issaquah Creek","HATCHERY","2","2005",,"true",,,"true","true",,,"2","6","0"
"Adult Mortality Event","","2005-10-29T00:00:00.000","ISSAQUAH HATCHERY","","ISSAQUAH CREEK","","0","2","3","0","0","0","Coho","NA","Issaquah Creek","HATCHERY","2","2005",,"true",,,"true","true",,,"2","3","0"
"Adult Mortality Event","","2005-10-30T00:00:00.000","ISSAQUAH HATCHERY","","ISSAQUAH CREEK","","0","4","8","0","0","0","Coho","NA","Issaquah Creek","HATCHERY","2","2005",,"true",,,"true","true",,,"4","8","0"
"Adult Mortality Event","","2005-10-31T00:00:00.000","ISSAQUAH HATCHERY","","ISSAQUAH CREEK","","0","1","8","1","0","0","Coho","NA","Issaquah Creek","HATCHERY","2","2005",,"true",,,"true","true",,,"1","8","1"
"Adult Mortality Event","","2005-10-31T00:00:00.000","ISSAQUAH HATCHERY","","ISSAQUAH CREEK","","0","30","49","1","0","0","Coho","NA","Issaquah Creek","HATCHERY","2","2005",,"true",,,"false","false",,,"0","0","0"
"Trap Estimate","","2005-10-31T00:00:00.000","ISSAQUAH HATCHERY","","ISSAQUAH CREEK","","10","0","0","0","0","0","Chinook","Fall","Issaquah Creek","HATCHERY","2","2005",,"false",,,"false","false",,,"0","0","0"
"Adult Mortality Event","","2005-10-31T00:00:00.000","ISSAQUAH HATCHERY","","ISSAQUAH CREEK","","0","5","3","0","0","0","Chinook","Fall","Issaquah Creek","HATCHERY","2","2005",,"true",,,"false","false",,,"0","0","0"
"Trap Estimate","","2005-11-01T00:00:00.000","ISSAQUAH HATCHERY","","ISSAQUAH CREEK","","1000","0","0","0","0","0","Coho","NA","Issaquah Creek","HATCHERY","2","2005",,"false",,,"false","false",,,"0","0","0"
"EggTake","","2005-11-01T00:00:00.000","ISSAQUAH HATCHERY","","ISSAQUAH CREEK","","0","0","0","0","0","504000","Coho","NA","Issaquah Creek","HATCHERY",,"2005",,"false",,,"false","false",,,"0","0","0"
"Adult Surplus Event","","2005-11-01T00:00:00.000","ISSAQUAH HATCHERY","","ISSAQUAH CREEK","","0","12","3","0","0","0","Coho","NA","Issaquah Creek","HATCHERY","2","2005",,"true",,,"false","false",,,"0","0","0"
"Adult Mortality Event","","2005-11-01T00:00:00.000","ISSAQUAH HATCHERY","","ISSAQUAH CREEK","","0","7","13","1","0","0","Coho","NA","Issaquah Creek","HATCHERY","2","2005",,"true",,,"true","true",,,"0","0","0"
"Parent Spawn Event","Lethal","2005-11-01T00:00:00.000","ISSAQUAH HATCHERY","","ISSAQUAH CREEK","","0","161","142","0","7","0","Coho","NA","Issaquah Creek","HATCHERY","2","2005",,"true",,,"false","false",,,"0","0","0"
"Adult Mortality Event","","2005-11-01T00:00:00.000","ISSAQUAH HATCHERY","","ISSAQUAH CREEK","","0","15","31","5","0","0","Coho","NA","Issaquah Creek","HATCHERY","2","2005",,"true",,,"false","false",,,"0","0","0"
"Adult Plant Event","","2005-11-01T00:00:00.000","ISSAQUAH HATCHERY","","ISSAQUAH CREEK","","0","0","1","0","0","0","Chinook","Fall","Issaquah Creek","HATCHERY","14","2005",,"true",,,"false","false",,,"0","0","0"
"Parent Spawn Event","Lethal","2005-11-01T00:00:00.000","ISSAQUAH HATCHERY","","ISSAQUAH CREEK","","0","7","2","0","0","0","Coho","NA","Issaquah Creek","HATCHERY","14","2005",,"true",,,"false","false",,,"0","0","0"
"Adult Plant Event","","2005-11-01T00:00:00.000","ISSAQUAH HATCHERY","","ISSAQUAH CREEK","","0","1","2","1","0","0","Chinook","Fall","Issaquah Creek","HATCHERY","2","2005",,"true",,,"false","false",,,"0","0","0"
"Trap Estimate","","2005-11-01T00:00:00.000","ISSAQUAH HATCHERY","","ISSAQUAH CREEK","","1","0","0","0","0","0","Chinook","Fall","Issaquah Creek","HATCHERY","2","2005",,"false",,,"false","false",,,"0","0","0"
"Parent Spawn Event","Lethal","2005-11-01T00:00:00.000","ISSAQUAH HATCHERY","","ISSAQUAH CREEK","","0","64","88","0","0","0","Coho","NA","Issaquah Creek","HATCHERY","2","2005",,"true",,,"true","true",,,"71","101","1"
"Adult Mortality Event","","2005-11-02T00:00:00.000","ISSAQUAH HATCHERY","","ISSAQUAH CREEK","","0","0","3","0","0","0","Coho","NA","Issaquah Creek","HATCHERY","2","2005",,"true",,,"true","true",,,"0","3","0"
"Adult Mortality Event","","2005-11-03T00:00:00.000","ISSAQUAH HATCHERY","","ISSAQUAH CREEK","","0","3","4","0","0","0","Coho","NA","Issaquah Creek","HATCHERY","2","2005",,"true",,,"true","true",,,"3","4","0"
"Adult Mortality Event","","2005-11-04T00:00:00.000","ISSAQUAH HATCHERY","","ISSAQUAH CREEK","","0","4","7","0","0","0","Coho","NA","Issaquah Creek","HATCHERY","2","2005",,"true",,,"true","true",,,"4","7","0"
"Adult Mortality Event","","2005-11-05T00:00:00.000","ISSAQUAH HATCHERY","","ISSAQUAH CREEK","","0","4","2","0","0","0","Coho","NA","Issaquah Creek","HATCHERY","2","2005",,"true",,,"true","true",,,"4","2","0"
"Adult Mortality Event","","2005-11-06T00:00:00.000","ISSAQUAH HATCHERY","","ISSAQUAH CREEK","","0","0","3","0","0","0","Coho","NA","Issaquah Creek","HATCHERY","2","2005",,"true",,,"true","true",,,"0","3","0"
"Adult Mortality Event","","2005-11-07T00:00:00.000","ISSAQUAH HATCHERY","","ISSAQUAH CREEK","","0","9","20","0","0","0","Coho","NA","Issaquah Creek","HATCHERY","2","2005",,"true",,,"true","true",,,"9","20","0"
"Adult Surplus Event","","2005-11-07T00:00:00.000","ISSAQUAH HATCHERY","","ISSAQUAH CREEK","","0","0","1","0","0","0","Chinook","Fall","Issaquah Creek","HATCHERY","2","2005",,"true",,,"true","true",,,"0","1","0"
"Adult Surplus Event","","2005-11-08T00:00:00.000","ISSAQUAH HATCHERY","","ISSAQUAH CREEK","","0","0","0","1","0","0","Chinook","Fall","Issaquah Creek","HATCHERY","2","2005",,"true",,,"true","true",,,"0","0","1"
"Adult Mortality Event","","2005-11-08T00:00:00.000","ISSAQUAH HATCHERY","","ISSAQUAH CREEK","","0","3","4","0","0","0","Coho","NA","Issaquah Creek","HATCHERY","2","2005",,"true",,,"true","true",,,"157","95","0"
"Parent Spawn Event","Lethal","2005-11-08T00:00:00.000","ISSAQUAH HATCHERY","","ISSAQUAH CREEK","","0","35","50","0","0","0","Coho","NA","Issaquah Creek","HATCHERY","2","2005",,"true",,,"true","true",,,"0","0","0"
"Adult Surplus Event","","2005-11-08T00:00:00.000","ISSAQUAH HATCHERY","","ISSAQUAH CREEK","","0","118","41","0","0","0","Coho","NA","Issaquah Creek","HATCHERY","2","2005",,"true",,,"true","true",,,"0","0","0"
"Adult Mortality Event","","2005-11-08T00:00:00.000","ISSAQUAH HATCHERY","","ISSAQUAH CREEK","","0","7","31","0","0","0","Coho","NA","Issaquah Creek","HATCHERY","2","2005",,"true",,,"false","false",,,"0","0","0"
"Adult Surplus Event","","2005-11-08T00:00:00.000","ISSAQUAH HATCHERY","","ISSAQUAH CREEK","","0","243","122","3","0","0","Coho","NA","Issaquah Creek","HATCHERY","2","2005",,"true",,,"false","false",,,"0","0","0"
"EggTake","","2005-11-08T00:00:00.000","ISSAQUAH HATCHERY","","ISSAQUAH CREEK","","0","0","0","0","0","261000","Coho","NA","Issaquah Creek","HATCHERY",,"2005",,"false",,,"false","false",,,"0","0","0"
"Parent Spawn Event","Lethal","2005-11-08T00:00:00.000","ISSAQUAH HATCHERY","","ISSAQUAH CREEK","","0","70","55","0","0","0","Coho","NA","Issaquah Creek","HATCHERY","2","2005",,"true",,,"false","false",,,"0","0","0"
"Adult Ship","","2005-11-09T00:00:00.000","ISSAQUAH HATCHERY","","ISSAQUAH CREEK","","0","259","251","10","0","0","Coho","NA","Issaquah Creek","HATCHERY","28","2005",,"false",,,"false","false",,,"0","0","0"
"Adult Mortality Event","","2005-11-11T00:00:00.000","ISSAQUAH HATCHERY","","ISSAQUAH CREEK","","0","1","2","0","0","0","Coho","NA","Issaquah Creek","HATCHERY","2","2005",,"true",,,"true","true",,,"1","2","0"
"Trap Estimate","","2005-11-12T00:00:00.000","ISSAQUAH HATCHERY","","ISSAQUAH CREEK","","40","0","0","130","0","0","Coho","NA","Issaquah Creek","HATCHERY","2","2005",,"false",,,"false","false",,,"0","0","0"
"Adult Mortality Event","","2005-11-12T00:00:00.000","ISSAQUAH HATCHERY","","ISSAQUAH CREEK","","0","23","58","0","0","0","Coho","NA","Issaquah Creek","HATCHERY","2","2005",,"true",,,"true","true",,,"23","58","0"
"Parent Spawn Event","Lethal","2005-11-15T00:00:00.000","ISSAQUAH HATCHERY","","ISSAQUAH CREEK","","0","94","91","0","0","0","Coho","NA","Issaquah Creek","HATCHERY","2","2005",,"true",,,"false","false",,,"0","0","0"
"Trap Estimate","","2005-11-15T00:00:00.000","ISSAQUAH HATCHERY","","ISSAQUAH CREEK","","3000","0","0","200","0","0","Coho","NA","Issaquah Creek","HATCHERY","2","2005",,"false",,,"false","false",,,"0","0","0"
"EggTake","","2005-11-15T00:00:00.000","ISSAQUAH HATCHERY","","ISSAQUAH CREEK","","0","0","0","0","0","312000","Coho","NA","Issaquah Creek","HATCHERY",,"2005",,"false",,,"false","false",,,"0","0","0"
"Adult Surplus Event","","2005-11-15T00:00:00.000","ISSAQUAH HATCHERY","","ISSAQUAH CREEK","","0","2","1","0","0","0","Coho","NA","Issaquah Creek","HATCHERY","2","2005",,"true",,,"false","false",,,"0","0","0"
"Adult Surplus Event","","2005-11-15T00:00:00.000","ISSAQUAH HATCHERY","","ISSAQUAH CREEK","","0","19","59","0","0","0","Coho","NA","Issaquah Creek","HATCHERY","2","2005",,"true",,,"true","true",,,"50","93","0"
"Adult Plant Event","","2005-11-15T00:00:00.000","ISSAQUAH HATCHERY","","ISSAQUAH CREEK","","0","0","179","0","0","0","Coho","NA","Issaquah Creek","HATCHERY","2","2005",,"true",,,"false","false",,,"0","0","0"
"Parent Spawn Event","Lethal","2005-11-15T00:00:00.000","ISSAQUAH HATCHERY","","ISSAQUAH CREEK","","0","31","34","0","0","0","Coho","NA","Issaquah Creek","HATCHERY","2","2005",,"true",,,"true","true",,,"0","0","0"
"Adult Plant Event","","2005-11-16T00:00:00.000","ISSAQUAH HATCHERY","","ISSAQUAH CREEK","","0","3","0","0","0","0","Chinook","Fall","Issaquah Creek","HATCHERY","2","2005",,"true",,,"false","false",,,"0","0","0"
"Adult Mortality Event","","2005-11-16T00:00:00.000","ISSAQUAH HATCHERY","","ISSAQUAH CREEK","","0","0","1","1","0","0","Chinook","Fall","Issaquah Creek","HATCHERY","2","2005",,"true",,,"true","false",,,"0","0","0"
"Adult Mortality Event","","2005-11-16T00:00:00.000","ISSAQUAH HATCHERY","","ISSAQUAH CREEK","","0","367","450","12","0","0","Coho","NA","Issaquah Creek","HATCHERY","2","2005",,"true",,,"false","false",,,"0","0","0"
"Adult Mortality Event","","2005-11-16T00:00:00.000","ISSAQUAH HATCHERY","","ISSAQUAH CREEK","","0","5","3","1","0","0","Chinook","Fall","Issaquah Creek","HATCHERY","2","2005",,"true",,,"false","false",,,"0","0","0"
"Adult Mortality Event","","2005-11-16T00:00:00.000","ISSAQUAH HATCHERY","","ISSAQUAH CREEK","","0","1","0","0","0","0","Chinook","Fall","Issaquah Creek","HATCHERY","14","2005",,"true",,,"false","false",,,"0","0","0"
"Trap Estimate","","2005-11-16T00:00:00.000","ISSAQUAH HATCHERY","","ISSAQUAH CREEK","","13","0","0","2","0","0","Chinook","Fall","Issaquah Creek","HATCHERY","2","2005",,"false",,,"false","false",,,"0","0","0"
"Adult Plant Event","","2005-11-16T00:00:00.000","ISSAQUAH HATCHERY","","ISSAQUAH CREEK","","0","1500","1500","200","0","0","Coho","NA","Issaquah Creek","HATCHERY","28","2005",,"false",,,"false","false",,,"0","0","0"
"Adult Mortality Event","","2005-11-17T00:00:00.000","ISSAQUAH HATCHERY","","ISSAQUAH CREEK","","0","0","2","0","0","0","Coho","NA","Issaquah Creek","HATCHERY","2","2005",,"true",,,"true","true",,,"0","2","0"
"Adult Mortality Event","","2005-11-18T00:00:00.000","ISSAQUAH HATCHERY","","ISSAQUAH CREEK","","0","1","1","0","0","0","Coho","NA","Issaquah Creek","HATCHERY","2","2005",,"true",,,"true","true",,,"1","1","0"
"Adult Mortality Event","","2005-11-21T00:00:00.000","ISSAQUAH HATCHERY","","ISSAQUAH CREEK","","0","0","1","0","0","0","Coho","NA","Issaquah Creek","HATCHERY","2","2005",,"true",,,"true","true",,,"0","1","0"
"Parent Spawn Event","Lethal","2005-11-22T00:00:00.000","ISSAQUAH HATCHERY","","ISSAQUAH CREEK","","0","53","43","0","0","0","Coho","NA","Issaquah Creek","HATCHERY","2","2005",,"true",,,"false","false",,,"0","0","0"
"Parent Spawn Event","Lethal","2005-11-22T00:00:00.000","ISSAQUAH HATCHERY","","ISSAQUAH CREEK","","0","4","2","0","0","0","Coho","NA","Issaquah Creek","HATCHERY","14","2005",,"true",,,"false","false",,,"0","0","0"
"Adult Plant Event","","2005-11-22T00:00:00.000","ISSAQUAH HATCHERY","","ISSAQUAH CREEK","","0","2","2","0","0","0","Coho","NA","Issaquah Creek","HATCHERY","14","2005",,"true",,,"false","false",,,"0","0","0"
"Adult Surplus Event","","2005-11-22T00:00:00.000","ISSAQUAH HATCHERY","","ISSAQUAH CREEK","","0","35","39","193","0","0","Coho","NA","Issaquah Creek","HATCHERY","2","2005",,"true",,,"false","false",,,"0","0","0"
"Parent Spawn Event","Lethal","2005-11-22T00:00:00.000","ISSAQUAH HATCHERY","","ISSAQUAH CREEK","","0","75","87","0","0","0","Coho","NA","Issaquah Creek","HATCHERY","2","2005",,"true",,,"true","true",,,"0","0","0"
"Adult Plant Event","","2005-11-22T00:00:00.000","ISSAQUAH HATCHERY","","ISSAQUAH CREEK","","0","301","490","193","0","0","Coho","NA","Issaquah Creek","HATCHERY","2","2005",,"true",,,"false","false",,,"0","0","0"
"Adult Surplus Event","","2005-11-22T00:00:00.000","ISSAQUAH HATCHERY","","ISSAQUAH CREEK","","0","50","75","0","0","0","Coho","NA","Issaquah Creek","HATCHERY","2","2005",,"true",,,"true","true",,,"124","162","0"
"Trap Estimate","","2005-11-22T00:00:00.000","ISSAQUAH HATCHERY","","ISSAQUAH CREEK","","864","0","0","203","0","0","Coho","NA","Issaquah Creek","HATCHERY","2","2005",,"false",,,"false","false",,,"0","0","0"
"EggTake","","2005-11-22T00:00:00.000","ISSAQUAH HATCHERY","","ISSAQUAH CREEK","","0","0","0","0","0","265700","Coho","NA","Issaquah Creek","HATCHERY",,"2005",,"false",,,"false","false",,,"0","0","0"
"Adult Mortality Event","","2005-11-23T00:00:00.000","ISSAQUAH HATCHERY","","ISSAQUAH CREEK","","0","2","13","1","0","0","Coho","NA","Issaquah Creek","HATCHERY","2","2005",,"true",,,"false","false",,,"0","0","0"
"Adult Mortality Event","","2005-11-23T00:00:00.000","ISSAQUAH HATCHERY","","ISSAQUAH CREEK","","0","5","4","1","0","0","Coho","NA","Issaquah Creek","HATCHERY","2","2005",,"true",,,"true","true",,,"5","4","1"
"Adult Mortality Event","","2005-11-30T00:00:00.000","ISSAQUAH HATCHERY","","ISSAQUAH CREEK","","0","0","3","0","0","0","Coho","NA","Issaquah Creek","HATCHERY","2","2005",,"true",,,"false","false",,,"0","0","0"
"Adult Plant Event","","2005-11-30T00:00:00.000","ISSAQUAH HATCHERY","","ISSAQUAH CREEK","","0","50","50","10","0","0","Coho","NA","Issaquah Creek","HATCHERY","28","2005",,"false",,,"false","false",,,"0","0","0"
"Adult Mortality Event","","2006-09-18T00:00:00.000","ISSAQUAH HATCHERY","","ISSAQUAH CREEK","","0","12","7","0","0","0","Chinook","Fall","Issaquah Creek","HATCHERY","2","2006",,"true",,,"false","false",,,"0","0","0"
"Adult Mortality Event","","2006-09-18T00:00:00.000","ISSAQUAH HATCHERY","","ISSAQUAH CREEK","","0","1","0","0","0","0","Chinook","Fall","Issaquah Creek","HATCHERY","14","2006",,"true",,,"false","false",,,"0","0","0"
"Adult Mortality Event","","2006-09-18T00:00:00.000","ISSAQUAH HATCHERY","","ISSAQUAH CREEK","","0","1","1","0","0","0","Chinook","Fall","Issaquah Creek","HATCHERY","2","2006",,"true",,,"true","true",,,"1","1","0"
"Trap Estimate","","2006-09-18T00:00:00.000","ISSAQUAH HATCHERY","","ISSAQUAH CREEK","","1573","0","0","100","0","0","Chinook","Fall","Issaquah Creek","HATCHERY","2","2006",,"false",,,"false","false",,,"0","0","0"
"Adult Plant Event","","2006-09-20T00:00:00.000","ISSAQUAH HATCHERY","","ISSAQUAH CREEK","","0","5","6","0","0","0","Chinook","Fall","Issaquah Creek","HATCHERY","2","2006",,"true",,,"false","false",,,"0","0","0"
"Adult Surplus Event","","2006-09-20T00:00:00.000","ISSAQUAH HATCHERY","","ISSAQUAH CREEK","","0","113","13","4","0","0","Chinook","Fall","Issaquah Creek","HATCHERY","2","2006",,"true",,,"true","true",,,"113","13","4"
"Adult Mortality Event","","2006-09-20T00:00:00.000","ISSAQUAH HATCHERY","","ISSAQUAH CREEK","","0","0","2","0","0","0","Chinook","Fall","Issaquah Creek","HATCHERY","2","2006",,"true",,,"true","true",,,"0","2","0"
"Trap Estimate","","2006-09-20T00:00:00.000","ISSAQUAH HATCHERY","","ISSAQUAH CREEK","","850","0","0","0","0","0","Chinook","Fall","Issaquah Creek","HATCHERY","2","2006",,"false",,,"false","false",,,"0","0","0"
"Adult Surplus Event","","2006-09-20T00:00:00.000","ISSAQUAH HATCHERY","","ISSAQUAH CREEK","","0","804","105","25","0","0","Chinook","Fall","Issaquah Creek","HATCHERY","2","2006",,"true",,,"false","false",,,"0","0","0"
"Adult Mortality Event","","2006-09-20T00:00:00.000","ISSAQUAH HATCHERY","","ISSAQUAH CREEK","","0","1","0","0","0","0","Chinook","Fall","Issaquah Creek","HATCHERY","2","2006",,"true",,,"false","false",,,"0","0","0"
"Trap Estimate","","2006-09-25T00:00:00.000","ISSAQUAH HATCHERY","","ISSAQUAH CREEK","","1200","0","0","25","0","0","Chinook","Fall","Issaquah Creek","HATCHERY","2","2006",,"false",,,"false","false",,,"0","0","0"
"Adult Mortality Event","","2006-09-25T00:00:00.000","ISSAQUAH HATCHERY","","ISSAQUAH CREEK","","0","8","1","0","0","0","Chinook","Fall","Issaquah Creek","HATCHERY","2","2006",,"true",,,"false","false",,,"0","0","0"
"Adult Plant Event","","2006-09-25T00:00:00.000","ISSAQUAH HATCHERY","","ISSAQUAH CREEK","","0","250","250","0","0","0","Chinook","Fall","Issaquah Creek","HATCHERY","2","2006",,"true",,,"false","false",,,"0","0","0"
"Adult Mortality Event","","2006-09-25T00:00:00.000","ISSAQUAH HATCHERY","","ISSAQUAH CREEK","","0","1","0","0","0","0","Chinook","Fall","Issaquah Creek","HATCHERY","14","2006",,"true",,,"false","false",,,"0","0","0"
"Adult Surplus Event","","2006-09-25T00:00:00.000","ISSAQUAH HATCHERY","","ISSAQUAH CREEK","","0","1","0","0","0","0","Chinook","Fall","Issaquah Creek","HATCHERY","14","2006",,"true",,,"false","false",,,"0","0","0"
"Adult Surplus Event","","2006-09-25T00:00:00.000","ISSAQUAH HATCHERY","","ISSAQUAH CREEK","","0","6","1","0","0","0","Chinook","Fall","Issaquah Creek","HATCHERY","2","2006",,"true",,,"false","false",,,"0","0","0"
"Trap Estimate","","2006-09-25T00:00:00.000","ISSAQUAH HATCHERY","","ISSAQUAH CREEK","","800","0","0","20","0","0","Chinook","Fall","Issaquah Creek","HATCHERY","14","2006",,"false",,,"false","false",,,"0","0","0"
"Adult Surplus Event","","2006-09-26T00:00:00.000","ISSAQUAH HATCHERY","","ISSAQUAH CREEK","","0","2","0","0","0","0","Chinook","Fall","Issaquah Creek","HATCHERY","2","2006",,"true",,,"false","false",,,"0","0","0"
"Adult Surplus Event","","2006-09-26T00:00:00.000","ISSAQUAH HATCHERY","","ISSAQUAH CREEK","","0","478","42","0","0","0","Chinook","Fall","Issaquah Creek","HATCHERY","2","2006",,"true",,,"false","false",,,"0","0","0"
"Adult Mortality Event","","2006-09-26T00:00:00.000","ISSAQUAH HATCHERY","","ISSAQUAH CREEK","","0","5","1","0","0","0","Chinook","Fall","Issaquah Creek","HATCHERY","2","2006",,"true",,,"true","true",,,"5","1","0"
"Parent Spawn Event","Lethal","2006-09-26T00:00:00.000","ISSAQUAH HATCHERY","","ISSAQUAH CREEK","","0","45","12","0","0","0","Chinook","Fall","Issaquah Creek","HATCHERY","14","2006",,"true",,,"false","false",,,"0","0","0"
"Parent Spawn Event","Lethal","2006-09-26T00:00:00.000","ISSAQUAH HATCHERY","","ISSAQUAH CREEK","","0","19","15","0","0","0","Chinook","Fall","Issaquah Creek","HATCHERY","2","2006",,"true",,,"true","false",,,"19","15","0"
"Parent Spawn Event","Lethal","2006-09-26T00:00:00.000","ISSAQUAH HATCHERY","","ISSAQUAH CREEK","","0","36","73","0","6","0","Chinook","Fall","Issaquah Creek","HATCHERY","14","2006",,"true",,,"false","false",,,"0","0","0"
"Adult Mortality Event","","2006-09-26T00:00:00.000","ISSAQUAH HATCHERY","","ISSAQUAH CREEK","","0","5","4","0","0","0","Chinook","Fall","Issaquah Creek","HATCHERY","2","2006",,"true",,,"false","false",,,"0","0","0"
"EggTake","","2006-09-26T00:00:00.000","ISSAQUAH HATCHERY","","ISSAQUAH CREEK","","0","0","0","0","0","482000","Chinook","Fall","Issaquah Creek","HATCHERY",,"2006",,"false",,,"false","false",,,"0","0","0"
"Adult Surplus Event","","2006-09-26T00:00:00.000","ISSAQUAH HATCHERY","","ISSAQUAH CREEK","","0","50","5","2","0","0","Chinook","Fall","Issaquah Creek","HATCHERY","2","2006",,"true",,,"true","true",,,"50","5","2"
"Adult Surplus Event","","2006-09-27T00:00:00.000","ISSAQUAH HATCHERY","","ISSAQUAH CREEK","","0","87","21","9","0","0","Chinook","Fall","Issaquah Creek","HATCHERY","2","2006",,"true",,,"true","true",,,"87","21","9"
"Trap Estimate","","2006-09-27T00:00:00.000","ISSAQUAH HATCHERY","","ISSAQUAH CREEK","","1000","0","0","100","0","0","Chinook","Fall","Issaquah Creek","HATCHERY","2","2006",,"false",,,"false","false",,,"0","0","0"
"Adult Surplus Event","","2006-09-27T00:00:00.000","ISSAQUAH HATCHERY","","ISSAQUAH CREEK","","0","687","165","66","0","0","Chinook","Fall","Issaquah Creek","HATCHERY","2","2006",,"true",,,"false","false",,,"0","0","0"
"Adult Surplus Event","","2006-09-27T00:00:00.000","ISSAQUAH HATCHERY","","ISSAQUAH CREEK","","0","4","0","0","0","0","Chinook","Fall","Issaquah Creek","HATCHERY","2","2006",,"true",,,"false","false",,,"0","0","0"
"Adult Mortality Event","","2006-09-27T00:00:00.000","ISSAQUAH HATCHERY","","ISSAQUAH CREEK","","0","2","2","0","0","0","Chinook","Fall","Issaquah Creek","HATCHERY","2","2006",,"true",,,"true","true",,,"2","2","0"
"Adult Mortality Event","","2006-09-27T00:00:00.000","ISSAQUAH HATCHERY","","ISSAQUAH CREEK","","0","1","2","0","0","0","Chinook","Fall","Issaquah Creek","HATCHERY","2","2006",,"true",,,"false","false",,,"0","0","0"
"Adult Plant Event","","2006-10-02T00:00:00.000","ISSAQUAH HATCHERY","","ISSAQUAH CREEK","","0","150","150","0","0","0","Chinook","Fall","Issaquah Creek","HATCHERY","2","2006",,"true",,,"false","false",,,"0","0","0"
"Parent Spawn Event","Lethal","2006-10-03T00:00:00.000","ISSAQUAH HATCHERY","","ISSAQUAH CREEK","","0","28","30","0","0","0","Chinook","Fall","Issaquah Creek","HATCHERY","2","2006",,"true",,,"true","true",,,"0","0","0"
"EggTake","","2006-10-03T00:00:00.000","ISSAQUAH HATCHERY","","ISSAQUAH CREEK","","0","0","0","0","0","1232250","Chinook","Fall","Issaquah Creek","HATCHERY",,"2006",,"false",,,"false","false",,,"0","0","0"
"Adult Mortality Event","","2006-10-03T00:00:00.000","ISSAQUAH HATCHERY","","ISSAQUAH CREEK","","0","3","1","0","0","0","Chinook","Fall","Issaquah Creek","HATCHERY","2","2006",,"true",,,"true","true",,,"0","0","0"
"Adult Surplus Event","","2006-10-03T00:00:00.000","ISSAQUAH HATCHERY","","ISSAQUAH CREEK","","0","1","0","0","0","0","Chinook","Fall","Issaquah Creek","HATCHERY","2","2006",,"true",,,"false","false",,,"0","0","0"
"Adult Mortality Event","","2006-10-03T00:00:00.000","ISSAQUAH HATCHERY","","ISSAQUAH CREEK","","0","6","15","0","0","0","Chinook","Fall","Issaquah Creek","HATCHERY","2","2006",,"true",,,"true","true",,,"0","0","0"
"Parent Spawn Event","Lethal","2006-10-03T00:00:00.000","ISSAQUAH HATCHERY","","ISSAQUAH CREEK","","0","5","1","0","0","0","Chinook","Fall","Issaquah Creek","HATCHERY","2","2006",,"true",,,"true","true",,,"8","2","0"
"Adult Surplus Event","","2006-10-03T00:00:00.000","ISSAQUAH HATCHERY","","ISSAQUAH CREEK","","0","16","0","0","0","0","Chinook","Fall","Issaquah Creek","HATCHERY","2","2006",,"true",,,"true","true",,,"50","45","0"
"Parent Spawn Event","Lethal","2006-10-03T00:00:00.000","ISSAQUAH HATCHERY","","ISSAQUAH CREEK","","0","62","31","0","0","0","Chinook","Fall","Issaquah Creek","HATCHERY","14","2006",,"true",,,"false","false",,,"0","0","0"
"Adult Mortality Event","","2006-10-03T00:00:00.000","ISSAQUAH HATCHERY","","ISSAQUAH CREEK","","0","12","35","0","0","0","Chinook","Fall","Issaquah Creek","HATCHERY","2","2006",,"true",,,"false","false",,,"0","0","0"
"Adult Surplus Event","","2006-10-03T00:00:00.000","ISSAQUAH HATCHERY","","ISSAQUAH CREEK","","0","82","0","0","0","0","Chinook","Fall","Issaquah Creek","HATCHERY","2","2006",,"true",,,"false","false",,,"0","0","0"
"Parent Spawn Event","Lethal","2006-10-03T00:00:00.000","ISSAQUAH HATCHERY","","ISSAQUAH CREEK","","0","170","203","0","5","0","Chinook","Fall","Issaquah Creek","HATCHERY","2","2006",,"true",,,"false","false",,,"0","0","0"
"Adult Mortality Event","","2006-10-03T00:00:00.000","ISSAQUAH HATCHERY","","ISSAQUAH CREEK","","0","2","3","0","0","0","Chinook","Fall","Issaquah Creek","HATCHERY","14","2006",,"true",,,"false","false",,,"0","0","0"
"Trap Estimate","","2006-10-03T00:00:00.000","ISSAQUAH HATCHERY","","ISSAQUAH CREEK","","1500","0","0","0","0","0","Chinook","Fall","Issaquah Creek","HATCHERY","28","2006",,"false",,,"false","false",,,"0","0","0"
"Adult Surplus Event","","2006-10-03T00:00:00.000","ISSAQUAH HATCHERY","","ISSAQUAH CREEK","","0","2","2","0","0","0","Chinook","Fall","Issaquah Creek","HATCHERY","2","2006",,"true",,,"false","false",,,"0","0","0"
"Adult Mortality Event","","2006-10-04T00:00:00.000","ISSAQUAH HATCHERY","","ISSAQUAH CREEK","","0","0","1","0","0","0","Coho","NA","Issaquah Creek","HATCHERY","2","2006",,"true",,,"true","true",,,"0","1","0"
"Adult Mortality Event","","2006-10-04T00:00:00.000","ISSAQUAH HATCHERY","","ISSAQUAH CREEK","","0","1","2","0","0","0","Coho","NA","Issaquah Creek","HATCHERY","2","2006",,"true",,,"false","false",,,"0","0","0"
"Adult Mortality Event","","2006-10-04T00:00:00.000","ISSAQUAH HATCHERY","","ISSAQUAH CREEK","","0","3","6","0","0","0","Chinook","Fall","Issaquah Creek","HATCHERY","14","2006",,"true",,,"false","false",,,"0","0","0"
"Adult Surplus Event","","2006-10-04T00:00:00.000","ISSAQUAH HATCHERY","","ISSAQUAH CREEK","","0","664","213","7","0","0","Chinook","Fall","Issaquah Creek","HATCHERY","2","2006",,"true",,,"false","false",,,"0","0","0"
"Adult Mortality Event","","2006-10-04T00:00:00.000","ISSAQUAH HATCHERY","","ISSAQUAH CREEK","","0","2","0","0","0","0","Chinook","Fall","Issaquah Creek","HATCHERY","2","2006",,"true",,,"true","true",,,"2","0","0"
"Adult Mortality Event","","2006-10-04T00:00:00.000","ISSAQUAH HATCHERY","","ISSAQUAH CREEK","","0","1","1","0","0","0","Chinook","Fall","Issaquah Creek","HATCHERY","2","2006",,"true",,,"false","false",,,"0","0","0"
"Adult Mortality Event","","2006-10-04T00:00:00.000","ISSAQUAH HATCHERY","","ISSAQUAH CREEK","","0","16","22","0","0","0","Chinook","Fall","Issaquah Creek","HATCHERY","2","2006",,"true",,,"false","false",,,"0","0","0"
"Adult Mortality Event","","2006-10-04T00:00:00.000","ISSAQUAH HATCHERY","","ISSAQUAH CREEK","","0","2","2","1","0","0","Chinook","Fall","Issaquah Creek","HATCHERY","2","2006",,"true",,,"true","true",,,"2","2","1"
"Adult Surplus Event","","2006-10-04T00:00:00.000","ISSAQUAH HATCHERY","","ISSAQUAH CREEK","","0","2","1","0","0","0","Chinook","Fall","Issaquah Creek","HATCHERY","2","2006",,"true",,,"false","false",,,"0","0","0"
"Adult Mortality Event","","2006-10-04T00:00:00.000","ISSAQUAH HATCHERY","","ISSAQUAH CREEK","","0","25","50","0","0","0","Chinook","Fall","Issaquah Creek","HATCHERY","2","2006",,"true",,,"false","false",,,"0","0","0"
"Adult Surplus Event","","2006-10-04T00:00:00.000","ISSAQUAH HATCHERY","","ISSAQUAH CREEK","","0","65","23","1","0","0","Chinook","Fall","Issaquah Creek","HATCHERY","2","2006",,"true",,,"true","true",,,"67","23","1"
"Trap Estimate","","2006-10-04T00:00:00.000","ISSAQUAH HATCHERY","","ISSAQUAH CREEK","","50","0","0","0","0","0","Coho","NA","Issaquah Creek","HATCHERY","28","2006",,"false",,,"false","false",,,"0","0","0"
"Adult Mortality Event","","2006-10-04T00:00:00.000","ISSAQUAH HATCHERY","","ISSAQUAH CREEK","","0","1","1","0","0","0","Chinook","Fall","Issaquah Creek","HATCHERY","2","2006",,"true",,,"false","false",,,"0","0","0"
"Adult Mortality Event","","2006-10-04T00:00:00.000","ISSAQUAH HATCHERY","","ISSAQUAH CREEK","","0","2","0","0","0","0","Chinook","Fall","Issaquah Creek","HATCHERY","2","2006",,"true",,,"true","true",,,"0","0","0"
"Adult Mortality Event","","2006-10-10T00:00:00.000","ISSAQUAH HATCHERY","","ISSAQUAH CREEK","","0","4","1","0","0","0","Chinook","Fall","Issaquah Creek","HATCHERY","14","2006",,"true",,,"false","false",,,"0","0","0"
"Adult Surplus Event","","2006-10-10T00:00:00.000","ISSAQUAH HATCHERY","","ISSAQUAH CREEK","","0","2","2","0","0","0","Chinook","Fall","Issaquah Creek","HATCHERY","2","2006",,"true",,,"false","false",,,"0","0","0"
"Adult Mortality Event","","2006-10-10T00:00:00.000","ISSAQUAH HATCHERY","","ISSAQUAH CREEK","","0","15","13","0","0","0","Chinook","Fall","Issaquah Creek","HATCHERY","2","2006",,"true",,,"false","false",,,"0","0","0"
"Parent Spawn Event","Lethal","2006-10-10T00:00:00.000","ISSAQUAH HATCHERY","","ISSAQUAH CREEK","","0","11","9","0","0","0","Chinook","Fall","Issaquah Creek","HATCHERY","2","2006",,"true",,,"true","true",,,"11","9","0"
"EggTake","","2006-10-10T00:00:00.000","ISSAQUAH HATCHERY","","ISSAQUAH CREEK","","0","0","0","0","0","616000","Chinook","Fall","Issaquah Creek","HATCHERY",,"2006",,"false",,,"false","false",,,"0","0","0"
"Parent Spawn Event","Lethal","2006-10-10T00:00:00.000","ISSAQUAH HATCHERY","","ISSAQUAH CREEK","","0","7","0","0","0","0","Chinook","Fall","Issaquah Creek","HATCHERY","2","2006",,"true",,,"true","true",,,"7","0","0"
"Parent Spawn Event","Lethal","2006-10-10T00:00:00.000","ISSAQUAH HATCHERY","","ISSAQUAH CREEK","","0","51","8","0","0","0","Chinook","Fall","Issaquah Creek","HATCHERY","14","2006",,"true",,,"false","false",,,"0","0","0"
"Adult Mortality Event","","2006-10-10T00:00:00.000","ISSAQUAH HATCHERY","","ISSAQUAH CREEK","","0","3","5","0","0","0","Chinook","Fall","Issaquah Creek","HATCHERY","2","2006",,"true",,,"true","true",,,"29","21","4"
"Trap Estimate","","2006-10-10T00:00:00.000","ISSAQUAH HATCHERY","","ISSAQUAH CREEK","","1000","0","0","25","0","0","Chinook","Fall","Issaquah Creek","HATCHERY","28","2006",,"false",,,"false","false",,,"0","0","0"
"Adult Surplus Event","","2006-10-10T00:00:00.000","ISSAQUAH HATCHERY","","ISSAQUAH CREEK","","0","26","16","4","0","0","Chinook","Fall","Issaquah Creek","HATCHERY","2","2006",,"true",,,"true","true",,,"0","0","0"
"Parent Spawn Event","Lethal","2006-10-10T00:00:00.000","ISSAQUAH HATCHERY","","ISSAQUAH CREEK","","0","10","0","0","0","0","Chinook","Fall","Issaquah Creek","HATCHERY","2","2006",,"true",,,"true","true",,,"10","0","0"
"Parent Spawn Event","Lethal","2006-10-10T00:00:00.000","ISSAQUAH HATCHERY","","ISSAQUAH CREEK","","0","72","119","0","10","0","Chinook","Fall","Issaquah Creek","HATCHERY","2","2006",,"true",,,"false","false",,,"0","0","0"
"Adult Mortality Event","","2006-10-10T00:00:00.000","ISSAQUAH HATCHERY","","ISSAQUAH CREEK","","0","4","0","0","0","0","Chinook","Fall","Issaquah Creek","HATCHERY","2","2006",,"true",,,"true","true",,,"4","0","0"
"Adult Surplus Event","","2006-10-10T00:00:00.000","ISSAQUAH HATCHERY","","ISSAQUAH CREEK","","0","338","97","34","0","0","Chinook","Fall","Issaquah Creek","HATCHERY","2","2006",,"true",,,"false","false",,,"0","0","0"
"Adult Mortality Event","","2006-10-11T00:00:00.000","ISSAQUAH HATCHERY","","ISSAQUAH CREEK","","0","0","1","0","0","0","Chinook","Fall","Issaquah Creek","HATCHERY","2","2006",,"true",,,"false","false",,,"0","0","0"
"Adult Mortality Event","","2006-10-11T00:00:00.000","ISSAQUAH HATCHERY","","ISSAQUAH CREEK","","0","22","11","0","0","0","Chinook","Fall","Issaquah Creek","HATCHERY","14","2006",,"true",,,"false","false",,,"0","0","0"
"Adult Mortality Event","","2006-10-11T00:00:00.000","ISSAQUAH HATCHERY","","ISSAQUAH CREEK","","0","0","6","0","0","0","Chinook","Fall","Issaquah Creek","HATCHERY","2","2006",,"true",,,"true","true",,,"0","0","0"
"Adult Surplus Event","","2006-10-11T00:00:00.000","ISSAQUAH HATCHERY","","ISSAQUAH CREEK","","0","838","35","100","0","0","Chinook","Fall","Issaquah Creek","HATCHERY","2","2006",,"true",,,"false","false",,,"0","0","0"
"Adult Plant Event","","2006-10-11T00:00:00.000","ISSAQUAH HATCHERY","","ISSAQUAH CREEK","","0","86","96","0","0","0","Chinook","Fall","Issaquah Creek","HATCHERY","2","2006",,"true",,,"false","false",,,"0","0","0"
"Adult Mortality Event","","2006-10-11T00:00:00.000","ISSAQUAH HATCHERY","","ISSAQUAH CREEK","","0","13","1","0","0","0","Chinook","Fall","Issaquah Creek","HATCHERY","2","2006",,"true",,,"false","false",,,"0","0","0"
"Adult Mortality Event","","2006-10-11T00:00:00.000","ISSAQUAH HATCHERY","","ISSAQUAH CREEK","","0","35","31","0","0","0","Chinook","Fall","Issaquah Creek","HATCHERY","2","2006",,"true",,,"false","false",,,"0","0","0"
"Adult Plant Event","","2006-10-11T00:00:00.000","ISSAQUAH HATCHERY","","ISSAQUAH CREEK","","0","78","5","0","0","0","Chinook","Fall","Issaquah Creek","HATCHERY","14","2006",,"true",,,"false","false",,,"0","0","0"
"Adult Mortality Event","","2006-10-11T00:00:00.000","ISSAQUAH HATCHERY","","ISSAQUAH CREEK","","0","2","1","0","0","0","Chinook","Fall","Issaquah Creek","HATCHERY","2","2006",,"true",,,"true","true",,,"2","1","0"
"Adult Mortality Event","","2006-10-11T00:00:00.000","ISSAQUAH HATCHERY","","ISSAQUAH CREEK","","0","2","0","0","0","0","Chinook","Fall","Issaquah Creek","HATCHERY","14","2006",,"true",,,"false","false",,,"0","0","0"
"Adult Mortality Event","","2006-10-11T00:00:00.000","ISSAQUAH HATCHERY","","ISSAQUAH CREEK","","0","0","1","0","0","0","Chinook","Fall","Issaquah Creek","HATCHERY","2","2006",,"true",,,"true","true",,,"0","0","0"
"Adult Surplus Event","","2006-10-11T00:00:00.000","ISSAQUAH HATCHERY","","ISSAQUAH CREEK","","0","2","0","0","0","0","Chinook","Fall","Issaquah Creek","HATCHERY","2","2006",,"true",,,"true","true",,,"2","1","0"
"Adult Surplus Event","","2006-10-11T00:00:00.000","ISSAQUAH HATCHERY","","ISSAQUAH CREEK","","0","97","2","3","0","0","Chinook","Fall","Issaquah Creek","HATCHERY","2","2006",,"true",,,"true","true",,,"97","8","3"
"Adult Mortality Event","","2006-10-17T00:00:00.000","ISSAQUAH HATCHERY","","ISSAQUAH CREEK","","0","3","0","0","0","0","Chinook","Fall","Issaquah Creek","HATCHERY","14","2006",,"true",,,"false","false",,,"0","0","0"
"Adult Plant Event","","2006-10-17T00:00:00.000","ISSAQUAH HATCHERY","","ISSAQUAH CREEK","","0","49","15","0","0","0","Chinook","Fall","Issaquah Creek","HATCHERY","14","2006",,"true",,,"false","false",,,"0","0","0"
"Parent Spawn Event","Lethal","2006-10-17T00:00:00.000","ISSAQUAH HATCHERY","","ISSAQUAH CREEK","","0","25","43","0","0","0","Chinook","Fall","Issaquah Creek","HATCHERY","2","2006",,"true",,,"false","false",,,"0","0","0"
"Adult Mortality Event","","2006-10-17T00:00:00.000","ISSAQUAH HATCHERY","","ISSAQUAH CREEK","","0","12","10","1","0","0","Chinook","Fall","Issaquah Creek","HATCHERY","2","2006",,"true",,,"false","false",,,"0","0","0"
"Adult Surplus Event","","2006-10-17T00:00:00.000","ISSAQUAH HATCHERY","","ISSAQUAH CREEK","","0","46","22","9","0","0","Chinook","Fall","Issaquah Creek","HATCHERY","2","2006",,"true",,,"true","true",,,"58","28","10"
"Adult Surplus Event","","2006-10-17T00:00:00.000","ISSAQUAH HATCHERY","","ISSAQUAH CREEK","","0","0","0","7","0","0","Chinook","Fall","Issaquah Creek","HATCHERY","14","2006",,"true",,,"false","false",,,"0","0","0"
"Adult Surplus Event","","2006-10-17T00:00:00.000","ISSAQUAH HATCHERY","","ISSAQUAH CREEK","","0","3","1","0","0","0","Chinook","Fall","Issaquah Creek","HATCHERY","2","2006",,"true",,,"false","false",,,"0","0","0"
"Parent Spawn Event","Lethal","2006-10-17T00:00:00.000","ISSAQUAH HATCHERY","","ISSAQUAH CREEK","","0","11","3","0","0","0","Chinook","Fall","Issaquah Creek","HATCHERY","2","2006",,"true",,,"true","true",,,"0","0","0"
"Trap Estimate","","2006-10-17T00:00:00.000","ISSAQUAH HATCHERY","","ISSAQUAH CREEK","","1700","0","0","0","0","0","Coho","NA","Issaquah Creek","HATCHERY","28","2006",,"false",,,"false","false",,,"0","0","0"
"Adult Mortality Event","","2006-10-17T00:00:00.000","ISSAQUAH HATCHERY","","ISSAQUAH CREEK","","0","1","3","1","0","0","Chinook","Fall","Issaquah Creek","HATCHERY","2","2006",,"true",,,"true","true",,,"0","0","0"
"Trap Estimate","","2006-10-17T00:00:00.000","ISSAQUAH HATCHERY","","ISSAQUAH CREEK","","550","0","0","70","0","0","Chinook","Fall","Issaquah Creek","HATCHERY","28","2006",,"false",,,"false","false",,,"0","0","0"
"Adult Surplus Event","","2006-10-17T00:00:00.000","ISSAQUAH HATCHERY","","ISSAQUAH CREEK","","0","2","1","0","0","0","Chinook","Fall","Issaquah Creek","HATCHERY","2","2006",,"true",,,"true","true",,,"2","1","0"
"EggTake","","2006-10-17T00:00:00.000","ISSAQUAH HATCHERY","","ISSAQUAH CREEK","","0","0","0","0","0","232000","Chinook","Fall","Issaquah Creek","HATCHERY",,"2006",,"false",,,"false","false",,,"0","0","0"
"Adult Plant Event","","2006-10-17T00:00:00.000","ISSAQUAH HATCHERY","","ISSAQUAH CREEK","","0","2","3","0","0","0","Coho","NA","Issaquah Creek","HATCHERY","14","2006",,"true",,,"false","false",,,"0","0","0"
"Parent Spawn Event","Lethal","2006-10-17T00:00:00.000","ISSAQUAH HATCHERY","","ISSAQUAH CREEK","","0","15","6","0","0","0","Chinook","Fall","Issaquah Creek","HATCHERY","14","2006",,"true",,,"false","false",,,"0","0","0"
"Adult Surplus Event","","2006-10-17T00:00:00.000","ISSAQUAH HATCHERY","","ISSAQUAH CREEK","","0","427","112","60","0","0","Chinook","Fall","Issaquah Creek","HATCHERY","2","2006",,"true",,,"false","false",,,"0","0","0"
"Trap Estimate","","2006-10-17T00:00:00.000","ISSAQUAH HATCHERY","","ISSAQUAH CREEK","","450","0","0","10","0","0","Coho","NA","Issaquah Creek","HATCHERY","28","2006",,"false",,,"false","false",,,"0","0","0"
"Adult Surplus Event","","2006-10-17T00:00:00.000","ISSAQUAH HATCHERY","","ISSAQUAH CREEK","","0","65","94","0","0","0","Coho","NA","Issaquah Creek","HATCHERY","2","2006",,"true",,,"false","false",,,"0","0","0"
"Adult Mortality Event","","2006-10-18T00:00:00.000","ISSAQUAH HATCHERY","","ISSAQUAH CREEK","","0","0","2","0","0","0","Chinook","Fall","Issaquah Creek","HATCHERY","2","2006",,"true",,,"true","true",,,"0","2","0"
"Trap Estimate","","2006-10-18T00:00:00.000","ISSAQUAH HATCHERY","","ISSAQUAH CREEK","","260","0","0","18","0","0","Chinook","Fall","Issaquah Creek","HATCHERY","28","2006",,"false",,,"false","false",,,"0","0","0"
"Adult Plant Event","","2006-10-18T00:00:00.000","ISSAQUAH HATCHERY","","ISSAQUAH CREEK","","0","44","3","4","0","0","Chinook","Fall","Issaquah Creek","HATCHERY","14","2006",,"true",,,"false","false",,,"0","0","0"
"Trap Estimate","","2006-10-18T00:00:00.000","ISSAQUAH HATCHERY","","ISSAQUAH CREEK","","2000","0","0","25","0","0","Coho","NA","Issaquah Creek","HATCHERY","28","2006",,"false",,,"false","false",,,"0","0","0"
"Adult Plant Event","","2006-10-18T00:00:00.000","ISSAQUAH HATCHERY","","ISSAQUAH CREEK","","0","123","70","10","0","0","Chinook","Fall","Issaquah Creek","HATCHERY","2","2006",,"true",,,"false","false",,,"0","0","0"
"Adult Surplus Event","","2006-10-18T00:00:00.000","ISSAQUAH HATCHERY","","ISSAQUAH CREEK","","0","1","0","0","0","0","Chinook","Fall","Issaquah Creek","HATCHERY","2","2006",,"true",,,"false","false",,,"0","0","0"
"Adult Mortality Event","","2006-10-18T00:00:00.000","ISSAQUAH HATCHERY","","ISSAQUAH CREEK","","0","2","0","1","0","0","Chinook","Fall","Issaquah Creek","HATCHERY","14","2006",,"true",,,"false","false",,,"0","0","0"
"Adult Mortality Event","","2006-10-18T00:00:00.000","ISSAQUAH HATCHERY","","ISSAQUAH CREEK","","0","12","14","3","0","0","Chinook","Fall","Issaquah Creek","HATCHERY","2","2006",,"true",,,"false","false",,,"0","0","0"
"Adult Surplus Event","","2006-10-18T00:00:00.000","ISSAQUAH HATCHERY","","ISSAQUAH CREEK","","0","563","591","0","0","0","Coho","NA","Issaquah Creek","HATCHERY","2","2006",,"true",,,"false","false",,,"0","0","0"
"Adult Mortality Event","","2006-10-18T00:00:00.000","ISSAQUAH HATCHERY","","ISSAQUAH CREEK","","0","1","10","1","0","0","Coho","NA","Issaquah Creek","HATCHERY","2","2006",,"true",,,"false","false",,,"0","0","0"
"Adult Surplus Event","","2006-10-24T00:00:00.000","ISSAQUAH HATCHERY","","ISSAQUAH CREEK","","0","7","7","0","0","0","Chinook","Fall","Issaquah Creek","HATCHERY","2","2006",,"true",,,"false","false",,,"0","0","0"
"Trap Estimate","","2006-10-24T00:00:00.000","ISSAQUAH HATCHERY","","ISSAQUAH CREEK","","900","0","0","10","0","0","Coho","NA","Issaquah Creek","HATCHERY","28","2006",,"false",,,"false","false",,,"0","0","0"
"Adult Surplus Event","","2006-10-24T00:00:00.000","ISSAQUAH HATCHERY","","ISSAQUAH CREEK","","0","312","449","4","0","0","Coho","NA","Issaquah Creek","HATCHERY","2","2006",,"true",,,"false","false",,,"0","0","0"
"Adult Surplus Event","","2006-10-24T00:00:00.000","ISSAQUAH HATCHERY","","ISSAQUAH CREEK","","0","0","0","1","0","0","Coho","NA","Issaquah Creek","HATCHERY","14","2006",,"true",,,"false","false",,,"0","0","0"
"Adult Plant Event","","2006-10-24T00:00:00.000","ISSAQUAH HATCHERY","","ISSAQUAH CREEK","","0","12","7","0","0","0","Coho","NA","Issaquah Creek","HATCHERY","14","2006",,"true",,,"false","false",,,"0","0","0"
"Adult Plant Event","","2006-10-24T00:00:00.000","ISSAQUAH HATCHERY","","ISSAQUAH CREEK","","0","91","120","0","0","0","Coho","NA","Issaquah Creek","HATCHERY","2","2006",,"true",,,"false","false",,,"0","0","0"
"Adult Plant Event","","2006-10-24T00:00:00.000","ISSAQUAH HATCHERY","","ISSAQUAH CREEK","","0","60","53","10","0","0","Chinook","Fall","Issaquah Creek","HATCHERY","2","2006",,"true",,,"false","false",,,"0","0","0"
"Adult Plant Event","","2006-10-24T00:00:00.000","ISSAQUAH HATCHERY","","ISSAQUAH CREEK","","0","25","6","4","0","0","Chinook","Fall","Issaquah Creek","HATCHERY","14","2006",,"true",,,"false","false",,,"0","0","0"
"Trap Estimate","","2006-10-24T00:00:00.000","ISSAQUAH HATCHERY","","ISSAQUAH CREEK","","180","0","0","20","0","0","Chinook","Fall","Issaquah Creek","HATCHERY","28","2006",,"false",,,"false","false",,,"0","0","0"
"Adult Mortality Event","","2006-10-25T00:00:00.000","ISSAQUAH HATCHERY","","ISSAQUAH CREEK","","0","5","5","3","0","0","Chinook","Fall","Issaquah Creek","HATCHERY","2","2006",,"true",,,"false","false",,,"0","0","0"
"Adult Mortality Event","","2006-10-25T00:00:00.000","ISSAQUAH HATCHERY","","ISSAQUAH CREEK","","0","2","3","0","0","0","Coho","NA","Issaquah Creek","HATCHERY","14","2006",,"true",,,"false","false",,,"0","0","0"
"Adult Mortality Event","","2006-10-25T00:00:00.000","ISSAQUAH HATCHERY","","ISSAQUAH CREEK","","0","0","0","1","0","0","Chinook","Fall","Issaquah Creek","HATCHERY","14","2006",,"true",,,"false","false",,,"0","0","0"
"Adult Mortality Event","","2006-10-25T00:00:00.000","ISSAQUAH HATCHERY","","ISSAQUAH CREEK","","0","7","13","0","0","0","Coho","NA","Issaquah Creek","HATCHERY","2","2006",,"true",,,"false","false",,,"0","0","0"
"Adult Mortality Event","","2006-10-31T00:00:00.000","ISSAQUAH HATCHERY","","ISSAQUAH CREEK","","0","0","2","0","0","0","Coho","NA","Issaquah Creek","HATCHERY","14","2006",,"true",,,"false","false",,,"0","0","0"
"Adult Surplus Event","","2006-10-31T00:00:00.000","ISSAQUAH HATCHERY","","ISSAQUAH CREEK","","0","2","2","0","0","0","Coho","NA","Issaquah Creek","HATCHERY","2","2006",,"true",,,"false","false",,,"0","0","0"
"Adult Mortality Event","","2006-10-31T00:00:00.000","ISSAQUAH HATCHERY","","ISSAQUAH CREEK","","0","16","28","1","0","0","Coho","NA","Issaquah Creek","HATCHERY","2","2006",,"true",,,"false","false",,,"0","0","0"
"Adult Mortality Event","","2006-11-01T00:00:00.000","ISSAQUAH HATCHERY","","ISSAQUAH CREEK","","0","10","4","0","0","0","Coho","NA","Issaquah Creek","HATCHERY","2","2006",,"true",,,"false","false",,,"0","0","0"
"Adult Mortality Event","","2006-11-01T00:00:00.000","ISSAQUAH HATCHERY","","ISSAQUAH CREEK","","0","2","3","0","0","0","Coho","NA","Issaquah Creek","HATCHERY","14","2006",,"true",,,"false","false",,,"0","0","0"
"Adult Mortality Event","","2006-11-01T00:00:00.000","ISSAQUAH HATCHERY","","ISSAQUAH CREEK","","0","4","1","0","0","0","Chinook","Fall","Issaquah Creek","HATCHERY","2","2006",,"true",,,"false","false",,,"0","0","0"
"Adult Plant Event","","2006-11-06T00:00:00.000","ISSAQUAH HATCHERY","","ISSAQUAH CREEK","","0","1500","1500","0","0","0","Coho","NA","Issaquah Creek","HATCHERY","28","2006",,"false",,,"false","false",,,"0","0","0"
"Trap Estimate","","2006-11-06T00:00:00.000","ISSAQUAH HATCHERY","","ISSAQUAH CREEK","","3000","0","0","0","0","0","Coho","NA","Issaquah Creek","HATCHERY","28","2006",,"false",,,"false","false",,,"0","0","0"
"Adult Surplus Event","","2006-11-07T00:00:00.000","ISSAQUAH HATCHERY","","ISSAQUAH CREEK","","0","1","1","0","0","0","Coho","NA","Issaquah Creek","HATCHERY","2","2006",,"true",,,"false","false",,,"0","0","0"
"Adult Mortality Event","","2006-11-13T00:00:00.000","ISSAQUAH HATCHERY","","ISSAQUAH CREEK","","0","7","15","0","0","0","Coho","NA","Issaquah Creek","HATCHERY","2","2006",,"true",,,"false","false",,,"0","0","0"
"Parent Spawn Event","Lethal","2006-11-13T00:00:00.000","ISSAQUAH HATCHERY","","ISSAQUAH CREEK","","0","158","199","0","12","0","Coho","NA","Issaquah Creek","HATCHERY","2","2006",,"true",,,"false","false",,,"0","0","0"
"Trap Estimate","","2006-11-13T00:00:00.000","ISSAQUAH HATCHERY","","ISSAQUAH CREEK","","550","0","0","0","0","0","Coho","NA","Issaquah Creek","HATCHERY","28","2006",,"false",,,"false","false",,,"0","0","0"
"Adult Surplus Event","","2006-11-13T00:00:00.000","ISSAQUAH HATCHERY","","ISSAQUAH CREEK","","0","19","13","0","0","0","Coho","NA","Issaquah Creek","HATCHERY","2","2006",,"true",,,"false","false",,,"0","0","0"
"Parent Spawn Event","Lethal","2006-11-13T00:00:00.000","ISSAQUAH HATCHERY","","ISSAQUAH CREEK","","0","62","24","0","0","0","Coho","NA","Issaquah Creek","HATCHERY","14","2006",,"true",,,"false","false",,,"0","0","0"
"EggTake","","2006-11-13T00:00:00.000","ISSAQUAH HATCHERY","","ISSAQUAH CREEK","","0","0","0","0","0","612000","Coho","NA","Issaquah Creek","HATCHERY",,"2006",,"false",,,"false","false",,,"0","0","0"
"Adult Surplus Event","","2006-11-14T00:00:00.000","ISSAQUAH HATCHERY","","ISSAQUAH CREEK","","0","2","2","0","0","0","Coho","NA","Issaquah Creek","HATCHERY","2","2006",,"true",,,"false","false",,,"0","0","0"
"EggTake","","2006-11-14T00:00:00.000","ISSAQUAH HATCHERY","","ISSAQUAH CREEK","","0","0","0","0","0","1050","Coho","NA","Issaquah Creek","HATCHERY",,"2006",,"false",,,"false","false",,,"0","0","0"
"Adult Ship","","2006-11-15T00:00:00.000","ISSAQUAH HATCHERY","","ISSAQUAH CREEK","","0","265","235","0","0","0","Coho","NA","Issaquah Creek","HATCHERY","28","2006",,"false",,,"false","false",,,"0","0","0"
"Adult Mortality Event","","2006-11-15T00:00:00.000","ISSAQUAH HATCHERY","","ISSAQUAH CREEK","","0","0","1","0","0","0","Coho","NA","Issaquah Creek","HATCHERY","14","2006",,"true",,,"false","false",,,"0","0","0"
"Adult Mortality Event","","2006-11-15T00:00:00.000","ISSAQUAH HATCHERY","","ISSAQUAH CREEK","","0","4","13","0","0","0","Coho","NA","Issaquah Creek","HATCHERY","2","2006",,"true",,,"false","false",,,"0","0","0"
"Parent Spawn Event","Lethal","2006-11-20T00:00:00.000","ISSAQUAH HATCHERY","","ISSAQUAH CREEK","","0","35","16","0","0","0","Coho","NA","Issaquah Creek","HATCHERY","14","2006",,"true",,,"false","false",,,"0","0","0"
"Adult Plant Event","","2006-11-20T00:00:00.000","ISSAQUAH HATCHERY","","ISSAQUAH CREEK","","0","426","411","0","0","0","Coho","NA","Issaquah Creek","HATCHERY","2","2006",,"true",,,"false","false",,,"0","0","0"
"Adult Surplus Event","","2006-11-20T00:00:00.000","ISSAQUAH HATCHERY","","ISSAQUAH CREEK","","0","1","1","0","0","0","Coho","NA","Issaquah Creek","HATCHERY","2","2006",,"true",,,"false","false",,,"0","0","0"
"Parent Spawn Event","Lethal","2006-11-20T00:00:00.000","ISSAQUAH HATCHERY","","ISSAQUAH CREEK","","0","255","274","0","0","0","Coho","NA","Issaquah Creek","HATCHERY","2","2006",,"true",,,"false","false",,,"0","0","0"
"Adult Plant Event","","2006-11-20T00:00:00.000","ISSAQUAH HATCHERY","","ISSAQUAH CREEK","","0","10","7","8","0","0","Chinook","Fall","Issaquah Creek","HATCHERY","2","2006",,"true",,,"false","false",,,"0","0","0"
"EggTake","","2006-11-20T00:00:00.000","ISSAQUAH HATCHERY","","ISSAQUAH CREEK","","0","0","0","0","0","765000","Coho","NA","Issaquah Creek","HATCHERY",,"2006",,"false",,,"false","false",,,"0","0","0"
"Adult Plant Event","","2006-11-20T00:00:00.000","ISSAQUAH HATCHERY","","ISSAQUAH CREEK","","0","58","30","0","0","0","Coho","NA","Issaquah Creek","HATCHERY","14","2006",,"true",,,"false","false",,,"0","0","0"
"Adult Plant Event","","2006-11-22T00:00:00.000","ISSAQUAH HATCHERY","","ISSAQUAH CREEK","","0","30","16","3","0","0","Coho","NA","Issaquah Creek","HATCHERY","14","2006",,"true",,,"false","false",,,"0","0","0"
"Adult Plant Event","","2006-11-22T00:00:00.000","ISSAQUAH HATCHERY","","ISSAQUAH CREEK","","0","274","227","35","0","0","Coho","NA","Issaquah Creek","HATCHERY","2","2006",,"true",,,"false","false",,,"0","0","0"
"Adult Mortality Event","","2006-11-22T00:00:00.000","ISSAQUAH HATCHERY","","ISSAQUAH CREEK","","0","7","4","0","0","0","Coho","NA","Issaquah Creek","HATCHERY","14","2006",,"true",,,"false","false",,,"0","0","0"
"Adult Mortality Event","","2006-11-22T00:00:00.000","ISSAQUAH HATCHERY","","ISSAQUAH CREEK","","0","27","57","0","0","0","Coho","NA","Issaquah Creek","HATCHERY","2","2006",,"true",,,"false","false",,,"0","0","0"
"Trap Estimate","","2006-11-25T00:00:00.000","ISSAQUAH HATCHERY","","ISSAQUAH CREEK","","25","0","0","2","0","0","Coho","NA","Issaquah Creek","HATCHERY","28","2006",,"false",,,"false","false",,,"0","0","0"
"Parent Spawn Event","Lethal","2006-11-30T00:00:00.000","ISSAQUAH HATCHERY","","ISSAQUAH CREEK","","0","2","0","0","0","0","Coho","NA","Issaquah Creek","HATCHERY","14","2006",,"true",,,"false","false",,,"0","0","0"
"Trap Estimate","","2006-11-30T00:00:00.000","ISSAQUAH HATCHERY","","ISSAQUAH CREEK","","23","0","0","0","0","0","Coho","NA","Issaquah Creek","HATCHERY","28","2006",,"false",,,"false","false",,,"0","0","0"
"EggTake","","2006-11-30T00:00:00.000","ISSAQUAH HATCHERY","","ISSAQUAH CREEK","","0","0","0","0","0","64600","Coho","NA","Issaquah Creek","HATCHERY",,"2006",,"false",,,"false","false",,,"0","0","0"
"Parent Spawn Event","Lethal","2006-11-30T00:00:00.000","ISSAQUAH HATCHERY","","ISSAQUAH CREEK","","0","22","24","0","0","0","Coho","NA","Issaquah Creek","HATCHERY","2","2006",,"true",,,"false","false",,,"0","0","0"
"Adult Plant Event","","2006-12-04T00:00:00.000","ISSAQUAH HATCHERY","","ISSAQUAH CREEK","","0","30","20","2","0","0","Coho","NA","Issaquah Creek","HATCHERY","28","2006",,"false",,,"false","false",,,"0","0","0"
"Adult Mortality Event","","2007-09-11T00:00:00.000","ISSAQUAH HATCHERY","","ISSAQUAH HATCHERY","","0","0","3","0","0","0","Chinook","Fall","Issaquah Creek","HATCHERY","2","2007",,"true",,,"false","false",,,"0","0","0"
"Trap Estimate","","2007-09-11T00:00:00.000","ISSAQUAH HATCHERY","","ISSAQUAH HATCHERY","","1125","0","0","2","0","0","Chinook","Fall","Issaquah Creek","HATCHERY","28","2007",,"false",,,"false","false",,,"0","0","0"
"Trap Estimate","","2007-09-11T00:00:00.000","ISSAQUAH HATCHERY","","ISSAQUAH HATCHERY","","300","0","0","0","0","0","Chinook","Fall","Issaquah Creek","HATCHERY","28","2007",,"false",,,"false","false",,,"0","0","0"
"Adult Surplus Event","","2007-09-11T00:00:00.000","ISSAQUAH HATCHERY","","ISSAQUAH HATCHERY","","0","52","45","0","0","0","Chinook","Fall","Issaquah Creek","HATCHERY","2","2007",,"true",,,"true","true",,,"52","45","0"
"Adult Surplus Event","","2007-09-11T00:00:00.000","ISSAQUAH HATCHERY","","ISSAQUAH HATCHERY","","0","421","351","2","0","0","Chinook","Fall","Issaquah Creek","HATCHERY","2","2007",,"true",,,"false","false",,,"0","0","0"
"Adult Mortality Event","","2007-09-12T00:00:00.000","ISSAQUAH HATCHERY","","ISSAQUAH HATCHERY","","0","1","6","0","0","0","Chinook","Fall","Issaquah Creek","HATCHERY","2","2007",,"true",,,"false","false",,,"0","0","0"
"Adult Mortality Event","","2007-09-12T00:00:00.000","ISSAQUAH HATCHERY","","ISSAQUAH HATCHERY","","0","1","0","0","0","0","Chinook","Fall","Issaquah Creek","HATCHERY","2","2007",,"true",,,"true","true",,,"1","0","0"
"Adult Mortality Event","","2007-09-12T00:00:00.000","ISSAQUAH HATCHERY","","ISSAQUAH HATCHERY","","0","1","1","0","0","0","Chinook","Fall","Issaquah Creek","HATCHERY","2","2007",,"true",,,"true","true",,,"1","1","0"
"Adult Surplus Event","","2007-09-17T00:00:00.000","ISSAQUAH HATCHERY","","ISSAQUAH HATCHERY","","0","861","406","2","0","0","Chinook","Fall","Issaquah Creek","HATCHERY","2","2007",,"true",,,"false","false",,,"0","0","0"
"Adult Surplus Event","","2007-09-17T00:00:00.000","ISSAQUAH HATCHERY","","ISSAQUAH HATCHERY","","0","116","65","0","0","0","Chinook","Fall","Issaquah Creek","HATCHERY","2","2007",,"true",,,"true","true",,,"116","65","0"
"Trap Estimate","","2007-09-17T00:00:00.000","ISSAQUAH HATCHERY","","ISSAQUAH HATCHERY","","2000","0","0","5","0","0","Chinook","Fall","Issaquah Creek","HATCHERY","28","2007",,"false",,,"false","false",,,"0","0","0"
"Adult Surplus Event","","2007-09-18T00:00:00.000","ISSAQUAH HATCHERY","","ISSAQUAH HATCHERY","","0","121","96","0","0","0","Chinook","Fall","Issaquah Creek","HATCHERY","2","2007",,"true",,,"true","true",,,"121","96","0"
"Adult Surplus Event","","2007-09-18T00:00:00.000","ISSAQUAH HATCHERY","","ISSAQUAH HATCHERY","","0","968","467","0","0","0","Chinook","Fall","Issaquah Creek","HATCHERY","2","2007",,"true",,,"false","false",,,"0","0","0"
"Trap Estimate","","2007-09-18T00:00:00.000","ISSAQUAH HATCHERY","","ISSAQUAH HATCHERY","","2100","0","0","5","0","0","Chinook","Fall","Issaquah Creek","HATCHERY","28","2007",,"false",,,"false","false",,,"0","0","0"
"Trap Estimate","","2007-09-19T00:00:00.000","ISSAQUAH HATCHERY","","ISSAQUAH HATCHERY","","750","0","0","5","0","0","Chinook","Fall","Issaquah Creek","HATCHERY","28","2007",,"false",,,"false","false",,,"0","0","0"
"Adult Mortality Event","","2007-09-19T00:00:00.000","ISSAQUAH HATCHERY","","ISSAQUAH HATCHERY","","0","3","0","0","0","0","Coho","NA","Issaquah Creek","HATCHERY","2","2007",,"true",,,"false","false",,,"0","0","0"
"Adult Surplus Event","","2007-09-19T00:00:00.000","ISSAQUAH HATCHERY","","ISSAQUAH HATCHERY","","0","936","357","8","0","0","Chinook","Fall","Issaquah Creek","HATCHERY","2","2007",,"true",,,"false","false",,,"0","0","0"
"Adult Surplus Event","","2007-09-19T00:00:00.000","ISSAQUAH HATCHERY","","ISSAQUAH HATCHERY","","0","95","66","0","0","0","Chinook","Fall","Issaquah Creek","HATCHERY","2","2007",,"true",,,"true","true",,,"95","66","0"
"Trap Estimate","","2007-09-19T00:00:00.000","ISSAQUAH HATCHERY","","ISSAQUAH HATCHERY","","8","0","0","0","0","0","Coho","NA","Issaquah Creek","HATCHERY","28","2007",,"false",,,"false","false",,,"0","0","0"
"Trap Estimate","","2007-09-19T00:00:00.000","ISSAQUAH HATCHERY","","ISSAQUAH HATCHERY","","1000","0","0","0","0","0","Chinook","Fall","Issaquah Creek","HATCHERY","28","2007",,"false",,,"false","false",,,"0","0","0"
"Adult Mortality Event","","2007-09-19T00:00:00.000","ISSAQUAH HATCHERY","","ISSAQUAH HATCHERY","","0","13","23","0","0","0","Chinook","Fall","Issaquah Creek","HATCHERY","2","2007",,"true",,,"false","false",,,"0","0","0"
"Adult Surplus Event","","2007-09-19T00:00:00.000","ISSAQUAH HATCHERY","","ISSAQUAH HATCHERY","","0","1","0","0","0","0","Chinook","Fall","Issaquah Creek","HATCHERY","14","2007",,"true",,,"true","true",,,"1","0","0"
"Adult Surplus Event","","2007-09-20T00:00:00.000","ISSAQUAH HATCHERY","","ISSAQUAH HATCHERY","","0","63","18","0","0","0","Chinook","Fall","Issaquah Creek","HATCHERY","2","2007",,"true",,,"true","true",,,"63","18","0"
"Adult Mortality Event","","2007-09-20T00:00:00.000","ISSAQUAH HATCHERY","","ISSAQUAH HATCHERY","","0","1","0","0","0","0","Chinook","Fall","Issaquah Creek","HATCHERY","2","2007",,"true",,,"false","false",,,"0","0","0"
"Adult Ship","","2007-09-20T00:00:00.000","ISSAQUAH HATCHERY","","ISSAQUAH HATCHERY","","0","0","0","2","0","0","Chinook","Fall","Issaquah Creek","HATCHERY","2","2007",,"true",,,"false","false",,,"0","0","0"
"Adult Ship","","2007-09-20T00:00:00.000","ISSAQUAH HATCHERY","","ISSAQUAH HATCHERY","","0","1","0","0","0","0","Coho","NA","Issaquah Creek","HATCHERY","2","2007",,"true",,,"false","false",,,"0","0","0"
"Adult Surplus Event","","2007-09-20T00:00:00.000","ISSAQUAH HATCHERY","","ISSAQUAH HATCHERY","","0","507","208","0","0","0","Chinook","Fall","Issaquah Creek","HATCHERY","2","2007",,"true",,,"false","false",,,"0","0","0"
"Adult Ship","","2007-09-21T00:00:00.000","ISSAQUAH HATCHERY","","ISSAQUAH HATCHERY","","0","0","2","0","0","0","Coho","NA","Issaquah Creek","HATCHERY","2","2007",,"true",,,"false","false",,,"0","0","0"
"Adult Ship","","2007-09-21T00:00:00.000","ISSAQUAH HATCHERY","","ISSAQUAH HATCHERY","","0","1","0","2","0","0","Chinook","Fall","Issaquah Creek","HATCHERY","2","2007",,"true",,,"false","false",,,"0","0","0"
"Adult Ship","","2007-09-22T00:00:00.000","ISSAQUAH HATCHERY","","ISSAQUAH HATCHERY","","0","0","3","0","0","0","Coho","NA","Issaquah Creek","HATCHERY","2","2007",,"true",,,"false","false",,,"0","0","0"
"Trap Estimate","","2007-09-22T00:00:00.000","ISSAQUAH HATCHERY","","ISSAQUAH HATCHERY","","3","0","0","0","0","0","Coho","NA","Issaquah Creek","HATCHERY","28","2007",,"false",,,"false","false",,,"0","0","0"
"Adult Ship","","2007-09-22T00:00:00.000","ISSAQUAH HATCHERY","","ISSAQUAH HATCHERY","","0","1","0","0","0","0","Chinook","Fall","Issaquah Creek","HATCHERY","2","2007",,"true",,,"false","false",,,"0","0","0"
"EggTake","","2007-09-25T00:00:00.000","ISSAQUAH HATCHERY","","ISSAQUAH HATCHERY","","0","0","0","0","0","720000","Chinook","Fall","Issaquah Creek","HATCHERY",,"2007",,"false",,,"false","false",,,"0","0","0"
"Adult Mortality Event","","2007-09-25T00:00:00.000","ISSAQUAH HATCHERY","","ISSAQUAH HATCHERY","","0","2","2","0","0","0","Chinook","Fall","Issaquah Creek","HATCHERY","2","2007",,"true",,,"true","true",,,"17","25","0"
"Adult Surplus Event","","2007-09-25T00:00:00.000","ISSAQUAH HATCHERY","","ISSAQUAH HATCHERY","","0","22","69","1","0","0","Chinook","Fall","Issaquah Creek","HATCHERY","2","2007",,"true",,,"false","false",,,"0","0","0"
"Parent Spawn Event","Lethal","2007-09-25T00:00:00.000","ISSAQUAH HATCHERY","","ISSAQUAH HATCHERY","","0","64","28","0","0","0","Chinook","Fall","Issaquah Creek","HATCHERY","14","2007",,"true",,,"false","false",,,"0","0","0"
"Parent Spawn Event","Lethal","2007-09-25T00:00:00.000","ISSAQUAH HATCHERY","","ISSAQUAH HATCHERY","","0","101","109","0","0","0","Chinook","Fall","Issaquah Creek","HATCHERY","2","2007",,"true",,,"false","false",,,"0","0","0"
"Parent Spawn Event","Lethal","2007-09-25T00:00:00.000","ISSAQUAH HATCHERY","","ISSAQUAH HATCHERY","","0","1","0","0","0","0","Chinook","Fall","Issaquah Creek","HATCHERY","14","2007",,"true",,,"true","true",,,"1","0","0"
"Trap Estimate","","2007-09-25T00:00:00.000","ISSAQUAH HATCHERY","","ISSAQUAH HATCHERY","","1500","0","0","5","0","0","Chinook","Fall","Issaquah Creek","HATCHERY","28","2007",,"false",,,"false","false",,,"0","0","0"
"Adult Mortality Event","","2007-09-25T00:00:00.000","ISSAQUAH HATCHERY","","ISSAQUAH HATCHERY","","0","1","4","0","0","0","Chinook","Fall","Issaquah Creek","HATCHERY","14","2007",,"true",,,"false","false",,,"0","0","0"
"Parent Spawn Event","Lethal","2007-09-25T00:00:00.000","ISSAQUAH HATCHERY","","ISSAQUAH HATCHERY","","0","12","17","0","0","0","Chinook","Fall","Issaquah Creek","HATCHERY","2","2007",,"true",,,"true","true",,,"0","0","0"
"Adult Surplus Event","","2007-09-25T00:00:00.000","ISSAQUAH HATCHERY","","ISSAQUAH HATCHERY","","0","3","6","0","0","0","Chinook","Fall","Issaquah Creek","HATCHERY","2","2007",,"true",,,"true","true",,,"0","0","0"
"Adult Mortality Event","","2007-09-25T00:00:00.000","ISSAQUAH HATCHERY","","ISSAQUAH HATCHERY","","0","4","12","0","0","0","Chinook","Fall","Issaquah Creek","HATCHERY","2","2007",,"true",,,"false","false",,,"0","0","0"
"Adult Mortality Event","","2007-09-26T00:00:00.000","ISSAQUAH HATCHERY","","ISSAQUAH HATCHERY","","0","0","1","0","0","0","Chinook","Fall","Issaquah Creek","HATCHERY","2","2007",,"true",,,"true","true",,,"0","1","0"
"Trap Estimate","","2007-09-26T00:00:00.000","ISSAQUAH HATCHERY","","ISSAQUAH HATCHERY","","461","0","0","0","0","0","Chinook","Fall","Issaquah Creek","HATCHERY","28","2007",,"false",,,"false","false",,,"0","0","0"
"Adult Surplus Event","","2007-09-26T00:00:00.000","ISSAQUAH HATCHERY","","ISSAQUAH HATCHERY","","0","813","594","0","0","0","Chinook","Fall","Issaquah Creek","HATCHERY","2","2007",,"true",,,"false","false",,,"0","0","0"
"Adult Mortality Event","","2007-09-26T00:00:00.000","ISSAQUAH HATCHERY","","ISSAQUAH HATCHERY","","0","14","20","0","0","0","Chinook","Fall","Issaquah Creek","HATCHERY","2","2007",,"true",,,"false","false",,,"0","0","0"
"Adult Mortality Event","","2007-09-26T00:00:00.000","ISSAQUAH HATCHERY","","ISSAQUAH HATCHERY","","0","1","5","0","0","0","Chinook","Fall","Issaquah Creek","HATCHERY","2","2007",,"true",,,"true","true",,,"0","0","0"
"Adult Mortality Event","","2007-09-26T00:00:00.000","ISSAQUAH HATCHERY","","ISSAQUAH HATCHERY","","0","0","1","0","0","0","Chinook","Fall","Issaquah Creek","HATCHERY","14","2007",,"true",,,"true","true",,,"0","1","0"
"Adult Surplus Event","","2007-09-26T00:00:00.000","ISSAQUAH HATCHERY","","ISSAQUAH HATCHERY","","0","92","86","2","0","0","Chinook","Fall","Issaquah Creek","HATCHERY","2","2007",,"true",,,"true","true",,,"93","91","2"
"Adult Surplus Event","","2007-10-01T00:00:00.000","ISSAQUAH HATCHERY","","ISSAQUAH HATCHERY","","0","0","2","0","0","0","Chinook","Fall","Issaquah Creek","HATCHERY","2","2007",,"true",,,"false","false",,,"0","0","0"
"Adult Mortality Event","","2007-10-02T00:00:00.000","ISSAQUAH HATCHERY","","ISSAQUAH HATCHERY","","0","7","8","0","0","0","Chinook","Fall","Issaquah Creek","HATCHERY","14","2007",,"true",,,"false","false",,,"0","0","0"
"Parent Spawn Event","Lethal","2007-10-02T00:00:00.000","ISSAQUAH HATCHERY","","ISSAQUAH HATCHERY","","0","30","91","0","12","0","Chinook","Fall","Issaquah Creek","HATCHERY","2","2007",,"true",,,"false","false",,,"0","0","0"
"Trap Estimate","","2007-10-02T00:00:00.000","ISSAQUAH HATCHERY","","ISSAQUAH HATCHERY","","1100","0","0","24","0","0","Chinook","Fall","Issaquah Creek","HATCHERY","28","2007",,"false",,,"false","false",,,"0","0","0"
"Adult Surplus Event","","2007-10-02T00:00:00.000","ISSAQUAH HATCHERY","","ISSAQUAH HATCHERY","","0","1","0","0","0","0","Chinook","Fall","Issaquah Creek","HATCHERY","2","2007",,"true",,,"false","false",,,"0","0","0"
"Adult Mortality Event","","2007-10-02T00:00:00.000","ISSAQUAH HATCHERY","","ISSAQUAH HATCHERY","","0","1","0","0","0","0","Chinook","Fall","Issaquah Creek","HATCHERY","14","2007",,"true",,,"true","true",,,"1","0","0"
"Adult Mortality Event","","2007-10-02T00:00:00.000","ISSAQUAH HATCHERY","","ISSAQUAH HATCHERY","","0","10","40","0","0","0","Chinook","Fall","Issaquah Creek","HATCHERY","2","2007",,"true",,,"false","false",,,"0","0","0"
"Adult Surplus Event","","2007-10-02T00:00:00.000","ISSAQUAH HATCHERY","","ISSAQUAH HATCHERY","","0","1","0","0","0","0","Chinook","Fall","Issaquah Creek","HATCHERY","28","2007",,"true",,,"false","false",,,"0","0","0"
"EggTake","","2007-10-02T00:00:00.000","ISSAQUAH HATCHERY","","ISSAQUAH HATCHERY","","0","0","0","0","0","632000","Chinook","Fall","Issaquah Creek","HATCHERY",,"2007",,"false",,,"false","false",,,"0","0","0"
"Adult Surplus Event","","2007-10-02T00:00:00.000","ISSAQUAH HATCHERY","","ISSAQUAH HATCHERY","","0","2","1","0","0","0","Chinook","Fall","Issaquah Creek","HATCHERY","2","2007",,"true",,,"false","false",,,"0","0","0"
"Adult Mortality Event","","2007-10-02T00:00:00.000","ISSAQUAH HATCHERY","","ISSAQUAH HATCHERY","","0","4","2","0","0","0","Chinook","Fall","Issaquah Creek","HATCHERY","2","2007",,"true",,,"true","true",,,"0","0","0"
"Parent Spawn Event","Lethal","2007-10-02T00:00:00.000","ISSAQUAH HATCHERY","","ISSAQUAH HATCHERY","","0","95","34","0","0","0","Chinook","Fall","Issaquah Creek","HATCHERY","14","2007",,"true",,,"false","false",,,"0","0","0"
"Adult Surplus Event","","2007-10-02T00:00:00.000","ISSAQUAH HATCHERY","","ISSAQUAH HATCHERY","","0","39","39","1","0","0","Chinook","Fall","Issaquah Creek","HATCHERY","2","2007",,"true",,,"true","true",,,"43","41","1"
"Adult Surplus Event","","2007-10-02T00:00:00.000","ISSAQUAH HATCHERY","","ISSAQUAH HATCHERY","","0","351","181","10","0","0","Chinook","Fall","Issaquah Creek","HATCHERY","2","2007",,"true",,,"false","false",,,"0","0","0"
"Adult Mortality Event","","2007-10-03T00:00:00.000","ISSAQUAH HATCHERY","","ISSAQUAH HATCHERY","","0","0","2","0","0","0","Coho","NA","Issaquah Creek","HATCHERY","2","2007",,"true",,,"false","false",,,"0","0","0"
"Adult Mortality Event","","2007-10-03T00:00:00.000","ISSAQUAH HATCHERY","","ISSAQUAH HATCHERY","","0","8","28","1","0","0","Chinook","Fall","Issaquah Creek","HATCHERY","2","2007",,"true",,,"false","false",,,"0","0","0"
"Adult Surplus Event","","2007-10-03T00:00:00.000","ISSAQUAH HATCHERY","","ISSAQUAH HATCHERY","","0","532","433","0","0","0","Chinook","Fall","Issaquah Creek","HATCHERY","2","2007",,"true",,,"false","false",,,"0","0","0"
"Trap Estimate","","2007-10-03T00:00:00.000","ISSAQUAH HATCHERY","","ISSAQUAH HATCHERY","","200","0","0","0","0","0","Coho","NA","Issaquah Creek","HATCHERY","28","2007",,"false",,,"false","false",,,"0","0","0"
"Adult Surplus Event","","2007-10-03T00:00:00.000","ISSAQUAH HATCHERY","","ISSAQUAH HATCHERY","","0","52","55","0","0","0","Chinook","Fall","Issaquah Creek","HATCHERY","2","2007",,"true",,,"true","true",,,"52","55","0"
"Trap Estimate","","2007-10-03T00:00:00.000","ISSAQUAH HATCHERY","","ISSAQUAH HATCHERY","","1600","0","0","0","0","0","Chinook","Fall","Issaquah Creek","HATCHERY","28","2007",,"false",,,"false","false",,,"0","0","0"
"Adult Mortality Event","","2007-10-03T00:00:00.000","ISSAQUAH HATCHERY","","ISSAQUAH HATCHERY","","0","1","3","4","0","0","Chinook","Fall","Issaquah Creek","HATCHERY","2","2007",,"true",,,"false","false",,,"0","0","0"
"Adult Surplus Event","","2007-10-09T00:00:00.000","ISSAQUAH HATCHERY","","ISSAQUAH HATCHERY","","0","19","22","0","0","0","Chinook","Fall","Issaquah Creek","HATCHERY","2","2007",,"true",,,"true","true",,,"0","0","0"
"Adult Mortality Event","","2007-10-09T00:00:00.000","ISSAQUAH HATCHERY","","ISSAQUAH HATCHERY","","0","5","6","1","0","0","Chinook","Fall","Issaquah Creek","HATCHERY","14","2007",,"true",,,"false","false",,,"0","0","0"
"Parent Spawn Event","Lethal","2007-10-09T00:00:00.000","ISSAQUAH HATCHERY","","ISSAQUAH HATCHERY","","0","92","51","0","0","0","Chinook","Fall","Issaquah Creek","HATCHERY","14","2007",,"true",,,"false","false",,,"0","0","0"
"Adult Mortality Event","","2007-10-09T00:00:00.000","ISSAQUAH HATCHERY","","ISSAQUAH HATCHERY","","0","1","0","0","0","0","Chinook","Fall","Issaquah Creek","HATCHERY","14","2007",,"true",,,"true","true",,,"1","0","0"
"Adult Mortality Event","","2007-10-09T00:00:00.000","ISSAQUAH HATCHERY","","ISSAQUAH HATCHERY","","0","5","17","1","0","0","Chinook","Fall","Issaquah Creek","HATCHERY","2","2007",,"true",,,"false","false",,,"0","0","0"
"Trap Estimate","","2007-10-09T00:00:00.000","ISSAQUAH HATCHERY","","ISSAQUAH HATCHERY","","300","0","0","0","0","0","Coho","NA","Issaquah Creek","HATCHERY","28","2007",,"false",,,"false","false",,,"0","0","0"
"Adult Surplus Event","","2007-10-09T00:00:00.000","ISSAQUAH HATCHERY","","ISSAQUAH HATCHERY","","0","7","23","0","0","0","Coho","NA","Issaquah Creek","HATCHERY","2","2007",,"true",,,"false","false",,,"0","0","0"
"Adult Surplus Event","","2007-10-09T00:00:00.000","ISSAQUAH HATCHERY","","ISSAQUAH HATCHERY","","0","0","1","0","0","0","Chinook","Fall","Issaquah Creek","HATCHERY","28","2007",,"true",,,"false","false",,,"0","0","0"
"EggTake","","2007-10-09T00:00:00.000","ISSAQUAH HATCHERY","","ISSAQUAH HATCHERY","","0","0","0","0","0","544000","Chinook","Fall","Issaquah Creek","HATCHERY",,"2007",,"false",,,"false","false",,,"0","0","0"
"Trap Estimate","","2007-10-09T00:00:00.000","ISSAQUAH HATCHERY","","ISSAQUAH HATCHERY","","500","0","0","0","0","0","Chinook","Fall","Issaquah Creek","HATCHERY","28","2007",,"false",,,"false","false",,,"0","0","0"
"Adult Surplus Event","","2007-10-09T00:00:00.000","ISSAQUAH HATCHERY","","ISSAQUAH HATCHERY","","0","257","199","0","0","0","Chinook","Fall","Issaquah Creek","HATCHERY","2","2007",,"true",,,"false","false",,,"0","0","0"
"Parent Spawn Event","Lethal","2007-10-09T00:00:00.000","ISSAQUAH HATCHERY","","ISSAQUAH HATCHERY","","0","8","10","0","0","0","Chinook","Fall","Issaquah Creek","HATCHERY","2","2007",,"true",,,"true","true",,,"27","33","1"
"Adult Mortality Event","","2007-10-09T00:00:00.000","ISSAQUAH HATCHERY","","ISSAQUAH HATCHERY","","0","0","1","1","0","0","Chinook","Fall","Issaquah Creek","HATCHERY","2","2007",,"true",,,"true","true",,,"0","0","0"
"Parent Spawn Event","Lethal","2007-10-09T00:00:00.000","ISSAQUAH HATCHERY","","ISSAQUAH HATCHERY","","0","25","66","2","4","0","Chinook","Fall","Issaquah Creek","HATCHERY","2","2007",,"true",,,"false","false",,,"0","0","0"
"Adult Mortality Event","","2007-10-10T00:00:00.000","ISSAQUAH HATCHERY","","ISSAQUAH HATCHERY","","0","1","1","0","0","0","Chinook","Fall","Issaquah Creek","HATCHERY","14","2007",,"true",,,"true","true",,,"1","1","0"
"Trap Estimate","","2007-10-10T00:00:00.000","ISSAQUAH HATCHERY","","ISSAQUAH HATCHERY","","600","0","0","0","0","0","Chinook","Fall","Issaquah Creek","HATCHERY","28","2007",,"false",,,"false","false",,,"0","0","0"
"Adult Surplus Event","","2007-10-10T00:00:00.000","ISSAQUAH HATCHERY","","ISSAQUAH HATCHERY","","0","1","1","0","0","0","Chinook","Fall","Issaquah Creek","HATCHERY","2","2007",,"true",,,"false","false",,,"0","0","0"
"Trap Estimate","","2007-10-10T00:00:00.000","ISSAQUAH HATCHERY","","ISSAQUAH HATCHERY","","75","0","0","0","0","0","Coho","NA","Issaquah Creek","HATCHERY","28","2007",,"false",,,"false","false",,,"0","0","0"
"Adult Mortality Event","","2007-10-10T00:00:00.000","ISSAQUAH HATCHERY","","ISSAQUAH HATCHERY","","0","3","1","0","0","0","Chinook","Fall","Issaquah Creek","HATCHERY","2","2007",,"true",,,"true","true",,,"3","1","0"
"Adult Mortality Event","","2007-10-10T00:00:00.000","ISSAQUAH HATCHERY","","ISSAQUAH HATCHERY","","0","28","30","1","0","0","Chinook","Fall","Issaquah Creek","HATCHERY","2","2007",,"true",,,"false","false",,,"0","0","0"
"Adult Mortality Event","","2007-10-10T00:00:00.000","ISSAQUAH HATCHERY","","ISSAQUAH HATCHERY","","0","0","4","0","0","0","Coho","NA","Issaquah Creek","HATCHERY","2","2007",,"true",,,"false","false",,,"0","0","0"
"Adult Surplus Event","","2007-10-10T00:00:00.000","ISSAQUAH HATCHERY","","ISSAQUAH HATCHERY","","0","51","37","0","0","0","Chinook","Fall","Issaquah Creek","HATCHERY","2","2007",,"true",,,"true","true",,,"51","37","0"
"Adult Surplus Event","","2007-10-10T00:00:00.000","ISSAQUAH HATCHERY","","ISSAQUAH HATCHERY","","0","398","366","0","0","0","Chinook","Fall","Issaquah Creek","HATCHERY","2","2007",,"true",,,"false","false",,,"0","0","0"
"Adult Surplus Event","","2007-10-15T00:00:00.000","ISSAQUAH HATCHERY","","ISSAQUAH HATCHERY","","0","0","1","0","0","0","Chinook","Fall","Issaquah Creek","HATCHERY","14","2007",,"true",,,"true","true",,,"0","0","0"
"Adult Mortality Event","","2007-10-15T00:00:00.000","ISSAQUAH HATCHERY","","ISSAQUAH HATCHERY","","0","1","0","0","0","0","Chinook","Fall","Issaquah Creek","HATCHERY","14","2007",,"true",,,"true","true",,,"1","1","0"
"Adult Mortality Event","","2007-10-15T00:00:00.000","ISSAQUAH HATCHERY","","ISSAQUAH HATCHERY","","0","1","2","0","0","0","Coho","NA","Issaquah Creek","HATCHERY","2","2007",,"true",,,"false","false",,,"0","0","0"
"Adult Mortality Event","","2007-10-15T00:00:00.000","ISSAQUAH HATCHERY","","ISSAQUAH HATCHERY","","0","2","4","0","0","0","Chinook","Fall","Issaquah Creek","HATCHERY","2","2007",,"true",,,"true","true",,,"8","13","2"
"Adult Mortality Event","","2007-10-15T00:00:00.000","ISSAQUAH HATCHERY","","ISSAQUAH HATCHERY","","0","5","18","1","0","0","Chinook","Fall","Issaquah Creek","HATCHERY","2","2007",,"true",,,"false","false",,,"0","0","0"
"Adult Mortality Event","","2007-10-15T00:00:00.000","ISSAQUAH HATCHERY","","ISSAQUAH HATCHERY","","0","5","6","0","0","0","Chinook","Fall","Issaquah Creek","HATCHERY","14","2007",,"true",,,"false","false",,,"0","0","0"
"Adult Surplus Event","","2007-10-15T00:00:00.000","ISSAQUAH HATCHERY","","ISSAQUAH HATCHERY","","0","99","86","0","0","0","Chinook","Fall","Issaquah Creek","HATCHERY","2","2007",,"true",,,"false","false",,,"0","0","0"
"Adult Surplus Event","","2007-10-15T00:00:00.000","ISSAQUAH HATCHERY","","ISSAQUAH HATCHERY","","0","6","9","2","0","0","Chinook","Fall","Issaquah Creek","HATCHERY","2","2007",,"true",,,"true","true",,,"0","0","0"
"Adult Plant Event","","2007-10-16T00:00:00.000","ISSAQUAH HATCHERY","","ISSAQUAH HATCHERY","","0","59","33","0","0","0","Chinook","Fall","Issaquah Creek","HATCHERY","14","2007",,"true",,,"false","false",,,"0","0","0"
"Adult Surplus Event","","2007-10-16T00:00:00.000","ISSAQUAH HATCHERY","","ISSAQUAH HATCHERY","","0","13","27","0","0","0","Chinook","Fall","Issaquah Creek","HATCHERY","2","2007",,"true",,,"true","true",,,"0","0","0"
"EggTake","","2007-10-16T00:00:00.000","ISSAQUAH HATCHERY","","ISSAQUAH HATCHERY","","0","0","0","0","0","544000","Chinook","Fall","Issaquah Creek","HATCHERY",,"2007",,"false",,,"false","false",,,"0","0","0"
"Parent Spawn Event","Lethal","2007-10-16T00:00:00.000","ISSAQUAH HATCHERY","","ISSAQUAH HATCHERY","","0","1","10","0","0","0","Chinook","Fall","Issaquah Creek","HATCHERY","2","2007",,"true",,,"true","true",,,"14","37","0"
"Adult Mortality Event","","2007-10-16T00:00:00.000","ISSAQUAH HATCHERY","","ISSAQUAH HATCHERY","","0","3","17","1","0","0","Chinook","Fall","Issaquah Creek","HATCHERY","2","2007",,"true",,,"false","false",,,"0","0","0"
"Adult Surplus Event","","2007-10-16T00:00:00.000","ISSAQUAH HATCHERY","","ISSAQUAH HATCHERY","","0","14","14","0","0","0","Coho","NA","Issaquah Creek","HATCHERY","2","2007",,"true",,,"false","false",,,"0","0","0"
"Adult Surplus Event","","2007-10-16T00:00:00.000","ISSAQUAH HATCHERY","","ISSAQUAH HATCHERY","","0","151","91","0","0","0","Chinook","Fall","Issaquah Creek","HATCHERY","2","2007",,"true",,,"false","false",,,"0","0","0"
"Adult Mortality Event","","2007-10-16T00:00:00.000","ISSAQUAH HATCHERY","","ISSAQUAH HATCHERY","","0","1","8","0","0","0","Coho","NA","Issaquah Creek","HATCHERY","2","2007",,"true",,,"false","false",,,"0","0","0"
"Adult Mortality Event","","2007-10-16T00:00:00.000","ISSAQUAH HATCHERY","","ISSAQUAH HATCHERY","","0","7","5","0","0","0","Chinook","Fall","Issaquah Creek","HATCHERY","14","2007",,"true",,,"false","false",,,"0","0","0"
"Parent Spawn Event","Lethal","2007-10-16T00:00:00.000","ISSAQUAH HATCHERY","","ISSAQUAH HATCHERY","","0","83","15","0","8","0","Chinook","Fall","Issaquah Creek","HATCHERY","2","2007",,"true",,,"false","false",,,"0","0","0"
"Trap Estimate","","2007-10-16T00:00:00.000","ISSAQUAH HATCHERY","","ISSAQUAH HATCHERY","","24","0","0","3","0","0","Chinook","Fall","Issaquah Creek","HATCHERY","28","2007",,"false",,,"false","false",,,"0","0","0"
"Trap Estimate","","2007-10-16T00:00:00.000","ISSAQUAH HATCHERY","","ISSAQUAH HATCHERY","","55","0","0","0","0","0","Chinook","Fall","Issaquah Creek","HATCHERY","28","2007",,"false",,,"false","false",,,"0","0","0"
"Parent Spawn Event","Lethal","2007-10-16T00:00:00.000","ISSAQUAH HATCHERY","","ISSAQUAH HATCHERY","","0","56","113","0","0","0","Chinook","Fall","Issaquah Creek","HATCHERY","14","2007",,"true",,,"false","false",,,"0","0","0"
"Adult Surplus Event","","2007-10-17T00:00:00.000","ISSAQUAH HATCHERY","","ISSAQUAH HATCHERY","","0","5","0","0","0","0","Coho","NA","Issaquah Creek","HATCHERY","2","2007",,"true",,,"false","false",,,"0","0","0"
"Adult Mortality Event","","2007-10-17T00:00:00.000","ISSAQUAH HATCHERY","","ISSAQUAH HATCHERY","","0","17","9","0","0","0","Chinook","Fall","Issaquah Creek","HATCHERY","14","2007",,"true",,,"false","false",,,"0","0","0"
"Adult Mortality Event","","2007-10-17T00:00:00.000","ISSAQUAH HATCHERY","","ISSAQUAH HATCHERY","","0","1","1","0","0","0","Chinook","Fall","Issaquah Creek","HATCHERY","14","2007",,"true",,,"true","true",,,"1","1","0"
"Adult Mortality Event","","2007-10-17T00:00:00.000","ISSAQUAH HATCHERY","","ISSAQUAH HATCHERY","","0","5","17","3","0","0","Chinook","Fall","Issaquah Creek","HATCHERY","2","2007",,"true",,,"false","false",,,"0","0","0"
"Adult Surplus Event","","2007-10-17T00:00:00.000","ISSAQUAH HATCHERY","","ISSAQUAH HATCHERY","","0","0","1","0","0","0","Coho","NA","Issaquah Creek","HATCHERY","2","2007",,"true",,,"false","false",,,"0","0","0"
"Adult Mortality Event","","2007-10-17T00:00:00.000","ISSAQUAH HATCHERY","","ISSAQUAH HATCHERY","","0","0","5","0","0","0","Chinook","Fall","Issaquah Creek","HATCHERY","2","2007",,"true",,,"true","true",,,"0","5","0"
"Trap Estimate","","2007-10-17T00:00:00.000","ISSAQUAH HATCHERY","","ISSAQUAH HATCHERY","","25","0","0","2","0","0","Chinook","Fall","Issaquah Creek","HATCHERY","28","2007",,"false",,,"false","false",,,"0","0","0"
"Adult Surplus Event","","2007-10-23T00:00:00.000","ISSAQUAH HATCHERY","","ISSAQUAH HATCHERY","","0","5","5","0","0","0","Coho","NA","Issaquah Creek","HATCHERY","2","2007",,"true",,,"false","false",,,"0","0","0"
"Adult Mortality Event","","2007-10-23T00:00:00.000","ISSAQUAH HATCHERY","","ISSAQUAH HATCHERY","","0","5","24","0","0","0","Coho","NA","Issaquah Creek","HATCHERY","2","2007",,"true",,,"false","false",,,"0","0","0"
"Adult Mortality Event","","2007-10-23T00:00:00.000","ISSAQUAH HATCHERY","","ISSAQUAH HATCHERY","","0","0","1","0","0","0","Chinook","Fall","Issaquah Creek","HATCHERY","2","2007",,"true",,,"true","true",,,"0","12","0"
"Adult Surplus Event","","2007-10-23T00:00:00.000","ISSAQUAH HATCHERY","","ISSAQUAH HATCHERY","","0","2","0","0","0","0","Coho","NA","Issaquah Creek","HATCHERY","2","2007",,"true",,,"true","true",,,"2","0","0"
"Trap Estimate","","2007-10-23T00:00:00.000","ISSAQUAH HATCHERY","","ISSAQUAH HATCHERY","","1167","0","0","10","0","0","Coho","NA","Issaquah Creek","HATCHERY","28","2007",,"false",,,"false","false",,,"0","0","0"
"Adult Surplus Event","","2007-10-23T00:00:00.000","ISSAQUAH HATCHERY","","ISSAQUAH HATCHERY","","0","81","104","0","0","0","Chinook","Fall","Issaquah Creek","HATCHERY","2","2007",,"true",,,"false","false",,,"0","0","0"
"Adult Mortality Event","","2007-10-23T00:00:00.000","ISSAQUAH HATCHERY","","ISSAQUAH HATCHERY","","0","2","0","0","0","0","Chinook","Fall","Issaquah Creek","HATCHERY","14","2007",,"true",,,"false","false",,,"0","0","0"
"Adult Mortality Event","","2007-10-23T00:00:00.000","ISSAQUAH HATCHERY","","ISSAQUAH HATCHERY","","0","5","24","0","0","0","Coho","NA","Issaquah Creek","HATCHERY","2","2007",,"true",,,"false","false",,,"0","0","0"
"Adult Surplus Event","","2007-10-23T00:00:00.000","ISSAQUAH HATCHERY","","ISSAQUAH HATCHERY","","0","3","3","0","0","0","Coho","NA","Issaquah Creek","HATCHERY","2","2007",,"true",,,"false","false",,,"0","0","0"
"Adult Surplus Event","","2007-10-23T00:00:00.000","ISSAQUAH HATCHERY","","ISSAQUAH HATCHERY","","0","301","282","0","0","0","Coho","NA","Issaquah Creek","HATCHERY","2","2007",,"true",,,"false","false",,,"0","0","0"
"Adult Mortality Event","","2007-10-23T00:00:00.000","ISSAQUAH HATCHERY","","ISSAQUAH HATCHERY","","0","0","1","0","0","0","Coho","NA","Issaquah Creek","HATCHERY","14","2007",,"true",,,"false","false",,,"0","0","0"
"Adult Surplus Event","","2007-10-23T00:00:00.000","ISSAQUAH HATCHERY","","ISSAQUAH HATCHERY","","0","0","11","0","0","0","Chinook","Fall","Issaquah Creek","HATCHERY","2","2007",,"true",,,"true","true",,,"0","0","0"
"Adult Plant Event","","2007-10-23T00:00:00.000","ISSAQUAH HATCHERY","","ISSAQUAH HATCHERY","","0","39","24","0","0","0","Chinook","Fall","Issaquah Creek","HATCHERY","14","2007",,"true",,,"false","false",,,"0","0","0"
"Adult Surplus Event","","2007-10-23T00:00:00.000","ISSAQUAH HATCHERY","","ISSAQUAH HATCHERY","","0","5","5","0","0","0","Chinook","Fall","Issaquah Creek","HATCHERY","2","2007",,"true",,,"false","false",,,"0","0","0"
"Trap Estimate","","2007-10-23T00:00:00.000","ISSAQUAH HATCHERY","","ISSAQUAH HATCHERY","","261","0","0","0","0","0","Chinook","Fall","Issaquah Creek","HATCHERY","28","2007",,"false",,,"false","false",,,"0","0","0"
"Adult Mortality Event","","2007-10-23T00:00:00.000","ISSAQUAH HATCHERY","","ISSAQUAH HATCHERY","","0","1","0","0","0","0","Chinook","Fall","Issaquah Creek","HATCHERY","2","2007",,"true",,,"false","false",,,"0","0","0"
"Adult Mortality Event","","2007-10-24T00:00:00.000","ISSAQUAH HATCHERY","","ISSAQUAH HATCHERY","","0","1","2","0","0","0","Chinook","Fall","Issaquah Creek","HATCHERY","2","2007",,"true",,,"false","false",,,"0","0","0"
"Adult Mortality Event","","2007-10-24T00:00:00.000","ISSAQUAH HATCHERY","","ISSAQUAH HATCHERY","","0","1","1","0","0","0","Coho","NA","Issaquah Creek","HATCHERY","2","2007",,"true",,,"false","false",,,"0","0","0"
"Trap Estimate","","2007-10-30T00:00:00.000","ISSAQUAH HATCHERY","","ISSAQUAH HATCHERY","","50","0","0","21","0","0","Coho","NA","Issaquah Creek","HATCHERY","28","2007",,"false",,,"false","false",,,"0","0","0"
"Parent Spawn Event","Lethal","2007-10-30T00:00:00.000","ISSAQUAH HATCHERY","","ISSAQUAH HATCHERY","","0","119","138","2","20","0","Coho","NA","Issaquah Creek","HATCHERY","2","2007",,"true",,,"false","false",,,"0","0","0"
"Adult Surplus Event","","2007-10-30T00:00:00.000","ISSAQUAH HATCHERY","","ISSAQUAH HATCHERY","","0","0","0","26","0","0","Coho","NA","Issaquah Creek","HATCHERY","2","2007",,"true",,,"false","false",,,"0","0","0"
"EggTake","","2007-10-30T00:00:00.000","ISSAQUAH HATCHERY","","ISSAQUAH HATCHERY","","0","0","0","0","0","360000","Coho","NA","Issaquah Creek","HATCHERY",,"2007",,"false",,,"false","false",,,"0","0","0"
"Adult Mortality Event","","2007-10-30T00:00:00.000","ISSAQUAH HATCHERY","","ISSAQUAH HATCHERY","","0","0","1","0","0","0","Coho","NA","Issaquah Creek","HATCHERY","14","2007",,"true",,,"false","false",,,"0","0","0"
"Adult Plant Event","","2007-10-30T00:00:00.000","ISSAQUAH HATCHERY","","ISSAQUAH HATCHERY","","0","8","12","2","0","0","Chinook","Fall","Issaquah Creek","HATCHERY","14","2007",,"true",,,"false","false",,,"0","0","0"
"Trap Estimate","","2007-10-30T00:00:00.000","ISSAQUAH HATCHERY","","ISSAQUAH HATCHERY","","30","0","0","0","0","0","Chinook","Fall","Issaquah Creek","HATCHERY","28","2007",,"false",,,"false","false",,,"0","0","0"
"Parent Spawn Event","Lethal","2007-10-30T00:00:00.000","ISSAQUAH HATCHERY","","ISSAQUAH HATCHERY","","0","64","24","1","3","0","Coho","NA","Issaquah Creek","HATCHERY","14","2007",,"true",,,"false","false",,,"0","0","0"
"Adult Mortality Event","","2007-10-30T00:00:00.000","ISSAQUAH HATCHERY","","ISSAQUAH HATCHERY","","0","4","12","0","0","0","Coho","NA","Issaquah Creek","HATCHERY","2","2007",,"true",,,"false","false",,,"0","0","0"
"Adult Surplus Event","","2007-10-31T00:00:00.000","ISSAQUAH HATCHERY","","ISSAQUAH HATCHERY","","0","2","1","0","0","0","Coho","NA","Issaquah Creek","HATCHERY","2","2007",,"true",,,"false","false",,,"0","0","0"
"Adult Mortality Event","","2007-10-31T00:00:00.000","ISSAQUAH HATCHERY","","ISSAQUAH HATCHERY","","0","0","1","0","0","0","Chinook","Fall","Issaquah Creek","HATCHERY","2","2007",,"true",,,"false","false",,,"0","0","0"
"Adult Mortality Event","","2007-10-31T00:00:00.000","ISSAQUAH HATCHERY","","ISSAQUAH HATCHERY","","0","0","1","0","0","0","Coho","NA","Issaquah Creek","HATCHERY","14","2007",,"true",,,"false","false",,,"0","0","0"
"Adult Mortality Event","","2007-10-31T00:00:00.000","ISSAQUAH HATCHERY","","ISSAQUAH HATCHERY","","0","7","10","2","0","0","Coho","NA","Issaquah Creek","HATCHERY","2","2007",,"true",,,"false","false",,,"0","0","0"
"Parent Spawn Event","Lethal","2007-11-06T00:00:00.000","ISSAQUAH HATCHERY","","ISSAQUAH HATCHERY","","0","33","17","0","0","0","Coho","NA","Issaquah Creek","HATCHERY","14","2007",,"true",,,"false","false",,,"0","0","0"
"Adult Surplus Event","","2007-11-06T00:00:00.000","ISSAQUAH HATCHERY","","ISSAQUAH HATCHERY","","0","2","2","0","0","0","Coho","NA","Issaquah Creek","HATCHERY","2","2007",,"true",,,"false","false",,,"0","0","0"
"EggTake","","2007-11-06T00:00:00.000","ISSAQUAH HATCHERY","","ISSAQUAH HATCHERY","","0","0","0","0","0","486000","Coho","NA","Issaquah Creek","HATCHERY",,"2007",,"false",,,"false","false",,,"0","0","0"
"Adult Plant Event","","2007-11-06T00:00:00.000","ISSAQUAH HATCHERY","","ISSAQUAH HATCHERY","","0","10","9","0","0","0","Chinook","Fall","Issaquah Creek","HATCHERY","14","2007",,"true",,,"false","false",,,"0","0","0"
"Parent Spawn Event","Lethal","2007-11-06T00:00:00.000","ISSAQUAH HATCHERY","","ISSAQUAH HATCHERY","","0","2","2","0","0","0","Coho","NA","Issaquah Creek","HATCHERY","2","2007",,"true",,,"false","false",,,"0","0","0"
"Trap Estimate","","2007-11-06T00:00:00.000","ISSAQUAH HATCHERY","","ISSAQUAH HATCHERY","","427","0","0","50","0","0","Coho","NA","Issaquah Creek","HATCHERY","28","2007",,"false",,,"false","false",,,"0","0","0"
"Parent Spawn Event","Lethal","2007-11-06T00:00:00.000","ISSAQUAH HATCHERY","","ISSAQUAH HATCHERY","","0","144","164","0","7","0","Coho","NA","Issaquah Creek","HATCHERY","2","2007",,"true",,,"false","false",,,"0","0","0"
"Adult Mortality Event","","2007-11-07T00:00:00.000","ISSAQUAH HATCHERY","","ISSAQUAH HATCHERY","","0","7","12","0","0","0","Coho","NA","Issaquah Creek","HATCHERY","2","2007",,"true",,,"false","false",,,"0","0","0"
"Adult Mortality Event","","2007-11-07T00:00:00.000","ISSAQUAH HATCHERY","","ISSAQUAH HATCHERY","","0","2","0","0","0","0","Coho","NA","Issaquah Creek","HATCHERY","14","2007",,"true",,,"false","false",,,"0","0","0"
"Parent Spawn Event","Lethal","2007-11-13T00:00:00.000","ISSAQUAH HATCHERY","","ISSAQUAH HATCHERY","","0","0","1","0","0","0","Coho","NA","Issaquah Creek","HATCHERY","2","2007",,"true",,,"false","false",,,"0","0","0"
"Parent Spawn Event","Lethal","2007-11-13T00:00:00.000","ISSAQUAH HATCHERY","","ISSAQUAH HATCHERY","","0","40","40","0","0","0","Coho","NA","Issaquah Creek","HATCHERY","14","2007",,"true",,,"false","false",,,"0","0","0"
"Adult Surplus Event","","2007-11-13T00:00:00.000","ISSAQUAH HATCHERY","","ISSAQUAH HATCHERY","","0","2","0","0","0","0","Coho","NA","Issaquah Creek","HATCHERY","2","2007",,"true",,,"false","false",,,"0","0","0"
"Trap Estimate","","2007-11-13T00:00:00.000","ISSAQUAH HATCHERY","","ISSAQUAH HATCHERY","","1042","0","0","122","0","0","Coho","NA","Issaquah Creek","HATCHERY","28","2007",,"false",,,"false","false",,,"0","0","0"
"Adult Mortality Event","","2007-11-13T00:00:00.000","ISSAQUAH HATCHERY","","ISSAQUAH HATCHERY","","0","5","3","0","0","0","Coho","NA","Issaquah Creek","HATCHERY","14","2007",,"true",,,"false","false",,,"0","0","0"
"Parent Spawn Event","Lethal","2007-11-13T00:00:00.000","ISSAQUAH HATCHERY","","ISSAQUAH HATCHERY","","0","119","114","12","7","0","Coho","NA","Issaquah Creek","HATCHERY","2","2007",,"true",,,"false","false",,,"0","0","0"
"EggTake","","2007-11-13T00:00:00.000","ISSAQUAH HATCHERY","","ISSAQUAH HATCHERY","","0","0","0","0","0","387000","Coho","NA","Issaquah Creek","HATCHERY",,"2007",,"false",,,"false","false",,,"0","0","0"
"Trap Estimate","","2007-11-13T00:00:00.000","ISSAQUAH HATCHERY","","ISSAQUAH HATCHERY","","1","0","0","0","0","0","Chinook","Fall","Issaquah Creek","HATCHERY","14","2007",,"false",,,"false","false",,,"0","0","0"
"Adult Plant Event","","2007-11-13T00:00:00.000","ISSAQUAH HATCHERY","","ISSAQUAH HATCHERY","","0","0","1","0","0","0","Chinook","Fall","Issaquah Creek","HATCHERY","14","2007",,"true",,,"false","false",,,"0","0","0"
"Adult Mortality Event","","2007-11-13T00:00:00.000","ISSAQUAH HATCHERY","","ISSAQUAH HATCHERY","","0","20","10","0","0","0","Coho","NA","Issaquah Creek","HATCHERY","2","2007",,"true",,,"false","false",,,"0","0","0"
"Adult Mortality Event","","2007-11-14T00:00:00.000","ISSAQUAH HATCHERY","","ISSAQUAH HATCHERY","","0","13","19","0","0","0","Coho","NA","Issaquah Creek","HATCHERY","2","2007",,"true",,,"false","false",,,"0","0","0"
"Adult Mortality Event","","2007-11-14T00:00:00.000","ISSAQUAH HATCHERY","","ISSAQUAH HATCHERY","","0","1","3","0","0","0","Coho","NA","Issaquah Creek","HATCHERY","14","2007",,"true",,,"false","false",,,"0","0","0"
"Adult Ship","","2007-11-16T00:00:00.000","ISSAQUAH HATCHERY","","ISSAQUAH HATCHERY","","0","285","267","22","0","0","Coho","NA","Issaquah Creek","HATCHERY","2","2007",,"true",,,"false","false",,,"0","0","0"
"Adult Plant Event","","2007-11-20T00:00:00.000","ISSAQUAH HATCHERY","","ISSAQUAH HATCHERY","","0","32","49","0","0","0","Coho","NA","Issaquah Creek","HATCHERY","14","2007",,"true",,,"false","false",,,"0","0","0"
"EggTake","","2007-11-21T00:00:00.000","ISSAQUAH HATCHERY","","ISSAQUAH HATCHERY","","0","0","0","0","0","84000","Coho","NA","Issaquah Creek","HATCHERY",,"2007",,"false",,,"false","false",,,"0","0","0"
"Adult Mortality Event","","2007-11-21T00:00:00.000","ISSAQUAH HATCHERY","","ISSAQUAH HATCHERY","","0","53","64","18","0","0","Coho","NA","Issaquah Creek","HATCHERY","2","2007",,"true",,,"false","false",,,"0","0","0"
"Adult Mortality Event","","2007-11-21T00:00:00.000","ISSAQUAH HATCHERY","","ISSAQUAH HATCHERY","","0","1","6","0","0","0","Coho","NA","Issaquah Creek","HATCHERY","14","2007",,"true",,,"false","false",,,"0","0","0"
"Parent Spawn Event","Lethal","2007-11-21T00:00:00.000","ISSAQUAH HATCHERY","","ISSAQUAH HATCHERY","","0","30","30","0","0","0","Coho","NA","Issaquah Creek","HATCHERY","2","2007",,"true",,,"false","false",,,"0","0","0"
"Adult Mortality Event","","2007-11-27T00:00:00.000","ISSAQUAH HATCHERY","","ISSAQUAH HATCHERY","","0","5","4","0","0","0","Coho","NA","Issaquah Creek","HATCHERY","2","2007",,"true",,,"false","false",,,"0","0","0"
"Adult Surplus Event","","2007-11-27T00:00:00.000","ISSAQUAH HATCHERY","","ISSAQUAH HATCHERY","","0","214","257","120","0","0","Coho","NA","Issaquah Creek","HATCHERY","2","2007",,"true",,,"false","false",,,"0","0","0"
"Adult Plant Event","","2007-11-27T00:00:00.000","ISSAQUAH HATCHERY","","ISSAQUAH HATCHERY","","0","5","5","0","0","0","Coho","NA","Issaquah Creek","HATCHERY","14","2007",,"true",,,"false","false",,,"0","0","0"
"Adult Mortality Event","","2007-11-27T00:00:00.000","ISSAQUAH HATCHERY","","ISSAQUAH HATCHERY","","0","8","7","0","0","0","Coho","NA","Issaquah Creek","HATCHERY","2","2007",,"true",,,"false","false",,,"0","0","0"
"Adult Mortality Event","","2008-09-10T00:00:00.000","ISSAQUAH HATCHERY","","ISSAQUAH HATCHERY","","0","0","0","2","0","0","Chinook","Fall","Issaquah Creek","HATCHERY","2","2008",,"true",,,"true","true",,,"0","0","2"
"Trap Estimate","","2008-09-10T00:00:00.000","ISSAQUAH HATCHERY","","ISSAQUAH HATCHERY","","75","0","0","10","0","0","Chinook","Fall","Issaquah Creek","HATCHERY","28","2008",,"false",,,"false","false",,,"0","0","0"
"Adult Mortality Event","","2008-09-10T00:00:00.000","ISSAQUAH HATCHERY","","ISSAQUAH HATCHERY","","0","0","1","0","0","0","Chinook","Fall","Issaquah Creek","HATCHERY","2","2008",,"true",,,"false","false",,,"0","0","0"
"Trap Estimate","","2008-09-17T00:00:00.000","ISSAQUAH HATCHERY","","ISSAQUAH HATCHERY","","2","0","0","0","0","0","Coho","NA","Issaquah Creek","HATCHERY","28","2008",,"false",,,"false","false",,,"0","0","0"
"Trap Estimate","","2008-09-17T00:00:00.000","ISSAQUAH HATCHERY","","ISSAQUAH HATCHERY","","29","0","0","0","0","0","Chinook","Fall","Issaquah Creek","HATCHERY","28","2008",,"false",,,"false","false",,,"0","0","0"
"Adult Mortality Event","","2008-09-17T00:00:00.000","ISSAQUAH HATCHERY","","ISSAQUAH HATCHERY","","0","1","2","0","0","0","Chinook","Fall","Issaquah Creek","HATCHERY","2","2008",,"true",,,"false","false",,,"0","0","0"
"Parent Spawn Event","Lethal","2008-09-23T00:00:00.000","ISSAQUAH HATCHERY","","ISSAQUAH HATCHERY","","0","2","6","0","0","0","Chinook","Fall","Issaquah Creek","HATCHERY","2","2008",,"true",,,"true","true",,,"3","6","0"
"Adult Plant Event","","2008-09-23T00:00:00.000","ISSAQUAH HATCHERY","","ISSAQUAH HATCHERY","","0","1","5","0","0","0","Chinook","Fall","Issaquah Creek","HATCHERY","14","2008",,"true",,,"false","false",,,"0","0","0"
"Parent Spawn Event","Lethal","2008-09-23T00:00:00.000","ISSAQUAH HATCHERY","","ISSAQUAH HATCHERY","","0","9","1","0","0","0","Chinook","Fall","Issaquah Creek","HATCHERY","14","2008",,"true",,,"false","false",,,"0","0","0"
"Adult Mortality Event","","2008-09-23T00:00:00.000","ISSAQUAH HATCHERY","","ISSAQUAH HATCHERY","","0","3","1","0","0","0","Chinook","Fall","Issaquah Creek","HATCHERY","2","2008",,"true",,,"false","false",,,"0","0","0"
"Parent Spawn Event","Lethal","2008-09-23T00:00:00.000","ISSAQUAH HATCHERY","","ISSAQUAH HATCHERY","","0","49","53","3","6","0","Chinook","Fall","Issaquah Creek","HATCHERY","2","2008",,"true",,,"false","false",,,"0","0","0"
"Adult Plant Event","","2008-09-23T00:00:00.000","ISSAQUAH HATCHERY","","ISSAQUAH HATCHERY","","0","49","45","0","0","0","Chinook","Fall","Issaquah Creek","HATCHERY","2","2008",,"true",,,"false","false",,,"0","0","0"
"Adult Mortality Event","","2008-09-23T00:00:00.000","ISSAQUAH HATCHERY","","ISSAQUAH HATCHERY","","0","1","0","0","0","0","Chinook","Fall","Issaquah Creek","HATCHERY","2","2008",,"true",,,"true","true",,,"0","0","0"
"EggTake","","2008-09-23T00:00:00.000","ISSAQUAH HATCHERY","","ISSAQUAH HATCHERY","","0","0","0","0","0","256000","Chinook","Fall","Issaquah Creek","HATCHERY",,"2008",,"false",,,"false","false",,,"0","0","0"
"Trap Estimate","","2008-09-23T00:00:00.000","ISSAQUAH HATCHERY","","ISSAQUAH HATCHERY","","1000","0","0","20","0","0","Chinook","Fall","Issaquah Creek","HATCHERY","28","2008",,"false",,,"false","false",,,"0","0","0"
"Adult Surplus Event","","2008-09-23T00:00:00.000","ISSAQUAH HATCHERY","","ISSAQUAH HATCHERY","","0","5","0","0","0","0","Chinook","Fall","Issaquah Creek","HATCHERY","2","2008",,"true",,,"false","false",,,"0","0","0"
"Adult Mortality Event","","2008-09-24T00:00:00.000","ISSAQUAH HATCHERY","","ISSAQUAH HATCHERY","","0","4","2","3","0","0","Chinook","Fall","Issaquah Creek","HATCHERY","2","2008",,"true",,,"false","false",,,"0","0","0"
"Trap Estimate","","2008-09-24T00:00:00.000","ISSAQUAH HATCHERY","","ISSAQUAH HATCHERY","","542","0","0","0","0","0","Chinook","Fall","Issaquah Creek","HATCHERY","28","2008",,"false",,,"false","false",,,"0","0","0"
"Adult Mortality Event","","2008-09-24T00:00:00.000","ISSAQUAH HATCHERY","","ISSAQUAH HATCHERY","","0","0","1","0","0","0","Coho","NA","Issaquah Creek","HATCHERY","2","2008",,"true",,,"false","false",,,"0","0","0"
"Adult Mortality Event","","2008-09-24T00:00:00.000","ISSAQUAH HATCHERY","","ISSAQUAH HATCHERY","","0","0","0","2","0","0","Chinook","Fall","Issaquah Creek","HATCHERY","14","2008",,"true",,,"false","false",,,"0","0","0"
"Trap Estimate","","2008-09-24T00:00:00.000","ISSAQUAH HATCHERY","","ISSAQUAH HATCHERY","","20","0","0","0","0","0","Coho","NA","Issaquah Creek","HATCHERY","28","2008",,"false",,,"false","false",,,"0","0","0"
"Adult Mortality Event","","2008-09-30T00:00:00.000","ISSAQUAH HATCHERY","","ISSAQUAH HATCHERY","","0","2","3","2","0","0","Chinook","Fall","Issaquah Creek","HATCHERY","2","2008",,"true",,,"true","true",,,"0","0","0"
"Adult Surplus Event","","2008-09-30T00:00:00.000","ISSAQUAH HATCHERY","","ISSAQUAH HATCHERY","","0","148","104","10","0","0","Chinook","Fall","Issaquah Creek","HATCHERY","2","2008",,"true",,,"false","false",,,"0","0","0"
"EggTake","","2008-09-30T00:00:00.000","ISSAQUAH HATCHERY","","ISSAQUAH HATCHERY","","0","0","0","0","0","944000","Chinook","Fall","Issaquah Creek","HATCHERY",,"2008",,"false",,,"false","false",,,"0","0","0"
"Adult Mortality Event","","2008-09-30T00:00:00.000","ISSAQUAH HATCHERY","","ISSAQUAH HATCHERY","","0","0","1","0","0","0","Chinook","Fall","Issaquah Creek","HATCHERY","14","2008",,"true",,,"false","false",,,"0","0","0"
"Adult Surplus Event","","2008-09-30T00:00:00.000","ISSAQUAH HATCHERY","","ISSAQUAH HATCHERY","","0","14","11","1","0","0","Chinook","Fall","Issaquah Creek","HATCHERY","2","2008",,"true",,,"true","true",,,"0","0","0"
"Adult Mortality Event","","2008-09-30T00:00:00.000","ISSAQUAH HATCHERY","","ISSAQUAH HATCHERY","","0","6","23","2","0","0","Chinook","Fall","Issaquah Creek","HATCHERY","2","2008",,"true",,,"false","false",,,"0","0","0"
"Parent Spawn Event","Lethal","2008-09-30T00:00:00.000","ISSAQUAH HATCHERY","","ISSAQUAH HATCHERY","","0","17","14","0","0","0","Chinook","Fall","Issaquah Creek","HATCHERY","2","2008",,"true",,,"true","true",,,"33","28","3"
"Trap Estimate","","2008-09-30T00:00:00.000","ISSAQUAH HATCHERY","","ISSAQUAH HATCHERY","","200","0","0","10","0","0","Chinook","Fall","Issaquah Creek","HATCHERY","28","2008",,"false",,,"false","false",,,"0","0","0"
"Parent Spawn Event","Lethal","2008-09-30T00:00:00.000","ISSAQUAH HATCHERY","","ISSAQUAH HATCHERY","","0","14","12","0","0","0","Chinook","Fall","Issaquah Creek","HATCHERY","14","2008",,"true",,,"false","false",,,"0","0","0"
"Parent Spawn Event","Lethal","2008-09-30T00:00:00.000","ISSAQUAH HATCHERY","","ISSAQUAH HATCHERY","","0","192","187","4","6","0","Chinook","Fall","Issaquah Creek","HATCHERY","2","2008",,"true",,,"false","false",,,"0","0","0"
"Adult Plant Event","","2008-10-01T00:00:00.000","ISSAQUAH HATCHERY","","ISSAQUAH HATCHERY","","0","150","150","0","0","0","Chinook","Fall","Issaquah Creek","HATCHERY","2","2008",,"true",,,"false","false",,,"0","0","0"
"Adult Mortality Event","","2008-10-01T00:00:00.000","ISSAQUAH HATCHERY","","ISSAQUAH HATCHERY","","0","10","11","3","0","0","Chinook","Fall","Issaquah Creek","HATCHERY","2","2008",,"true",,,"false","false",,,"0","0","0"
"Adult Mortality Event","","2008-10-01T00:00:00.000","ISSAQUAH HATCHERY","","ISSAQUAH HATCHERY","","0","0","1","0","0","0","Coho","NA","Issaquah Creek","HATCHERY","2","2008",,"true",,,"false","false",,,"0","0","0"
"Trap Estimate","","2008-10-01T00:00:00.000","ISSAQUAH HATCHERY","","ISSAQUAH HATCHERY","","500","0","0","20","0","0","Chinook","Fall","Issaquah Creek","HATCHERY","28","2008",,"false",,,"false","false",,,"0","0","0"
"Adult Mortality Event","","2008-10-01T00:00:00.000","ISSAQUAH HATCHERY","","ISSAQUAH HATCHERY","","0","1","2","0","0","0","Chinook","Fall","Issaquah Creek","HATCHERY","14","2008",,"true",,,"false","false",,,"0","0","0"
"Trap Estimate","","2008-10-07T00:00:00.000","ISSAQUAH HATCHERY","","ISSAQUAH HATCHERY","","400","0","0","2","0","0","Chinook","Fall","Issaquah Creek","HATCHERY","28","2008",,"false",,,"false","false",,,"0","0","0"
"Adult Surplus Event","","2008-10-07T00:00:00.000","ISSAQUAH HATCHERY","","ISSAQUAH HATCHERY","","0","6","16","0","0","0","Chinook","Fall","Issaquah Creek","HATCHERY","2","2008",,"true",,,"true","true",,,"0","0","0"
"Adult Mortality Event","","2008-10-07T00:00:00.000","ISSAQUAH HATCHERY","","ISSAQUAH HATCHERY","","0","1","0","0","0","0","Chinook","Fall","Issaquah Creek","HATCHERY","14","2008",,"true",,,"true","true",,,"0","0","0"
"Adult Mortality Event","","2008-10-07T00:00:00.000","ISSAQUAH HATCHERY","","ISSAQUAH HATCHERY","","0","22","88","5","0","0","Chinook","Fall","Issaquah Creek","HATCHERY","2","2008",,"true",,,"false","false",,,"0","0","0"
"Trap Estimate","","2008-10-07T00:00:00.000","ISSAQUAH HATCHERY","","ISSAQUAH HATCHERY","","500","0","0","0","0","0","Coho","NA","Issaquah Creek","HATCHERY","28","2008",,"false",,,"false","false",,,"0","0","0"
"Parent Spawn Event","Lethal","2008-10-07T00:00:00.000","ISSAQUAH HATCHERY","","ISSAQUAH HATCHERY","","0","4","10","2","0","0","Chinook","Fall","Issaquah Creek","HATCHERY","2","2008",,"true",,,"true","true",,,"0","0","0"
"Parent Spawn Event","Lethal","2008-10-07T00:00:00.000","ISSAQUAH HATCHERY","","ISSAQUAH HATCHERY","","0","89","72","2","5","0","Chinook","Fall","Issaquah Creek","HATCHERY","2","2008",,"true",,,"false","false",,,"0","0","0"
"Adult Mortality Event","","2008-10-07T00:00:00.000","ISSAQUAH HATCHERY","","ISSAQUAH HATCHERY","","0","4","3","0","0","0","Chinook","Fall","Issaquah Creek","HATCHERY","14","2008",,"true",,,"false","false",,,"0","0","0"
"Parent Spawn Event","Lethal","2008-10-07T00:00:00.000","ISSAQUAH HATCHERY","","ISSAQUAH HATCHERY","","0","0","2","0","0","0","Chinook","Fall","Issaquah Creek","HATCHERY","14","2008",,"true",,,"true","true",,,"1","2","0"
"Adult Surplus Event","","2008-10-07T00:00:00.000","ISSAQUAH HATCHERY","","ISSAQUAH HATCHERY","","0","120","176","0","0","0","Chinook","Fall","Issaquah Creek","HATCHERY","2","2008",,"true",,,"false","false",,,"0","0","0"
"Adult Mortality Event","","2008-10-07T00:00:00.000","ISSAQUAH HATCHERY","","ISSAQUAH HATCHERY","","0","0","1","0","0","0","Coho","NA","Issaquah Creek","HATCHERY","2","2008",,"true",,,"false","false",,,"0","0","0"
"EggTake","","2008-10-07T00:00:00.000","ISSAQUAH HATCHERY","","ISSAQUAH HATCHERY","","0","0","0","0","0","644000","Chinook","Fall","Issaquah Creek","HATCHERY",,"2008",,"false",,,"false","false",,,"0","0","0"
"Parent Spawn Event","Lethal","2008-10-07T00:00:00.000","ISSAQUAH HATCHERY","","ISSAQUAH HATCHERY","","0","30","46","0","3","0","Chinook","Fall","Issaquah Creek","HATCHERY","14","2008",,"true",,,"false","false",,,"0","0","0"
"Adult Mortality Event","","2008-10-07T00:00:00.000","ISSAQUAH HATCHERY","","ISSAQUAH HATCHERY","","0","1","8","1","0","0","Chinook","Fall","Issaquah Creek","HATCHERY","2","2008",,"true",,,"true","true",,,"11","34","3"
"Adult Mortality Event","","2008-10-08T00:00:00.000","ISSAQUAH HATCHERY","","ISSAQUAH HATCHERY","","0","0","1","0","0","0","Chinook","Fall","Issaquah Creek","HATCHERY","2","2008",,"true",,,"true","true",,,"0","1","0"
"Adult Plant Event","","2008-10-08T00:00:00.000","ISSAQUAH HATCHERY","","ISSAQUAH HATCHERY","","0","88","137","4","0","0","Chinook","Fall","Issaquah Creek","HATCHERY","2","2008",,"true",,,"false","false",,,"0","0","0"
"Trap Estimate","","2008-10-08T00:00:00.000","ISSAQUAH HATCHERY","","ISSAQUAH HATCHERY","","261","0","0","0","0","0","Chinook","Fall","Issaquah Creek","HATCHERY","28","2008",,"false",,,"false","false",,,"0","0","0"
"Adult Mortality Event","","2008-10-08T00:00:00.000","ISSAQUAH HATCHERY","","ISSAQUAH HATCHERY","","0","2","18","1","0","0","Chinook","Fall","Issaquah Creek","HATCHERY","14","2008",,"true",,,"false","false",,,"0","0","0"
"Adult Mortality Event","","2008-10-08T00:00:00.000","ISSAQUAH HATCHERY","","ISSAQUAH HATCHERY","","0","0","1","0","0","0","Chinook","Fall","Issaquah Creek","HATCHERY","2","2008",,"true",,,"true","true",,,"0","1","0"
"Adult Mortality Event","","2008-10-08T00:00:00.000","ISSAQUAH HATCHERY","","ISSAQUAH HATCHERY","","0","0","1","0","0","0","Coho","NA","Issaquah Creek","HATCHERY","2","2008",,"true",,,"false","false",,,"0","0","0"
"Adult Mortality Event","","2008-10-08T00:00:00.000","ISSAQUAH HATCHERY","","ISSAQUAH HATCHERY","","0","30","118","2","0","0","Chinook","Fall","Issaquah Creek","HATCHERY","2","2008",,"true",,,"false","false",,,"0","0","0"
"Adult Mortality Event","","2008-10-14T00:00:00.000","ISSAQUAH HATCHERY","","ISSAQUAH HATCHERY","","0","0","2","0","0","0","Chinook","Fall","Issaquah Creek","HATCHERY","2","2008",,"true",,,"true","true",,,"2","6","2"
"EggTake","","2008-10-14T00:00:00.000","ISSAQUAH HATCHERY","","ISSAQUAH HATCHERY","","0","0","0","0","0","532000","Chinook","Fall","Issaquah Creek","HATCHERY",,"2008",,"false",,,"false","false",,,"0","0","0"
"Adult Mortality Event","","2008-10-14T00:00:00.000","ISSAQUAH HATCHERY","","ISSAQUAH HATCHERY","","0","0","2","0","0","0","Chinook","Fall","Issaquah Creek","HATCHERY","14","2008",,"true",,,"true","true",,,"0","2","0"
"Adult Mortality Event","","2008-10-14T00:00:00.000","ISSAQUAH HATCHERY","","ISSAQUAH HATCHERY","","0","7","25","2","0","0","Chinook","Fall","Issaquah Creek","HATCHERY","2","2008",,"true",,,"false","false",,,"0","0","0"
"Adult Mortality Event","","2008-10-14T00:00:00.000","ISSAQUAH HATCHERY","","ISSAQUAH HATCHERY","","0","2","7","0","0","0","Chinook","Fall","Issaquah Creek","HATCHERY","14","2008",,"true",,,"false","false",,,"0","0","0"
"Adult Mortality Event","","2008-10-14T00:00:00.000","ISSAQUAH HATCHERY","","ISSAQUAH HATCHERY","","0","0","5","0","0","0","Coho","NA","Issaquah Creek","HATCHERY","2","2008",,"true",,,"false","false",,,"0","0","0"
"Adult Surplus Event","","2008-10-14T00:00:00.000","ISSAQUAH HATCHERY","","ISSAQUAH HATCHERY","","0","2","0","0","0","0","Chinook","Fall","Issaquah Creek","HATCHERY","2","2008",,"true",,,"false","false",,,"0","0","0"
"Adult Plant Event","","2008-10-14T00:00:00.000","ISSAQUAH HATCHERY","","ISSAQUAH HATCHERY","","0","30","180","0","0","0","Chinook","Fall","Issaquah Creek","HATCHERY","2","2008",,"true",,,"false","false",,,"0","0","0"
"Adult Plant Event","","2008-10-14T00:00:00.000","ISSAQUAH HATCHERY","","ISSAQUAH HATCHERY","","0","2","12","0","0","0","Chinook","Fall","Issaquah Creek","HATCHERY","14","2008",,"true",,,"false","false",,,"0","0","0"
"Parent Spawn Event","Lethal","2008-10-14T00:00:00.000","ISSAQUAH HATCHERY","","ISSAQUAH HATCHERY","","0","22","47","0","0","0","Chinook","Fall","Issaquah Creek","HATCHERY","14","2008",,"true",,,"false","false",,,"0","0","0"
"Parent Spawn Event","Lethal","2008-10-14T00:00:00.000","ISSAQUAH HATCHERY","","ISSAQUAH HATCHERY","","0","72","55","5","0","0","Chinook","Fall","Issaquah Creek","HATCHERY","2","2008",,"true",,,"false","false",,,"0","0","0"
"Parent Spawn Event","Lethal","2008-10-14T00:00:00.000","ISSAQUAH HATCHERY","","ISSAQUAH HATCHERY","","0","2","4","2","0","0","Chinook","Fall","Issaquah Creek","HATCHERY","2","2008",,"true",,,"true","true",,,"0","0","0"
"Adult Mortality Event","","2008-10-15T00:00:00.000","ISSAQUAH HATCHERY","","ISSAQUAH HATCHERY","","0","0","1","0","0","0","Coho","NA","Issaquah Creek","HATCHERY","14","2008",,"true",,,"false","false",,,"0","0","0"
"Adult Mortality Event","","2008-10-15T00:00:00.000","ISSAQUAH HATCHERY","","ISSAQUAH HATCHERY","","0","2","9","0","0","0","Coho","NA","Issaquah Creek","HATCHERY","2","2008",,"true",,,"false","false",,,"0","0","0"
"Adult Mortality Event","","2008-10-15T00:00:00.000","ISSAQUAH HATCHERY","","ISSAQUAH HATCHERY","","0","4","10","0","0","0","Chinook","Fall","Issaquah Creek","HATCHERY","14","2008",,"true",,,"false","false",,,"0","0","0"
"Trap Estimate","","2008-10-15T00:00:00.000","ISSAQUAH HATCHERY","","ISSAQUAH HATCHERY","","300","0","0","0","0","0","Coho","NA","Issaquah Creek","HATCHERY","28","2008",,"false",,,"false","false",,,"0","0","0"
"Adult Mortality Event","","2008-10-15T00:00:00.000","ISSAQUAH HATCHERY","","ISSAQUAH HATCHERY","","0","1","0","0","0","0","Chinook","Fall","Issaquah Creek","HATCHERY","2","2008",,"true",,,"true","true",,,"1","0","0"
"Adult Surplus Event","","2008-10-15T00:00:00.000","ISSAQUAH HATCHERY","","ISSAQUAH HATCHERY","","0","0","1","0","0","0","Chinook","Fall","Issaquah Creek","HATCHERY","2","2008",,"true",,,"false","false",,,"0","0","0"
"Adult Mortality Event","","2008-10-15T00:00:00.000","ISSAQUAH HATCHERY","","ISSAQUAH HATCHERY","","0","13","40","3","0","0","Chinook","Fall","Issaquah Creek","HATCHERY","2","2008",,"true",,,"false","false",,,"0","0","0"
"Adult Mortality Event","","2008-10-21T00:00:00.000","ISSAQUAH HATCHERY","","ISSAQUAH HATCHERY","","0","2","15","0","0","0","Coho","NA","Issaquah Creek","HATCHERY","2","2008",,"true",,,"false","false",,,"0","0","0"
"Adult Plant Event","","2008-10-21T00:00:00.000","ISSAQUAH HATCHERY","","ISSAQUAH HATCHERY","","0","0","6","0","0","0","Chinook","Fall","Issaquah Creek","HATCHERY","14","2008",,"true",,,"false","false",,,"0","0","0"
"Trap Estimate","","2008-10-21T00:00:00.000","ISSAQUAH HATCHERY","","ISSAQUAH HATCHERY","","800","0","0","50","0","0","Coho","NA","Issaquah Creek","HATCHERY","28","2008",,"false",,,"false","false",,,"0","0","0"
"Adult Surplus Event","","2008-10-21T00:00:00.000","ISSAQUAH HATCHERY","","ISSAQUAH HATCHERY","","0","2","2","0","0","0","Coho","NA","Issaquah Creek","HATCHERY","2","2008",,"true",,,"false","false",,,"0","0","0"
"Adult Plant Event","","2008-10-21T00:00:00.000","ISSAQUAH HATCHERY","","ISSAQUAH HATCHERY","","0","1","19","0","0","0","Chinook","Fall","Issaquah Creek","HATCHERY","2","2008",,"true",,,"false","false",,,"0","0","0"
"Adult Mortality Event","","2008-10-21T00:00:00.000","ISSAQUAH HATCHERY","","ISSAQUAH HATCHERY","","0","1","2","0","0","0","Chinook","Fall","Issaquah Creek","HATCHERY","2","2008",,"true",,,"false","false",,,"0","0","0"
"Adult Surplus Event","","2008-10-21T00:00:00.000","ISSAQUAH HATCHERY","","ISSAQUAH HATCHERY","","0","2","2","0","0","0","Coho","NA","Issaquah Creek","HATCHERY","2","2008",,"true",,,"false","false",,,"0","0","0"
"Adult Surplus Event","","2008-10-21T00:00:00.000","ISSAQUAH HATCHERY","","ISSAQUAH HATCHERY","","0","13","0","13","0","0","Coho","NA","Issaquah Creek","HATCHERY","2","2008",,"true",,,"false","false",,,"0","0","0"
"Adult Surplus Event","","2008-10-21T00:00:00.000","ISSAQUAH HATCHERY","","ISSAQUAH HATCHERY","","0","250","259","18","0","0","Coho","NA","Issaquah Creek","HATCHERY","2","2008",,"true",,,"false","false",,,"0","0","0"
"Adult Mortality Event","","2008-10-22T00:00:00.000","ISSAQUAH HATCHERY","","ISSAQUAH HATCHERY","","0","0","1","0","0","0","Chinook","Fall","Issaquah Creek","HATCHERY","14","2008",,"true",,,"false","false",,,"0","0","0"
"Adult Mortality Event","","2008-10-22T00:00:00.000","ISSAQUAH HATCHERY","","ISSAQUAH HATCHERY","","0","2","6","0","0","0","Chinook","Fall","Issaquah Creek","HATCHERY","2","2008",,"true",,,"false","false",,,"0","0","0"
"Adult Mortality Event","","2008-10-22T00:00:00.000","ISSAQUAH HATCHERY","","ISSAQUAH HATCHERY","","0","1","5","0","0","0","Coho","NA","Issaquah Creek","HATCHERY","14","2008",,"true",,,"false","false",,,"0","0","0"
"Adult Mortality Event","","2008-10-22T00:00:00.000","ISSAQUAH HATCHERY","","ISSAQUAH HATCHERY","","0","1","6","0","0","0","Coho","NA","Issaquah Creek","HATCHERY","2","2008",,"true",,,"false","false",,,"0","0","0"
"Adult Plant Event","","2008-10-28T00:00:00.000","ISSAQUAH HATCHERY","","ISSAQUAH HATCHERY","","0","0","1","1","0","0","Chinook","Fall","Issaquah Creek","HATCHERY","14","2008",,"true",,,"false","false",,,"0","0","0"
"Adult Surplus Event","","2008-10-28T00:00:00.000","ISSAQUAH HATCHERY","","ISSAQUAH HATCHERY","","0","0","3","0","0","0","Coho","NA","Issaquah Creek","HATCHERY","14","2008",,"true",,,"false","false",,,"0","0","0"
"Parent Spawn Event","Lethal","2008-10-28T00:00:00.000","ISSAQUAH HATCHERY","","ISSAQUAH HATCHERY","","0","29","17","1","0","0","Coho","NA","Issaquah Creek","HATCHERY","14","2008",,"true",,,"false","false",,,"0","0","0"
"Adult Mortality Event","","2008-10-28T00:00:00.000","ISSAQUAH HATCHERY","","ISSAQUAH HATCHERY","","0","4","11","0","0","0","Coho","NA","Issaquah Creek","HATCHERY","2","2008",,"true",,,"false","false",,,"0","0","0"
"EggTake","","2008-10-28T00:00:00.000","ISSAQUAH HATCHERY","","ISSAQUAH HATCHERY","","0","0","0","0","0","234000","Coho","NA","Issaquah Creek","HATCHERY",,"2008",,"false",,,"false","false",,,"0","0","0"
"Parent Spawn Event","Lethal","2008-10-28T00:00:00.000","ISSAQUAH HATCHERY","","ISSAQUAH HATCHERY","","0","59","65","3","0","0","Coho","NA","Issaquah Creek","HATCHERY","2","2008",,"true",,,"false","false",,,"0","0","0"
"Adult Mortality Event","","2008-10-28T00:00:00.000","ISSAQUAH HATCHERY","","ISSAQUAH HATCHERY","","0","2","4","0","0","0","Coho","NA","Issaquah Creek","HATCHERY","14","2008",,"true",,,"false","false",,,"0","0","0"
"Adult Surplus Event","","2008-10-28T00:00:00.000","ISSAQUAH HATCHERY","","ISSAQUAH HATCHERY","","0","11","11","0","0","0","Coho","NA","Issaquah Creek","HATCHERY","2","2008",,"true",,,"false","false",,,"0","0","0"
"Adult Surplus Event","","2008-10-28T00:00:00.000","ISSAQUAH HATCHERY","","ISSAQUAH HATCHERY","","0","1","1","0","0","0","Coho","NA","Issaquah Creek","HATCHERY","2","2008",,"true",,,"false","false",,,"0","0","0"
"Adult Surplus Event","","2008-10-28T00:00:00.000","ISSAQUAH HATCHERY","","ISSAQUAH HATCHERY","","0","2","2","0","0","0","Coho","NA","Issaquah Creek","HATCHERY","2","2008",,"true",,,"false","false",,,"0","0","0"
"Adult Mortality Event","","2008-10-29T00:00:00.000","ISSAQUAH HATCHERY","","ISSAQUAH HATCHERY","","0","6","12","0","0","0","Coho","NA","Issaquah Creek","HATCHERY","2","2008",,"true",,,"false","false",,,"0","0","0"
"Adult Mortality Event","","2008-10-29T00:00:00.000","ISSAQUAH HATCHERY","","ISSAQUAH HATCHERY","","0","1","2","0","0","0","Coho","NA","Issaquah Creek","HATCHERY","14","2008",,"true",,,"false","false",,,"0","0","0"
"Adult Mortality Event","","2008-10-29T00:00:00.000","ISSAQUAH HATCHERY","","ISSAQUAH HATCHERY","","0","0","1","0","0","0","Chinook","Fall","Issaquah Creek","HATCHERY","2","2008",,"true",,,"false","false",,,"0","0","0"
"EggTake","","2008-11-04T00:00:00.000","ISSAQUAH HATCHERY","","ISSAQUAH HATCHERY","","0","0","0","0","0","486000","Coho","NA","Issaquah Creek","HATCHERY",,"2008",,"false",,,"false","false",,,"0","0","0"
"Trap Estimate","","2008-11-04T00:00:00.000","ISSAQUAH HATCHERY","","ISSAQUAH HATCHERY","","1500","0","0","0","0","0","Coho","NA","Issaquah Creek","HATCHERY","28","2008",,"false",,,"false","false",,,"0","0","0"
"Adult Mortality Event","","2008-11-04T00:00:00.000","ISSAQUAH HATCHERY","","ISSAQUAH HATCHERY","","0","3","3","0","0","0","Coho","NA","Issaquah Creek","HATCHERY","14","2008",,"true",,,"false","false",,,"0","0","0"
"Parent Spawn Event","Lethal","2008-11-04T00:00:00.000","ISSAQUAH HATCHERY","","ISSAQUAH HATCHERY","","0","149","173","0","5","0","Coho","NA","Issaquah Creek","HATCHERY","2","2008",,"true",,,"false","false",,,"0","0","0"
"Parent Spawn Event","Lethal","2008-11-04T00:00:00.000","ISSAQUAH HATCHERY","","ISSAQUAH HATCHERY","","0","36","12","0","5","0","Coho","NA","Issaquah Creek","HATCHERY","14","2008",,"true",,,"false","false",,,"0","0","0"
"Adult Surplus Event","","2008-11-04T00:00:00.000","ISSAQUAH HATCHERY","","ISSAQUAH HATCHERY","","0","382","437","4","0","0","Coho","NA","Issaquah Creek","HATCHERY","2","2008",,"true",,,"false","false",,,"0","0","0"
"Adult Mortality Event","","2008-11-04T00:00:00.000","ISSAQUAH HATCHERY","","ISSAQUAH HATCHERY","","0","10","16","0","0","0","Coho","NA","Issaquah Creek","HATCHERY","2","2008",,"true",,,"false","false",,,"0","0","0"
"Adult Mortality Event","","2008-11-05T00:00:00.000","ISSAQUAH HATCHERY","","ISSAQUAH HATCHERY","","0","2","1","0","0","0","Coho","NA","Issaquah Creek","HATCHERY","2","2008",,"true",,,"false","false",,,"0","0","0"
"Parent Spawn Event","Lethal","2008-11-10T00:00:00.000","ISSAQUAH HATCHERY","","ISSAQUAH HATCHERY","","0","162","155","7","4","0","Coho","NA","Issaquah Creek","HATCHERY","2","2008",,"true",,,"false","false",,,"0","0","0"
"Trap Estimate","","2008-11-10T00:00:00.000","ISSAQUAH HATCHERY","","ISSAQUAH HATCHERY","","400","0","0","5","0","0","Coho","NA","Issaquah Creek","HATCHERY","28","2008",,"false",,,"false","false",,,"0","0","0"
"Adult Plant Event","","2008-11-10T00:00:00.000","ISSAQUAH HATCHERY","","ISSAQUAH HATCHERY","","0","10","31","0","0","0","Coho","NA","Issaquah Creek","HATCHERY","14","2008",,"true",,,"false","false",,,"0","0","0"
"Parent Spawn Event","Lethal","2008-11-10T00:00:00.000","ISSAQUAH HATCHERY","","ISSAQUAH HATCHERY","","0","33","43","0","3","0","Coho","NA","Issaquah Creek","HATCHERY","14","2008",,"true",,,"false","false",,,"0","0","0"
"Adult Plant Event","","2008-11-10T00:00:00.000","ISSAQUAH HATCHERY","","ISSAQUAH HATCHERY","","0","79","101","0","0","0","Coho","NA","Issaquah Creek","HATCHERY","2","2008",,"true",,,"false","false",,,"0","0","0"
"EggTake","","2008-11-10T00:00:00.000","ISSAQUAH HATCHERY","","ISSAQUAH HATCHERY","","0","0","0","0","0","522000","Coho","NA","Issaquah Creek","HATCHERY",,"2008",,"false",,,"false","false",,,"0","0","0"
"Adult Surplus Event","","2008-11-10T00:00:00.000","ISSAQUAH HATCHERY","","ISSAQUAH HATCHERY","","0","0","0","7","0","0","Coho","NA","Issaquah Creek","HATCHERY","2","2008",,"true",,,"false","false",,,"0","0","0"
"Adult Mortality Event","","2008-11-12T00:00:00.000","ISSAQUAH HATCHERY","","ISSAQUAH HATCHERY","","0","9","7","0","0","0","Coho","NA","Issaquah Creek","HATCHERY","2","2008",,"true",,,"false","false",,,"0","0","0"
"Adult Ship","","2008-11-12T00:00:00.000","ISSAQUAH HATCHERY","","ISSAQUAH HATCHERY","","0","3","0","0","0","0","Coho","NA","Issaquah Creek","HATCHERY","14","2008",,"true",,,"false","false",,,"0","0","0"
"Trap Estimate","","2008-11-12T00:00:00.000","ISSAQUAH HATCHERY","","ISSAQUAH HATCHERY","","600","0","0","66","0","0","Coho","NA","Issaquah Creek","HATCHERY","28","2008",,"false",,,"false","false",,,"0","0","0"
"Adult Plant Event","","2008-11-12T00:00:00.000","ISSAQUAH HATCHERY","","ISSAQUAH HATCHERY","","0","225","225","0","0","0","Coho","NA","Issaquah Creek","HATCHERY","28","2008",,"false",,,"false","false",,,"0","0","0"
"Adult Ship","","2008-11-12T00:00:00.000","ISSAQUAH HATCHERY","","ISSAQUAH HATCHERY","","0","284","290","57","0","0","Coho","NA","Issaquah Creek","HATCHERY","2","2008",,"true",,,"false","false",,,"0","0","0"
"Adult Mortality Event","","2008-11-12T00:00:00.000","ISSAQUAH HATCHERY","","ISSAQUAH HATCHERY","","0","1","4","0","0","0","Coho","NA","Issaquah Creek","HATCHERY","14","2008",,"true",,,"false","false",,,"0","0","0"
"Trap Estimate","","2008-11-18T00:00:00.000","ISSAQUAH HATCHERY","","ISSAQUAH HATCHERY","","50","0","0","0","0","0","Coho","NA","Issaquah Creek","HATCHERY","14","2008",,"false",,,"false","false",,,"0","0","0"
"Adult Plant Event","","2008-11-18T00:00:00.000","ISSAQUAH HATCHERY","","ISSAQUAH HATCHERY","","0","22","18","0","0","0","Coho","NA","Issaquah Creek","HATCHERY","14","2008",,"true",,,"false","false",,,"0","0","0"
"Adult Plant Event","","2008-11-18T00:00:00.000","ISSAQUAH HATCHERY","","ISSAQUAH HATCHERY","","0","204","89","10","0","0","Coho","NA","Issaquah Creek","HATCHERY","2","2008",,"true",,,"false","false",,,"0","0","0"
"Adult Surplus Event","","2008-11-18T00:00:00.000","ISSAQUAH HATCHERY","","ISSAQUAH HATCHERY","","0","2","1","0","0","0","Coho","NA","Issaquah Creek","HATCHERY","2","2008",,"true",,,"false","false",,,"0","0","0"
"Trap Estimate","","2008-11-19T00:00:00.000","ISSAQUAH HATCHERY","","ISSAQUAH HATCHERY","","3","0","0","0","0","0","Coho","NA","Issaquah Creek","HATCHERY","28","2008",,"false",,,"false","false",,,"0","0","0"
"Adult Mortality Event","","2008-11-19T00:00:00.000","ISSAQUAH HATCHERY","","ISSAQUAH HATCHERY","","0","22","37","1","0","0","Coho","NA","Issaquah Creek","HATCHERY","2","2008",,"true",,,"false","false",,,"0","0","0"
"Adult Mortality Event","","2008-11-26T00:00:00.000","ISSAQUAH HATCHERY","","ISSAQUAH HATCHERY","","0","15","23","0","0","0","Coho","NA","Issaquah Creek","HATCHERY","2","2008",,"true",,,"false","false",,,"0","0","0"
"Adult Mortality Event","","2008-11-26T00:00:00.000","ISSAQUAH HATCHERY","","ISSAQUAH HATCHERY","","0","1","11","0","0","0","Coho","NA","Issaquah Creek","HATCHERY","2","2008",,"true",,,"false","false",,,"0","0","0"
"Adult Mortality Event","","2008-11-26T00:00:00.000","ISSAQUAH HATCHERY","","ISSAQUAH HATCHERY","","0","3","0","0","0","0","Coho","NA","Issaquah Creek","HATCHERY","14","2008",,"true",,,"false","false",,,"0","0","0"
"Trap Estimate","","2009-09-09T00:00:00.000","ISSAQUAH HATCHERY","","ISSAQUAH HATCHERY","","1500","0","0","10","0","0","Chinook","Fall","Issaquah Creek","HATCHERY","28","2009",,"false",,,"false","false",,,"0","0","0"
"Adult Mortality Event","","2009-09-24T00:00:00.000","ISSAQUAH HATCHERY","","ISSAQUAH HATCHERY","","0","0","1","0","0","0","Chinook","Fall","Issaquah Creek","HATCHERY","2","2009",,"true",,,"true","true",,,"0","1","0"
"Parent Spawn Event","Lethal","2009-09-24T00:00:00.000","ISSAQUAH HATCHERY","","ISSAQUAH HATCHERY","","0","36","0","0","0","0","Chinook","Fall","Issaquah Creek","HATCHERY","2","2009",,"true",,,"false","false",,,"0","0","0"
"Adult Mortality Event","","2009-09-24T00:00:00.000","ISSAQUAH HATCHERY","","ISSAQUAH HATCHERY","","0","14","6","0","0","0","Chinook","Fall","Issaquah Creek","HATCHERY","2","2009",,"true",,,"false","false",,,"0","0","0"
"Adult Surplus Event","","2009-09-24T00:00:00.000","ISSAQUAH HATCHERY","","ISSAQUAH HATCHERY","","0","0","1","0","0","0","Chinook","Fall","Issaquah Creek","HATCHERY","2","2009",,"true",,,"false","false",,,"0","0","0"
"Adult Surplus Event","","2009-09-29T00:00:00.000","ISSAQUAH HATCHERY","","ISSAQUAH HATCHERY","","0","11","0","0","0","0","Chinook","Fall","Issaquah Creek","HATCHERY","2","2009",,"true",,,"false","false",,,"0","0","0"
"Adult Mortality Event","","2009-09-29T00:00:00.000","ISSAQUAH HATCHERY","","ISSAQUAH HATCHERY","","0","0","1","0","0","0","Chinook","Fall","Issaquah Creek","HATCHERY","14","2009",,"true",,,"false","false",,,"0","0","0"
"EggTake","","2009-09-29T00:00:00.000","ISSAQUAH HATCHERY","","ISSAQUAH HATCHERY","","0","0","0","0","0","1194000","Chinook","Fall","Issaquah Creek","HATCHERY",,"2009",,"false",,,"false","false",,,"0","0","0"
"Adult Mortality Event","","2009-09-29T00:00:00.000","ISSAQUAH HATCHERY","","ISSAQUAH HATCHERY","","0","1","0","0","0","0","Chinook","Fall","Issaquah Creek","HATCHERY","14","2009",,"true",,,"true","true",,,"1","0","0"
"Adult Surplus Event","","2009-09-29T00:00:00.000","ISSAQUAH HATCHERY","","ISSAQUAH HATCHERY","","0","2","0","0","0","0","Chinook","Fall","Issaquah Creek","HATCHERY","2","2009",,"true",,,"true","true",,,"0","0","0"
"Parent Spawn Event","Lethal","2009-09-29T00:00:00.000","ISSAQUAH HATCHERY","","ISSAQUAH HATCHERY","","0","13","23","0","0","0","Chinook","Fall","Issaquah Creek","HATCHERY","2","2009",,"true",,,"true","true",,,"0","0","0"
"Parent Spawn Event","Lethal","2009-09-29T00:00:00.000","ISSAQUAH HATCHERY","","ISSAQUAH HATCHERY","","0","169","210","2","4","0","Chinook","Fall","Issaquah Creek","HATCHERY","2","2009",,"true",,,"false","false",,,"0","0","0"
"Adult Mortality Event","","2009-09-29T00:00:00.000","ISSAQUAH HATCHERY","","ISSAQUAH HATCHERY","","0","0","2","0","0","0","Chinook","Fall","Issaquah Creek","HATCHERY","2","2009",,"true",,,"true","true",,,"15","25","0"
"Parent Spawn Event","Lethal","2009-09-29T00:00:00.000","ISSAQUAH HATCHERY","","ISSAQUAH HATCHERY","","0","32","17","3","1","0","Chinook","Fall","Issaquah Creek","HATCHERY","14","2009",,"true",,,"false","false",,,"0","0","0"
"Adult Mortality Event","","2009-09-29T00:00:00.000","ISSAQUAH HATCHERY","","ISSAQUAH HATCHERY","","0","14","7","0","0","0","Chinook","Fall","Issaquah Creek","HATCHERY","2","2009",,"true",,,"false","false",,,"0","0","0"
"Adult Mortality Event","","2009-09-30T00:00:00.000","ISSAQUAH HATCHERY","","ISSAQUAH HATCHERY","","0","31","20","1","0","0","Chinook","Fall","Issaquah Creek","HATCHERY","2","2009",,"true",,,"false","false",,,"0","0","0"
"Adult Mortality Event","","2009-09-30T00:00:00.000","ISSAQUAH HATCHERY","","ISSAQUAH HATCHERY","","0","0","1","0","0","0","Chinook","Fall","Issaquah Creek","HATCHERY","14","2009",,"true",,,"false","false",,,"0","0","0"
"Parent Spawn Event","Lethal","2009-10-06T00:00:00.000","ISSAQUAH HATCHERY","","ISSAQUAH HATCHERY","","0","14","9","0","0","0","Chinook","Fall","Issaquah Creek","HATCHERY","14","2009",,"true",,,"false","false",,,"0","0","0"
"Adult Plant Event","","2009-10-06T00:00:00.000","ISSAQUAH HATCHERY","","ISSAQUAH HATCHERY","","0","224","34","0","0","0","Chinook","Fall","Issaquah Creek","HATCHERY","2","2009",,"true",,,"false","false",,,"0","0","0"
"Trap Estimate","","2009-10-06T00:00:00.000","ISSAQUAH HATCHERY","","ISSAQUAH HATCHERY","","530","0","0","5","0","0","Chinook","Fall","Issaquah Creek","HATCHERY","28","2009",,"false",,,"false","false",,,"0","0","0"
"Parent Spawn Event","Lethal","2009-10-06T00:00:00.000","ISSAQUAH HATCHERY","","ISSAQUAH HATCHERY","","0","4","7","0","0","0","Chinook","Fall","Issaquah Creek","HATCHERY","2","2009",,"true",,,"true","true",,,"4","7","0"
"Trap Estimate","","2009-10-06T00:00:00.000","ISSAQUAH HATCHERY","","ISSAQUAH HATCHERY","","800","0","0","15","0","0","Coho","NA","Issaquah Creek","HATCHERY","28","2009",,"false",,,"false","false",,,"0","0","0"
"Parent Spawn Event","Lethal","2009-10-06T00:00:00.000","ISSAQUAH HATCHERY","","ISSAQUAH HATCHERY","","0","1","0","0","0","0","Chinook","Fall","Issaquah Creek","HATCHERY","2","2009",,"true",,,"false","false",,,"0","0","0"
"EggTake","","2009-10-06T00:00:00.000","ISSAQUAH HATCHERY","","ISSAQUAH HATCHERY","","0","0","0","0","0","702000","Chinook","Fall","Issaquah Creek","HATCHERY",,"2009",,"false",,,"false","false",,,"0","0","0"
"Adult Mortality Event","","2009-10-06T00:00:00.000","ISSAQUAH HATCHERY","","ISSAQUAH HATCHERY","","0","38","9","1","0","0","Chinook","Fall","Issaquah Creek","HATCHERY","2","2009",,"true",,,"false","false",,,"0","0","0"
"Parent Spawn Event","Lethal","2009-10-06T00:00:00.000","ISSAQUAH HATCHERY","","ISSAQUAH HATCHERY","","0","2","0","0","0","0","Chinook","Fall","Issaquah Creek","HATCHERY","2","2009",,"true",,,"false","false",,,"0","0","0"
"Parent Spawn Event","Lethal","2009-10-06T00:00:00.000","ISSAQUAH HATCHERY","","ISSAQUAH HATCHERY","","0","19","0","0","0","0","Chinook","Fall","Issaquah Creek","HATCHERY","2","2009",,"true",,,"false","false",,,"0","0","0"
"Adult Mortality Event","","2009-10-06T00:00:00.000","ISSAQUAH HATCHERY","","ISSAQUAH HATCHERY","","0","1","13","0","0","0","Coho","NA","Issaquah Creek","HATCHERY","2","2009",,"true",,,"false","false",,,"0","0","0"
"Adult Mortality Event","","2009-10-06T00:00:00.000","ISSAQUAH HATCHERY","","ISSAQUAH HATCHERY","","0","0","5","0","0","0","Coho","NA","Issaquah Creek","HATCHERY","2","2009",,"true",,,"false","false",,,"0","0","0"
"Parent Spawn Event","Lethal","2009-10-06T00:00:00.000","ISSAQUAH HATCHERY","","ISSAQUAH HATCHERY","","0","116","140","1","10","0","Chinook","Fall","Issaquah Creek","HATCHERY","2","2009",,"true",,,"false","false",,,"0","0","0"
"Adult Mortality Event","","2009-10-07T00:00:00.000","ISSAQUAH HATCHERY","","ISSAQUAH HATCHERY","","0","38","19","1","0","0","Chinook","Fall","Issaquah Creek","HATCHERY","2","2009",,"true",,,"false","false",,,"0","0","0"
"Adult Mortality Event","","2009-10-13T00:00:00.000","ISSAQUAH HATCHERY","","ISSAQUAH HATCHERY","","0","3","19","0","0","0","Coho","NA","Issaquah Creek","HATCHERY","2","2009",,"true",,,"false","false",,,"0","0","0"
"Adult Plant Event","","2009-10-13T00:00:00.000","ISSAQUAH HATCHERY","","ISSAQUAH HATCHERY","","0","6","1","0","0","0","Chinook","Fall","Issaquah Creek","HATCHERY","14","2009",,"true",,,"false","false",,,"0","0","0"
"Adult Surplus Event","","2009-10-13T00:00:00.000","ISSAQUAH HATCHERY","","ISSAQUAH HATCHERY","","0","3","0","0","0","0","Chinook","Fall","Issaquah Creek","HATCHERY","2","2009",,"true",,,"false","false",,,"0","0","0"
"Parent Spawn Event","Lethal","2009-10-13T00:00:00.000","ISSAQUAH HATCHERY","","ISSAQUAH HATCHERY","","0","4","5","0","0","0","Chinook","Fall","Issaquah Creek","HATCHERY","2","2009",,"true",,,"true","true",,,"0","0","0"
"Adult Surplus Event","","2009-10-13T00:00:00.000","ISSAQUAH HATCHERY","","ISSAQUAH HATCHERY","","0","2","1","0","0","0","Chinook","Fall","Issaquah Creek","HATCHERY","2","2009",,"true",,,"false","false",,,"0","0","0"
"Parent Spawn Event","Lethal","2009-10-13T00:00:00.000","ISSAQUAH HATCHERY","","ISSAQUAH HATCHERY","","0","76","83","0","2","0","Chinook","Fall","Issaquah Creek","HATCHERY","2","2009",,"true",,,"false","false",,,"0","0","0"
"Adult Surplus Event","","2009-10-13T00:00:00.000","ISSAQUAH HATCHERY","","ISSAQUAH HATCHERY","","0","282","315","13","0","0","Coho","NA","Issaquah Creek","HATCHERY","2","2009",,"true",,,"false","false",,,"0","0","0"
"Adult Mortality Event","","2009-10-13T00:00:00.000","ISSAQUAH HATCHERY","","ISSAQUAH HATCHERY","","0","0","1","0","0","0","Chinook","Fall","Issaquah Creek","HATCHERY","14","2009",,"true",,,"false","false",,,"0","0","0"
"Adult Plant Event","","2009-10-13T00:00:00.000","ISSAQUAH HATCHERY","","ISSAQUAH HATCHERY","","0","400","75","2","0","0","Chinook","Fall","Issaquah Creek","HATCHERY","2","2009",,"true",,,"false","false",,,"0","0","0"
"Parent Spawn Event","Lethal","2009-10-13T00:00:00.000","ISSAQUAH HATCHERY","","ISSAQUAH HATCHERY","","0","17","9","0","0","0","Chinook","Fall","Issaquah Creek","HATCHERY","14","2009",,"true",,,"false","false",,,"0","0","0"
"Adult Surplus Event","","2009-10-13T00:00:00.000","ISSAQUAH HATCHERY","","ISSAQUAH HATCHERY","","0","1","0","0","0","0","Coho","NA","Issaquah Creek","HATCHERY","2","2009",,"true",,,"false","false",,,"0","0","0"
"Adult Mortality Event","","2009-10-13T00:00:00.000","ISSAQUAH HATCHERY","","ISSAQUAH HATCHERY","","0","2","1","0","0","0","Chinook","Fall","Issaquah Creek","HATCHERY","2","2009",,"true",,,"true","true",,,"6","6","0"
"Adult Surplus Event","","2009-10-13T00:00:00.000","ISSAQUAH HATCHERY","","ISSAQUAH HATCHERY","","0","2","0","0","0","0","Coho","NA","Issaquah Creek","HATCHERY","2","2009",,"true",,,"false","false",,,"0","0","0"
"EggTake","","2009-10-13T00:00:00.000","ISSAQUAH HATCHERY","","ISSAQUAH HATCHERY","","0","0","0","0","0","412000","Chinook","Fall","Issaquah Creek","HATCHERY",,"2009",,"false",,,"false","false",,,"0","0","0"
"Adult Mortality Event","","2009-10-13T00:00:00.000","ISSAQUAH HATCHERY","","ISSAQUAH HATCHERY","","0","35","16","0","0","0","Chinook","Fall","Issaquah Creek","HATCHERY","2","2009",,"true",,,"false","false",,,"0","0","0"
"Adult Surplus Event","","2009-10-13T00:00:00.000","ISSAQUAH HATCHERY","","ISSAQUAH HATCHERY","","0","6","0","0","0","0","Chinook","Fall","Issaquah Creek","HATCHERY","2","2009",,"true",,,"false","false",,,"0","0","0"
"Adult Mortality Event","","2009-10-14T00:00:00.000","ISSAQUAH HATCHERY","","ISSAQUAH HATCHERY","","0","1","8","0","0","0","Coho","NA","Issaquah Creek","HATCHERY","2","2009",,"true",,,"false","false",,,"0","0","0"
"Adult Mortality Event","","2009-10-14T00:00:00.000","ISSAQUAH HATCHERY","","ISSAQUAH HATCHERY","","0","2","0","0","0","0","Chinook","Fall","Issaquah Creek","HATCHERY","14","2009",,"true",,,"false","false",,,"0","0","0"
"Adult Mortality Event","","2009-10-14T00:00:00.000","ISSAQUAH HATCHERY","","ISSAQUAH HATCHERY","","0","58","30","3","0","0","Chinook","Fall","Issaquah Creek","HATCHERY","2","2009",,"true",,,"false","false",,,"0","0","0"
"Trap Estimate","","2009-10-14T00:00:00.000","ISSAQUAH HATCHERY","","ISSAQUAH HATCHERY","","250","0","0","0","0","0","Chinook","Fall","Issaquah Creek","HATCHERY","28","2009",,"false",,,"false","false",,,"0","0","0"
"Adult Surplus Event","","2009-10-20T00:00:00.000","ISSAQUAH HATCHERY","","ISSAQUAH HATCHERY","","0","1","1","0","0","0","Coho","NA","Issaquah Creek","HATCHERY","2","2009",,"true",,,"false","false",,,"0","0","0"
"Trap Estimate","","2009-10-20T00:00:00.000","ISSAQUAH HATCHERY","","ISSAQUAH HATCHERY","","5000","0","0","20","0","0","Coho","NA","Issaquah Creek","HATCHERY","28","2009",,"false",,,"false","false",,,"0","0","0"
"Adult Mortality Event","","2009-10-21T00:00:00.000","ISSAQUAH HATCHERY","","ISSAQUAH HATCHERY","","0","7","4","1","0","0","Chinook","Fall","Issaquah Creek","HATCHERY","2","2009",,"true",,,"false","false",,,"0","0","0"
"Adult Mortality Event","","2009-10-21T00:00:00.000","ISSAQUAH HATCHERY","","ISSAQUAH HATCHERY","","0","3","0","0","0","0","Chinook","Fall","Issaquah Creek","HATCHERY","2","2009",,"true",,,"false","false",,,"0","0","0"
"Adult Mortality Event","","2009-10-21T00:00:00.000","ISSAQUAH HATCHERY","","ISSAQUAH HATCHERY","","0","4","5","0","0","0","Coho","NA","Issaquah Creek","HATCHERY","2","2009",,"true",,,"false","false",,,"0","0","0"
"Adult Surplus Event","","2009-10-21T00:00:00.000","ISSAQUAH HATCHERY","","ISSAQUAH HATCHERY","","0","488","698","5","0","0","Coho","NA","Issaquah Creek","HATCHERY","2","2009",,"true",,,"false","false",,,"0","0","0"
"Parent Spawn Event","Lethal","2009-10-21T00:00:00.000","ISSAQUAH HATCHERY","","ISSAQUAH HATCHERY","","0","10","9","0","0","0","Chinook","Fall","Issaquah Creek","HATCHERY","2","2009",,"true",,,"false","false",,,"0","0","0"
"Adult Mortality Event","","2009-10-21T00:00:00.000","ISSAQUAH HATCHERY","","ISSAQUAH HATCHERY","","0","45","177","0","0","0","Coho","NA","Issaquah Creek","HATCHERY","2","2009",,"true",,,"false","false",,,"0","0","0"
"Adult Mortality Event","","2009-10-21T00:00:00.000","ISSAQUAH HATCHERY","","ISSAQUAH HATCHERY","","0","0","1","0","0","0","Coho","NA","Issaquah Creek","HATCHERY","14","2009",,"true",,,"false","false",,,"0","0","0"
"Adult Plant Event","","2009-10-21T00:00:00.000","ISSAQUAH HATCHERY","","ISSAQUAH HATCHERY","","0","440","566","0","0","0","Coho","NA","Issaquah Creek","HATCHERY","2","2009",,"true",,,"false","false",,,"0","0","0"
"Adult Plant Event","","2009-10-21T00:00:00.000","ISSAQUAH HATCHERY","","ISSAQUAH HATCHERY","","0","10","2","0","0","0","Chinook","Fall","Issaquah Creek","HATCHERY","2","2009",,"true",,,"false","false",,,"0","0","0"
"Trap Estimate","","2009-10-21T00:00:00.000","ISSAQUAH HATCHERY","","ISSAQUAH HATCHERY","","5000","0","0","0","0","0","Coho","NA","Issaquah Creek","HATCHERY","28","2009",,"false",,,"false","false",,,"0","0","0"
"EggTake","","2009-10-21T00:00:00.000","ISSAQUAH HATCHERY","","ISSAQUAH HATCHERY","","0","0","0","0","0","36000","Chinook","Fall","Issaquah Creek","HATCHERY",,"2009",,"false",,,"false","false",,,"0","0","0"
"Parent Spawn Event","Lethal","2009-10-21T00:00:00.000","ISSAQUAH HATCHERY","","ISSAQUAH HATCHERY","","0","1","0","0","0","0","Chinook","Fall","Issaquah Creek","HATCHERY","14","2009",,"true",,,"false","false",,,"0","0","0"
"Adult Plant Event","","2009-10-27T00:00:00.000","ISSAQUAH HATCHERY","","ISSAQUAH HATCHERY","","0","5","8","0","0","0","Chinook","Fall","Issaquah Creek","HATCHERY","2","2009",,"true",,,"false","false",,,"0","0","0"
"Adult Mortality Event","","2009-10-27T00:00:00.000","ISSAQUAH HATCHERY","","ISSAQUAH HATCHERY","","0","1","1","0","0","0","Chinook","Fall","Issaquah Creek","HATCHERY","2","2009",,"true",,,"false","false",,,"0","0","0"
"EggTake","","2009-10-27T00:00:00.000","ISSAQUAH HATCHERY","","ISSAQUAH HATCHERY","","0","0","0","0","0","216000","Coho","NA","Issaquah Creek","HATCHERY",,"2009",,"false",,,"false","false",,,"0","0","0"
"Parent Spawn Event","Lethal","2009-10-27T00:00:00.000","ISSAQUAH HATCHERY","","ISSAQUAH HATCHERY","","0","28","3","0","0","0","Coho","NA","Issaquah Creek","HATCHERY","14","2009",,"true",,,"false","false",,,"0","0","0"
"Adult Surplus Event","","2009-10-27T00:00:00.000","ISSAQUAH HATCHERY","","ISSAQUAH HATCHERY","","0","883","403","0","0","0","Coho","NA","Issaquah Creek","HATCHERY","2","2009",,"true",,,"false","false",,,"0","0","0"
"Parent Spawn Event","Lethal","2009-10-27T00:00:00.000","ISSAQUAH HATCHERY","","ISSAQUAH HATCHERY","","0","58","83","0","18","0","Coho","NA","Issaquah Creek","HATCHERY","2","2009",,"true",,,"false","false",,,"0","0","0"
"Adult Mortality Event","","2009-10-27T00:00:00.000","ISSAQUAH HATCHERY","","ISSAQUAH HATCHERY","","0","3","4","0","0","0","Coho","NA","Issaquah Creek","HATCHERY","2","2009",,"true",,,"false","false",,,"0","0","0"
"Adult Plant Event","","2009-10-28T00:00:00.000","ISSAQUAH HATCHERY","","ISSAQUAH HATCHERY","","0","1500","1500","0","0","0","Coho","NA","Issaquah Creek","HATCHERY","28","2009",,"false",,,"false","false",,,"0","0","0"
"Adult Mortality Event","","2009-10-28T00:00:00.000","ISSAQUAH HATCHERY","","ISSAQUAH HATCHERY","","0","0","1","0","0","0","Chinook","Fall","Issaquah Creek","HATCHERY","2","2009",,"true",,,"false","false",,,"0","0","0"
"Adult Mortality Event","","2009-10-28T00:00:00.000","ISSAQUAH HATCHERY","","ISSAQUAH HATCHERY","","0","2","8","2","0","0","Coho","NA","Issaquah Creek","HATCHERY","2","2009",,"true",,,"false","false",,,"0","0","0"
"Adult Surplus Event","","2009-10-28T00:00:00.000","ISSAQUAH HATCHERY","","ISSAQUAH HATCHERY","","0","10","0","0","0","0","Coho","NA","Issaquah Creek","HATCHERY","2","2009",,"true",,,"false","false",,,"0","0","0"
"Parent Spawn Event","Lethal","2009-11-03T00:00:00.000","ISSAQUAH HATCHERY","","ISSAQUAH HATCHERY","","0","28","6","0","0","0","Coho","NA","Issaquah Creek","HATCHERY","14","2009",,"true",,,"false","false",,,"0","0","0"
"Adult Surplus Event","","2009-11-03T00:00:00.000","ISSAQUAH HATCHERY","","ISSAQUAH HATCHERY","","0","5","5","0","0","0","Coho","NA","Issaquah Creek","HATCHERY","2","2009",,"true",,,"false","false",,,"0","0","0"
"Adult Surplus Event","","2009-11-03T00:00:00.000","ISSAQUAH HATCHERY","","ISSAQUAH HATCHERY","","0","1","1","0","0","0","Coho","NA","Issaquah Creek","HATCHERY","2","2009",,"true",,,"false","false",,,"0","0","0"
"Adult Surplus Event","","2009-11-03T00:00:00.000","ISSAQUAH HATCHERY","","ISSAQUAH HATCHERY","","0","1","1","0","0","0","Coho","NA","Issaquah Creek","HATCHERY","2","2009",,"true",,,"false","false",,,"0","0","0"
"Adult Mortality Event","","2009-11-03T00:00:00.000","ISSAQUAH HATCHERY","","ISSAQUAH HATCHERY","","0","3","18","0","0","0","Coho","NA","Issaquah Creek","HATCHERY","2","2009",,"true",,,"false","false",,,"0","0","0"
"Trap Estimate","","2009-11-03T00:00:00.000","ISSAQUAH HATCHERY","","ISSAQUAH HATCHERY","","0","0","0","20","0","0","Coho","NA","Issaquah Creek","HATCHERY","28","2009",,"false",,,"false","false",,,"0","0","0"
"EggTake","","2009-11-03T00:00:00.000","ISSAQUAH HATCHERY","","ISSAQUAH HATCHERY","","0","0","0","0","0","509000","Coho","NA","Issaquah Creek","HATCHERY",,"2009",,"false",,,"false","false",,,"0","0","0"
"Parent Spawn Event","Lethal","2009-11-03T00:00:00.000","ISSAQUAH HATCHERY","","ISSAQUAH HATCHERY","","0","188","198","5","14","0","Coho","NA","Issaquah Creek","HATCHERY","2","2009",,"true",,,"false","false",,,"0","0","0"
"Adult Mortality Event","","2009-11-04T00:00:00.000","ISSAQUAH HATCHERY","","ISSAQUAH HATCHERY","","0","1","1","0","0","0","Coho","NA","Issaquah Creek","HATCHERY","14","2009",,"true",,,"false","false",,,"0","0","0"
"Adult Mortality Event","","2009-11-04T00:00:00.000","ISSAQUAH HATCHERY","","ISSAQUAH HATCHERY","","0","6","7","0","0","0","Coho","NA","Issaquah Creek","HATCHERY","2","2009",,"true",,,"false","false",,,"0","0","0"
"Adult Ship","","2009-11-04T00:00:00.000","ISSAQUAH HATCHERY","","ISSAQUAH HATCHERY","","0","394","345","21","0","0","Coho","NA","Issaquah Creek","HATCHERY","2","2009",,"true",,,"false","false",,,"0","0","0"
"Adult Mortality Event","","2009-11-04T00:00:00.000","ISSAQUAH HATCHERY","","ISSAQUAH HATCHERY","","0","0","2","0","0","0","Chinook","Fall","Issaquah Creek","HATCHERY","2","2009",,"true",,,"false","false",,,"0","0","0"
"Adult Plant Event","","2009-11-08T00:00:00.000","ISSAQUAH HATCHERY","","ISSAQUAH HATCHERY","","0","200","200","0","0","0","Coho","NA","Issaquah Creek","HATCHERY","28","2009",,"false",,,"false","false",,,"0","0","0"
"Adult Surplus Event","","2009-11-10T00:00:00.000","ISSAQUAH HATCHERY","","ISSAQUAH HATCHERY","","0","2","2","0","0","0","Coho","NA","Issaquah Creek","HATCHERY","2","2009",,"true",,,"false","false",,,"0","0","0"
"Parent Spawn Event","Lethal","2009-11-10T00:00:00.000","ISSAQUAH HATCHERY","","ISSAQUAH HATCHERY","","0","104","94","0","0","0","Coho","NA","Issaquah Creek","HATCHERY","2","2009",,"true",,,"false","false",,,"0","0","0"
"Trap Estimate","","2009-11-10T00:00:00.000","ISSAQUAH HATCHERY","","ISSAQUAH HATCHERY","","2400","0","0","0","0","0","Coho","NA","Issaquah Creek","HATCHERY","28","2009",,"false",,,"false","false",,,"0","0","0"
"EggTake","","2009-11-10T00:00:00.000","ISSAQUAH HATCHERY","","ISSAQUAH HATCHERY","","0","0","0","0","0","270000","Coho","NA","Issaquah Creek","HATCHERY",,"2009",,"false",,,"false","false",,,"0","0","0"
"Parent Spawn Event","Lethal","2009-11-10T00:00:00.000","ISSAQUAH HATCHERY","","ISSAQUAH HATCHERY","","0","15","16","0","0","0","Coho","NA","Issaquah Creek","HATCHERY","14","2009",,"true",,,"false","false",,,"0","0","0"
"Adult Plant Event","","2009-11-10T00:00:00.000","ISSAQUAH HATCHERY","","ISSAQUAH HATCHERY","","0","614","677","0","0","0","Coho","NA","Issaquah Creek","HATCHERY","2","2009",,"true",,,"false","false",,,"0","0","0"
"Adult Surplus Event","","2009-11-10T00:00:00.000","ISSAQUAH HATCHERY","","ISSAQUAH HATCHERY","","0","0","106","0","0","0","Coho","NA","Issaquah Creek","HATCHERY","2","2009",,"true",,,"false","false",,,"0","0","0"
"Adult Mortality Event","","2009-11-10T00:00:00.000","ISSAQUAH HATCHERY","","ISSAQUAH HATCHERY","","0","106","95","0","0","0","Coho","NA","Issaquah Creek","HATCHERY","2","2009",,"true",,,"false","false",,,"0","0","0"
"Adult Mortality Event","","2009-11-10T00:00:00.000","ISSAQUAH HATCHERY","","ISSAQUAH HATCHERY","","0","5","6","0","0","0","Coho","NA","Issaquah Creek","HATCHERY","14","2009",,"true",,,"false","false",,,"0","0","0"
"Adult Mortality Event","","2009-11-11T00:00:00.000","ISSAQUAH HATCHERY","","ISSAQUAH HATCHERY","","0","2","4","0","0","0","Coho","NA","Issaquah Creek","HATCHERY","2","2009",,"true",,,"false","false",,,"0","0","0"
"Adult Mortality Event","","2009-11-17T00:00:00.000","ISSAQUAH HATCHERY","","ISSAQUAH HATCHERY","","0","9","10","0","0","0","Coho","NA","Issaquah Creek","HATCHERY","2","2009",,"true",,,"false","false",,,"0","0","0"
"Adult Surplus Event","","2009-11-17T00:00:00.000","ISSAQUAH HATCHERY","","ISSAQUAH HATCHERY","","0","2","1","0","0","0","Coho","NA","Issaquah Creek","HATCHERY","2","2009",,"true",,,"false","false",,,"0","0","0"
"Parent Spawn Event","Lethal","2009-11-17T00:00:00.000","ISSAQUAH HATCHERY","","ISSAQUAH HATCHERY","","0","76","93","1","0","0","Coho","NA","Issaquah Creek","HATCHERY","2","2009",,"true",,,"false","false",,,"0","0","0"
"Adult Plant Event","","2009-11-17T00:00:00.000","ISSAQUAH HATCHERY","","ISSAQUAH HATCHERY","","0","59","63","0","0","0","Coho","NA","Issaquah Creek","HATCHERY","14","2009",,"true",,,"false","false",,,"0","0","0"
"Adult Plant Event","","2009-11-17T00:00:00.000","ISSAQUAH HATCHERY","","ISSAQUAH HATCHERY","","0","50","30","0","0","0","Chinook","Fall","Issaquah Creek","HATCHERY","2","2009",,"true",,,"false","false",,,"0","0","0"
"Trap Estimate","","2009-11-17T00:00:00.000","ISSAQUAH HATCHERY","","ISSAQUAH HATCHERY","","612","0","0","0","0","0","Coho","NA","Issaquah Creek","HATCHERY","28","2009",,"false",,,"false","false",,,"0","0","0"
"Parent Spawn Event","Lethal","2009-11-17T00:00:00.000","ISSAQUAH HATCHERY","","ISSAQUAH HATCHERY","","0","23","7","0","0","0","Coho","NA","Issaquah Creek","HATCHERY","14","2009",,"true",,,"false","false",,,"0","0","0"
"Adult Plant Event","","2009-11-17T00:00:00.000","ISSAQUAH HATCHERY","","ISSAQUAH HATCHERY","","0","1078","1287","8","0","0","Coho","NA","Issaquah Creek","HATCHERY","2","2009",,"true",,,"false","false",,,"0","0","0"
"EggTake","","2009-11-17T00:00:00.000","ISSAQUAH HATCHERY","","ISSAQUAH HATCHERY","","0","0","0","0","0","259000","Coho","NA","Issaquah Creek","HATCHERY",,"2009",,"false",,,"false","false",,,"0","0","0"
"Adult Mortality Event","","2009-11-18T00:00:00.000","ISSAQUAH HATCHERY","","ISSAQUAH HATCHERY","","0","13","39","0","0","0","Coho","NA","Issaquah Creek","HATCHERY","2","2009",,"true",,,"false","false",,,"0","0","0"
"Adult Mortality Event","","2009-11-18T00:00:00.000","ISSAQUAH HATCHERY","","ISSAQUAH HATCHERY","","0","2","0","0","0","0","Coho","NA","Issaquah Creek","HATCHERY","14","2009",,"true",,,"false","false",,,"0","0","0"
"Adult Plant Event","Upstream","2010-08-31T00:00:00.000","ISSAQUAH HATCHERY","","ISSAQUAH HATCHERY","ISSAQUAH CR  08.0178","0","25","25","0","0","0","Chinook","Fall","Issaquah Creek","HATCHERY","2","2010",,"false","4","They came up before we had the weir up to stop them from going further up the stream.","false","false",,,"0","0","0"
"Trap Estimate","","2010-09-01T00:00:00.000","ISSAQUAH HATCHERY","","ISSAQUAH HATCHERY","","100","0","0","0","0","0","Chinook","Fall","Issaquah Creek","HATCHERY","1200","2010",,"false",,,"false","false",,,"0","0","0"
"Trap Estimate","","2010-09-08T00:00:00.000","ISSAQUAH HATCHERY","","ISSAQUAH HATCHERY","","25","0","0","0","0","0","Chinook","Fall","Issaquah Creek","WILD",,"2010",,"false",,,"false","false",,,"0","0","0"
"Trap Estimate","","2010-09-08T00:00:00.000","ISSAQUAH HATCHERY","","ISSAQUAH HATCHERY","","326","0","0","0","0","0","Chinook","Fall","Issaquah Creek","HATCHERY",,"2010",,"false",,,"false","false",,,"0","0","0"
"Adult Mortality Event","","2010-09-08T00:00:00.000","ISSAQUAH HATCHERY","","ISSAQUAH HATCHERY","","0","0","1","0","0","0","Chinook","Fall","Issaquah Creek","HATCHERY","2","2010","3","true",,,"false","false",,,"0","0","0"
"Adult Plant Event","Upstream","2010-09-15T00:00:00.000","ISSAQUAH HATCHERY","","ISSAQUAH HATCHERY","ISSAQUAH CR  08.0178","0","75","75","0","0","0","Chinook","Fall","Issaquah Creek","HATCHERY","13","2010",,"false","99","Weir plate dropped, equipment malfunction, fish escaped.","false","false",,,"0","0","0"
"Trap Estimate","","2010-09-15T00:00:00.000","ISSAQUAH HATCHERY","","ISSAQUAH HATCHERY","","1202","0","0","3","0","0","Chinook","Fall","Issaquah Creek","HATCHERY",,"2010",,"false",,,"false","false",,,"0","0","0"
"Adult Mortality Event","","2010-09-15T00:00:00.000","ISSAQUAH HATCHERY","","ISSAQUAH HATCHERY","","0","1","1","0","0","0","Chinook","Fall","Issaquah Creek","HATCHERY","2","2010","3","true",,,"false","false",,,"0","0","0"
"Adult Surplus Event","Surplussed","2010-09-21T00:00:00.000","ISSAQUAH HATCHERY","","ISSAQUAH HATCHERY","","0","0","1","0","0","0","Chinook","Fall","Issaquah Creek","HATCHERY","2","2010","3","true",,,"false","false",,,"0","0","0"
"Adult Surplus Event","Surplussed","2010-09-21T00:00:00.000","ISSAQUAH HATCHERY","","ISSAQUAH HATCHERY","","0","100","0","2","0","0","Chinook","Fall","Issaquah Creek","HATCHERY","2","2010","4","true",,,"false","false",,,"0","0","0"
"Adult Plant Event","Upstream","2010-09-21T00:00:00.000","ISSAQUAH HATCHERY","","ISSAQUAH HATCHERY","ISSAQUAH CR  08.0178","0","60","41","0","0","0","Chinook","Fall","Issaquah Creek","HATCHERY","2","2010","3","true",,,"false","false",,,"0","0","0"
"Parent Spawn Event","Lethal","2010-09-21T00:00:00.000","ISSAQUAH HATCHERY","","","","0","30","12","0","0","0","Chinook","Fall","Issaquah Creek","WILD","14","2010","4","true",,,"false","false",,,"0","0","0"
"EggTake","","2010-09-21T00:00:00.000","ISSAQUAH HATCHERY","","","","0","0","0","0","0","688000","Chinook","Fall","Issaquah Creek","MIXED",,"2010",,"false",,,"false","false",,,"0","0","0"
"Parent Spawn Event","Lethal","2010-09-21T00:00:00.000","ISSAQUAH HATCHERY","","","","0","145","136","0","6","0","Chinook","Fall","Issaquah Creek","HATCHERY","2","2010","4","true",,,"false","false",,,"0","0","0"
"Parent Spawn Event","Lethal","2010-09-21T00:00:00.000","ISSAQUAH HATCHERY","","","","0","11","14","0","0","0","Chinook","Fall","Issaquah Creek","HATCHERY","2","2010","4","true",,,"true","true",,,"11","14","0"
"Adult Mortality Event","","2010-09-22T00:00:00.000","ISSAQUAH HATCHERY","","ISSAQUAH HATCHERY","","0","4","11","1","0","0","Chinook","Fall","Issaquah Creek","HATCHERY","2","2010","3","true",,,"false","false",,,"0","0","0"
"Trap Estimate","","2010-09-22T00:00:00.000","ISSAQUAH HATCHERY","","ISSAQUAH HATCHERY","","49","0","0","0","0","0","Chinook","Fall","Issaquah Creek","WILD","1200","2010",,"false",,,"false","false",,,"0","0","0"
"Trap Estimate","","2010-09-22T00:00:00.000","ISSAQUAH HATCHERY","","ISSAQUAH HATCHERY","","551","0","0","10","0","0","Chinook","Fall","Issaquah Creek","HATCHERY","1200","2010",,"false",,,"false","false",,,"0","0","0"
"Adult Mortality Event","","2010-09-28T00:00:00.000","ISSAQUAH HATCHERY","","ISSAQUAH HATCHERY","","0","0","2","0","0","0","Coho","NA","Issaquah Creek","HATCHERY","2","2010","4","true",,,"false","false",,,"0","0","0"
"Trap Estimate","","2010-09-28T00:00:00.000","ISSAQUAH HATCHERY","","ISSAQUAH HATCHERY","","540","0","0","0","0","0","Chinook","Fall","Issaquah Creek","HATCHERY",,"2010",,"false",,,"false","false",,,"0","0","0"
"Trap Estimate","","2010-09-28T00:00:00.000","ISSAQUAH HATCHERY","","ISSAQUAH HATCHERY","","21","0","0","0","0","0","Chinook","Fall","Issaquah Creek","WILD","1200","2010",,"false",,,"false","false",,,"0","0","0"
"Parent Spawn Event","Lethal","2010-09-28T00:00:00.000","ISSAQUAH HATCHERY","","","","0","25","13","0","0","0","Chinook","Fall","Issaquah Creek","WILD","14","2010","4","true",,,"false","false",,,"0","0","0"
"Adult Mortality Event","","2010-09-28T00:00:00.000","ISSAQUAH HATCHERY","","ISSAQUAH HATCHERY","","0","1","0","0","0","0","Chinook","Fall","Issaquah Creek","HATCHERY","2","2010","4","true",,,"true","true",,,"1","0","0"
"Adult Mortality Event","","2010-09-28T00:00:00.000","ISSAQUAH HATCHERY","","ISSAQUAH HATCHERY","","0","29","38","0","0","0","Chinook","Fall","Issaquah Creek","HATCHERY","2","2010","4","true",,,"false","false",,,"0","0","0"
"Trap Estimate","","2010-09-28T00:00:00.000","ISSAQUAH HATCHERY","","ISSAQUAH HATCHERY","","50","0","0","5","0","0","Coho","NA","Issaquah Creek","HATCHERY",,"2010",,"false",,,"false","false",,,"0","0","0"
"Adult Plant Event","Upstream","2010-09-28T00:00:00.000","ISSAQUAH HATCHERY","","ISSAQUAH HATCHERY","ISSAQUAH CR  08.0178","0","205","203","1","0","0","Chinook","Fall","Issaquah Creek","HATCHERY","2","2010","3","true",,,"false","false",,,"0","0","0"
"Parent Spawn Event","Lethal","2010-09-28T00:00:00.000","ISSAQUAH HATCHERY","","","","0","158","158","1","10","0","Chinook","Fall","Issaquah Creek","HATCHERY","2","2010","4","true",,,"false","false",,,"0","0","0"
"EggTake","","2010-09-28T00:00:00.000","ISSAQUAH HATCHERY","","","","0","0","0","0","0","911943","Chinook","Fall","Issaquah Creek","MIXED",,"2010",,"false",,,"false","false",,,"0","0","0"
"Parent Spawn Event","Lethal","2010-09-28T00:00:00.000","ISSAQUAH HATCHERY","","","","0","1","0","0","0","0","Chinook","Fall","Issaquah Creek","HATCHERY","2","2010","4","true",,,"true","true",,,"1","0","0"
"Adult Surplus Event","Surplussed","2010-09-28T00:00:00.000","ISSAQUAH HATCHERY","","ISSAQUAH HATCHERY","","0","93","51","0","0","0","Chinook","Fall","Issaquah Creek","HATCHERY","2","2010","4","true",,,"false","false",,,"0","0","0"
"Adult Mortality Event","","2010-09-28T00:00:00.000","ISSAQUAH HATCHERY","","ISSAQUAH HATCHERY","","0","1","1","0","0","0","Chinook","Fall","Issaquah Creek","WILD","14","2010","4","true",,,"false","false",,,"0","0","0"
"Adult Mortality Event","","2010-09-29T00:00:00.000","ISSAQUAH HATCHERY","","ISSAQUAH HATCHERY","","0","5","15","1","0","0","Chinook","Fall","Issaquah Creek","HATCHERY","2","2010","3","true",,,"false","false",,,"0","0","0"
"Trap Estimate","","2010-09-29T00:00:00.000","ISSAQUAH HATCHERY","","ISSAQUAH HATCHERY","","50","0","0","5","0","0","Coho","NA","Issaquah Creek","HATCHERY",,"2010",,"false",,,"false","false",,,"0","0","0"
"Adult Mortality Event","","2010-09-29T00:00:00.000","ISSAQUAH HATCHERY","","ISSAQUAH HATCHERY","","0","2","2","2","0","0","Coho","NA","Issaquah Creek","HATCHERY","2","2010","3","true",,,"false","false",,,"0","0","0"
"Adult Plant Event","Upstream","2010-10-05T00:00:00.000","ISSAQUAH HATCHERY","","ISSAQUAH HATCHERY","ISSAQUAH CR  08.0178","0","55","50","0","0","0","Chinook","Fall","Issaquah Creek","HATCHERY","2","2010","3","true",,,"false","false",,,"0","0","0"
"Parent Spawn Event","Lethal","2010-10-05T00:00:00.000","ISSAQUAH HATCHERY","","","","0","119","114","0","0","0","Chinook","Fall","Issaquah Creek","HATCHERY","2","2010","4","true",,,"false","false",,,"0","0","0"
"EggTake","","2010-10-05T00:00:00.000","ISSAQUAH HATCHERY","","","","0","0","0","0","0","575000","Chinook","Fall","Issaquah Creek","MIXED",,"2010",,"false",,,"false","false",,,"0","0","0"
"Adult Mortality Event","","2010-10-05T00:00:00.000","ISSAQUAH HATCHERY","","ISSAQUAH HATCHERY","","0","23","63","0","0","0","Chinook","Fall","Issaquah Creek","HATCHERY","2","2010","4","true",,,"false","false",,,"0","0","0"
"Parent Spawn Event","Lethal","2010-10-05T00:00:00.000","ISSAQUAH HATCHERY","","","","0","7","1","0","0","0","Chinook","Fall","Issaquah Creek","WILD","14","2010","4","true",,,"false","false",,,"0","0","0"
"Adult Surplus Event","Surplussed","2010-10-05T00:00:00.000","ISSAQUAH HATCHERY","","ISSAQUAH HATCHERY","","0","148","66","0","0","0","Chinook","Fall","Issaquah Creek","HATCHERY","2","2010","4","true",,,"false","false",,,"0","0","0"
"Adult Surplus Event","Surplussed","2010-10-05T00:00:00.000","ISSAQUAH HATCHERY","","ISSAQUAH HATCHERY","","0","0","1","0","0","0","Chinook","Fall","Issaquah Creek","HATCHERY","2","2010","4","true",,,"true","true",,,"0","1","0"
"Trap Estimate","","2010-10-05T00:00:00.000","ISSAQUAH HATCHERY","","ISSAQUAH HATCHERY","","12","0","0","0","0","0","Chinook","Fall","Issaquah Creek","WILD",,"2010",,"false",,,"false","false",,,"0","0","0"
"Adult Mortality Event","","2010-10-05T00:00:00.000","ISSAQUAH HATCHERY","","ISSAQUAH HATCHERY","","0","2","1","0","0","0","Chinook","Fall","Issaquah Creek","WILD","14","2010","4","true",,,"false","false",,,"0","0","0"
"Adult Mortality Event","","2010-10-06T00:00:00.000","ISSAQUAH HATCHERY","","","","0","0","1","0","0","0","Chinook","Fall","Issaquah Creek","WILD","14","2010","4","true",,,"false","false",,,"0","0","0"
"Adult Mortality Event","","2010-10-06T00:00:00.000","ISSAQUAH HATCHERY","","ISSAQUAH HATCHERY","","0","7","43","0","0","0","Chinook","Fall","Issaquah Creek","HATCHERY","2","2010","4","true",,,"false","false",,,"0","0","0"
"Adult Mortality Event","","2010-10-12T00:00:00.000","ISSAQUAH HATCHERY","","ISSAQUAH HATCHERY","","0","0","4","0","0","0","Chinook","Fall","Issaquah Creek","HATCHERY","2","2010","4","true",,,"true","true",,,"0","4","0"
"EggTake","","2010-10-12T00:00:00.000","ISSAQUAH HATCHERY","","","","0","0","0","0","0","248000","Chinook","Fall","Issaquah Creek","MIXED",,"2010",,"false",,,"false","false",,,"0","0","0"
"Adult Surplus Event","Surplussed","2010-10-12T00:00:00.000","ISSAQUAH HATCHERY","","ISSAQUAH HATCHERY","","0","8","76","0","0","0","Chinook","Fall","Issaquah Creek","HATCHERY","2","2010","4","true",,,"false","false",,,"0","0","0"
"Adult Surplus Event","Surplussed","2010-10-12T00:00:00.000","ISSAQUAH HATCHERY","","ISSAQUAH HATCHERY","","0","0","2","0","0","0","Chinook","Fall","Issaquah Creek","WILD","14","2010","4","true",,,"false","false",,,"0","0","0"
"Adult Mortality Event","","2010-10-12T00:00:00.000","ISSAQUAH HATCHERY","","ISSAQUAH HATCHERY","","0","45","40","0","0","0","Chinook","Fall","Issaquah Creek","HATCHERY","2","2010","4","true",,,"false","false",,,"0","0","0"
"Adult Plant Event","Upstream","2010-10-12T00:00:00.000","ISSAQUAH HATCHERY","","ISSAQUAH HATCHERY","ISSAQUAH CR  08.0178","0","6","2","0","0","0","Chinook","Fall","Issaquah Creek","WILD","14","2010","3","true",,,"false","false",,,"0","0","0"
"Adult Plant Event","Upstream","2010-10-12T00:00:00.000","ISSAQUAH HATCHERY","","ISSAQUAH HATCHERY","ISSAQUAH CR  08.0178","0","161","108","0","0","0","Chinook","Fall","Issaquah Creek","HATCHERY","2","2010","3","true",,,"false","false",,,"0","0","0"
"Parent Spawn Event","Lethal","2010-10-12T00:00:00.000","ISSAQUAH HATCHERY","","","","0","37","39","0","7","0","Chinook","Fall","Issaquah Creek","HATCHERY","2","2010","4","true",,,"false","false",,,"0","0","0"
"Parent Spawn Event","Lethal","2010-10-12T00:00:00.000","ISSAQUAH HATCHERY","","","","0","7","2","0","0","0","Chinook","Fall","Issaquah Creek","WILD","14","2010","4","true",,,"false","false",,,"0","0","0"
"Parent Spawn Event","Lethal","2010-10-12T00:00:00.000","ISSAQUAH HATCHERY","","","","0","0","6","0","0","0","Chinook","Fall","Issaquah Creek","HATCHERY","2","2010","4","true",,,"true","true",,,"0","6","0"
"Trap Estimate","","2010-10-12T00:00:00.000","ISSAQUAH HATCHERY","","ISSAQUAH HATCHERY","","306","0","0","0","0","0","Chinook","Fall","Issaquah Creek","HATCHERY",,"2010",,"false",,,"false","false",,,"0","0","0"
"Trap Estimate","","2010-10-12T00:00:00.000","ISSAQUAH HATCHERY","","ISSAQUAH HATCHERY","","9","0","0","0","0","0","Chinook","Fall","Issaquah Creek","WILD",,"2010",,"false",,,"false","false",,,"0","0","0"
"Adult Surplus Event","Surplussed","2010-10-19T00:00:00.000","ISSAQUAH HATCHERY","","","","0","1","0","0","0","0","Coho","NA","Issaquah Creek","HATCHERY","2","2010","3","true",,,"false","false",,,"0","0","0"
"Adult Plant Event","Upstream","2010-10-19T00:00:00.000","ISSAQUAH HATCHERY","","ISSAQUAH HATCHERY","ISSAQUAH CR  08.0178","0","17","15","0","0","0","Chinook","Fall","Issaquah Creek","HATCHERY","2","2010","3","true",,,"false","false",,,"0","0","0"
"Adult Plant Event","Upstream","2010-10-19T00:00:00.000","ISSAQUAH HATCHERY","","ISSAQUAH HATCHERY","ISSAQUAH CR  08.0178","0","1","0","0","0","0","Chinook","Fall","Issaquah Creek","WILD","14","2010","3","true",,,"false","false",,,"0","0","0"
"Adult Mortality Event","","2010-10-20T00:00:00.000","ISSAQUAH HATCHERY","","ISSAQUAH HATCHERY","","0","1","0","0","0","0","Chinook","Fall","Issaquah Creek","WILD","14","2010","4","true",,,"false","false",,,"0","0","0"
"Adult Mortality Event","","2010-10-20T00:00:00.000","ISSAQUAH HATCHERY","","ISSAQUAH HATCHERY","","0","15","15","0","0","0","Chinook","Fall","Issaquah Creek","HATCHERY","2","2010","4","true",,,"false","false",,,"0","0","0"
"Trap Estimate","","2010-10-26T00:00:00.000","ISSAQUAH HATCHERY","","ISSAQUAH HATCHERY","","13","0","0","0","0","0","Chinook","Fall","Issaquah Creek","HATCHERY",,"2010",,"false",,,"false","false",,,"0","0","0"
"Adult Plant Event","Upstream","2010-10-26T00:00:00.000","ISSAQUAH HATCHERY","","ISSAQUAH HATCHERY","ISSAQUAH CR  08.0178","0","5","3","7","0","0","Chinook","Fall","Issaquah Creek","HATCHERY","2","2010","3","true",,,"false","false",,,"0","0","0"
"Adult Mortality Event","","2010-10-27T00:00:00.000","ISSAQUAH HATCHERY","","","","0","2","3","0","0","0","Chinook","Fall","Issaquah Creek","HATCHERY","2","2010","4","true",,,"false","false",,,"0","0","0"
"Adult Mortality Event","","2010-10-27T00:00:00.000","ISSAQUAH HATCHERY","","ISSAQUAH HATCHERY","","0","2","0","0","0","0","Coho","NA","Issaquah Creek","HATCHERY","2","2010","4","true",,,"false","false",,,"0","0","0"
"Adult Mortality Event","","2010-10-27T00:00:00.000","ISSAQUAH HATCHERY","","ISSAQUAH HATCHERY","","0","1","0","0","0","0","Coho","NA","Issaquah Creek","HATCHERY","2","2010","4","true",,,"false","false",,,"0","0","0"
"Adult Mortality Event","","2010-10-27T00:00:00.000","ISSAQUAH HATCHERY","","ISSAQUAH HATCHERY","","0","0","0","1","0","0","Coho","NA","Issaquah Creek","WILD","14","2010","3","true",,,"false","false",,,"0","0","0"
"Adult Mortality Event","","2010-10-27T00:00:00.000","ISSAQUAH HATCHERY","","ISSAQUAH HATCHERY","","0","7","17","2","0","0","Coho","NA","Issaquah Creek","HATCHERY","2","2010","3","true",,,"false","false",,,"0","0","0"
"Trap Estimate","","2010-11-02T00:00:00.000","ISSAQUAH HATCHERY","","ISSAQUAH HATCHERY","","2","0","0","1","0","0","Chinook","Fall","Issaquah Creek","HATCHERY",,"2010",,"false",,,"false","false",,,"0","0","0"
"Parent Spawn Event","Lethal","2010-11-02T00:00:00.000","ISSAQUAH HATCHERY","","","","0","35","40","5","1","0","Coho","NA","Issaquah Creek","HATCHERY","2","2010","3","true",,,"false","false",,,"0","0","0"
"Adult Surplus Event","Surplussed","2010-11-02T00:00:00.000","ISSAQUAH HATCHERY","","ISSAQUAH HATCHERY","","0","0","0","84","0","0","Coho","NA","Issaquah Creek","HATCHERY","2","2010","4","true",,,"false","false",,,"0","0","0"
"Parent Spawn Event","Lethal","2010-11-02T00:00:00.000","ISSAQUAH HATCHERY","","","","0","3","2","2","0","0","Coho","NA","Issaquah Creek","WILD","14","2010","4","true",,,"false","false",,,"0","0","0"
"Adult Plant Event","Upstream","2010-11-02T00:00:00.000","ISSAQUAH HATCHERY","","ISSAQUAH HATCHERY","ISSAQUAH CR  08.0178","0","0","1","1","0","0","Chinook","Fall","Issaquah Creek","HATCHERY","2","2010","3","true",,,"false","false",,,"0","0","0"
"EggTake","","2010-11-02T00:00:00.000","ISSAQUAH HATCHERY","","","","0","0","0","0","0","131000","Coho","NA","Issaquah Creek","MIXED",,"2010",,"false",,,"false","false",,,"0","0","0"
"Adult Mortality Event","","2010-11-08T00:00:00.000","ISSAQUAH HATCHERY","","ISSAQUAH HATCHERY","","0","0","1","0","0","0","Chinook","Fall","Issaquah Creek","HATCHERY","2","2010","4","true",,,"false","false",,,"0","0","0"
"Adult Plant Event","Upstream","2010-11-08T00:00:00.000","ISSAQUAH HATCHERY","","ISSAQUAH HATCHERY","ISSAQUAH CR  08.0178","0","0","1","0","0","0","Chinook","Fall","Issaquah Creek","WILD","14","2010","3","true",,,"false","false",,,"0","0","0"
"Adult Plant Event","Upstream","2010-11-08T00:00:00.000","ISSAQUAH HATCHERY","","ISSAQUAH HATCHERY","ISSAQUAH CR  08.0178","0","10","22","0","0","0","Chinook","Fall","Issaquah Creek","HATCHERY","2","2010","3","true",,,"false","false",,,"0","0","0"
"Adult Plant Event","Upstream","2010-11-08T00:00:00.000","ISSAQUAH HATCHERY","","ISSAQUAH HATCHERY","ISSAQUAH CR  08.0178","0","8","4","0","0","0","Chinook","Fall","Issaquah Creek","HATCHERY","2","2010","3","true",,,"false","false",,,"0","0","0"
"Parent Spawn Event","Lethal","2010-11-09T00:00:00.000","ISSAQUAH HATCHERY","","","","0","1","1","0","0","0","Coho","NA","Issaquah Creek","WILD","14","2010","4","true",,,"false","false",,,"0","0","0"
"Trap Estimate","","2010-11-09T00:00:00.000","ISSAQUAH HATCHERY","","ISSAQUAH HATCHERY","","7","0","0","2","0","0","Coho","NA","Issaquah Creek","WILD","1200","2010",,"false",,,"false","false",,,"0","0","0"
"Parent Spawn Event","Lethal","2010-11-09T00:00:00.000","ISSAQUAH HATCHERY","","","","0","53","54","1","2","0","Coho","NA","Issaquah Creek","HATCHERY","2","2010","4","true",,,"false","false",,,"0","0","0"
"Trap Estimate","","2010-11-09T00:00:00.000","ISSAQUAH HATCHERY","","ISSAQUAH HATCHERY","","212","0","0","193","0","0","Coho","NA","Issaquah Creek","HATCHERY",,"2010",,"false",,,"false","false",,,"0","0","0"
"EggTake","","2010-11-09T00:00:00.000","ISSAQUAH HATCHERY","","","","0","0","0","0","0","203000","Coho","NA","Issaquah Creek","MIXED",,"2010",,"false",,,"false","false",,,"0","0","0"
"Adult Mortality Event","","2010-11-16T00:00:00.000","ISSAQUAH HATCHERY","","ISSAQUAH HATCHERY","","0","0","1","1","0","0","Coho","NA","Issaquah Creek","WILD","14","2010","4","true",,,"false","false",,,"0","0","0"
"Adult Mortality Event","","2010-11-16T00:00:00.000","ISSAQUAH HATCHERY","","ISSAQUAH HATCHERY","","0","3","5","0","0","0","Coho","NA","Issaquah Creek","HATCHERY","2","2010","4","true",,,"false","false",,,"0","0","0"
"EggTake","","2010-11-16T00:00:00.000","ISSAQUAH HATCHERY","","","","0","0","0","0","0","83500","Coho","NA","Issaquah Creek","MIXED",,"2010",,"false",,,"false","false",,,"0","0","0"
"Adult Mortality Event","","2010-11-16T00:00:00.000","ISSAQUAH HATCHERY","","ISSAQUAH HATCHERY","","0","13","11","0","0","0","Coho","NA","Issaquah Creek","HATCHERY","2","2010","4","true",,,"false","false",,,"0","0","0"
"Trap Estimate","","2010-11-16T00:00:00.000","ISSAQUAH HATCHERY","","ISSAQUAH HATCHERY","","22","0","0","0","0","0","Coho","NA","Issaquah Creek","HATCHERY",,"2010",,"false",,,"false","false",,,"0","0","0"
"Trap Estimate","","2010-11-16T00:00:00.000","ISSAQUAH HATCHERY","","ISSAQUAH HATCHERY","","5","0","0","3","0","0","Coho","NA","Issaquah Creek","WILD",,"2010",,"false",,,"false","false",,,"0","0","0"
"Parent Spawn Event","Lethal","2010-11-16T00:00:00.000","ISSAQUAH HATCHERY","","","","0","2","2","1","0","0","Coho","NA","Issaquah Creek","WILD","14","2010","3","true",,,"false","false",,,"0","0","0"
"Parent Spawn Event","Lethal","2010-11-16T00:00:00.000","ISSAQUAH HATCHERY","","","","0","17","26","8","0","0","Coho","NA","Issaquah Creek","HATCHERY","2","2010","3","true",,,"false","false",,,"0","0","0"
"Trap Estimate","","2010-11-17T00:00:00.000","ISSAQUAH HATCHERY","","ISSAQUAH HATCHERY","","12","0","0","0","0","0","Coho","NA","Issaquah Creek","HATCHERY",,"2010",,"false",,,"false","false",,,"0","0","0"
"Trap Estimate","","2010-11-17T00:00:00.000","ISSAQUAH HATCHERY","","ISSAQUAH HATCHERY","","2","0","0","0","0","0","Coho","NA","Issaquah Creek","WILD",,"2010",,"false",,,"false","false",,,"0","0","0"
"Adult Mortality Event","","2010-11-22T00:00:00.000","ISSAQUAH HATCHERY","","ISSAQUAH HATCHERY","","0","0","1","0","0","0","Coho","NA","Issaquah Creek","WILD","14","2010","4","true",,,"false","false",,,"0","0","0"
"Parent Spawn Event","Lethal","2010-11-22T00:00:00.000","ISSAQUAH HATCHERY","","","","0","13","12","0","0","0","Coho","NA","Issaquah Creek","HATCHERY","2","2010","3","true",,,"false","false",,,"0","0","0"
"EggTake","","2010-11-22T00:00:00.000","ISSAQUAH HATCHERY","","","","0","0","0","0","0","38000","Coho","NA","Issaquah Creek","MIXED",,"2010",,"false",,,"false","false",,,"0","0","0"
"EggTake","","2010-12-06T00:00:00.000","ISSAQUAH HATCHERY","","","","0","0","0","0","0","9000","Coho","NA","Issaquah Creek","MIXED",,"2010",,"false",,,"false","false",,,"0","0","0"
"Adult Plant Event","Upstream","2010-12-06T00:00:00.000","ISSAQUAH HATCHERY","","ISSAQUAH HATCHERY","ISSAQUAH CR  08.0178","0","0","0","100","0","0","Coho","NA","Issaquah Creek","HATCHERY","2","2010","3","true",,,"false","false",,,"0","0","0"
"Parent Spawn Event","Lethal","2010-12-06T00:00:00.000","ISSAQUAH HATCHERY","","","","0","3","3","0","0","0","Coho","NA","Issaquah Creek","HATCHERY","2","2010","3","true",,,"false","false",,,"0","0","0"
"Parent Spawn Event","Lethal","2010-12-09T00:00:00.000","ISSAQUAH HATCHERY","","","","0","2","0","0","0","0","Coho","NA","Issaquah Creek","HATCHERY","2","2010","3","true",,,"false","false",,,"0","0","0"
"Parent Spawn Event","Lethal","2010-12-09T00:00:00.000","ISSAQUAH HATCHERY","","","","0","0","1","0","0","0","Coho","NA","Issaquah Creek","WILD","14","2010","3","true",,,"false","false",,,"0","0","0"
"EggTake","","2010-12-09T00:00:00.000","ISSAQUAH HATCHERY","","","","0","0","0","0","0","3000","Coho","NA","Issaquah Creek","MIXED",,"2010",,"false",,,"false","false",,,"0","0","0"
"Adult Mortality Event","","2011-03-09T00:00:00.000","ISSAQUAH HATCHERY","","ISSAQUAH HATCHERY","","0","11","8","1","0","0","Coho","NA","Issaquah Creek","HATCHERY","2","2010","4","true",,,"false","false",,,"0","0","0"
"Trap Estimate","","2011-09-07T00:00:00.000","ISSAQUAH HATCHERY","","ISSAQUAH HATCHERY","","24","0","0","6","0","0","Chinook","Fall","Issaquah Creek","HATCHERY","1200","2011",,"false",,,"false","false",,,"0","0","0"
"Trap Estimate","","2011-09-14T00:00:00.000","ISSAQUAH HATCHERY","","ISSAQUAH HATCHERY","","400","0","0","6","0","0","Chinook","Fall","Issaquah Creek","HATCHERY",,"2011",,"false",,,"false","false",,,"0","0","0"
"Adult Mortality Event","","2011-09-14T00:00:00.000","ISSAQUAH HATCHERY","","ISSAQUAH HATCHERY","","0","5","2","1","0","0","Chinook","Fall","Issaquah Creek","HATCHERY","2","2011","3","true",,,"false","false",,,"0","0","0"
"EggTake","","2011-09-20T00:00:00.000","ISSAQUAH HATCHERY","","","","0","0","0","0","0","268000","Chinook","Fall","Issaquah Creek","MIXED",,"2011",,"false",,,"false","false",,,"0","0","0"
"Parent Spawn Event","Lethal","2011-09-20T00:00:00.000","ISSAQUAH HATCHERY","","ISSAQUAH HATCHERY","","0","35","47","1","8","0","Chinook","Fall","Issaquah Creek","HATCHERY","2","2011","4","true",,,"true","true",,,"35","55","1"
"Parent Spawn Event","Lethal","2011-09-20T00:00:00.000","ISSAQUAH HATCHERY","","ISSAQUAH HATCHERY","","0","15","3","1","2","0","Chinook","Fall","Issaquah Creek","WILD","14","2011","4","true",,,"false","false",,,"0","0","0"
"Adult Plant Event","Upstream","2011-09-20T00:00:00.000","ISSAQUAH HATCHERY","","ISSAQUAH HATCHERY","ISSAQUAH CR  08.0178","0","151","52","0","0","0","Chinook","Fall","Issaquah Creek","HATCHERY","2","2011","3","true",,,"false","false",,,"0","0","0"
"Trap Estimate","","2011-09-20T00:00:00.000","ISSAQUAH HATCHERY","","ISSAQUAH HATCHERY","","480","0","0","0","0","0","Chinook","Fall","Issaquah Creek","HATCHERY",,"2011",,"false",,,"false","false",,,"0","0","0"
"Trap Estimate","","2011-09-20T00:00:00.000","ISSAQUAH HATCHERY","","ISSAQUAH HATCHERY","","20","0","0","2","0","0","Chinook","Fall","Issaquah Creek","WILD",,"2011",,"false",,,"false","false",,,"0","0","0"
"Trap Estimate","","2011-09-20T00:00:00.000","ISSAQUAH HATCHERY","","ISSAQUAH HATCHERY","","5","0","0","0","0","0","Coho","NA","Issaquah Creek","HATCHERY",,"2011",,"false",,,"false","false",,,"0","0","0"
"Adult Mortality Event","","2011-09-20T00:00:00.000","ISSAQUAH HATCHERY","","ISSAQUAH HATCHERY","","0","0","7","0","0","0","Chinook","Fall","Issaquah Creek","HATCHERY","2","2011","4","true",,,"false","false",,,"0","0","0"
"Adult Mortality Event","","2011-09-20T00:00:00.000","ISSAQUAH HATCHERY","","ISSAQUAH HATCHERY","","0","5","0","0","0","0","Chinook","Fall","Issaquah Creek","HATCHERY","2","2011","4","true",,,"false","false",,,"0","0","0"
"Adult Surplus Event","Surplussed","2011-09-20T00:00:00.000","ISSAQUAH HATCHERY","","ISSAQUAH HATCHERY","","0","26","0","0","0","0","Chinook","Fall","Issaquah Creek","HATCHERY","2","2011","4","true",,,"false","false",,,"0","0","0"
"Adult Mortality Event","","2011-09-21T00:00:00.000","ISSAQUAH HATCHERY","","ISSAQUAH HATCHERY","","0","0","0","1","0","0","Chinook","Fall","Issaquah Creek","WILD","14","2011","3","true",,,"false","false",,,"0","0","0"
"Adult Mortality Event","","2011-09-21T00:00:00.000","ISSAQUAH HATCHERY","","ISSAQUAH HATCHERY","","0","2","2","0","0","0","Chinook","Fall","Issaquah Creek","HATCHERY","2","2011","3","true",,,"false","false",,,"0","0","0"
"Trap Estimate","","2011-09-27T00:00:00.000","ISSAQUAH HATCHERY","","ISSAQUAH HATCHERY","","11","0","0","1","0","0","Chinook","Fall","Issaquah Creek","WILD",,"2011",,"false",,,"false","false",,,"0","0","0"
"Trap Estimate","","2011-09-27T00:00:00.000","ISSAQUAH HATCHERY","","ISSAQUAH HATCHERY","","639","0","0","199","0","0","Chinook","Fall","Issaquah Creek","HATCHERY",,"2011",,"false",,,"false","false",,,"0","0","0"
"Adult Surplus Event","Surplussed","2011-09-27T00:00:00.000","ISSAQUAH HATCHERY","","ISSAQUAH HATCHERY","","0","300","81","173","0","0","Chinook","Fall","Issaquah Creek","HATCHERY","2","2011","4","true",,,"false","false",,,"0","0","0"
"Parent Spawn Event","Lethal","2011-09-27T00:00:00.000","ISSAQUAH HATCHERY","","ISSAQUAH HATCHERY","","0","4","5","1","0","0","Chinook","Fall","Issaquah Creek","WILD","14","2011","4","true",,,"false","false",,,"0","0","0"
"Parent Spawn Event","Lethal","2011-09-27T00:00:00.000","ISSAQUAH HATCHERY","","ISSAQUAH HATCHERY","","0","84","84","1","1","0","Chinook","Fall","Issaquah Creek","HATCHERY","2","2011","4","true",,,"false","false",,,"0","0","0"
"Adult Plant Event","Upstream","2011-09-27T00:00:00.000","ISSAQUAH HATCHERY","","ISSAQUAH HATCHERY","ISSAQUAH CR  08.0178","0","164","69","0","0","0","Chinook","Fall","Issaquah Creek","HATCHERY","2","2011","3","true",,,"false","false",,,"0","0","0"
"Adult Mortality Event","","2011-09-27T00:00:00.000","ISSAQUAH HATCHERY","","ISSAQUAH HATCHERY","","0","3","3","0","0","0","Chinook","Fall","Issaquah Creek","HATCHERY","2","2011","4","true",,,"false","false",,,"0","0","0"
"EggTake","","2011-09-27T00:00:00.000","ISSAQUAH HATCHERY","","","","0","0","0","0","0","454000","Chinook","Fall","Issaquah Creek","MIXED",,"2011",,"false",,,"false","false",,,"0","0","0"
"Adult Mortality Event","","2011-09-27T00:00:00.000","ISSAQUAH HATCHERY","","ISSAQUAH HATCHERY","","0","1","1","0","0","0","Chinook","Fall","Issaquah Creek","WILD","14","2011","4","true",,,"false","false",,,"0","0","0"
"Adult Mortality Event","","2011-09-27T00:00:00.000","ISSAQUAH HATCHERY","","ISSAQUAH HATCHERY","","0","35","40","1","0","0","Chinook","Fall","Issaquah Creek","HATCHERY","2","2011","4","true",,,"false","false",,,"0","0","0"
"Adult Plant Event","Upstream","2011-10-04T00:00:00.000","ISSAQUAH HATCHERY","","ISSAQUAH HATCHERY","ISSAQUAH CR  08.0178","0","175","70","0","0","0","Chinook","Fall","Issaquah Creek","HATCHERY","2","2011","3","true",,,"false","false",,,"0","0","0"
"Trap Estimate","","2011-10-04T00:00:00.000","ISSAQUAH HATCHERY","","ISSAQUAH HATCHERY","","50","0","0","5","0","0","Chinook","Fall","Issaquah Creek","WILD",,"2011",,"false",,,"false","false",,,"0","0","0"
"Parent Spawn Event","Lethal","2011-10-04T00:00:00.000","ISSAQUAH HATCHERY","","ISSAQUAH HATCHERY","","0","19","4","3","0","0","Chinook","Fall","Issaquah Creek","WILD","14","2011","4","true",,,"false","false",,,"0","0","0"
"Parent Spawn Event","Lethal","2011-10-04T00:00:00.000","ISSAQUAH HATCHERY","","ISSAQUAH HATCHERY","","0","28","46","0","0","0","Chinook","Fall","Issaquah Creek","HATCHERY","2","2011","4","true",,,"false","false",,,"0","0","0"
"EggTake","","2011-10-04T00:00:00.000","ISSAQUAH HATCHERY","","","","0","0","0","0","0","257000","Chinook","Fall","Issaquah Creek","MIXED",,"2011",,"false",,,"false","false",,,"0","0","0"
"Trap Estimate","","2011-10-04T00:00:00.000","ISSAQUAH HATCHERY","","ISSAQUAH HATCHERY","","449","0","0","8","0","0","Chinook","Fall","Issaquah Creek","HATCHERY",,"2011",,"false",,,"false","false",,,"0","0","0"
"Adult Mortality Event","","2011-10-04T00:00:00.000","ISSAQUAH HATCHERY","","ISSAQUAH HATCHERY","","0","8","3","1","0","0","Chinook","Fall","Issaquah Creek","WILD","14","2011","4","true",,,"false","false",,,"0","0","0"
"Adult Mortality Event","","2011-10-04T00:00:00.000","ISSAQUAH HATCHERY","","ISSAQUAH HATCHERY","","0","58","69","12","0","0","Chinook","Fall","Issaquah Creek","HATCHERY","2","2011","4","true",,,"false","false",,,"0","0","0"
"Trap Estimate","","2011-10-04T00:00:00.000","ISSAQUAH HATCHERY","","ISSAQUAH HATCHERY","","50","0","0","0","0","0","Coho","NA","Issaquah Creek","HATCHERY","1200","2011",,"false",,,"false","false",,,"0","0","0"
"Adult Surplus Event","Surplussed","2011-10-04T00:00:00.000","ISSAQUAH HATCHERY","","ISSAQUAH HATCHERY","","0","21","12","3","0","0","Chinook","Fall","Issaquah Creek","HATCHERY","2","2011","4","true",,,"false","false",,,"0","0","0"
"Adult Mortality Event","","2011-10-05T00:00:00.000","ISSAQUAH HATCHERY","","ISSAQUAH HATCHERY","","0","12","5","0","0","0","Chinook","Fall","Issaquah Creek","WILD","14","2011","3","true",,,"false","false",,,"0","0","0"
"Adult Mortality Event","","2011-10-05T00:00:00.000","ISSAQUAH HATCHERY","","ISSAQUAH HATCHERY","","0","25","42","8","0","0","Chinook","Fall","Issaquah Creek","HATCHERY","2","2011","3","true",,,"false","false",,,"0","0","0"
"EggTake","","2011-10-11T00:00:00.000","ISSAQUAH HATCHERY","","","","0","0","0","0","0","800000","Chinook","Fall","Issaquah Creek","MIXED",,"2011",,"false",,,"false","false",,,"0","0","0"
"Adult Surplus Event","Surplussed","2011-10-11T00:00:00.000","ISSAQUAH HATCHERY","","ISSAQUAH HATCHERY","","0","5","0","0","0","0","Chinook","Fall","Issaquah Creek","HATCHERY","2","2011","4","true",,,"false","false",,,"0","0","0"
"Trap Estimate","","2011-10-11T00:00:00.000","ISSAQUAH HATCHERY","","ISSAQUAH HATCHERY","","344","0","0","28","0","0","Chinook","Fall","Issaquah Creek","HATCHERY",,"2011",,"false",,,"false","false",,,"0","0","0"
"Trap Estimate","","2011-10-11T00:00:00.000","ISSAQUAH HATCHERY","","ISSAQUAH HATCHERY","","27","0","0","2","0","0","Chinook","Fall","Issaquah Creek","WILD",,"2011",,"false",,,"false","false",,,"0","0","0"
"Parent Spawn Event","Lethal","2011-10-11T00:00:00.000","ISSAQUAH HATCHERY","","ISSAQUAH HATCHERY","","0","158","167","2","6","0","Chinook","Fall","Issaquah Creek","HATCHERY","2","2011","4","true",,,"false","false",,,"0","0","0"
"Parent Spawn Event","Lethal","2011-10-11T00:00:00.000","ISSAQUAH HATCHERY","","ISSAQUAH HATCHERY","","0","12","3","1","1","0","Chinook","Fall","Issaquah Creek","WILD","14","2011","4","true",,,"false","false",,,"0","0","0"
"Adult Mortality Event","","2011-10-11T00:00:00.000","ISSAQUAH HATCHERY","","ISSAQUAH HATCHERY","","0","60","76","35","0","0","Chinook","Fall","Issaquah Creek","HATCHERY","2","2011","4","true",,,"false","false",,,"0","0","0"
"Adult Mortality Event","","2011-10-11T00:00:00.000","ISSAQUAH HATCHERY","","ISSAQUAH HATCHERY","","0","5","1","2","0","0","Chinook","Fall","Issaquah Creek","WILD","14","2011","4","true",,,"false","false",,,"0","0","0"
"Trap Estimate","","2011-10-11T00:00:00.000","ISSAQUAH HATCHERY","","ISSAQUAH HATCHERY","","700","0","0","0","0","0","Coho","NA","Issaquah Creek","HATCHERY",,"2011",,"false",,,"false","false",,,"0","0","0"
"Adult Plant Event","Upstream","2011-10-12T00:00:00.000","ISSAQUAH HATCHERY","","ISSAQUAH HATCHERY","ISSAQUAH CR  08.0178","0","49","59","0","0","0","Chinook","Fall","Issaquah Creek","HATCHERY","2","2011","3","true",,,"false","false",,,"0","0","0"
"Adult Plant Event","Upstream","2011-10-12T00:00:00.000","ISSAQUAH HATCHERY","","ISSAQUAH HATCHERY","ISSAQUAH CR  08.0178","0","1","3","0","0","0","Chinook","Fall","Issaquah Creek","WILD","14","2011","3","true",,,"false","false",,,"0","0","0"
"Trap Estimate","","2011-10-17T00:00:00.000","ISSAQUAH HATCHERY","","ISSAQUAH HATCHERY","","26","0","0","1","0","0","Chinook","Fall","Issaquah Creek","WILD",,"2011",,"false",,,"false","false",,,"0","0","0"
"Trap Estimate","","2011-10-17T00:00:00.000","ISSAQUAH HATCHERY","","ISSAQUAH HATCHERY","","206","0","0","30","0","0","Chinook","Fall","Issaquah Creek","HATCHERY",,"2011",,"false",,,"false","false",,,"0","0","0"
"Adult Plant Event","Upstream","2011-10-18T00:00:00.000","ISSAQUAH HATCHERY","","ISSAQUAH HATCHERY","ISSAQUAH CR  08.0178","0","8","1","0","0","0","Chinook","Fall","Issaquah Creek","WILD","14","2011","3","true",,,"false","false",,,"0","0","0"
"Adult Mortality Event","","2011-10-18T00:00:00.000","ISSAQUAH HATCHERY","","ISSAQUAH HATCHERY","","0","2","43","0","0","0","Coho","NA","Issaquah Creek","HATCHERY","2","2011","4","true",,,"false","false",,,"0","0","0"
"Adult Surplus Event","Surplussed","2011-10-18T00:00:00.000","ISSAQUAH HATCHERY","","ISSAQUAH HATCHERY","","0","1","2","0","0","0","Chinook","Fall","Issaquah Creek","HATCHERY","2","2011","3","true",,,"false","false",,,"0","0","0"
"Adult Plant Event","Upstream","2011-10-18T00:00:00.000","ISSAQUAH HATCHERY","","ISSAQUAH HATCHERY","ISSAQUAH CR  08.0178","0","105","72","0","0","0","Chinook","Fall","Issaquah Creek","HATCHERY","2","2011","3","true",,,"false","false",,,"0","0","0"
"Adult Mortality Event","","2011-10-18T00:00:00.000","ISSAQUAH HATCHERY","","ISSAQUAH HATCHERY","","0","18","12","5","0","0","Chinook","Fall","Issaquah Creek","HATCHERY","2","2011","3","true",,,"false","false",,,"0","0","0"
"Adult Mortality Event","","2011-10-18T00:00:00.000","ISSAQUAH HATCHERY","","ISSAQUAH HATCHERY","","0","1","0","0","0","0","Chinook","Fall","Issaquah Creek","WILD","14","2011","3","true",,,"false","false",,,"0","0","0"
"Trap Estimate","","2011-10-18T00:00:00.000","ISSAQUAH HATCHERY","","ISSAQUAH HATCHERY","","214","0","0","0","0","0","Chinook","Fall","Issaquah Creek","HATCHERY",,"2011",,"false",,,"false","false",,,"0","0","0"
"Trap Estimate","","2011-10-18T00:00:00.000","ISSAQUAH HATCHERY","","ISSAQUAH HATCHERY","","710","0","0","0","0","0","Coho","NA","Issaquah Creek","HATCHERY",,"2011",,"false",,,"false","false",,,"0","0","0"
"Trap Estimate","","2011-10-18T00:00:00.000","ISSAQUAH HATCHERY","","ISSAQUAH HATCHERY","","36","0","0","2","0","0","Coho","NA","Issaquah Creek","WILD",,"2011",,"false",,,"false","false",,,"0","0","0"
"Adult Mortality Event","","2011-10-19T00:00:00.000","ISSAQUAH HATCHERY","","ISSAQUAH HATCHERY","","0","1","0","0","0","0","Coho","NA","Issaquah Creek","WILD","14","2011","3","true",,,"false","false",,,"0","0","0"
"Adult Mortality Event","","2011-10-19T00:00:00.000","ISSAQUAH HATCHERY","","ISSAQUAH HATCHERY","","0","12","39","0","0","0","Coho","NA","Issaquah Creek","HATCHERY","2","2011","3","true",,,"false","false",,,"0","0","0"
"Adult Mortality Event","","2011-10-19T00:00:00.000","ISSAQUAH HATCHERY","","ISSAQUAH HATCHERY","","0","73","125","33","0","0","Chinook","Fall","Issaquah Creek","HATCHERY","2","2011","3","true",,,"false","false",,,"0","0","0"
"Adult Mortality Event","","2011-10-19T00:00:00.000","ISSAQUAH HATCHERY","","ISSAQUAH HATCHERY","","0","8","7","0","0","0","Chinook","Fall","Issaquah Creek","WILD","14","2011","3","true",,,"false","false",,,"0","0","0"
"Adult Surplus Event","Surplussed","2011-10-19T00:00:00.000","ISSAQUAH HATCHERY","","","","0","242","376","0","0","0","Coho","NA","Issaquah Creek","HATCHERY","2","2011","4","true",,,"false","false",,,"0","0","0"
"Adult Plant Event","Upstream","2011-10-25T00:00:00.000","ISSAQUAH HATCHERY","","ISSAQUAH HATCHERY","ISSAQUAH CR  08.0178","0","192","150","5","0","0","Coho","NA","Issaquah Creek","HATCHERY","2","2011","3","true",,,"false","false",,,"0","0","0"
"Adult Mortality Event","","2011-10-25T00:00:00.000","ISSAQUAH HATCHERY","","ISSAQUAH HATCHERY","","0","13","42","0","0","0","Coho","NA","Issaquah Creek","HATCHERY","2","2011","4","true",,,"false","false",,,"0","0","0"
"Adult Plant Event","Upstream","2011-10-25T00:00:00.000","ISSAQUAH HATCHERY","","ISSAQUAH HATCHERY","ISSAQUAH CR  08.0178","0","11","13","2","0","0","Chinook","Fall","Issaquah Creek","HATCHERY","2","2011","3","true",,,"false","false",,,"0","0","0"
"Parent Spawn Event","Lethal","2011-10-25T00:00:00.000","ISSAQUAH HATCHERY","","ISSAQUAH HATCHERY","","0","5","1","1","0","0","Coho","NA","Issaquah Creek","WILD","14","2011","4","true",,,"false","false",,,"0","0","0"
"Adult Surplus Event","Surplussed","2011-10-25T00:00:00.000","ISSAQUAH HATCHERY","","ISSAQUAH HATCHERY","","0","0","0","21","0","0","Coho","NA","Issaquah Creek","HATCHERY","2","2011","4","true",,,"false","false",,,"0","0","0"
"Adult Mortality Event","","2011-10-25T00:00:00.000","ISSAQUAH HATCHERY","","ISSAQUAH HATCHERY","","0","13","3","0","0","0","Chinook","Fall","Issaquah Creek","HATCHERY","2","2011","4","true",,,"false","false",,,"0","0","0"
"EggTake","","2011-10-25T00:00:00.000","ISSAQUAH HATCHERY","","","","0","0","0","0","0","368700","Coho","NA","Issaquah Creek","MIXED",,"2011",,"false",,,"false","false",,,"0","0","0"
"Trap Estimate","","2011-10-25T00:00:00.000","ISSAQUAH HATCHERY","","ISSAQUAH HATCHERY","","478","0","0","64","0","0","Coho","NA","Issaquah Creek","HATCHERY",,"2011",,"false",,,"false","false",,,"0","0","0"
"Trap Estimate","","2011-10-25T00:00:00.000","ISSAQUAH HATCHERY","","ISSAQUAH HATCHERY","","57","0","0","5","0","0","Chinook","Fall","Issaquah Creek","HATCHERY",,"2011",,"false",,,"false","false",,,"0","0","0"
"Parent Spawn Event","Lethal","2011-10-25T00:00:00.000","ISSAQUAH HATCHERY","","ISSAQUAH HATCHERY","","0","138","149","6","6","0","Coho","NA","Issaquah Creek","HATCHERY","2","2011","4","true",,,"false","false",,,"0","0","0"
"Adult Mortality Event","","2011-10-26T00:00:00.000","ISSAQUAH HATCHERY","","ISSAQUAH HATCHERY","","0","10","7","3","0","0","Chinook","Fall","Issaquah Creek","HATCHERY","2","2011","3","true",,,"false","false",,,"0","0","0"
"Adult Mortality Event","","2011-10-26T00:00:00.000","ISSAQUAH HATCHERY","","ISSAQUAH HATCHERY","","0","5","27","1","0","0","Coho","NA","Issaquah Creek","HATCHERY","2","2011","3","true",,,"false","false",,,"0","0","0"
"Adult Mortality Event","","2011-11-01T00:00:00.000","ISSAQUAH HATCHERY","","ISSAQUAH HATCHERY","","0","1","0","0","0","0","Chinook","Fall","Issaquah Creek","WILD","14","2011","3","true",,,"false","false",,,"0","0","0"
"EggTake","","2011-11-01T00:00:00.000","ISSAQUAH HATCHERY","","","","0","0","0","0","0","360000","Coho","NA","Issaquah Creek","MIXED",,"2011",,"false",,,"false","false",,,"0","0","0"
"Parent Spawn Event","Lethal","2011-11-01T00:00:00.000","ISSAQUAH HATCHERY","","ISSAQUAH HATCHERY","","0","134","159","4","5","0","Coho","NA","Issaquah Creek","HATCHERY","2","2011","4","true",,,"false","false",,,"0","0","0"
"Parent Spawn Event","Lethal","2011-11-01T00:00:00.000","ISSAQUAH HATCHERY","","ISSAQUAH HATCHERY","","0","24","4","1","0","0","Coho","NA","Issaquah Creek","WILD","14","2011","4","true",,,"false","false",,,"0","0","0"
"Adult Mortality Event","","2011-11-01T00:00:00.000","ISSAQUAH HATCHERY","","ISSAQUAH HATCHERY","","0","5","0","2","0","0","Chinook","Fall","Issaquah Creek","HATCHERY","2","2011","4","true",,,"false","false",,,"0","0","0"
"Adult Mortality Event","","2011-11-01T00:00:00.000","ISSAQUAH HATCHERY","","ISSAQUAH HATCHERY","","0","23","43","0","0","0","Coho","NA","Issaquah Creek","HATCHERY","2","2011","4","true",,,"false","false",,,"0","0","0"
"Adult Surplus Event","Surplussed","2011-11-01T00:00:00.000","ISSAQUAH HATCHERY","","ISSAQUAH HATCHERY","","0","134","0","27","0","0","Coho","NA","Issaquah Creek","HATCHERY","2","2011","4","true",,,"false","false",,,"0","0","0"
"Adult Surplus Event","Surplussed","2011-11-01T00:00:00.000","ISSAQUAH HATCHERY","","ISSAQUAH HATCHERY","","0","0","1","0","0","0","Coho","NA","Issaquah Creek","HATCHERY","2","2011","3","true",,,"false","false",,,"0","0","0"
"Trap Estimate","","2011-11-01T00:00:00.000","ISSAQUAH HATCHERY","","ISSAQUAH HATCHERY","","82","0","0","2","0","0","Coho","NA","Issaquah Creek","WILD","1200","2011",,"false",,,"false","false",,,"0","0","0"
"Trap Estimate","","2011-11-01T00:00:00.000","ISSAQUAH HATCHERY","","ISSAQUAH HATCHERY","","2312","0","0","99","0","0","Coho","NA","Issaquah Creek","HATCHERY",,"2011",,"false",,,"false","false",,,"0","0","0"
"Adult Plant Event","Upstream","2011-11-01T00:00:00.000","ISSAQUAH HATCHERY","","ISSAQUAH HATCHERY","ISSAQUAH CR  08.0178","0","5","5","0","0","0","Chinook","Fall","Issaquah Creek","HATCHERY","2","2011","4","true",,,"false","false",,,"0","0","0"
"Adult Mortality Event","","2011-11-01T00:00:00.000","ISSAQUAH HATCHERY","","ISSAQUAH HATCHERY","","0","1","0","0","0","0","Coho","NA","Issaquah Creek","WILD","14","2011","4","true",,,"false","false",,,"0","0","0"
"Adult Mortality Event","","2011-11-02T00:00:00.000","ISSAQUAH HATCHERY","","ISSAQUAH HATCHERY","","0","0","0","1","0","0","Chinook","Fall","Issaquah Creek","WILD","14","2011","3","true",,,"false","false",,,"0","0","0"
"Adult Mortality Event","","2011-11-02T00:00:00.000","ISSAQUAH HATCHERY","","ISSAQUAH HATCHERY","","0","4","4","0","0","0","Coho","NA","Issaquah Creek","HATCHERY","2","2011","3","true",,,"false","false",,,"0","0","0"
"Adult Mortality Event","","2011-11-02T00:00:00.000","ISSAQUAH HATCHERY","","ISSAQUAH HATCHERY","","0","1","0","0","0","0","Chinook","Fall","Issaquah Creek","HATCHERY","2","2011","3","true",,,"false","false",,,"0","0","0"
"Parent Spawn Event","Lethal","2011-11-06T00:00:00.000","ISSAQUAH HATCHERY","","ISSAQUAH HATCHERY","","0","1","1","0","0","0","Coho","NA","Issaquah Creek","HATCHERY","2","2011",,"false","99","Put them back into the pond.","false","false",,,"0","0","0"
"EggTake","","2011-11-06T00:00:00.000","ISSAQUAH HATCHERY","","","","0","0","0","0","0","1000","Coho","NA","Issaquah Creek","MIXED",,"2011",,"false",,,"false","false",,,"0","0","0"
"Parent Spawn Event","Lethal","2011-11-07T00:00:00.000","ISSAQUAH HATCHERY","","ISSAQUAH HATCHERY","","0","117","126","4","1","0","Coho","NA","Issaquah Creek","HATCHERY","2","2011","4","true",,,"false","false",,,"0","0","0"
"Parent Spawn Event","Lethal","2011-11-07T00:00:00.000","ISSAQUAH HATCHERY","","ISSAQUAH HATCHERY","","0","10","5","0","0","0","Coho","NA","Issaquah Creek","WILD","14","2011","4","true",,,"false","false",,,"0","0","0"
"Trap Estimate","","2011-11-07T00:00:00.000","ISSAQUAH HATCHERY","","ISSAQUAH HATCHERY","","6","0","0","0","0","0","Chinook","Fall","Issaquah Creek","HATCHERY",,"2011",,"false",,,"false","false",,,"0","0","0"
"Adult Surplus Event","Surplussed","2011-11-07T00:00:00.000","ISSAQUAH HATCHERY","","ISSAQUAH HATCHERY","","0","4","0","6","0","0","Coho","NA","Issaquah Creek","HATCHERY","2","2011","4","true",,,"false","false",,,"0","0","0"
"Adult Mortality Event","","2011-11-07T00:00:00.000","ISSAQUAH HATCHERY","","ISSAQUAH HATCHERY","","0","10","21","1","0","0","Coho","NA","Issaquah Creek","HATCHERY","2","2011","4","true",,,"false","false",,,"0","0","0"
"EggTake","","2011-11-07T00:00:00.000","ISSAQUAH HATCHERY","","","","0","0","0","0","0","288000","Coho","NA","Issaquah Creek","MIXED",,"2011",,"false",,,"false","false",,,"0","0","0"
"Adult Mortality Event","","2011-11-09T00:00:00.000","ISSAQUAH HATCHERY","","ISSAQUAH HATCHERY","","0","12","21","0","0","0","Coho","NA","Issaquah Creek","HATCHERY","2","2011","3","true",,,"false","false",,,"0","0","0"
"Parent Spawn Event","Lethal","2011-11-15T00:00:00.000","ISSAQUAH HATCHERY","","ISSAQUAH HATCHERY","","0","88","78","0","4","0","Coho","NA","Issaquah Creek","HATCHERY","2","2011","4","true",,,"false","false",,,"0","0","0"
"Adult Mortality Event","","2011-11-15T00:00:00.000","ISSAQUAH HATCHERY","","ISSAQUAH HATCHERY","","0","28","71","1","0","0","Coho","NA","Issaquah Creek","HATCHERY","2","2011","4","true",,,"false","false",,,"0","0","0"
"EggTake","","2011-11-15T00:00:00.000","ISSAQUAH HATCHERY","","","","0","0","0","0","0","197000","Coho","NA","Issaquah Creek","MIXED",,"2011",,"false",,,"false","false",,,"0","0","0"
"Adult Mortality Event","","2011-11-15T00:00:00.000","ISSAQUAH HATCHERY","","ISSAQUAH HATCHERY","","0","1","0","0","0","0","Chinook","Fall","Issaquah Creek","HATCHERY","2","2011","4","true",,,"false","false",,,"0","0","0"
"Parent Spawn Event","Lethal","2011-11-15T00:00:00.000","ISSAQUAH HATCHERY","","ISSAQUAH HATCHERY","","0","6","2","2","0","0","Coho","NA","Issaquah Creek","WILD","14","2011","4","true",,,"false","false",,,"0","0","0"
"Adult Surplus Event","Surplussed","2011-11-15T00:00:00.000","ISSAQUAH HATCHERY","","ISSAQUAH HATCHERY","","0","151","336","46","0","0","Coho","NA","Issaquah Creek","HATCHERY","2","2011","4","true",,,"false","false",,,"0","0","0"
"Adult Plant Event","Upstream","2011-11-15T00:00:00.000","ISSAQUAH HATCHERY","","ISSAQUAH HATCHERY","ISSAQUAH CR  08.0178","0","32","27","0","0","0","Coho","NA","Issaquah Creek","WILD","14","2011","3","true",,,"false","false",,,"0","0","0"
"Adult Plant Event","Upstream","2011-11-15T00:00:00.000","ISSAQUAH HATCHERY","","ISSAQUAH HATCHERY","ISSAQUAH CR  08.0178","0","325","306","35","0","0","Coho","NA","Issaquah Creek","HATCHERY","2","2011","3","true",,,"false","false",,,"0","0","0"
"Adult Plant Event","Upstream","2011-11-15T00:00:00.000","ISSAQUAH HATCHERY","","ISSAQUAH HATCHERY","ISSAQUAH CR  08.0178","0","2","3","0","0","0","Chinook","Fall","Issaquah Creek","HATCHERY","2","2011","3","true",,,"false","false",,,"0","0","0"
"Trap Estimate","","2011-11-16T00:00:00.000","ISSAQUAH HATCHERY","","ISSAQUAH HATCHERY","","346","0","0","24","0","0","Coho","NA","Issaquah Creek","HATCHERY",,"2011",,"false",,,"false","false",,,"0","0","0"
"Trap Estimate","","2011-11-16T00:00:00.000","ISSAQUAH HATCHERY","","ISSAQUAH HATCHERY","","1","0","0","0","0","0","Chinook","Fall","Issaquah Creek","HATCHERY",,"2011",,"false",,,"false","false",,,"0","0","0"
"Trap Estimate","","2011-11-16T00:00:00.000","ISSAQUAH HATCHERY","","ISSAQUAH HATCHERY","","38","0","0","0","0","0","Coho","NA","Issaquah Creek","WILD",,"2011",,"false",,,"false","false",,,"0","0","0"
"Adult Mortality Event","","2011-11-16T00:00:00.000","ISSAQUAH HATCHERY","","ISSAQUAH HATCHERY","","0","5","24","0","0","0","Coho","NA","Issaquah Creek","HATCHERY","2","2011","3","true",,,"false","false",,,"0","0","0"
"Adult Ship","","2011-11-16T00:00:00.000","ISSAQUAH HATCHERY","MUCKLESHOOT TRIBE","ISSAQUAH HATCHERY","","0","339","245","6","0","0","Coho","NA","Issaquah Creek","HATCHERY","2","2011",,"false","5","","false","false",,,"0","0","0"
"Trap Estimate","","2011-11-17T00:00:00.000","ISSAQUAH HATCHERY","","ISSAQUAH HATCHERY","","1","0","0","0","0","0","Coho","NA","Issaquah Creek","WILD",,"2011",,"false",,,"false","false",,,"0","0","0"
"Trap Estimate","","2011-11-17T00:00:00.000","ISSAQUAH HATCHERY","","ISSAQUAH HATCHERY","","5","0","0","0","0","0","Coho","NA","Issaquah Creek","HATCHERY",,"2011",,"false",,,"false","false",,,"0","0","0"
"Adult Surplus Event","Surplussed","2011-11-28T00:00:00.000","ISSAQUAH HATCHERY","","ISSAQUAH HATCHERY","","0","217","110","24","0","0","Coho","NA","Issaquah Creek","HATCHERY","2","2011","4","true",,,"false","false",,,"0","0","0"
"Adult Mortality Event","","2011-11-28T00:00:00.000","ISSAQUAH HATCHERY","","ISSAQUAH HATCHERY","","0","8","9","0","0","0","Coho","NA","Issaquah Creek","HATCHERY","2","2011","4","true",,,"false","false",,,"0","0","0"
"Adult Plant Event","Upstream","2011-11-28T00:00:00.000","ISSAQUAH HATCHERY","","ISSAQUAH HATCHERY","ISSAQUAH CR  08.0178","0","22","16","0","0","0","Coho","NA","Issaquah Creek","WILD","14","2011","3","true",,,"false","false",,,"0","0","0"
"Adult Mortality Event","","2011-11-28T00:00:00.000","ISSAQUAH HATCHERY","","ISSAQUAH HATCHERY","","0","1","0","0","0","0","Coho","NA","Issaquah Creek","WILD","14","2011","3","true",,,"false","false",,,"0","0","0"
"Adult Mortality Event","","2011-11-28T00:00:00.000","ISSAQUAH HATCHERY","","ISSAQUAH HATCHERY","","0","2","3","0","0","0","Coho","NA","Issaquah Creek","HATCHERY","2","2011","4","true",,,"false","false",,,"0","0","0"
"Adult Plant Event","Upstream","2011-11-29T00:00:00.000","ISSAQUAH HATCHERY","","ISSAQUAH HATCHERY","ISSAQUAH CR  08.0178","0","0","1","0","0","0","Chinook","Fall","Issaquah Creek","HATCHERY","2","2011","3","true",,,"false","false",,,"0","0","0"
"Trap Estimate","","2012-09-08T00:00:00.000","ISSAQUAH HATCHERY","","ISSAQUAH HATCHERY","","30","0","0","0","0","0","Chinook","Fall","Issaquah Creek","HATCHERY",,"2012",,"false",,,"false","false",,,"0","0","0"
"Trap Estimate","","2012-09-11T00:00:00.000","ISSAQUAH HATCHERY","","ISSAQUAH HATCHERY","","170","0","0","2","0","0","Chinook","Fall","Issaquah Creek","HATCHERY","1200","2012",,"false",,,"false","false",,,"0","0","0"
"Trap Estimate","","2012-09-11T00:00:00.000","ISSAQUAH HATCHERY","","ISSAQUAH HATCHERY","","1","0","0","0","0","0","Chinook","Fall","Issaquah Creek","WILD",,"2012",,"false",,,"false","false",,,"0","0","0"
"Trap Estimate","","2012-09-18T00:00:00.000","ISSAQUAH HATCHERY","","ISSAQUAH HATCHERY","","32","0","0","2","0","0","Chinook","Fall","Issaquah Creek","WILD",,"2012",,"false",,,"false","false",,,"0","0","0"
"Trap Estimate","","2012-09-18T00:00:00.000","ISSAQUAH HATCHERY","","ISSAQUAH HATCHERY","","380","0","0","8","0","0","Chinook","Fall","Issaquah Creek","HATCHERY",,"2012",,"false",,,"false","false",,,"0","0","0"
"Adult Mortality Event","","2012-09-19T00:00:00.000","ISSAQUAH HATCHERY","","ISSAQUAH HATCHERY","","0","18","2","0","0","0","Chinook","Fall","Issaquah Creek","HATCHERY","2","2012","3","true",,,"false","false",,,"0","0","0"
"Adult Surplus Event","Surplussed","2012-09-21T00:00:00.000","ISSAQUAH HATCHERY","","ISSAQUAH HATCHERY","","0","1","0","0","0","0","Chinook","Fall","Issaquah Creek","HATCHERY","2","2012","3","true",,,"false","false",,,"0","0","0"
"Trap Estimate","","2012-09-24T00:00:00.000","ISSAQUAH HATCHERY","","ISSAQUAH HATCHERY","","237","0","0","1","0","0","Chinook","Fall","Issaquah Creek","HATCHERY",,"2012",,"false",,,"false","false",,,"0","0","0"
"Adult Surplus Event","Surplussed","2012-09-25T00:00:00.000","ISSAQUAH HATCHERY","","ISSAQUAH HATCHERY","","0","407","62","11","0","0","Chinook","Fall","Issaquah Creek","HATCHERY","2","2012","4","true",,,"false","false",,,"0","0","0"
"Parent Spawn Event","Lethal","2012-09-25T00:00:00.000","ISSAQUAH HATCHERY","","ISSAQUAH HATCHERY","","0","83","96","0","5","0","Chinook","Fall","Issaquah Creek","HATCHERY","2","2012","4","true",,,"false","false",,,"0","0","0"
"Parent Spawn Event","Lethal","2012-09-25T00:00:00.000","ISSAQUAH HATCHERY","","ISSAQUAH HATCHERY","","0","12","1","2","0","0","Chinook","Fall","Issaquah Creek","WILD","14","2012","4","true",,,"false","false",,,"0","0","0"
"Adult Plant Event","Upstream","2012-09-25T00:00:00.000","ISSAQUAH HATCHERY","","ISSAQUAH HATCHERY","ISSAQUAH CR  08.0178","0","72","71","0","0","0","Chinook","Fall","Issaquah Creek","HATCHERY","2","2012","3","true",,,"false","false",,,"0","0","0"
"EggTake","","2012-09-25T00:00:00.000","ISSAQUAH HATCHERY","","","","0","0","0","0","0","391677","Chinook","Fall","Issaquah Creek","MIXED",,"2012",,"false",,,"false","false",,,"0","0","0"
"Trap Estimate","","2012-09-26T00:00:00.000","ISSAQUAH HATCHERY","","ISSAQUAH HATCHERY","","700","0","0","1","0","0","Chinook","Fall","Issaquah Creek","HATCHERY",,"2012",,"false",,,"false","false",,,"0","0","0"
"Adult Mortality Event","","2012-09-26T00:00:00.000","ISSAQUAH HATCHERY","","ISSAQUAH HATCHERY","","0","20","16","1","0","0","Chinook","Fall","Issaquah Creek","HATCHERY","2","2012","3","true",,,"false","false",,,"0","0","0"
"Trap Estimate","","2012-09-26T00:00:00.000","ISSAQUAH HATCHERY","","ISSAQUAH HATCHERY","","20","0","0","0","0","0","Chinook","Fall","Issaquah Creek","WILD","1200","2012",,"false",,,"false","false",,,"0","0","0"
"Trap Estimate","","2012-09-26T00:00:00.000","ISSAQUAH HATCHERY","","ISSAQUAH HATCHERY","","5","0","0","0","0","0","Coho","NA","Issaquah Creek","HATCHERY",,"2012",,"false",,,"false","false",,,"0","0","0"
"Adult Mortality Event","","2012-09-26T00:00:00.000","ISSAQUAH HATCHERY","","ISSAQUAH HATCHERY","","0","1","0","0","0","0","Chinook","Fall","Issaquah Creek","WILD","14","2012","3","true",,,"false","false",,,"0","0","0"
"Parent Spawn Event","Lethal","2012-10-02T00:00:00.000","ISSAQUAH HATCHERY","","ISSAQUAH HATCHERY","","0","38","3","0","0","0","Chinook","Fall","Issaquah Creek","WILD","14","2012","4","true",,,"false","false",,,"0","0","0"
"EggTake","","2012-10-02T00:00:00.000","ISSAQUAH HATCHERY","","","","0","0","0","0","0","528000","Chinook","Fall","Issaquah Creek","MIXED",,"2012",,"false",,,"false","false",,,"0","0","0"
"Trap Estimate","","2012-10-02T00:00:00.000","ISSAQUAH HATCHERY","","ISSAQUAH HATCHERY","","100","0","0","0","0","0","Coho","NA","Issaquah Creek","HATCHERY",,"2012",,"false",,,"false","false",,,"0","0","0"
"Adult Surplus Event","Surplussed","2012-10-02T00:00:00.000","ISSAQUAH HATCHERY","","ISSAQUAH HATCHERY","","0","13","0","1","0","0","Chinook","Fall","Issaquah Creek","HATCHERY","2","2012","4","true",,,"false","false",,,"0","0","0"
"Trap Estimate","","2012-10-02T00:00:00.000","ISSAQUAH HATCHERY","","ISSAQUAH HATCHERY","","30","0","0","0","0","0","Chinook","Fall","Issaquah Creek","WILD",,"2012",,"false",,,"false","false",,,"0","0","0"
"Adult Mortality Event","","2012-10-02T00:00:00.000","ISSAQUAH HATCHERY","","ISSAQUAH HATCHERY","","0","23","12","0","0","0","Chinook","Fall","Issaquah Creek","HATCHERY","2","2012","4","true",,,"false","false",,,"0","0","0"
"Trap Estimate","","2012-10-02T00:00:00.000","ISSAQUAH HATCHERY","","ISSAQUAH HATCHERY","","5","0","0","0","0","0","Coho","NA","Issaquah Creek","WILD",,"2012",,"false",,,"false","false",,,"0","0","0"
"Trap Estimate","","2012-10-02T00:00:00.000","ISSAQUAH HATCHERY","","ISSAQUAH HATCHERY","","1100","0","0","10","0","0","Chinook","Fall","Issaquah Creek","HATCHERY",,"2012",,"false",,,"false","false",,,"0","0","0"
"Adult Plant Event","Upstream","2012-10-02T00:00:00.000","ISSAQUAH HATCHERY","","ISSAQUAH HATCHERY","ISSAQUAH CR  08.0178","0","74","72","0","0","0","Chinook","Fall","Issaquah Creek","HATCHERY","2","2012","3","true",,,"false","false",,,"0","0","0"
"Parent Spawn Event","Lethal","2012-10-02T00:00:00.000","ISSAQUAH HATCHERY","","ISSAQUAH HATCHERY","","0","80","117","2","0","0","Chinook","Fall","Issaquah Creek","HATCHERY","2","2012","4","true",,,"false","false",,,"0","0","0"
"Adult Surplus Event","Surplussed","2012-10-03T00:00:00.000","ISSAQUAH HATCHERY","","ISSAQUAH HATCHERY","","0","883","131","0","0","0","Chinook","Fall","Issaquah Creek","HATCHERY","2","2012","4","true",,,"false","false",,,"0","0","0"
"Adult Plant Event","Upstream","2012-10-03T00:00:00.000","ISSAQUAH HATCHERY","","ISSAQUAH HATCHERY","ISSAQUAH C-EF 8.0183","0","26","26","0","0","0","Chinook","Fall","Issaquah Creek","HATCHERY","2","2012","3","true",,,"false","false",,,"0","0","0"
"Trap Estimate","","2012-10-08T00:00:00.000","ISSAQUAH HATCHERY","","ISSAQUAH HATCHERY","","100","0","0","0","0","0","Coho","NA","Issaquah Creek","HATCHERY",,"2012",,"false",,,"false","false",,,"0","0","0"
"Trap Estimate","","2012-10-08T00:00:00.000","ISSAQUAH HATCHERY","","ISSAQUAH HATCHERY","","1050","0","0","0","0","0","Chinook","Fall","Issaquah Creek","HATCHERY","1200","2012",,"false",,,"false","false",,,"0","0","0"
"Trap Estimate","","2012-10-08T00:00:00.000","ISSAQUAH HATCHERY","","ISSAQUAH HATCHERY","","50","0","0","0","0","0","Chinook","Fall","Issaquah Creek","WILD",,"2012",,"false",,,"false","false",,,"0","0","0"
"Adult Mortality Event","","2012-10-09T00:00:00.000","ISSAQUAH HATCHERY","","ISSAQUAH HATCHERY","","0","2","0","0","0","0","Chinook","Fall","Issaquah Creek","WILD","14","2012","4","true",,,"false","false",,,"0","0","0"
"Adult Surplus Event","Surplussed","2012-10-09T00:00:00.000","ISSAQUAH HATCHERY","","ISSAQUAH HATCHERY","","0","664","0","3","0","0","Chinook","Fall","Issaquah Creek","HATCHERY","2","2012","3","true",,,"false","false",,,"0","0","0"
"EggTake","","2012-10-09T00:00:00.000","ISSAQUAH HATCHERY","","","","0","0","0","0","0","440004","Chinook","Fall","Issaquah Creek","MIXED",,"2012",,"false",,,"false","false",,,"0","0","0"
"Adult Surplus Event","Surplussed","2012-10-09T00:00:00.000","ISSAQUAH HATCHERY","","ISSAQUAH HATCHERY","","0","1","0","0","0","0","Chinook","Fall","Issaquah Creek","WILD","14","2012","4","true",,,"false","false",,,"0","0","0"
"Adult Plant Event","Upstream","2012-10-09T00:00:00.000","ISSAQUAH HATCHERY","","ISSAQUAH HATCHERY","ISSAQUAH CR  08.0178","0","184","186","0","0","0","Chinook","Fall","Issaquah Creek","HATCHERY","2","2012","3","true",,,"false","false",,,"0","0","0"
"Adult Mortality Event","","2012-10-09T00:00:00.000","ISSAQUAH HATCHERY","","ISSAQUAH HATCHERY","","0","27","6","0","0","0","Chinook","Fall","Issaquah Creek","HATCHERY","2","2012","4","true",,,"false","false",,,"0","0","0"
"Parent Spawn Event","Lethal","2012-10-09T00:00:00.000","ISSAQUAH HATCHERY","","ISSAQUAH HATCHERY","","0","59","6","0","0","0","Chinook","Fall","Issaquah Creek","WILD","14","2012","4","true",,,"false","false",,,"0","0","0"
"Adult Mortality Event","","2012-10-09T00:00:00.000","ISSAQUAH HATCHERY","","ISSAQUAH HATCHERY","","0","2","3","0","0","0","Coho","NA","Issaquah Creek","HATCHERY","2","2012","4","true",,,"false","false",,,"0","0","0"
"Parent Spawn Event","Lethal","2012-10-09T00:00:00.000","ISSAQUAH HATCHERY","","ISSAQUAH HATCHERY","","0","41","94","0","9","0","Chinook","Fall","Issaquah Creek","HATCHERY","2","2012","4","true",,,"false","false",,,"0","0","0"
"Adult Mortality Event","","2012-10-10T00:00:00.000","ISSAQUAH HATCHERY","","ISSAQUAH HATCHERY","","0","35","3","0","0","0","Chinook","Fall","Issaquah Creek","HATCHERY","2","2012","3","true",,,"false","false",,,"0","0","0"
"Adult Mortality Event","","2012-10-10T00:00:00.000","ISSAQUAH HATCHERY","","ISSAQUAH HATCHERY","","0","6","2","0","0","0","Chinook","Fall","Issaquah Creek","WILD","14","2012","3","true",,,"false","false",,,"0","0","0"
"Trap Estimate","","2012-10-16T00:00:00.000","ISSAQUAH HATCHERY","","ISSAQUAH HATCHERY","","159","0","0","0","0","0","Chinook","Fall","Issaquah Creek","WILD","1200","2012",,"false",,,"false","false",,,"0","0","0"
"EggTake","","2012-10-16T00:00:00.000","ISSAQUAH HATCHERY","","","","0","0","0","0","0","724165","Chinook","Fall","Issaquah Creek","MIXED",,"2012",,"false",,,"false","false",,,"0","0","0"
"Adult Mortality Event","","2012-10-16T00:00:00.000","ISSAQUAH HATCHERY","","ISSAQUAH HATCHERY","","0","7","4","0","0","0","Chinook","Fall","Issaquah Creek","HATCHERY","2","2012","4","true",,,"false","false",,,"0","0","0"
"Adult Mortality Event","","2012-10-16T00:00:00.000","ISSAQUAH HATCHERY","","ISSAQUAH HATCHERY","","0","12","3","0","0","0","Chinook","Fall","Issaquah Creek","WILD","14","2012","4","true",,,"false","false",,,"0","0","0"
"Adult Surplus Event","Surplussed","2012-10-16T00:00:00.000","ISSAQUAH HATCHERY","","ISSAQUAH HATCHERY","","0","1","0","0","0","0","Chinook","Fall","Issaquah Creek","HATCHERY","2","2012","3","true",,,"false","false",,,"0","0","0"
"Adult Plant Event","Upstream","2012-10-16T00:00:00.000","ISSAQUAH HATCHERY","","ISSAQUAH HATCHERY","ISSAQUAH CR  08.0178","0","15","0","0","0","0","Chinook","Fall","Issaquah Creek","WILD","14","2012","3","true",,,"false","false",,,"0","0","0"
"Adult Plant Event","Upstream","2012-10-16T00:00:00.000","ISSAQUAH HATCHERY","","ISSAQUAH HATCHERY","ISSAQUAH CR  08.0178","0","211","7","2","0","0","Chinook","Fall","Issaquah Creek","HATCHERY","2","2012","3","true",,,"false","false",,,"0","0","0"
"Trap Estimate","","2012-10-16T00:00:00.000","ISSAQUAH HATCHERY","","ISSAQUAH HATCHERY","","509","0","0","0","0","0","Chinook","Fall","Issaquah Creek","HATCHERY",,"2012",,"false",,,"false","false",,,"0","0","0"
"Trap Estimate","","2012-10-16T00:00:00.000","ISSAQUAH HATCHERY","","ISSAQUAH HATCHERY","","500","0","0","10","0","0","Coho","NA","Issaquah Creek","HATCHERY",,"2012",,"false",,,"false","false",,,"0","0","0"
"Parent Spawn Event","Lethal","2012-10-16T00:00:00.000","ISSAQUAH HATCHERY","","ISSAQUAH HATCHERY","","0","99","160","1","7","0","Chinook","Fall","Issaquah Creek","HATCHERY","2","2012","4","true",,,"false","false",,,"0","0","0"
"Parent Spawn Event","Lethal","2012-10-16T00:00:00.000","ISSAQUAH HATCHERY","","ISSAQUAH HATCHERY","","0","82","21","0","1","0","Chinook","Fall","Issaquah Creek","WILD","14","2012","4","true",,,"false","false",,,"0","0","0"
"Adult Mortality Event","","2012-10-16T00:00:00.000","ISSAQUAH HATCHERY","","ISSAQUAH HATCHERY","","0","1","1","0","0","0","Coho","NA","Issaquah Creek","HATCHERY","2","2012","4","true",,,"false","false",,,"0","0","0"
"Adult Surplus Event","Surplussed","2012-10-16T00:00:00.000","ISSAQUAH HATCHERY","","ISSAQUAH HATCHERY","","0","3","2","0","0","0","Coho","NA","Issaquah Creek","HATCHERY","2","2012","3","true",,,"false","false",,,"0","0","0"
"Adult Surplus Event","Surplussed","2012-10-16T00:00:00.000","ISSAQUAH HATCHERY","","ISSAQUAH HATCHERY","","0","211","349","6","0","0","Coho","NA","Issaquah Creek","HATCHERY","2","2012","4","true",,,"false","false",,,"0","0","0"
"Trap Estimate","","2012-10-17T00:00:00.000","ISSAQUAH HATCHERY","","ISSAQUAH HATCHERY","","0","0","0","10","0","0","Coho","NA","Issaquah Creek","WILD",,"2012",,"false",,,"false","false",,,"0","0","0"
"Adult Surplus Event","Surplussed","2012-10-17T00:00:00.000","ISSAQUAH HATCHERY","","ISSAQUAH HATCHERY","","0","745","934","28","0","0","Coho","NA","Issaquah Creek","HATCHERY","2","2012","4","true",,,"false","false",,,"0","0","0"
"Adult Surplus Event","Surplussed","2012-10-17T00:00:00.000","ISSAQUAH HATCHERY","","ISSAQUAH HATCHERY","","0","20","10","0","0","0","Coho","NA","Issaquah Creek","HATCHERY","2","2012","4","true",,,"false","false",,,"0","0","0"
"Adult Mortality Event","","2012-10-17T00:00:00.000","ISSAQUAH HATCHERY","","ISSAQUAH HATCHERY","","0","1","0","6","0","0","Coho","NA","Issaquah Creek","HATCHERY","2","2012","4","true",,,"false","false",,,"0","0","0"
"Adult Mortality Event","","2012-10-17T00:00:00.000","ISSAQUAH HATCHERY","","ISSAQUAH HATCHERY","","0","1","1","0","0","0","Chinook","Fall","Issaquah Creek","WILD","14","2012","4","true",,,"false","false",,,"0","0","0"
"Trap Estimate","","2012-10-17T00:00:00.000","ISSAQUAH HATCHERY","","ISSAQUAH HATCHERY","","0","0","0","1","0","0","Chinook","Fall","Issaquah Creek","HATCHERY",,"2012",,"false",,,"false","false",,,"0","0","0"
"Trap Estimate","","2012-10-17T00:00:00.000","ISSAQUAH HATCHERY","","ISSAQUAH HATCHERY","","2","0","0","0","0","0","Chinook","Fall","Issaquah Creek","WILD",,"2012",,"false",,,"false","false",,,"0","0","0"
"Adult Plant Event","Upstream","2012-10-17T00:00:00.000","ISSAQUAH HATCHERY","","ISSAQUAH HATCHERY","ISSAQUAH CR  08.0178","0","19","6","0","0","0","Chinook","Fall","Issaquah Creek","WILD","14","2012","3","true",,,"false","false",,,"0","0","0"
"Adult Plant Event","Upstream","2012-10-17T00:00:00.000","ISSAQUAH HATCHERY","","ISSAQUAH HATCHERY","ISSAQUAH C-EF 8.0183","0","100","104","0","0","0","Coho","NA","Issaquah Creek","HATCHERY","2","2012","3","true",,,"false","false",,,"0","0","0"
"Adult Plant Event","Upstream","2012-10-17T00:00:00.000","ISSAQUAH HATCHERY","","ISSAQUAH HATCHERY","ISSAQUAH C-EF 8.0183","0","66","29","2","0","0","Chinook","Fall","Issaquah Creek","HATCHERY","2","2012","3","true",,,"false","false",,,"0","0","0"
"Trap Estimate","","2012-10-17T00:00:00.000","ISSAQUAH HATCHERY","","ISSAQUAH HATCHERY","","1900","0","0","30","0","0","Coho","NA","Issaquah Creek","HATCHERY",,"2012",,"false",,,"false","false",,,"0","0","0"
"Trap Estimate","","2012-10-22T00:00:00.000","ISSAQUAH HATCHERY","","ISSAQUAH HATCHERY","","7","0","0","0","0","0","Chinook","Fall","Issaquah Creek","HATCHERY",,"2012",,"false",,,"false","false",,,"0","0","0"
"Trap Estimate","","2012-10-22T00:00:00.000","ISSAQUAH HATCHERY","","ISSAQUAH HATCHERY","","8","0","0","0","0","0","Chinook","Fall","Issaquah Creek","WILD",,"2012",,"false",,,"false","false",,,"0","0","0"
"Trap Estimate","","2012-10-22T00:00:00.000","ISSAQUAH HATCHERY","","ISSAQUAH HATCHERY","","3000","0","0","49","0","0","Coho","NA","Issaquah Creek","HATCHERY",,"2012",,"false",,,"false","false",,,"0","0","0"
"Trap Estimate","","2012-10-22T00:00:00.000","ISSAQUAH HATCHERY","","ISSAQUAH HATCHERY","","195","0","0","1","0","0","Coho","NA","Issaquah Creek","WILD",,"2012",,"false",,,"false","false",,,"0","0","0"
"Adult Surplus Event","Surplussed","2012-10-23T00:00:00.000","ISSAQUAH HATCHERY","","ISSAQUAH HATCHERY","","0","765","1069","30","0","0","Coho","NA","Issaquah Creek","HATCHERY","2","2012","4","true",,,"false","false",,,"0","0","0"
"Adult Surplus Event","Surplussed","2012-10-23T00:00:00.000","ISSAQUAH HATCHERY","","ISSAQUAH HATCHERY","","0","0","0","1","0","0","Coho","NA","Issaquah Creek","HATCHERY","2","2012","4","true",,,"true","true",,,"0","0","1"
"Adult Surplus Event","Surplussed","2012-10-23T00:00:00.000","ISSAQUAH HATCHERY","","ISSAQUAH HATCHERY","","0","1","0","0","0","0","Coho","NA","Issaquah Creek","WILD","14","2012","4","true",,,"false","false",,,"0","0","0"
"Trap Estimate","","2012-10-23T00:00:00.000","ISSAQUAH HATCHERY","","ISSAQUAH HATCHERY","","1660","0","0","0","0","0","Coho","NA","Issaquah Creek","HATCHERY",,"2012",,"false",,,"false","false",,,"0","0","0"
"Trap Estimate","","2012-10-23T00:00:00.000","ISSAQUAH HATCHERY","","ISSAQUAH HATCHERY","","50","0","0","0","0","0","Coho","NA","Issaquah Creek","WILD","1200","2012",,"false",,,"false","false",,,"0","0","0"
"Adult Plant Event","Upstream","2012-10-23T00:00:00.000","ISSAQUAH HATCHERY","","ISSAQUAH HATCHERY","ISSAQUAH CR  08.0178","0","2","0","0","0","0","Chinook","Fall","Issaquah Creek","WILD","14","2012","3","true",,,"false","false",,,"0","0","0"
"Adult Plant Event","Upstream","2012-10-23T00:00:00.000","ISSAQUAH HATCHERY","","ISSAQUAH HATCHERY","ISSAQUAH CR  08.0178","0","7","6","0","0","0","Chinook","Fall","Issaquah Creek","HATCHERY","2","2012","3","true",,,"false","false",,,"0","0","0"
"Adult Plant Event","Upstream","2012-10-23T00:00:00.000","ISSAQUAH HATCHERY","","ISSAQUAH HATCHERY","ISSAQUAH CR  08.0178","0","157","153","0","0","0","Coho","NA","Issaquah Creek","HATCHERY","2","2012","3","true",,,"false","false",,,"0","0","0"
"Adult Plant Event","Upstream","2012-10-24T00:00:00.000","ISSAQUAH HATCHERY","","ISSAQUAH HATCHERY","ISSAQUAH CR  08.0178","0","4","1","0","0","0","Chinook","Fall","Issaquah Creek","HATCHERY","2","2012","3","true",,,"false","false",,,"0","0","0"
"Adult Mortality Event","","2012-10-24T00:00:00.000","ISSAQUAH HATCHERY","","ISSAQUAH HATCHERY","","0","2","1","0","0","0","Coho","NA","Issaquah Creek","WILD","14","2012","4","true",,,"false","false",,,"0","0","0"
"Adult Mortality Event","","2012-10-24T00:00:00.000","ISSAQUAH HATCHERY","","ISSAQUAH HATCHERY","","0","15","0","0","0","0","Chinook","Fall","Issaquah Creek","HATCHERY","2","2012","3","true",,,"false","false",,,"0","0","0"
"Adult Mortality Event","","2012-10-24T00:00:00.000","ISSAQUAH HATCHERY","","ISSAQUAH HATCHERY","","0","7","10","1","0","0","Coho","NA","Issaquah Creek","HATCHERY","2","2012","4","true",,,"false","false",,,"0","0","0"
"Adult Mortality Event","","2012-10-24T00:00:00.000","ISSAQUAH HATCHERY","","ISSAQUAH HATCHERY","","0","4","3","0","0","0","Chinook","Fall","Issaquah Creek","WILD","14","2012","3","true",,,"false","false",,,"0","0","0"
"Adult Surplus Event","Surplussed","2012-10-24T00:00:00.000","ISSAQUAH HATCHERY","","ISSAQUAH HATCHERY","","0","0","0","1","0","0","Coho","NA","Issaquah Creek","HATCHERY","2","2012","4","true",,,"true","true",,,"0","0","1"
"Adult Plant Event","Upstream","2012-10-24T00:00:00.000","ISSAQUAH HATCHERY","","ISSAQUAH HATCHERY","ISSAQUAH CR  08.0178","0","1","0","0","0","0","Chinook","Fall","Issaquah Creek","WILD","14","2012","3","true",,,"false","false",,,"0","0","0"
"Adult Surplus Event","Surplussed","2012-10-24T00:00:00.000","ISSAQUAH HATCHERY","","ISSAQUAH HATCHERY","","0","710","655","16","0","0","Coho","NA","Issaquah Creek","HATCHERY","2","2012","4","true",,,"false","false",,,"0","0","0"
"Trap Estimate","","2012-10-29T00:00:00.000","ISSAQUAH HATCHERY","","ISSAQUAH HATCHERY","","629","0","0","55","0","0","Coho","NA","Issaquah Creek","HATCHERY",,"2012",,"false",,,"false","false",,,"0","0","0"
"Adult Mortality Event","","2012-10-30T00:00:00.000","ISSAQUAH HATCHERY","","ISSAQUAH HATCHERY","","0","14","38","0","0","0","Coho","NA","Issaquah Creek","HATCHERY","2","2012","4","true",,,"false","false",,,"0","0","0"
"Adult Mortality Event","","2012-10-30T00:00:00.000","ISSAQUAH HATCHERY","","ISSAQUAH HATCHERY","","0","4","10","0","0","0","Coho","NA","Issaquah Creek","WILD","14","2012","4","true",,,"false","false",,,"0","0","0"
"Adult Plant Event","Upstream","2012-10-30T00:00:00.000","ISSAQUAH HATCHERY","","ISSAQUAH HATCHERY","ISSAQUAH CR  08.0178","0","75","75","0","0","0","Coho","NA","Issaquah Creek","HATCHERY","2","2012",,"false","99","Weir failed, fish escaped upstream, SWAG!","false","false",,,"0","0","0"
"Adult Plant Event","Upstream","2012-10-30T00:00:00.000","ISSAQUAH HATCHERY","","ISSAQUAH HATCHERY","ISSAQUAH CR  08.0178","0","3","4","0","0","0","Chinook","Fall","Issaquah Creek","HATCHERY","2","2012","3","true",,,"false","false",,,"0","0","0"
"Trap Estimate","","2012-10-30T00:00:00.000","ISSAQUAH HATCHERY","","ISSAQUAH HATCHERY","","7","0","0","0","0","0","Chinook","Fall","Issaquah Creek","HATCHERY","1200","2012",,"false",,,"false","false",,,"0","0","0"
"EggTake","","2012-10-30T00:00:00.000","ISSAQUAH HATCHERY","","","","0","0","0","0","0","232750","Coho","NA","Issaquah Creek","MIXED",,"2012",,"false",,,"false","false",,,"0","0","0"
"Parent Spawn Event","Lethal","2012-10-30T00:00:00.000","ISSAQUAH HATCHERY","","ISSAQUAH HATCHERY","","0","32","10","2","1","0","Coho","NA","Issaquah Creek","WILD","14","2012","4","true",,,"false","false",,,"0","0","0"
"Parent Spawn Event","Lethal","2012-10-30T00:00:00.000","ISSAQUAH HATCHERY","","ISSAQUAH HATCHERY","","0","93","100","0","7","0","Coho","NA","Issaquah Creek","HATCHERY","2","2012","4","true",,,"false","false",,,"0","0","0"
"Adult Plant Event","Upstream","2012-10-30T00:00:00.000","ISSAQUAH HATCHERY","","ISSAQUAH HATCHERY","ISSAQUAH CR  08.0178","0","25","25","0","0","0","Coho","NA","Issaquah Creek","WILD","14","2012",,"false","99","Weir failed","false","false",,,"0","0","0"
"Adult Surplus Event","Surplussed","2012-10-30T00:00:00.000","ISSAQUAH HATCHERY","","ISSAQUAH HATCHERY","","0","583","235","39","0","0","Coho","NA","Issaquah Creek","HATCHERY","2","2012","4","true",,,"false","false",,,"0","0","0"
"Adult Surplus Event","Surplussed","2012-10-30T00:00:00.000","ISSAQUAH HATCHERY","","ISSAQUAH HATCHERY","","0","1","0","0","0","0","Coho","NA","Issaquah Creek","WILD","14","2012","4","true",,,"false","false",,,"0","0","0"
"Adult Mortality Event","","2012-10-31T00:00:00.000","ISSAQUAH HATCHERY","","ISSAQUAH HATCHERY","","0","0","1","0","0","0","Coho","NA","Issaquah Creek","WILD","14","2012","3","true",,,"false","false",,,"0","0","0"
"Adult Mortality Event","","2012-10-31T00:00:00.000","ISSAQUAH HATCHERY","","ISSAQUAH HATCHERY","","0","3","3","0","0","0","Coho","NA","Issaquah Creek","HATCHERY","2","2012","3","true",,,"false","false",,,"0","0","0"
"Trap Estimate","","2012-11-06T00:00:00.000","ISSAQUAH HATCHERY","","ISSAQUAH HATCHERY","","150","0","0","0","0","0","Coho","NA","Issaquah Creek","HATCHERY",,"2012",,"false",,,"false","false",,,"0","0","0"
"Adult Mortality Event","","2012-11-06T00:00:00.000","ISSAQUAH HATCHERY","","ISSAQUAH HATCHERY","","0","46","112","2","0","0","Coho","NA","Issaquah Creek","HATCHERY","2","2012","4","true",,,"false","false",,,"0","0","0"
"Adult Mortality Event","","2012-11-06T00:00:00.000","ISSAQUAH HATCHERY","","ISSAQUAH HATCHERY","","0","12","9","0","0","0","Coho","NA","Issaquah Creek","WILD","14","2012","4","true",,,"false","false",,,"0","0","0"
"Parent Spawn Event","Lethal","2012-11-06T00:00:00.000","ISSAQUAH HATCHERY","","ISSAQUAH HATCHERY","","0","281","300","8","15","0","Coho","NA","Issaquah Creek","HATCHERY","2","2012","4","true",,,"false","false",,,"0","0","0"
"Adult Surplus Event","Surplussed","2012-11-06T00:00:00.000","ISSAQUAH HATCHERY","","ISSAQUAH HATCHERY","","0","17","0","2","0","0","Coho","NA","Issaquah Creek","HATCHERY","2","2012","4","true",,,"false","false",,,"0","0","0"
"Parent Spawn Event","Lethal","2012-11-06T00:00:00.000","ISSAQUAH HATCHERY","","ISSAQUAH HATCHERY","","0","44","25","0","0","0","Coho","NA","Issaquah Creek","WILD","14","2012","4","true",,,"false","false",,,"0","0","0"
"Trap Estimate","","2012-11-06T00:00:00.000","ISSAQUAH HATCHERY","","ISSAQUAH HATCHERY","","10","0","0","0","0","0","Coho","NA","Issaquah Creek","WILD",,"2012",,"false",,,"false","false",,,"0","0","0"
"EggTake","","2012-11-06T00:00:00.000","ISSAQUAH HATCHERY","","","","0","0","0","0","0","657000","Coho","NA","Issaquah Creek","MIXED",,"2012",,"false",,,"false","false",,,"0","0","0"
"Trap Estimate","","2012-11-12T00:00:00.000","ISSAQUAH HATCHERY","","ISSAQUAH HATCHERY","","758","0","0","6","0","0","Coho","NA","Issaquah Creek","HATCHERY",,"2012",,"false",,,"false","false",,,"0","0","0"
"Trap Estimate","","2012-11-12T00:00:00.000","ISSAQUAH HATCHERY","","ISSAQUAH HATCHERY","","3","0","0","0","0","0","Coho","NA","Issaquah Creek","WILD",,"2012",,"false",,,"false","false",,,"0","0","0"
"Parent Spawn Event","Lethal","2012-11-13T00:00:00.000","ISSAQUAH HATCHERY","","ISSAQUAH HATCHERY","","0","162","164","0","8","0","Coho","NA","Issaquah Creek","HATCHERY","2","2012","4","true",,,"false","false",,,"0","0","0"
"Trap Estimate","","2012-11-13T00:00:00.000","ISSAQUAH HATCHERY","","ISSAQUAH HATCHERY","","1400","0","0","0","0","0","Coho","NA","Issaquah Creek","HATCHERY","1200","2012",,"false",,,"false","false",,,"0","0","0"
"Adult Plant Event","Upstream","2012-11-13T00:00:00.000","ISSAQUAH HATCHERY","","ISSAQUAH HATCHERY","ISSAQUAH CR  08.0178","0","500","500","0","0","0","Coho","NA","Issaquah Creek","HATCHERY","2","2012",,"false","99","Weir failed, fish escaped.","false","false",,,"0","0","0"
"Adult Mortality Event","","2012-11-13T00:00:00.000","ISSAQUAH HATCHERY","","ISSAQUAH HATCHERY","","0","5","5","0","0","0","Coho","NA","Issaquah Creek","WILD","14","2012","4","true",,,"false","false",,,"0","0","0"
"Adult Mortality Event","","2012-11-13T00:00:00.000","ISSAQUAH HATCHERY","","ISSAQUAH HATCHERY","","0","26","65","1","0","0","Coho","NA","Issaquah Creek","HATCHERY","2","2012","4","true",,,"false","false",,,"0","0","0"
"EggTake","","2012-11-13T00:00:00.000","ISSAQUAH HATCHERY","","","","0","0","0","0","0","387000","Coho","NA","Issaquah Creek","MIXED",,"2012",,"false",,,"false","false",,,"0","0","0"
"Parent Spawn Event","Lethal","2012-11-13T00:00:00.000","ISSAQUAH HATCHERY","","ISSAQUAH HATCHERY","","0","7","16","0","1","0","Coho","NA","Issaquah Creek","WILD","14","2012","4","true",,,"false","false",,,"0","0","0"
"Adult Mortality Event","","2012-11-14T00:00:00.000","ISSAQUAH HATCHERY","","ISSAQUAH HATCHERY","","0","2","2","0","0","0","Coho","NA","Issaquah Creek","WILD","14","2012","3","true",,,"false","false",,,"0","0","0"
"Adult Mortality Event","","2012-11-14T00:00:00.000","ISSAQUAH HATCHERY","","ISSAQUAH HATCHERY","","0","23","42","0","0","0","Coho","NA","Issaquah Creek","HATCHERY","2","2012","3","true",,,"false","false",,,"0","0","0"
"Adult Surplus Event","Surplussed","2012-11-15T00:00:00.000","ISSAQUAH HATCHERY","","ISSAQUAH HATCHERY","","0","19","0","0","0","0","Coho","NA","Issaquah Creek","HATCHERY","2","2012","3","true",,,"false","false",,,"0","0","0"
"Adult Ship","","2012-11-15T00:00:00.000","ISSAQUAH HATCHERY","MUCKLESHOOT TRIBE","ISSAQUAH HATCHERY","","0","11","11","9","0","0","Coho","NA","Issaquah Creek","WILD","14","2012","3","true",,,"false","false",,,"0","0","0"
"Adult Ship","","2012-11-15T00:00:00.000","ISSAQUAH HATCHERY","MUCKLESHOOT TRIBE","ISSAQUAH HATCHERY","","0","345","339","9","0","0","Coho","NA","Issaquah Creek","HATCHERY","2","2012","3","true",,,"false","false",,,"0","0","0"
"Trap Estimate","","2013-09-18T00:00:00.000","ISSAQUAH HATCHERY","","ISSAQUAH HATCHERY","","25","0","0","0","0","0","Chinook","Fall","Issaquah Creek","WILD",,"2013",,"false",,,"false","false",,,"0","0","0"
"Adult Plant Event","Upstream","2013-09-18T00:00:00.000","ISSAQUAH HATCHERY","","ISSAQUAH HATCHERY","ISSAQUAH CR  08.0178","0","3","2","0","0","0","Chinook","Fall","Issaquah Creek","HATCHERY","2","2013",,"false","99","Escaped over broken weir plates. These fish were counted at the construction site upstream.","false","false",,,"0","0","0"
"Trap Estimate","","2013-09-18T00:00:00.000","ISSAQUAH HATCHERY","","ISSAQUAH HATCHERY","","275","0","0","5","0","0","Chinook","Fall","Issaquah Creek","HATCHERY","1200","2013",,"false",,,"false","false",,,"0","0","0"
"Trap Estimate","","2013-09-23T00:00:00.000","ISSAQUAH HATCHERY","","ISSAQUAH HATCHERY","","15","0","0","0","0","0","Chinook","Fall","Issaquah Creek","WILD",,"2013",,"false",,,"false","false",,,"0","0","0"
"Trap Estimate","","2013-09-23T00:00:00.000","ISSAQUAH HATCHERY","","ISSAQUAH HATCHERY","","870","0","0","10","0","0","Chinook","Fall","Issaquah Creek","HATCHERY",,"2013",,"false",,,"false","false",,,"0","0","0"
"Trap Estimate","","2013-09-24T00:00:00.000","ISSAQUAH HATCHERY","","ISSAQUAH HATCHERY","","28","0","0","0","0","0","Chinook","Fall","Issaquah Creek","WILD",,"2013",,"false",,,"false","false",,,"0","0","0"
"EggTake","","2013-09-24T00:00:00.000","ISSAQUAH HATCHERY","","","","0","0","0","0","0","872000","Chinook","Fall","Issaquah Creek","MIXED",,"2013",,"false",,,"false","false",,,"0","0","0"
"Adult Mortality Event","","2013-09-24T00:00:00.000","ISSAQUAH HATCHERY","","ISSAQUAH HATCHERY","","0","7","35","0","0","0","Chinook","Fall","Issaquah Creek","HATCHERY","2","2013","4","true",,,"false","false",,,"0","0","0"
"Adult Mortality Event","","2013-09-24T00:00:00.000","ISSAQUAH HATCHERY","","ISSAQUAH HATCHERY","","0","0","2","0","0","0","Chinook","Fall","Issaquah Creek","WILD","14","2013","4","true",,,"false","false",,,"0","0","0"
"Adult Surplus Event","Surplussed","2013-09-24T00:00:00.000","ISSAQUAH HATCHERY","","ISSAQUAH HATCHERY","","0","1","0","0","0","0","Chinook","Fall","Issaquah Creek","HATCHERY","2","2013","4","true",,,"true","true",,,"1","0","0"
"Trap Estimate","","2013-09-24T00:00:00.000","ISSAQUAH HATCHERY","","ISSAQUAH HATCHERY","","25","0","0","0","0","0","Coho","NA","Issaquah Creek","HATCHERY",,"2013",,"false",,,"false","false",,,"0","0","0"
"Trap Estimate","","2013-09-24T00:00:00.000","ISSAQUAH HATCHERY","","ISSAQUAH HATCHERY","","332","0","0","10","0","0","Chinook","Fall","Issaquah Creek","HATCHERY",,"2013",,"false",,,"false","false",,,"0","0","0"
"Parent Spawn Event","Lethal","2013-09-24T00:00:00.000","ISSAQUAH HATCHERY","","ISSAQUAH HATCHERY","","0","149","162","3","10","0","Chinook","Fall","Issaquah Creek","HATCHERY","2","2013","4","true",,,"false","false",,,"0","0","0"
"Parent Spawn Event","Lethal","2013-09-24T00:00:00.000","ISSAQUAH HATCHERY","","ISSAQUAH HATCHERY","","0","22","12","0","1","0","Chinook","Fall","Issaquah Creek","WILD","14","2013","4","true",,,"false","false",,,"0","0","0"
"Adult Surplus Event","Surplussed","2013-09-24T00:00:00.000","ISSAQUAH HATCHERY","","ISSAQUAH HATCHERY","","0","273","0","4","0","0","Chinook","Fall","Issaquah Creek","HATCHERY","2","2013","4","true",,,"false","false",,,"0","0","0"
"Adult Mortality Event","","2013-09-25T00:00:00.000","ISSAQUAH HATCHERY","","ISSAQUAH HATCHERY","","0","0","1","0","0","0","Chinook","Fall","Issaquah Creek","WILD","14","2013","3","true",,,"false","false",,,"0","0","0"
"Adult Mortality Event","","2013-09-25T00:00:00.000","ISSAQUAH HATCHERY","","ISSAQUAH HATCHERY","","0","11","14","2","0","0","Chinook","Fall","Issaquah Creek","HATCHERY","2","2013","3","true",,,"false","false",,,"0","0","0"
"Adult Plant Event","Upstream","2013-09-25T00:00:00.000","ISSAQUAH HATCHERY","","ISSAQUAH HATCHERY","ISSAQUAH CR  08.0178","0","224","236","0","0","0","Chinook","Fall","Issaquah Creek","HATCHERY","2","2013","3","true",,,"false","false",,,"0","0","0"
"Trap Estimate","","2013-09-30T00:00:00.000","ISSAQUAH HATCHERY","","ISSAQUAH HATCHERY","","1058","0","0","12","0","0","Chinook","Fall","Issaquah Creek","HATCHERY","1200","2013",,"false",,,"false","false",,,"0","0","0"
"Adult Mortality Event","","2013-09-30T00:00:00.000","ISSAQUAH HATCHERY","","ISSAQUAH HATCHERY","","0","5","19","0","0","0","Chinook","Fall","Issaquah Creek","HATCHERY","2","2013","4","true",,,"false","false",,,"0","0","0"
"Trap Estimate","","2013-09-30T00:00:00.000","ISSAQUAH HATCHERY","","ISSAQUAH HATCHERY","","66","0","0","0","0","0","Chinook","Fall","Issaquah Creek","WILD","1200","2013",,"false",,,"false","false",,,"0","0","0"
"Trap Estimate","","2013-09-30T00:00:00.000","ISSAQUAH HATCHERY","","ISSAQUAH HATCHERY","","250","0","0","0","0","0","Coho","NA","Issaquah Creek","HATCHERY",,"2013",,"false",,,"false","false",,,"0","0","0"
"Trap Estimate","","2013-09-30T00:00:00.000","ISSAQUAH HATCHERY","","ISSAQUAH HATCHERY","","20","0","0","0","0","0","Coho","NA","Issaquah Creek","WILD","1200","2013",,"false",,,"false","false",,,"0","0","0"
"Adult Mortality Event","","2013-09-30T00:00:00.000","ISSAQUAH HATCHERY","","ISSAQUAH HATCHERY","","0","0","1","0","0","0","Chinook","Fall","Issaquah Creek","WILD","14","2013","4","true",,,"false","false",,,"0","0","0"
"Adult Plant Event","Upstream","2013-09-30T00:00:00.000","ISSAQUAH HATCHERY","","ISSAQUAH HATCHERY","ISSAQUAH CR  08.0178","0","25","25","0","0","0","Coho","NA","Issaquah Creek","HATCHERY","2","2013",,"false","99","High water, escaped trap","false","false",,,"0","0","0"
"Adult Plant Event","Upstream","2013-09-30T00:00:00.000","ISSAQUAH HATCHERY","","ISSAQUAH HATCHERY","ISSAQUAH CR  08.0178","0","300","300","0","0","0","Chinook","Fall","Issaquah Creek","HATCHERY","2","2013",,"false","99","High water, escaped the weir.","false","false",,,"0","0","0"
"Adult Plant Event","Upstream","2013-09-30T00:00:00.000","ISSAQUAH HATCHERY","","ISSAQUAH HATCHERY","ISSAQUAH CR  08.0178","0","5","5","0","0","0","Coho","NA","Issaquah Creek","WILD","14","2013",,"false","99","High water, fish escaped trap","false","false",,,"0","0","0"
"Adult Plant Event","Upstream","2013-09-30T00:00:00.000","ISSAQUAH HATCHERY","","ISSAQUAH HATCHERY","ISSAQUAH CR  08.0178","0","25","25","0","0","0","Chinook","Fall","Issaquah Creek","WILD","14","2013",,"false","99","High water, fish escaped trap.","false","false",,,"0","0","0"
"Adult Surplus Event","Surplussed","2013-10-01T00:00:00.000","ISSAQUAH HATCHERY","","ISSAQUAH HATCHERY","","0","4","2","0","0","0","Chinook","Fall","Issaquah Creek","HATCHERY","2","2013","4","true",,,"false","false",,,"0","0","0"
"EggTake","","2013-10-01T00:00:00.000","ISSAQUAH HATCHERY","","","","0","0","0","0","0","574000","Chinook","Fall","Issaquah Creek","MIXED",,"2013",,"false",,,"false","false",,,"0","0","0"
"Adult Mortality Event","","2013-10-01T00:00:00.000","ISSAQUAH HATCHERY","","ISSAQUAH HATCHERY","","0","9","25","0","0","0","Chinook","Fall","Issaquah Creek","HATCHERY","2","2013","4","true",,,"false","false",,,"0","0","0"
"Adult Mortality Event","","2013-10-01T00:00:00.000","ISSAQUAH HATCHERY","","ISSAQUAH HATCHERY","","0","0","2","0","0","0","Chinook","Fall","Issaquah Creek","WILD","14","2013","4","true",,,"false","false",,,"0","0","0"
"Adult Mortality Event","","2013-10-01T00:00:00.000","ISSAQUAH HATCHERY","","ISSAQUAH HATCHERY","","0","0","1","0","0","0","Coho","NA","Issaquah Creek","HATCHERY","2","2013","4","true",,,"true","true",,,"0","1","0"
"Adult Surplus Event","Surplussed","2013-10-01T00:00:00.000","ISSAQUAH HATCHERY","","ISSAQUAH HATCHERY","","0","2","2","0","0","0","Coho","NA","Issaquah Creek","HATCHERY","2","2013","3","true",,,"false","false",,,"0","0","0"
"Adult Surplus Event","Surplussed","2013-10-01T00:00:00.000","ISSAQUAH HATCHERY","","ISSAQUAH HATCHERY","","0","12","0","0","0","0","Chinook","Fall","Issaquah Creek","HATCHERY","2","2013","4","true",,,"false","false",,,"0","0","0"
"Parent Spawn Event","Lethal","2013-10-01T00:00:00.000","ISSAQUAH HATCHERY","","ISSAQUAH HATCHERY","","0","15","6","0","1","0","Chinook","Fall","Issaquah Creek","WILD","14","2013","4","true",,,"false","false",,,"0","0","0"
"Parent Spawn Event","Lethal","2013-10-01T00:00:00.000","ISSAQUAH HATCHERY","","","","0","99","109","1","6","0","Chinook","Fall","Issaquah Creek","HATCHERY","2","2013","4","true",,,"false","false",,,"0","0","0"
"Adult Plant Event","Upstream","2013-10-01T00:00:00.000","ISSAQUAH HATCHERY","","ISSAQUAH HATCHERY","ISSAQUAH CR  08.0178","0","50","50","0","0","0","Chinook","Fall","Issaquah Creek","HATCHERY","2","2013",,"false","99","high water fish escaped over weir
","false","false",,,"0","0","0"
"Adult Mortality Event","","2013-10-02T00:00:00.000","ISSAQUAH HATCHERY","","ISSAQUAH HATCHERY","","0","1","2","0","0","0","Chinook","Fall","Issaquah Creek","HATCHERY","2","2013","3","true",,,"false","false",,,"0","0","0"
"Adult Plant Event","Upstream","2013-10-04T00:00:00.000","ISSAQUAH HATCHERY","","ISSAQUAH HATCHERY","ISSAQUAH CR  08.0178","0","275","275","0","0","0","Coho","NA","Issaquah Creek","HATCHERY","2","2013",,"false","99","flood, fish escaped over weir.","false","false",,,"0","0","0"
"Adult Plant Event","Upstream","2013-10-04T00:00:00.000","ISSAQUAH HATCHERY","","ISSAQUAH HATCHERY","ISSAQUAH CR  08.0178","0","25","25","0","0","0","Coho","NA","Issaquah Creek","WILD","14","2013",,"false","99","flood, fish escaped over weir.","false","false",,,"0","0","0"
"Trap Estimate","","2013-10-08T00:00:00.000","ISSAQUAH HATCHERY","","ISSAQUAH HATCHERY","","50","0","0","1","0","0","Coho","NA","Issaquah Creek","WILD",,"2013",,"false",,,"false","false",,,"0","0","0"
"Adult Surplus Event","Surplussed","2013-10-08T00:00:00.000","ISSAQUAH HATCHERY","","ISSAQUAH HATCHERY","","0","4","23","0","0","0","Chinook","Fall","Issaquah Creek","HATCHERY","2","2013","4","true",,,"false","false",,,"0","0","0"
"Adult Surplus Event","Surplussed","2013-10-08T00:00:00.000","ISSAQUAH HATCHERY","","ISSAQUAH HATCHERY","","0","49","52","0","0","0","Coho","NA","Issaquah Creek","HATCHERY","2","2013","4","true",,,"true","true",,,"49","52","0"
"Trap Estimate","","2013-10-08T00:00:00.000","ISSAQUAH HATCHERY","","ISSAQUAH HATCHERY","","1800","0","0","25","0","0","Coho","NA","Issaquah Creek","HATCHERY",,"2013",,"false",,,"false","false",,,"0","0","0"
"Adult Mortality Event","","2013-10-08T00:00:00.000","ISSAQUAH HATCHERY","","ISSAQUAH HATCHERY","","0","22","77","0","0","0","Chinook","Fall","Issaquah Creek","HATCHERY","2","2013","4","true",,,"false","false",,,"0","0","0"
"Adult Mortality Event","","2013-10-08T00:00:00.000","ISSAQUAH HATCHERY","","ISSAQUAH HATCHERY","","0","7","13","2","0","0","Coho","NA","Issaquah Creek","HATCHERY","2","2013","4","true",,,"false","false",,,"0","0","0"
"Adult Surplus Event","Surplussed","2013-10-08T00:00:00.000","ISSAQUAH HATCHERY","","ISSAQUAH HATCHERY","","0","365","372","0","0","0","Coho","NA","Issaquah Creek","HATCHERY","2","2013","4","true",,,"false","false",,,"0","0","0"
"Adult Mortality Event","","2013-10-08T00:00:00.000","ISSAQUAH HATCHERY","","ISSAQUAH HATCHERY","","0","1","3","0","0","0","Chinook","Fall","Issaquah Creek","WILD","14","2013","4","true",,,"false","false",,,"0","0","0"
"Adult Mortality Event","","2013-10-15T00:00:00.000","ISSAQUAH HATCHERY","","ISSAQUAH HATCHERY","","0","32","42","2","0","0","Chinook","Fall","Issaquah Creek","HATCHERY","2","2013","4","true",,,"false","false",,,"0","0","0"
"Adult Mortality Event","","2013-10-15T00:00:00.000","ISSAQUAH HATCHERY","","ISSAQUAH HATCHERY","","0","2","0","0","0","0","Chinook","Fall","Issaquah Creek","HATCHERY","14","2013","4","true",,,"false","false",,,"0","0","0"
"Adult Mortality Event","","2013-10-15T00:00:00.000","ISSAQUAH HATCHERY","","ISSAQUAH HATCHERY","","0","5","37","2","0","0","Coho","NA","Issaquah Creek","HATCHERY","2","2013","4","true",,,"false","false",,,"0","0","0"
"Adult Mortality Event","","2013-10-15T00:00:00.000","ISSAQUAH HATCHERY","","ISSAQUAH HATCHERY","","0","2","4","1","0","0","Coho","NA","Issaquah Creek","HATCHERY","2","2013","4","true",,,"true","true",,,"2","4","1"
"Adult Surplus Event","Surplussed","2013-10-15T00:00:00.000","ISSAQUAH HATCHERY","","ISSAQUAH HATCHERY","","0","96","47","2","0","0","Coho","NA","Issaquah Creek","HATCHERY","2","2013","4","true",,,"false","false",,,"0","0","0"
"Adult Surplus Event","Surplussed","2013-10-15T00:00:00.000","ISSAQUAH HATCHERY","","ISSAQUAH HATCHERY","","0","13","5","0","0","0","Coho","NA","Issaquah Creek","HATCHERY","2","2013","4","true",,,"true","true",,,"13","5","0"
"Adult Surplus Event","Surplussed","2013-10-15T00:00:00.000","ISSAQUAH HATCHERY","","ISSAQUAH HATCHERY","","0","8","0","16","0","0","Chinook","Fall","Issaquah Creek","HATCHERY","2","2013","4","true",,,"false","false",,,"0","0","0"
"EggTake","","2013-10-15T00:00:00.000","ISSAQUAH HATCHERY","","","","0","0","0","0","0","294000","Chinook","Fall","Issaquah Creek","MIXED",,"2013",,"false",,,"false","false",,,"0","0","0"
"Trap Estimate","","2013-10-15T00:00:00.000","ISSAQUAH HATCHERY","","ISSAQUAH HATCHERY","","405","0","0","0","0","0","Coho","NA","Issaquah Creek","HATCHERY","1200","2013",,"false",,,"false","false",,,"0","0","0"
"Parent Spawn Event","Lethal","2013-10-15T00:00:00.000","ISSAQUAH HATCHERY","","ISSAQUAH HATCHERY","","0","64","64","3","3","0","Chinook","Fall","Issaquah Creek","HATCHERY","2","2013","4","true",,,"false","false",,,"0","0","0"
"Parent Spawn Event","Lethal","2013-10-15T00:00:00.000","ISSAQUAH HATCHERY","","ISSAQUAH HATCHERY","","0","4","7","0","0","0","Chinook","Fall","Issaquah Creek","WILD","14","2013","4","true",,,"false","false",,,"0","0","0"
"Adult Mortality Event","","2013-10-16T00:00:00.000","ISSAQUAH HATCHERY","","ISSAQUAH HATCHERY","","0","0","2","1","0","0","Coho","NA","Issaquah Creek","HATCHERY","2","2013","3","true",,,"false","false",,,"0","0","0"
"Adult Mortality Event","","2013-10-16T00:00:00.000","ISSAQUAH HATCHERY","","ISSAQUAH HATCHERY","","0","12","52","3","0","0","Chinook","Fall","Issaquah Creek","HATCHERY","2","2013","3","true",,,"false","false",,,"0","0","0"
"Adult Mortality Event","","2013-10-16T00:00:00.000","ISSAQUAH HATCHERY","","ISSAQUAH HATCHERY","","0","1","4","0","0","0","Chinook","Fall","Issaquah Creek","WILD","14","2013","3","true",,,"false","false",,,"0","0","0"
"Adult Surplus Event","Surplussed","2013-10-16T00:00:00.000","ISSAQUAH HATCHERY","","ISSAQUAH HATCHERY","","0","0","1","0","0","0","Coho","NA","Issaquah Creek","HATCHERY","2","2013","3","true",,,"false","false",,,"0","0","0"
"Adult Mortality Event","","2013-10-23T00:00:00.000","ISSAQUAH HATCHERY","","ISSAQUAH HATCHERY","","0","0","2","0","0","0","Coho","NA","Issaquah Creek","WILD","14","2013","3","true",,,"false","false",,,"0","0","0"
"Adult Mortality Event","","2013-10-23T00:00:00.000","ISSAQUAH HATCHERY","","ISSAQUAH HATCHERY","","0","0","1","0","0","0","Chinook","Fall","Issaquah Creek","WILD","14","2013","3","true",,,"false","false",,,"0","0","0"
"Adult Mortality Event","","2013-10-23T00:00:00.000","ISSAQUAH HATCHERY","","ISSAQUAH HATCHERY","","0","0","5","2","0","0","Chinook","Fall","Issaquah Creek","HATCHERY","2","2013","3","true",,,"false","false",,,"0","0","0"
"Adult Mortality Event","","2013-10-23T00:00:00.000","ISSAQUAH HATCHERY","","ISSAQUAH HATCHERY","","0","2","9","3","0","0","Coho","NA","Issaquah Creek","HATCHERY","2","2013","3","true",,,"false","false",,,"0","0","0"
"Adult Surplus Event","Surplussed","2013-10-24T00:00:00.000","ISSAQUAH HATCHERY","","ISSAQUAH HATCHERY","","0","1","1","0","0","0","Coho","NA","Issaquah Creek","HATCHERY","2","2013","3","true",,,"false","false",,,"0","0","0"
"EggTake","","2013-10-29T00:00:00.000","ISSAQUAH HATCHERY","","","","0","0","0","0","0","271500","Coho","NA","Issaquah Creek","MIXED",,"2013",,"false",,,"false","false",,,"0","0","0"
"Adult Mortality Event","","2013-10-29T00:00:00.000","ISSAQUAH HATCHERY","","ISSAQUAH HATCHERY","","0","2","0","0","0","0","Chinook","Fall","Issaquah Creek","HATCHERY","2","2013","4","true",,,"false","false",,,"0","0","0"
"Adult Surplus Event","Surplussed","2013-10-29T00:00:00.000","ISSAQUAH HATCHERY","","ISSAQUAH HATCHERY","","0","9","1","7","0","0","Coho","NA","Issaquah Creek","HATCHERY","2","2013","4","true",,,"false","false",,,"0","0","0"
"Parent Spawn Event","Lethal","2013-10-29T00:00:00.000","ISSAQUAH HATCHERY","","ISSAQUAH HATCHERY","","0","9","9","0","0","0","Coho","NA","Issaquah Creek","HATCHERY","2","2013","4","true",,,"true","true",,,"9","9","0"
"Parent Spawn Event","Lethal","2013-10-29T00:00:00.000","ISSAQUAH HATCHERY","","ISSAQUAH HATCHERY","","0","0","0","1","0","0","Coho","NA","Issaquah Creek","WILD","14","2013","4","true",,,"false","false",,,"0","0","0"
"Adult Mortality Event","","2013-10-29T00:00:00.000","ISSAQUAH HATCHERY","","ISSAQUAH HATCHERY","","0","2","12","0","0","0","Coho","NA","Issaquah Creek","HATCHERY","2","2013","4","true",,,"false","false",,,"0","0","0"
"Parent Spawn Event","Lethal","2013-10-29T00:00:00.000","ISSAQUAH HATCHERY","","ISSAQUAH HATCHERY","","0","83","86","2","9","0","Coho","NA","Issaquah Creek","HATCHERY","2","2013","4","true",,,"false","false",,,"0","0","0"
"Adult Plant Event","Upstream","2013-10-29T00:00:00.000","ISSAQUAH HATCHERY","","ISSAQUAH HATCHERY","ISSAQUAH CR  08.0178","0","0","2","1","0","0","Chinook","Fall","Issaquah Creek","HATCHERY","2","2013","3","true",,,"false","false",,,"0","0","0"
"Adult Mortality Event","","2013-10-29T00:00:00.000","ISSAQUAH HATCHERY","","ISSAQUAH HATCHERY","","0","0","1","0","0","0","Coho","NA","Issaquah Creek","HATCHERY","2","2013","4","true",,,"true","true",,,"0","1","0"
"Trap Estimate","","2013-11-03T00:00:00.000","ISSAQUAH HATCHERY","","ISSAQUAH HATCHERY","","1806","0","0","24","0","0","Coho","NA","Issaquah Creek","HATCHERY",,"2013",,"false",,,"false","false",,,"0","0","0"
"Trap Estimate","","2013-11-03T00:00:00.000","ISSAQUAH HATCHERY","","ISSAQUAH HATCHERY","","1","0","0","0","0","0","Chinook","Fall","Issaquah Creek","HATCHERY","1200","2013",,"false",,,"false","false",,,"0","0","0"
"Parent Spawn Event","Lethal","2013-11-05T00:00:00.000","ISSAQUAH HATCHERY","","ISSAQUAH HATCHERY","","0","175","179","4","15","0","Coho","NA","Issaquah Creek","HATCHERY","2","2013","4","true",,,"false","false",,,"0","0","0"
"Adult Surplus Event","Surplussed","2013-11-05T00:00:00.000","ISSAQUAH HATCHERY","","ISSAQUAH HATCHERY","","0","297","110","6","0","0","Coho","NA","Issaquah Creek","HATCHERY","2","2013","4","true",,,"false","false",,,"0","0","0"
"Adult Mortality Event","","2013-11-05T00:00:00.000","ISSAQUAH HATCHERY","","ISSAQUAH HATCHERY","","0","1","0","0","0","0","Coho","NA","Issaquah Creek","WILD","14","2013","4","true",,,"false","false",,,"0","0","0"
"EggTake","","2013-11-05T00:00:00.000","ISSAQUAH HATCHERY","","","","0","0","0","0","0","485000","Coho","NA","Issaquah Creek","MIXED",,"2013",,"false",,,"false","false",,,"0","0","0"
"Adult Mortality Event","","2013-11-05T00:00:00.000","ISSAQUAH HATCHERY","","ISSAQUAH HATCHERY","","0","7","11","0","0","0","Coho","NA","Issaquah Creek","HATCHERY","2","2013","3","true",,,"false","false",,,"0","0","0"
"Adult Surplus Event","Surplussed","2013-11-05T00:00:00.000","ISSAQUAH HATCHERY","","ISSAQUAH HATCHERY","","0","41","12","0","0","0","Coho","NA","Issaquah Creek","HATCHERY","2","2013","4","true",,,"true","true",,,"41","12","0"
"Adult Plant Event","Upstream","2013-11-05T00:00:00.000","ISSAQUAH HATCHERY","","ISSAQUAH HATCHERY","ISSAQUAH CR  08.0178","0","1","1","0","0","0","Chinook","Fall","Issaquah Creek","HATCHERY","2","2013","3","true",,,"false","false",,,"0","0","0"
"Parent Spawn Event","Lethal","2013-11-05T00:00:00.000","ISSAQUAH HATCHERY","","ISSAQUAH HATCHERY","","0","19","21","1","0","0","Coho","NA","Issaquah Creek","HATCHERY","2","2013","4","true",,,"true","true",,,"19","21","1"
"Parent Spawn Event","Lethal","2013-11-05T00:00:00.000","ISSAQUAH HATCHERY","","ISSAQUAH HATCHERY","","0","1","0","0","0","0","Coho","NA","Issaquah Creek","WILD","14","2013","4","true",,,"false","false",,,"0","0","0"
"Adult Plant Event","Upstream","2013-11-06T00:00:00.000","ISSAQUAH HATCHERY","","ISSAQUAH HATCHERY","ISSAQUAH CR  08.0178","0","250","250","0","0","0","Coho","NA","Issaquah Creek","HATCHERY","2","2013","3","true",,,"false","false",,,"0","0","0"
"Trap Estimate","","2013-11-09T00:00:00.000","ISSAQUAH HATCHERY","","ISSAQUAH HATCHERY","","3159","0","0","50","0","0","Coho","NA","Issaquah Creek","HATCHERY",,"2013",,"false",,,"false","false",,,"0","0","0"
"Trap Estimate","","2013-11-10T00:00:00.000","ISSAQUAH HATCHERY","","ISSAQUAH HATCHERY","","622","0","0","25","0","0","Coho","NA","Issaquah Creek","HATCHERY",,"2013",,"false",,,"false","false",,,"0","0","0"
"Adult Mortality Event","","2013-11-12T00:00:00.000","ISSAQUAH HATCHERY","","ISSAQUAH HATCHERY","","0","3","9","0","0","0","Coho","NA","Issaquah Creek","HATCHERY","2","2013","4","true",,,"false","false",,,"0","0","0"
"Parent Spawn Event","Lethal","2013-11-12T00:00:00.000","ISSAQUAH HATCHERY","","ISSAQUAH HATCHERY","","0","110","109","5","4","0","Coho","NA","Issaquah Creek","HATCHERY","2","2013","4","true",,,"false","false","",,"0","0","0"
"Adult Ship","","2013-11-12T00:00:00.000","ISSAQUAH HATCHERY","MUCKLESHOOT TRIBE","ISSAQUAH HATCHERY","","0","226","151","0","0","0","Coho","NA","Issaquah Creek","HATCHERY","2","2013","3","true",,,"false","false",,,"0","0","0"
"Adult Surplus Event","Surplussed","2013-11-12T00:00:00.000","ISSAQUAH HATCHERY","","ISSAQUAH HATCHERY","","0","152","159","3","0","0","Coho","NA","Issaquah Creek","HATCHERY","2","2013","4","true",,,"true","true",,,"152","159","3"
"Adult Mortality Event","","2013-11-12T00:00:00.000","ISSAQUAH HATCHERY","","ISSAQUAH HATCHERY","","0","2","2","0","0","0","Coho","NA","Issaquah Creek","HATCHERY","2","2013","4","true",,,"true","true",,,"2","2","0"
"EggTake","","2013-11-12T00:00:00.000","ISSAQUAH HATCHERY","","","","0","0","0","0","0","297000","Coho","NA","Issaquah Creek","MIXED",,"2013",,"false",,,"false","false",,,"0","0","0"
"Adult Surplus Event","Surplussed","2013-11-12T00:00:00.000","ISSAQUAH HATCHERY","","ISSAQUAH HATCHERY","","0","814","879","45","0","0","Coho","NA","Issaquah Creek","HATCHERY","2","2013","4","true",,,"false","false",,,"0","0","0"
"Parent Spawn Event","Lethal","2013-11-12T00:00:00.000","ISSAQUAH HATCHERY","","ISSAQUAH HATCHERY","","0","15","16","0","0","0","Coho","NA","Issaquah Creek","HATCHERY","2","2013","4","true",,,"true","true",,,"15","16","0"
"Adult Ship","","2013-11-13T00:00:00.000","ISSAQUAH HATCHERY","MUCKLESHOOT TRIBE","ISSAQUAH HATCHERY","","0","355","255","10","0","0","Coho","NA","Issaquah Creek","HATCHERY","2","2013","3","true",,,"false","false",,,"0","0","0"
"Adult Mortality Event","","2013-11-13T00:00:00.000","ISSAQUAH HATCHERY","","ISSAQUAH HATCHERY","","0","4","1","0","0","0","Coho","NA","Issaquah Creek","HATCHERY","2","2013","3","true",,,"false","false",,,"0","0","0"
"Adult Ship","","2013-11-14T00:00:00.000","ISSAQUAH HATCHERY","MUCKLESHOOT TRIBE","ISSAQUAH HATCHERY","","0","221","286","16","0","0","Coho","NA","Issaquah Creek","HATCHERY","2","2013","3","true",,,"false","false",,,"0","0","0"
"Trap Estimate","","2013-11-18T00:00:00.000","ISSAQUAH HATCHERY","","ISSAQUAH HATCHERY","","1713","0","0","126","0","0","Coho","NA","Issaquah Creek","HATCHERY",,"2013",,"false",,,"false","false",,,"0","0","0"
"Adult Plant Event","Upstream","2013-11-18T00:00:00.000","ISSAQUAH HATCHERY","","ISSAQUAH HATCHERY","ISSAQUAH CR  08.0178","0","3","3","0","0","0","Coho","NA","Issaquah Creek","WILD","14","2013",,"false","99","Weir old and broken, high water fish swam over.","false","false",,,"0","0","0"
"Adult Plant Event","Upstream","2013-11-18T00:00:00.000","ISSAQUAH HATCHERY","","ISSAQUAH HATCHERY","ISSAQUAH CR  08.0178","0","300","300","50","0","0","Coho","NA","Issaquah Creek","HATCHERY","2","2013",,"false","99","Weir old and broken, high water, fish swam over.","false","false",,,"0","0","0"
"Adult Surplus Event","Surplussed","2013-11-19T00:00:00.000","ISSAQUAH HATCHERY","","ISSAQUAH HATCHERY","","0","84","98","5","0","0","Coho","NA","Issaquah Creek","HATCHERY","2","2013","4","true",,,"true","true",,,"84","98","5"
"Adult Surplus Event","Surplussed","2013-11-19T00:00:00.000","ISSAQUAH HATCHERY","","ISSAQUAH HATCHERY","","0","529","563","55","0","0","Coho","NA","Issaquah Creek","HATCHERY","2","2013","4","true",,,"false","false",,,"0","0","0"
"EggTake","","2013-11-19T00:00:00.000","ISSAQUAH HATCHERY","","","","0","0","0","0","0","21000","Coho","NA","Issaquah Creek","MIXED",,"2013",,"false",,,"false","false",,,"0","0","0"
"Parent Spawn Event","Lethal","2013-11-19T00:00:00.000","ISSAQUAH HATCHERY","","ISSAQUAH HATCHERY","","0","0","1","0","0","0","Coho","NA","Issaquah Creek","HATCHERY","2","2013","4","true",,,"true","true",,,"0","1","0"
"Parent Spawn Event","Lethal","2013-11-19T00:00:00.000","ISSAQUAH HATCHERY","","ISSAQUAH HATCHERY","","0","10","9","0","0","0","Coho","NA","Issaquah Creek","HATCHERY","2","2013","4","true",,,"false","false",,,"0","0","0"
"Adult Mortality Event","","2013-11-20T00:00:00.000","ISSAQUAH HATCHERY","","ISSAQUAH HATCHERY","","0","4","15","0","0","0","Coho","NA","Issaquah Creek","HATCHERY","2","2013","3","true",,,"false","false",,,"0","0","0"
"Adult Ship","","2013-11-20T00:00:00.000","ISSAQUAH HATCHERY","MUCKLESHOOT TRIBE","ISSAQUAH HATCHERY","","0","218","182","5","0","0","Coho","NA","Issaquah Creek","HATCHERY","2","2013","3","true",,,"false","false",,,"0","0","0"
"Adult Ship","","2013-11-21T00:00:00.000","ISSAQUAH HATCHERY","MUCKLESHOOT TRIBE","ISSAQUAH HATCHERY","","0","415","320","41","0","0","Coho","NA","Issaquah Creek","HATCHERY","2","2013","3","true",,,"false","false",,,"0","0","0"
"Trap Estimate","","2013-11-22T00:00:00.000","ISSAQUAH HATCHERY","","ISSAQUAH HATCHERY","","487","0","0","26","0","0","Coho","NA","Issaquah Creek","HATCHERY",,"2013",,"false",,,"false","false",,,"0","0","0"
"Adult Plant Event","Upstream","2013-11-25T00:00:00.000","ISSAQUAH HATCHERY","","ISSAQUAH HATCHERY","ISSAQUAH CR  08.0178","0","75","75","10","0","0","Coho","NA","Issaquah Creek","HATCHERY","2","2013",,"false","4","One employee on station.","false","false",,,"0","0","0"
"Trap Estimate","","2014-08-21T00:00:00.000","ISSAQUAH HATCHERY","","ISSAQUAH HATCHERY","","2","0","0","0","0","0","Chinook","Fall","Issaquah Creek","HATCHERY","1200","2014",,"false",,,"false","false",,,"0","0","0"
"Adult Mortality Event","","2014-09-03T00:00:00.000","ISSAQUAH HATCHERY","","ISSAQUAH HATCHERY","","0","0","0","1","0","0","Chinook","Fall","Issaquah Creek","HATCHERY","2","2014","3","true",,,"false","false",,,"0","0","0"
"Trap Estimate","","2014-09-03T00:00:00.000","ISSAQUAH HATCHERY","","ISSAQUAH HATCHERY","","300","0","0","5","0","0","Chinook","Fall","Issaquah Creek","HATCHERY",,"2014",,"false",,,"false","false",,,"0","0","0"
"Adult Mortality Event","","2014-09-08T00:00:00.000","ISSAQUAH HATCHERY","","ISSAQUAH HATCHERY","","0","1","0","0","0","0","Chinook","Fall","Issaquah Creek","HATCHERY","2","2014","3","true",,,"false","false",,,"0","0","0"
"Adult Mortality Event","","2014-09-10T00:00:00.000","ISSAQUAH HATCHERY","","ISSAQUAH HATCHERY","","0","1","0","0","0","0","Chinook","Fall","Issaquah Creek","HATCHERY","2","2014","3","true",,,"false","false",,,"0","0","0"
"Adult Mortality Event","","2014-09-17T00:00:00.000","ISSAQUAH HATCHERY","","ISSAQUAH HATCHERY","","0","1","0","0","0","0","Chinook","Fall","Issaquah Creek","WILD","14","2014","3","true",,,"false","false",,,"0","0","0"
"Adult Mortality Event","","2014-09-17T00:00:00.000","ISSAQUAH HATCHERY","","ISSAQUAH HATCHERY","","0","16","9","1","0","0","Chinook","Fall","Issaquah Creek","HATCHERY","2","2014","3","true",,,"false","false",,,"0","0","0"
"Trap Estimate","","2014-09-17T00:00:00.000","ISSAQUAH HATCHERY","","ISSAQUAH HATCHERY","","10","0","0","0","0","0","Chinook","Fall","Issaquah Creek","WILD","1200","2014",,"false",,,"false","false",,,"0","0","0"
"Trap Estimate","","2014-09-17T00:00:00.000","ISSAQUAH HATCHERY","","ISSAQUAH HATCHERY","","150","0","0","0","0","0","Chinook","Fall","Issaquah Creek","HATCHERY","1200","2014",,"false",,,"false","false",,,"0","0","0"
"EggTake","","2014-09-23T00:00:00.000","ISSAQUAH HATCHERY","","","","0","0","0","0","0","375000","Chinook","Fall","Issaquah Creek","MIXED",,"2014",,"false",,,"false","false",,,"0","0","0"
"Adult Mortality Event","","2014-09-23T00:00:00.000","ISSAQUAH HATCHERY","","ISSAQUAH HATCHERY","","0","8","8","0","0","0","Chinook","Fall","Issaquah Creek","HATCHERY","2","2014","4","true",,,"false","false",,,"0","0","0"
"Adult Surplus Event","Surplussed","2014-09-23T00:00:00.000","ISSAQUAH HATCHERY","","ISSAQUAH HATCHERY","","0","8","0","0","0","0","Chinook","Fall","Issaquah Creek","HATCHERY","2","2014","4","true",,,"false","false",,,"0","0","0"
"Adult Surplus Event","Surplussed","2014-09-23T00:00:00.000","ISSAQUAH HATCHERY","","ISSAQUAH HATCHERY","","0","2","0","0","0","0","Chinook","Fall","Issaquah Creek","WILD","14","2014","4","true",,,"false","false",,,"0","0","0"
"Adult Plant Event","Upstream","2014-09-23T00:00:00.000","ISSAQUAH HATCHERY","","ISSAQUAH HATCHERY","ISSAQUAH CR  08.0178","0","251","50","0","0","0","Chinook","Fall","Issaquah Creek","HATCHERY","2","2014","3","true",,,"false","false",,,"0","0","0"
"Trap Estimate","","2014-09-23T00:00:00.000","ISSAQUAH HATCHERY","","ISSAQUAH HATCHERY","","16","0","0","0","0","0","Chinook","Fall","Issaquah Creek","WILD","1200","2014",,"false",,,"false","false",,,"0","0","0"
"Trap Estimate","","2014-09-23T00:00:00.000","ISSAQUAH HATCHERY","","ISSAQUAH HATCHERY","","201","0","0","2","0","0","Chinook","Fall","Issaquah Creek","HATCHERY",,"2014",,"false",,,"false","false",,,"0","0","0"
"Parent Spawn Event","Lethal","2014-09-23T00:00:00.000","ISSAQUAH HATCHERY","","ISSAQUAH HATCHERY","","0","72","84","0","0","0","Chinook","Fall","Issaquah Creek","HATCHERY","2","2014","4","true",,,"false","false",,,"0","0","0"
"Parent Spawn Event","Lethal","2014-09-23T00:00:00.000","ISSAQUAH HATCHERY","","ISSAQUAH HATCHERY","","0","15","3","0","0","0","Chinook","Fall","Issaquah Creek","WILD","14","2014","4","true",,,"false","false",,,"0","0","0"
"Trap Estimate","","2014-09-24T00:00:00.000","ISSAQUAH HATCHERY","","ISSAQUAH HATCHERY","","10","0","0","0","0","0","Chinook","Fall","Issaquah Creek","WILD",,"2014",,"false",,,"false","false",,,"0","0","0"
"Adult Mortality Event","","2014-09-24T00:00:00.000","ISSAQUAH HATCHERY","","ISSAQUAH HATCHERY","","0","19","12","1","0","0","Chinook","Fall","Issaquah Creek","HATCHERY","2","2014","4","true",,,"false","false",,,"0","0","0"
"Trap Estimate","","2014-09-24T00:00:00.000","ISSAQUAH HATCHERY","","ISSAQUAH HATCHERY","","300","0","0","5","0","0","Chinook","Fall","Issaquah Creek","HATCHERY",,"2014",,"false",,,"false","false",,,"0","0","0"
"Adult Mortality Event","","2014-09-30T00:00:00.000","ISSAQUAH HATCHERY","","ISSAQUAH HATCHERY","","0","19","5","0","0","0","Chinook","Fall","Issaquah Creek","HATCHERY","2","2014","3","true",,,"false","false",,,"0","0","0"
"EggTake","","2014-09-30T00:00:00.000","ISSAQUAH HATCHERY","","","","0","0","0","0","0","528000","Chinook","Fall","Issaquah Creek","MIXED",,"2014",,"false",,,"false","false",,,"0","0","0"
"Adult Mortality Event","","2014-09-30T00:00:00.000","ISSAQUAH HATCHERY","","ISSAQUAH HATCHERY","","0","16","13","0","0","0","Chinook","Fall","Issaquah Creek","HATCHERY","2","2014","4","true",,,"false","false",,,"0","0","0"
"Adult Mortality Event","","2014-09-30T00:00:00.000","ISSAQUAH HATCHERY","","ISSAQUAH HATCHERY","","0","3","0","0","0","0","Chinook","Fall","Issaquah Creek","WILD","14","2014","4","true",,,"false","false",,,"0","0","0"
"Adult Mortality Event","","2014-09-30T00:00:00.000","ISSAQUAH HATCHERY","","ISSAQUAH HATCHERY","","0","0","1","0","0","0","Coho","NA","Issaquah Creek","HATCHERY","2","2014","4","true",,,"false","false",,,"0","0","0"
"Adult Surplus Event","Surplussed","2014-09-30T00:00:00.000","ISSAQUAH HATCHERY","","ISSAQUAH HATCHERY","","0","108","0","0","0","0","Chinook","Fall","Issaquah Creek","HATCHERY","2","2014","4","true",,,"false","false",,,"0","0","0"
"Adult Plant Event","Upstream","2014-09-30T00:00:00.000","ISSAQUAH HATCHERY","","ISSAQUAH HATCHERY","ISSAQUAH CR  08.0178","0","200","25","0","0","0","Chinook","Fall","Issaquah Creek","HATCHERY","2","2014","3","true",,,"false","false",,,"0","0","0"
"Trap Estimate","","2014-09-30T00:00:00.000","ISSAQUAH HATCHERY","","ISSAQUAH HATCHERY","","20","0","0","0","0","0","Coho","NA","Issaquah Creek","WILD",,"2014",,"false",,,"false","false",,,"0","0","0"
"Trap Estimate","","2014-09-30T00:00:00.000","ISSAQUAH HATCHERY","","ISSAQUAH HATCHERY","","61","0","0","0","0","0","Chinook","Fall","Issaquah Creek","WILD",,"2014",,"false",,,"false","false",,,"0","0","0"
"Trap Estimate","","2014-09-30T00:00:00.000","ISSAQUAH HATCHERY","","ISSAQUAH HATCHERY","","609","0","0","0","0","0","Chinook","Fall","Issaquah Creek","HATCHERY",,"2014",,"false",,,"false","false",,,"0","0","0"
"Trap Estimate","","2014-09-30T00:00:00.000","ISSAQUAH HATCHERY","","ISSAQUAH HATCHERY","","80","0","0","0","0","0","Coho","NA","Issaquah Creek","HATCHERY",,"2014",,"false",,,"false","false",,,"0","0","0"
"Parent Spawn Event","Lethal","2014-09-30T00:00:00.000","ISSAQUAH HATCHERY","","ISSAQUAH HATCHERY","","0","26","8","0","1","0","Chinook","Fall","Issaquah Creek","WILD","14","2014","4","true",,,"false","false",,,"0","0","0"
"Parent Spawn Event","Lethal","2014-09-30T00:00:00.000","ISSAQUAH HATCHERY","","ISSAQUAH HATCHERY","","0","121","140","1","4","0","Chinook","Fall","Issaquah Creek","HATCHERY","2","2014","4","true",,,"false","false",,,"0","0","0"
"Trap Estimate","","2014-10-07T00:00:00.000","ISSAQUAH HATCHERY","","ISSAQUAH HATCHERY","","0","0","0","1","0","0","Chinook","Fall","Issaquah Creek","WILD",,"2014",,"false",,,"false","false",,,"0","0","0"
"EggTake","","2014-10-07T00:00:00.000","ISSAQUAH HATCHERY","","","","0","0","0","0","0","504250","Chinook","Fall","Issaquah Creek","MIXED",,"2014",,"false",,,"false","false",,,"0","0","0"
"Adult Surplus Event","Surplussed","2014-10-07T00:00:00.000","ISSAQUAH HATCHERY","","ISSAQUAH HATCHERY","","0","546","652","0","0","0","Coho","NA","Issaquah Creek","HATCHERY","2","2014","4","true",,,"false","false",,,"0","0","0"
"Adult Mortality Event","","2014-10-07T00:00:00.000","ISSAQUAH HATCHERY","","ISSAQUAH HATCHERY","","0","3","26","0","0","0","Coho","NA","Issaquah Creek","HATCHERY","2","2014","4","true",,,"true","true",,,"3","26","0"
"Parent Spawn Event","Lethal","2014-10-07T00:00:00.000","ISSAQUAH HATCHERY","","ISSAQUAH HATCHERY","","0","12","7","0","0","0","Chinook","Fall","Issaquah Creek","WILD","14","2014","4","true",,,"false","false",,,"0","0","0"
"Parent Spawn Event","Lethal","2014-10-07T00:00:00.000","ISSAQUAH HATCHERY","","ISSAQUAH HATCHERY","","0","121","112","1","0","0","Chinook","Fall","Issaquah Creek","HATCHERY","2","2014","4","true",,,"false","false",,,"0","0","0"
"Adult Mortality Event","","2014-10-07T00:00:00.000","ISSAQUAH HATCHERY","","ISSAQUAH HATCHERY","","0","46","32","0","0","0","Chinook","Fall","Issaquah Creek","HATCHERY","2","2014","4","true",,,"false","false",,,"0","0","0"
"Trap Estimate","","2014-10-07T00:00:00.000","ISSAQUAH HATCHERY","","ISSAQUAH HATCHERY","","169","0","0","3","0","0","Chinook","Fall","Issaquah Creek","HATCHERY",,"2014",,"false",,,"false","false",,,"0","0","0"
"Adult Surplus Event","Surplussed","2014-10-07T00:00:00.000","ISSAQUAH HATCHERY","","ISSAQUAH HATCHERY","","0","49","43","1","0","0","Coho","NA","Issaquah Creek","HATCHERY","2","2014","4","true",,,"true","true",,,"49","43","1"
"Adult Plant Event","Upstream","2014-10-07T00:00:00.000","ISSAQUAH HATCHERY","","ISSAQUAH HATCHERY","ISSAQUAH CR  08.0178","0","178","303","0","0","0","Coho","NA","Issaquah Creek","HATCHERY","2","2014","3","true",,,"false","false",,,"0","0","0"
"Trap Estimate","","2014-10-07T00:00:00.000","ISSAQUAH HATCHERY","","ISSAQUAH HATCHERY","","2500","0","0","0","0","0","Coho","NA","Issaquah Creek","HATCHERY","1200","2014",,"false",,,"false","false",,,"0","0","0"
"Adult Mortality Event","","2014-10-08T00:00:00.000","ISSAQUAH HATCHERY","","ISSAQUAH HATCHERY","","0","2","2","0","0","0","Coho","NA","Issaquah Creek","HATCHERY","2","2014","3","true",,,"false","false",,,"0","0","0"
"Adult Mortality Event","","2014-10-08T00:00:00.000","ISSAQUAH HATCHERY","","ISSAQUAH HATCHERY","","0","32","14","1","0","0","Chinook","Fall","Issaquah Creek","HATCHERY","2","2014","3","true",,,"false","false",,,"0","0","0"
"Adult Mortality Event","","2014-10-08T00:00:00.000","ISSAQUAH HATCHERY","","ISSAQUAH HATCHERY","","0","2","3","0","0","0","Chinook","Fall","Issaquah Creek","WILD","14","2014","3","true",,,"false","false",,,"0","0","0"
"Adult Surplus Event","Surplussed","2014-10-14T00:00:00.000","ISSAQUAH HATCHERY","","ISSAQUAH HATCHERY","","0","70","92","1","0","0","Coho","NA","Issaquah Creek","HATCHERY","2","2014","4","true",,,"true","true",,,"70","92","1"
"Trap Estimate","","2014-10-14T00:00:00.000","ISSAQUAH HATCHERY","","ISSAQUAH HATCHERY","","3800","0","0","19","0","0","Coho","NA","Issaquah Creek","HATCHERY","28","2014",,"false",,,"false","false",,,"0","0","0"
"Adult Mortality Event","","2014-10-14T00:00:00.000","ISSAQUAH HATCHERY","","ISSAQUAH HATCHERY","","0","2","0","0","0","0","Chinook","Fall","Issaquah Creek","WILD","14","2014","4","true",,,"false","false",,,"0","0","0"
"Trap Estimate","","2014-10-14T00:00:00.000","ISSAQUAH HATCHERY","","ISSAQUAH HATCHERY","","25","0","0","5","0","0","Chinook","Fall","Issaquah Creek","HATCHERY",,"2014",,"false",,,"false","false",,,"0","0","0"
"Adult Mortality Event","","2014-10-14T00:00:00.000","ISSAQUAH HATCHERY","","ISSAQUAH HATCHERY","","0","53","10","0","0","0","Chinook","Fall","Issaquah Creek","HATCHERY","2","2014","4","true",,,"false","false",,,"0","0","0"
"Parent Spawn Event","Lethal","2014-10-14T00:00:00.000","ISSAQUAH HATCHERY","","ISSAQUAH HATCHERY","","0","23","21","3","21","0","Chinook","Fall","Issaquah Creek","HATCHERY","2","2014","4","true",,,"false","false",,,"0","0","0"
"Adult Mortality Event","","2014-10-14T00:00:00.000","ISSAQUAH HATCHERY","","ISSAQUAH HATCHERY","","0","0","0","1","0","0","Coho","NA","Issaquah Creek","WILD","14","2014","4","true",,,"false","false",,,"0","0","0"
"Trap Estimate","","2014-10-14T00:00:00.000","ISSAQUAH HATCHERY","","ISSAQUAH HATCHERY","","95","0","0","15","0","0","Coho","NA","Issaquah Creek","WILD","1200","2014",,"false",,,"false","false",,,"0","0","0"
"Adult Mortality Event","","2014-10-14T00:00:00.000","ISSAQUAH HATCHERY","","ISSAQUAH HATCHERY","","0","1","1","3","0","0","Coho","NA","Issaquah Creek","HATCHERY","2","2014","4","true",,,"false","false",,,"0","0","0"
"Adult Surplus Event","Surplussed","2014-10-14T00:00:00.000","ISSAQUAH HATCHERY","","ISSAQUAH HATCHERY","","0","12","2","0","0","0","Coho","NA","Issaquah Creek","WILD","14","2014","4","true",,,"false","false",,,"0","0","0"
"Adult Surplus Event","Surplussed","2014-10-14T00:00:00.000","ISSAQUAH HATCHERY","","","","0","20","0","0","0","0","Chinook","Fall","Issaquah Creek","HATCHERY","2","2014","4","true",,,"false","false",,,"0","0","0"
"Parent Spawn Event","Lethal","2014-10-14T00:00:00.000","ISSAQUAH HATCHERY","","ISSAQUAH HATCHERY","","0","4","6","0","0","0","Chinook","Fall","Issaquah Creek","WILD","14","2014","4","true",,,"false","false",,,"0","0","0"
"Adult Plant Event","Upstream","2014-10-14T00:00:00.000","ISSAQUAH HATCHERY","","ISSAQUAH HATCHERY","ISSAQUAH CR  08.0178","0","239","122","0","0","0","Coho","NA","Issaquah Creek","HATCHERY","2","2014","3","true",,,"false","false",,,"0","0","0"
"EggTake","","2014-10-14T00:00:00.000","ISSAQUAH HATCHERY","","","","0","0","0","0","0","114000","Chinook","Fall","Issaquah Creek","MIXED",,"2014",,"false",,,"false","false",,,"0","0","0"
"Adult Surplus Event","Surplussed","2014-10-14T00:00:00.000","ISSAQUAH HATCHERY","","ISSAQUAH HATCHERY","","0","802","949","0","0","0","Coho","NA","Issaquah Creek","HATCHERY","2","2014","4","true",,,"false","false",,,"0","0","0"
"Adult Mortality Event","","2014-10-15T00:00:00.000","ISSAQUAH HATCHERY","","ISSAQUAH HATCHERY","","0","0","1","1","0","0","Coho","NA","Issaquah Creek","WILD","14","2014","4","true",,,"false","false",,,"0","0","0"
"Adult Mortality Event","","2014-10-15T00:00:00.000","ISSAQUAH HATCHERY","","ISSAQUAH HATCHERY","","0","36","71","2","0","0","Coho","NA","Issaquah Creek","HATCHERY","2","2014","4","true",,,"false","false",,,"0","0","0"
"Adult Mortality Event","","2014-10-15T00:00:00.000","ISSAQUAH HATCHERY","","ISSAQUAH HATCHERY","","0","1","0","1","0","0","Chinook","Fall","Issaquah Creek","WILD","14","2014","4","true",,,"false","false",,,"0","0","0"
"Adult Mortality Event","","2014-10-15T00:00:00.000","ISSAQUAH HATCHERY","","ISSAQUAH HATCHERY","","0","1","1","0","0","0","Coho","NA","Issaquah Creek","HATCHERY","2","2014","4","true",,,"true","true",,,"1","1","0"
"Adult Mortality Event","","2014-10-15T00:00:00.000","ISSAQUAH HATCHERY","","ISSAQUAH HATCHERY","","0","40","3","5","0","0","Chinook","Fall","Issaquah Creek","HATCHERY","2","2014","4","true",,,"false","false",,,"0","0","0"
"Trap Estimate","","2014-10-20T00:00:00.000","ISSAQUAH HATCHERY","","ISSAQUAH HATCHERY","","3","0","0","0","0","0","Chinook","Fall","Issaquah Creek","WILD","1200","2014",,"false",,,"false","false",,,"0","0","0"
"Trap Estimate","","2014-10-20T00:00:00.000","ISSAQUAH HATCHERY","","ISSAQUAH HATCHERY","","1000","0","0","5","0","0","Coho","NA","Issaquah Creek","HATCHERY",,"2014",,"false",,,"false","false",,,"0","0","0"
"Trap Estimate","","2014-10-20T00:00:00.000","ISSAQUAH HATCHERY","","ISSAQUAH HATCHERY","","17","0","0","1","0","0","Chinook","Fall","Issaquah Creek","HATCHERY","1200","2014",,"false",,,"false","false",,,"0","0","0"
"Adult Plant Event","Upstream","2014-10-21T00:00:00.000","ISSAQUAH HATCHERY","","ISSAQUAH HATCHERY","ISSAQUAH CR  08.0178","0","24","5","3","0","0","Chinook","Fall","Issaquah Creek","HATCHERY","2","2014","3","true",,,"false","false",,,"0","0","0"
"Adult Mortality Event","","2014-10-21T00:00:00.000","ISSAQUAH HATCHERY","","ISSAQUAH HATCHERY","","0","2","0","3","0","0","Chinook","Fall","Issaquah Creek","HATCHERY","2","2014","3","true",,,"false","false",,,"0","0","0"
"Adult Mortality Event","","2014-10-21T00:00:00.000","ISSAQUAH HATCHERY","","ISSAQUAH HATCHERY","","0","2","5","0","0","0","Coho","NA","Issaquah Creek","HATCHERY","2","2014","3","true",,,"false","false",,,"0","0","0"
"Trap Estimate","","2014-10-21T00:00:00.000","ISSAQUAH HATCHERY","","ISSAQUAH HATCHERY","","971","0","0","2","0","0","Coho","NA","Issaquah Creek","HATCHERY",,"2014",,"false",,,"false","false",,,"0","0","0"
"Adult Plant Event","Upstream","2014-10-21T00:00:00.000","ISSAQUAH HATCHERY","","ISSAQUAH HATCHERY","ISSAQUAH CR  08.0178","0","536","435","2","0","0","Coho","NA","Issaquah Creek","HATCHERY","2","2014","3","true",,,"false","false",,,"0","0","0"
"Adult Plant Event","Upstream","2014-10-21T00:00:00.000","ISSAQUAH HATCHERY","","ISSAQUAH HATCHERY","ISSAQUAH CR  08.0178","0","0","1","0","0","0","Coho","NA","Issaquah Creek","WILD","14","2014","3","true",,,"false","false",,,"0","0","0"
"Adult Plant Event","Upstream","2014-10-21T00:00:00.000","ISSAQUAH HATCHERY","","ISSAQUAH HATCHERY","ISSAQUAH CR  08.0178","0","3","1","0","0","0","Chinook","Fall","Issaquah Creek","WILD","14","2014","3","true",,,"false","false",,,"0","0","0"
"Adult Surplus Event","Surplussed","2014-10-21T00:00:00.000","ISSAQUAH HATCHERY","","ISSAQUAH HATCHERY","","0","1","1","0","0","0","Coho","NA","Issaquah Creek","HATCHERY","2","2014","4","true",,,"false","false",,,"0","0","0"
"Adult Surplus Event","Surplussed","2014-10-21T00:00:00.000","ISSAQUAH HATCHERY","","ISSAQUAH HATCHERY","","0","5","0","0","0","0","Coho","NA","Issaquah Creek","HATCHERY","2","2014","4","true",,,"false","false",,,"0","0","0"
"Adult Surplus Event","Surplussed","2014-10-21T00:00:00.000","ISSAQUAH HATCHERY","","ISSAQUAH HATCHERY","","0","20","5","0","0","0","Coho","NA","Issaquah Creek","HATCHERY","2","2014","4","true",,,"false","false",,,"0","0","0"
"Adult Surplus Event","Surplussed","2014-10-21T00:00:00.000","ISSAQUAH HATCHERY","","ISSAQUAH HATCHERY","","0","290","0","0","0","0","Coho","NA","Issaquah Creek","HATCHERY","2","2014","4","true",,,"false","false",,,"0","0","0"
"Adult Surplus Event","Surplussed","2014-10-21T00:00:00.000","ISSAQUAH HATCHERY","","ISSAQUAH HATCHERY","","0","58","0","0","0","0","Coho","NA","Issaquah Creek","HATCHERY","2","2014","4","true",,,"true","true",,,"58","0","0"
"Adult Surplus Event","Surplussed","2014-10-21T00:00:00.000","ISSAQUAH HATCHERY","","ISSAQUAH HATCHERY","","0","20","0","0","0","0","Coho","NA","Issaquah Creek","HATCHERY","2","2014","4","true",,,"false","false",,,"0","0","0"
"Adult Surplus Event","Surplussed","2014-10-21T00:00:00.000","ISSAQUAH HATCHERY","","ISSAQUAH HATCHERY","","0","5","0","0","0","0","Coho","NA","Issaquah Creek","HATCHERY","2","2014","4","true",,,"false","false",,,"0","0","0"
"Adult Mortality Event","","2014-10-21T00:00:00.000","ISSAQUAH HATCHERY","","ISSAQUAH HATCHERY","","0","5","5","0","0","0","Coho","NA","Issaquah Creek","HATCHERY","2","2014","4","true",,,"false","false",,,"0","0","0"
"Adult Mortality Event","","2014-10-21T00:00:00.000","ISSAQUAH HATCHERY","","ISSAQUAH HATCHERY","","0","2","0","1","0","0","Chinook","Fall","Issaquah Creek","HATCHERY","2","2014","4","true",,,"false","false",,,"0","0","0"
"Adult Mortality Event","","2014-10-21T00:00:00.000","ISSAQUAH HATCHERY","","ISSAQUAH HATCHERY","","0","1","0","0","0","0","Coho","NA","Issaquah Creek","WILD","14","2014","3","true",,,"false","false",,,"0","0","0"
"Adult Ship","","2014-10-23T00:00:00.000","ISSAQUAH HATCHERY","MUCKLESHOOT TRIBE","ISSAQUAH HATCHERY","","0","161","159","0","0","0","Coho","NA","Issaquah Creek","HATCHERY","2","2014","3","true",,,"false","false",,,"0","0","0"
"Adult Ship","","2014-10-24T00:00:00.000","ISSAQUAH HATCHERY","MUCKLESHOOT TRIBE","ISSAQUAH HATCHERY","","0","182","140","0","0","0","Coho","NA","Issaquah Creek","HATCHERY","2","2014","3","true",,,"false","false",,,"0","0","0"
"Adult Plant Event","Upstream","2014-10-24T00:00:00.000","ISSAQUAH HATCHERY","","ISSAQUAH HATCHERY","ISSAQUAH C-EF 8.0183","0","800","700","0","0","0","Coho","NA","Issaquah Creek","HATCHERY","28","2014",,"false","99","High water, fish swam over trap.","false","false",,,"0","0","0"
"Trap Estimate","","2014-10-24T00:00:00.000","ISSAQUAH HATCHERY","","ISSAQUAH HATCHERY","","4100","0","0","0","0","0","Coho","NA","Issaquah Creek","HATCHERY",,"2014",,"false",,,"false","false",,,"0","0","0"
"Adult Surplus Event","Surplussed","2014-10-28T00:00:00.000","ISSAQUAH HATCHERY","","ISSAQUAH HATCHERY","","0","304","388","0","0","0","Coho","NA","Issaquah Creek","HATCHERY","2","2014","4","true",,,"false","false",,,"0","0","0"
"Parent Spawn Event","Lethal","2014-10-28T00:00:00.000","ISSAQUAH HATCHERY","","ISSAQUAH HATCHERY","","0","191","167","2","9","0","Coho","NA","Issaquah Creek","HATCHERY","2","2014","4","true",,,"false","false",,,"0","0","0"
"Adult Surplus Event","Surplussed","2014-10-28T00:00:00.000","ISSAQUAH HATCHERY","","ISSAQUAH HATCHERY","","0","44","55","0","0","0","Coho","NA","Issaquah Creek","HATCHERY","2","2014","4","true",,,"true","true",,,"44","55","0"
"EggTake","","2014-10-28T00:00:00.000","ISSAQUAH HATCHERY","","","","0","0","0","0","0","351000","Coho","NA","Issaquah Creek","MIXED",,"2014",,"false",,,"false","false",,,"0","0","0"
"Adult Mortality Event","","2014-10-28T00:00:00.000","ISSAQUAH HATCHERY","","ISSAQUAH HATCHERY","","0","2","4","0","0","0","Coho","NA","Issaquah Creek","HATCHERY","2","2014","4","true",,,"false","false",,,"0","0","0"
"Adult Plant Event","Upstream","2014-10-28T00:00:00.000","ISSAQUAH HATCHERY","","ISSAQUAH HATCHERY","ISSAQUAH CR  08.0178","0","1","0","0","0","0","Chinook","Fall","Issaquah Creek","HATCHERY","2","2014","3","true",,,"false","false",,,"0","0","0"
"Parent Spawn Event","Lethal","2014-10-28T00:00:00.000","ISSAQUAH HATCHERY","","ISSAQUAH HATCHERY","","0","7","3","0","0","0","Coho","NA","Issaquah Creek","WILD","14","2014","4","true",,,"false","false",,,"0","0","0"
"Parent Spawn Event","Lethal","2014-10-28T00:00:00.000","ISSAQUAH HATCHERY","","ISSAQUAH HATCHERY","","0","28","24","0","0","0","Coho","NA","Issaquah Creek","HATCHERY","2","2014","4","true",,,"true","true",,,"28","24","0"
"Adult Ship","","2014-10-30T00:00:00.000","ISSAQUAH HATCHERY","MUCKLESHOOT TRIBE","ISSAQUAH HATCHERY","","0","203","300","0","0","0","Coho","NA","Issaquah Creek","HATCHERY","2","2014","3","true",,,"false","false",,,"0","0","0"
"Adult Mortality Event","","2014-10-30T00:00:00.000","ISSAQUAH HATCHERY","","ISSAQUAH HATCHERY","","0","1","0","0","0","0","Chinook","Fall","Issaquah Creek","HATCHERY","2","2014","3","true",,,"false","false",,,"0","0","0"
"Adult Mortality Event","","2014-10-30T00:00:00.000","ISSAQUAH HATCHERY","","ISSAQUAH HATCHERY","","0","17","16","0","0","0","Coho","NA","Issaquah Creek","HATCHERY","2","2014","3","true",,,"false","false",,,"0","0","0"
"Adult Plant Event","Upstream","2014-10-31T00:00:00.000","ISSAQUAH HATCHERY","","ISSAQUAH HATCHERY","ISSAQUAH CR  08.0178","0","300","200","0","0","0","Coho","NA","Issaquah Creek","HATCHERY","28","2014",,"false","99","High water event, fish swam over trap.","false","false",,,"0","0","0"
"Adult Ship","","2014-10-31T00:00:00.000","ISSAQUAH HATCHERY","MUCKLESHOOT TRIBE","ISSAQUAH HATCHERY","","0","282","189","0","0","0","Coho","NA","Issaquah Creek","HATCHERY","2","2014","3","true",,,"false","false",,,"0","0","0"
"Adult Mortality Event","","2014-11-03T00:00:00.000","ISSAQUAH HATCHERY","","ISSAQUAH HATCHERY","","0","2","0","0","0","0","Coho","NA","Issaquah Creek","HATCHERY","2","2014","3","true",,,"false","false",,,"0","0","0"
"EggTake","","2014-11-04T00:00:00.000","ISSAQUAH HATCHERY","","","","0","0","0","0","0","405000","Coho","NA","Issaquah Creek","MIXED",,"2014",,"false",,,"false","false",,,"0","0","0"
"Parent Spawn Event","Lethal","2014-11-04T00:00:00.000","ISSAQUAH HATCHERY","","ISSAQUAH HATCHERY","","0","10","3","0","0","0","Coho","NA","Issaquah Creek","WILD","14","2014","4","true",,,"false","false",,,"0","0","0"
"Adult Surplus Event","Surplussed","2014-11-04T00:00:00.000","ISSAQUAH HATCHERY","","ISSAQUAH HATCHERY","","0","10","28","0","0","0","Coho","NA","Issaquah Creek","HATCHERY","2","2014","4","true",,,"true","true",,,"10","28","0"
"Parent Spawn Event","Lethal","2014-11-04T00:00:00.000","ISSAQUAH HATCHERY","","ISSAQUAH HATCHERY","","0","186","174","2","5","0","Coho","NA","Issaquah Creek","HATCHERY","2","2014","4","true",,,"false","false",,,"0","0","0"
"Parent Spawn Event","Lethal","2014-11-04T00:00:00.000","ISSAQUAH HATCHERY","","ISSAQUAH HATCHERY","","0","26","26","0","0","0","Coho","NA","Issaquah Creek","HATCHERY","2","2014","4","true",,,"true","true",,,"26","26","0"
"Adult Mortality Event","","2014-11-04T00:00:00.000","ISSAQUAH HATCHERY","","ISSAQUAH HATCHERY","","0","23","44","0","0","0","Coho","NA","Issaquah Creek","HATCHERY","2","2014","4","true",,,"false","false",,,"0","0","0"
"Adult Mortality Event","","2014-11-04T00:00:00.000","ISSAQUAH HATCHERY","","ISSAQUAH HATCHERY","","0","2","1","0","0","0","Coho","NA","Issaquah Creek","WILD","14","2014","4","true",,,"false","false",,,"0","0","0"
"Adult Mortality Event","","2014-11-04T00:00:00.000","ISSAQUAH HATCHERY","","ISSAQUAH HATCHERY","","0","3","6","0","0","0","Coho","NA","Issaquah Creek","HATCHERY","2","2014","4","true",,,"true","true",,,"3","6","0"
"Adult Surplus Event","Surplussed","2014-11-04T00:00:00.000","ISSAQUAH HATCHERY","","ISSAQUAH HATCHERY","","0","64","193","1","0","0","Coho","NA","Issaquah Creek","HATCHERY","2","2014","4","true",,,"false","false",,,"0","0","0"
"Trap Estimate","","2014-11-05T00:00:00.000","ISSAQUAH HATCHERY","","ISSAQUAH HATCHERY","","2348","0","0","36","0","0","Coho","NA","Issaquah Creek","HATCHERY",,"2014",,"false",,,"false","false",,,"0","0","0"
"Adult Ship","","2014-11-06T00:00:00.000","ISSAQUAH HATCHERY","MUCKLESHOOT TRIBE","ISSAQUAH HATCHERY","","0","408","272","0","0","0","Coho","NA","Issaquah Creek","HATCHERY","2","2014","3","true",,,"false","false",,,"0","0","0"
"Adult Ship","","2014-11-07T00:00:00.000","ISSAQUAH HATCHERY","MUCKLESHOOT TRIBE","ISSAQUAH HATCHERY","","0","453","148","0","0","0","Coho","NA","Issaquah Creek","HATCHERY","2","2014","3","true",,,"false","false",,,"0","0","0"
"Parent Spawn Event","Lethal","2014-11-10T00:00:00.000","ISSAQUAH HATCHERY","","ISSAQUAH HATCHERY","","0","30","42","0","0","0","Coho","NA","Issaquah Creek","HATCHERY","2","2014","4","true",,,"true","true",,,"30","42","0"
"Parent Spawn Event","Lethal","2014-11-10T00:00:00.000","ISSAQUAH HATCHERY","","ISSAQUAH HATCHERY","","0","8","0","0","0","0","Coho","NA","Issaquah Creek","WILD","14","2014","4","true",,,"false","false",,,"0","0","0"
"Adult Plant Event","Upstream","2014-11-10T00:00:00.000","ISSAQUAH HATCHERY","","ISSAQUAH HATCHERY","ISSAQUAH CR  08.0178","0","258","282","0","0","0","Coho","NA","Issaquah Creek","HATCHERY","2","2014","3","true",,,"false","false",,,"0","0","0"
"Adult Plant Event","Upstream","2014-11-10T00:00:00.000","ISSAQUAH HATCHERY","","ISSAQUAH HATCHERY","ISSAQUAH CR  08.0178","0","11","13","0","0","0","Coho","NA","Issaquah Creek","WILD","14","2014","3","true",,,"false","false",,,"0","0","0"
"Adult Surplus Event","Surplussed","2014-11-10T00:00:00.000","ISSAQUAH HATCHERY","","ISSAQUAH HATCHERY","","0","8","0","0","0","0","Coho","NA","Issaquah Creek","HATCHERY","2","2014","4","true",,,"false","false",,,"0","0","0"
"Adult Mortality Event","","2014-11-10T00:00:00.000","ISSAQUAH HATCHERY","","ISSAQUAH HATCHERY","","0","1","2","0","0","0","Coho","NA","Issaquah Creek","WILD","14","2014","4","true",,,"false","false",,,"0","0","0"
"EggTake","","2014-11-10T00:00:00.000","ISSAQUAH HATCHERY","","","","0","0","0","0","0","396000","Coho","NA","Issaquah Creek","MIXED",,"2014",,"false",,,"false","false",,,"0","0","0"
"Adult Mortality Event","","2014-11-10T00:00:00.000","ISSAQUAH HATCHERY","","ISSAQUAH HATCHERY","","0","42","98","0","0","0","Coho","NA","Issaquah Creek","HATCHERY","2","2014","4","true",,,"false","false",,,"0","0","0"
"Adult Mortality Event","","2014-11-10T00:00:00.000","ISSAQUAH HATCHERY","","ISSAQUAH HATCHERY","","0","9","24","0","0","0","Coho","NA","Issaquah Creek","HATCHERY","2","2014","4","true",,,"true","true",,,"9","24","0"
"Parent Spawn Event","Lethal","2014-11-10T00:00:00.000","ISSAQUAH HATCHERY","","","","0","177","163","2","10","0","Coho","NA","Issaquah Creek","HATCHERY","2","2014","4","true",,,"false","false",,,"0","0","0"
"Adult Mortality Event","","2014-11-14T00:00:00.000","ISSAQUAH HATCHERY","","ISSAQUAH HATCHERY","","0","2","1","0","0","0","Coho","NA","Issaquah Creek","WILD","14","2014","3","true",,,"false","false",,,"0","0","0"
"Adult Mortality Event","","2014-11-14T00:00:00.000","ISSAQUAH HATCHERY","","ISSAQUAH HATCHERY","","0","24","75","0","0","0","Coho","NA","Issaquah Creek","HATCHERY","2","2014","3","true",,,"false","false",,,"0","0","0"
"Adult Surplus Event","Surplussed","2014-11-18T00:00:00.000","ISSAQUAH HATCHERY","","ISSAQUAH HATCHERY","","0","237","558","45","0","0","Coho","NA","Issaquah Creek","HATCHERY","2","2014","4","true",,,"false","false",,,"0","0","0"
"Adult Mortality Event","","2014-11-18T00:00:00.000","ISSAQUAH HATCHERY","","ISSAQUAH HATCHERY","","0","3","29","0","0","0","Coho","NA","Issaquah Creek","HATCHERY","2","2014","4","true",,,"false","false",,,"0","0","0"
"Adult Surplus Event","Surplussed","2014-11-18T00:00:00.000","ISSAQUAH HATCHERY","","ISSAQUAH HATCHERY","","0","59","152","1","0","0","Coho","NA","Issaquah Creek","HATCHERY","2","2014","4","true",,,"true","true",,,"59","152","1"
"Adult Plant Event","Upstream","2014-11-18T00:00:00.000","ISSAQUAH HATCHERY","","ISSAQUAH HATCHERY","ISSAQUAH CR  08.0178","0","16","18","13","0","0","Coho","NA","Issaquah Creek","WILD","14","2014","3","true",,,"false","false",,,"0","0","0"
"Trap Estimate","","2015-09-02T00:00:00.000","ISSAQUAH HATCHERY","","ISSAQUAH HATCHERY","","60","0","0","0","0","0","Chinook","Fall","Issaquah Creek","HATCHERY",,"2015",,"false",,,"false","false",,,"0","0","0"
"Trap Estimate","","2015-09-06T00:00:00.000","ISSAQUAH HATCHERY","","ISSAQUAH HATCHERY","","75","0","0","0","0","0","Chinook","Fall","Issaquah Creek","HATCHERY","28","2015",,"false",,,"false","false",,,"0","0","0"
"Trap Estimate","","2015-09-07T00:00:00.000","ISSAQUAH HATCHERY","","ISSAQUAH HATCHERY","","65","0","0","0","0","0","Chinook","Fall","Issaquah Creek","HATCHERY","28","2015",,"false",,,"false","false",,,"0","0","0"
"Trap Estimate","","2015-09-17T00:00:00.000","ISSAQUAH HATCHERY","","ISSAQUAH HATCHERY","","700","0","0","0","0","0","Chinook","Fall","Issaquah Creek","HATCHERY","28","2015",,"false",,,"false","false",,,"0","0","0"
"Trap Estimate","","2015-09-19T00:00:00.000","ISSAQUAH HATCHERY","","ISSAQUAH HATCHERY","","250","0","0","0","0","0","Chinook","Fall","Issaquah Creek","HATCHERY","28","2015",,"false",,,"false","false",,,"0","0","0"
"Trap Estimate","","2015-09-20T00:00:00.000","ISSAQUAH HATCHERY","","ISSAQUAH HATCHERY","","1","0","0","0","0","0","Chinook","Fall","Issaquah Creek","WILD","1200","2015",,"false",,,"false","false",,,"0","0","0"
"Trap Estimate","","2015-09-20T00:00:00.000","ISSAQUAH HATCHERY","","ISSAQUAH HATCHERY","","149","0","0","0","0","0","Chinook","Fall","Issaquah Creek","HATCHERY","28","2015",,"false",,,"false","false",,,"0","0","0"
"Adult Mortality Event","","2015-09-20T00:00:00.000","ISSAQUAH HATCHERY","","ISSAQUAH HATCHERY","","0","13","18","2","0","0","Chinook","Fall","Issaquah Creek","HATCHERY","2","2015","3","true",,,"false","false",,,"0","0","0"
"Adult Mortality Event","","2015-09-20T00:00:00.000","ISSAQUAH HATCHERY","","ISSAQUAH HATCHERY","","0","0","1","0","0","0","Chinook","Fall","Issaquah Creek","WILD","14","2015","3","true",,,"false","false",,,"0","0","0"
"Adult Plant Event","Upstream","2015-09-22T00:00:00.000","ISSAQUAH HATCHERY","","ISSAQUAH HATCHERY","ISSAQUAH CR  08.0178","0","203","0","0","0","0","Chinook","Fall","Issaquah Creek","HATCHERY","2","2015","3","true",,,"false","false",,,"0","0","0"
"Adult Mortality Event","","2015-09-22T00:00:00.000","ISSAQUAH HATCHERY","","ISSAQUAH HATCHERY","","0","0","1","0","0","0","Coho","NA","Issaquah Creek","HATCHERY","2","2015","4","true",,,"false","false",,,"0","0","0"
"Parent Spawn Event","Lethal","2015-09-22T00:00:00.000","ISSAQUAH HATCHERY","","ISSAQUAH HATCHERY","","0","89","105","0","6","0","Chinook","Fall","Issaquah Creek","HATCHERY","2","2015","4","true",,,"false","false",,,"0","0","0"
"Parent Spawn Event","Lethal","2015-09-22T00:00:00.000","ISSAQUAH HATCHERY","","ISSAQUAH HATCHERY","","0","31","3","0","0","0","Chinook","Fall","Issaquah Creek","WILD","14","2015","4","true",,,"false","false",,,"0","0","0"
"EggTake","","2015-09-22T00:00:00.000","ISSAQUAH HATCHERY","","","","0","0","0","0","0","480000","Chinook","Fall","Issaquah Creek","MIXED",,"2015",,"false",,,"false","false",,,"0","0","0"
"Adult Mortality Event","","2015-09-22T00:00:00.000","ISSAQUAH HATCHERY","","ISSAQUAH HATCHERY","","0","5","8","0","0","0","Chinook","Fall","Issaquah Creek","HATCHERY","2","2015","4","true",,,"false","false",,,"0","0","0"
"Trap Estimate","","2015-09-23T00:00:00.000","ISSAQUAH HATCHERY","","ISSAQUAH HATCHERY","","50","0","0","0","0","0","Chinook","Fall","Issaquah Creek","WILD","28","2015",,"false",,,"false","false",,,"0","0","0"
"Trap Estimate","","2015-09-23T00:00:00.000","ISSAQUAH HATCHERY","","ISSAQUAH HATCHERY","","500","0","0","50","0","0","Chinook","Fall","Issaquah Creek","HATCHERY","1200","2015",,"false",,,"false","false",,,"0","0","0"
"Adult Mortality Event","","2015-09-28T00:00:00.000","ISSAQUAH HATCHERY","","ISSAQUAH HATCHERY","","0","37","27","1","0","0","Chinook","Fall","Issaquah Creek","HATCHERY","2","2015","3","true",,,"false","false",,,"0","0","0"
"Adult Mortality Event","","2015-09-28T00:00:00.000","ISSAQUAH HATCHERY","","ISSAQUAH HATCHERY","","0","1","3","0","0","0","Chinook","Fall","Issaquah Creek","WILD","2","2015","3","true",,,"false","false",,,"0","0","0"
"Adult Mortality Event","","2015-09-29T00:00:00.000","ISSAQUAH HATCHERY","","ISSAQUAH HATCHERY","","0","1","1","0","0","0","Chinook","Fall","Issaquah Creek","WILD","14","2015","4","true",,,"false","false",,,"0","0","0"
"Parent Spawn Event","Lethal","2015-09-29T00:00:00.000","ISSAQUAH HATCHERY","","ISSAQUAH HATCHERY","","0","19","4","0","0","0","Chinook","Fall","Issaquah Creek","WILD","14","2015","4","true",,,"false","false",,,"0","0","0"
"Adult Mortality Event","","2015-09-29T00:00:00.000","ISSAQUAH HATCHERY","","ISSAQUAH HATCHERY","","0","16","14","0","0","0","Chinook","Fall","Issaquah Creek","HATCHERY","2","2015","4","true",,,"false","false",,,"0","0","0"
"Adult Plant Event","Upstream","2015-09-29T00:00:00.000","ISSAQUAH HATCHERY","","ISSAQUAH HATCHERY","ISSAQUAH CR  08.0178","0","200","21","0","0","0","Chinook","Fall","Issaquah Creek","HATCHERY","2","2015","3","true",,,"false","false",,,"0","0","0"
"Adult Surplus Event","Surplussed","2015-09-29T00:00:00.000","ISSAQUAH HATCHERY","","ISSAQUAH HATCHERY","","0","0","1","0","0","0","Chinook","Fall","Issaquah Creek","HATCHERY","2","2015","3","true",,,"false","false",,,"0","0","0"
"Parent Spawn Event","Lethal","2015-09-29T00:00:00.000","ISSAQUAH HATCHERY","","ISSAQUAH HATCHERY","","0","154","168","0","4","0","Chinook","Fall","Issaquah Creek","HATCHERY","2","2015","4","true",,,"false","false",,,"0","0","0"
"Parent Spawn Event","Lethal","2015-09-29T00:00:00.000","ISSAQUAH HATCHERY","","ISSAQUAH HATCHERY","","0","1","0","0","0","0","Chinook","Fall","Issaquah Creek","WILD","14","2015","4","true",,,"false","false",,,"0","0","0"
"EggTake","","2015-09-29T00:00:00.000","ISSAQUAH HATCHERY","","","","0","0","0","0","0","789000","Chinook","Fall","Issaquah Creek","MIXED",,"2015",,"false",,,"false","false",,,"0","0","0"
"Parent Spawn Event","Lethal","2015-09-29T00:00:00.000","ISSAQUAH HATCHERY","","ISSAQUAH HATCHERY","","0","1","1","0","0","0","Chinook","Fall","Issaquah Creek","HATCHERY","2","2015","4","true",,,"false","false",,,"0","0","0"
"Trap Estimate","","2015-09-30T00:00:00.000","ISSAQUAH HATCHERY","","ISSAQUAH HATCHERY","","25","0","0","0","0","0","Coho","NA","Issaquah Creek","WILD","1200","2015",,"false",,,"false","false",,,"0","0","0"
"Trap Estimate","","2015-09-30T00:00:00.000","ISSAQUAH HATCHERY","","ISSAQUAH HATCHERY","","50","0","0","0","0","0","Coho","NA","Issaquah Creek","HATCHERY","28","2015",,"false",,,"false","false",,,"0","0","0"
"Trap Estimate","","2015-09-30T00:00:00.000","ISSAQUAH HATCHERY","","ISSAQUAH HATCHERY","","250","0","0","0","0","0","Chinook","Fall","Issaquah Creek","HATCHERY","28","2015",,"false",,,"false","false",,,"0","0","0"
"Trap Estimate","","2015-09-30T00:00:00.000","ISSAQUAH HATCHERY","","ISSAQUAH HATCHERY","","25","0","0","0","0","0","Chinook","Fall","Issaquah Creek","WILD","1200","2015",,"false",,,"false","false",,,"0","0","0"
"Adult Mortality Event","","2015-10-05T00:00:00.000","ISSAQUAH HATCHERY","","ISSAQUAH HATCHERY","","0","42","39","1","0","0","Chinook","Fall","Issaquah Creek","HATCHERY","2","2015","3","true",,,"false","false",,,"0","0","0"
"Adult Mortality Event","","2015-10-05T00:00:00.000","ISSAQUAH HATCHERY","","ISSAQUAH HATCHERY","","0","3","1","0","0","0","Chinook","Fall","Issaquah Creek","WILD","14","2015","3","true",,,"false","false",,,"0","0","0"
"Adult Mortality Event","","2015-10-06T00:00:00.000","ISSAQUAH HATCHERY","","ISSAQUAH HATCHERY","","0","3","0","0","0","0","Chinook","Fall","Issaquah Creek","WILD","14","2015","4","true",,,"false","false",,,"0","0","0"
"Adult Surplus Event","Surplussed","2015-10-06T00:00:00.000","ISSAQUAH HATCHERY","","ISSAQUAH HATCHERY","","0","340","0","10","0","0","Chinook","Fall","Issaquah Creek","HATCHERY","2","2015","3","true",,,"false","false",,,"0","0","0"
"Adult Mortality Event","","2015-10-06T00:00:00.000","ISSAQUAH HATCHERY","","ISSAQUAH HATCHERY","","0","41","40","1","0","0","Chinook","Fall","Issaquah Creek","HATCHERY","2","2015","4","true",,,"false","false",,,"0","0","0"
"Trap Estimate","","2015-10-06T00:00:00.000","ISSAQUAH HATCHERY","","ISSAQUAH HATCHERY","","500","0","0","0","0","0","Coho","NA","Issaquah Creek","HATCHERY","1200","2015",,"false",,,"false","false",,,"0","0","0"
"Trap Estimate","","2015-10-06T00:00:00.000","ISSAQUAH HATCHERY","","ISSAQUAH HATCHERY","","50","0","0","0","0","0","Chinook","Fall","Issaquah Creek","WILD","28","2015",,"false",,,"false","false",,,"0","0","0"
"Adult Mortality Event","","2015-10-06T00:00:00.000","ISSAQUAH HATCHERY","","ISSAQUAH HATCHERY","","0","0","1","0","0","0","Coho","NA","Issaquah Creek","WILD","14","2015","4","true",,,"false","false",,,"0","0","0"
"Adult Mortality Event","","2015-10-06T00:00:00.000","ISSAQUAH HATCHERY","","ISSAQUAH HATCHERY","","0","1","5","0","0","0","Coho","NA","Issaquah Creek","HATCHERY","2","2015","4","true",,,"false","false",,,"0","0","0"
"Parent Spawn Event","Lethal","2015-10-06T00:00:00.000","ISSAQUAH HATCHERY","","ISSAQUAH HATCHERY","","0","206","210","0","1","0","Chinook","Fall","Issaquah Creek","HATCHERY","2","2015","4","true",,,"false","false",,,"0","0","0"
"EggTake","","2015-10-06T00:00:00.000","ISSAQUAH HATCHERY","","","","0","0","0","0","0","1046500","Chinook","Fall","Issaquah Creek","MIXED",,"2015",,"false",,,"false","false",,,"0","0","0"
"Parent Spawn Event","Lethal","2015-10-06T00:00:00.000","ISSAQUAH HATCHERY","","ISSAQUAH HATCHERY","","0","25","10","0","0","0","Chinook","Fall","Issaquah Creek","WILD","14","2015","4","true",,,"false","false",,,"0","0","0"
"Adult Plant Event","Upstream","2015-10-06T00:00:00.000","ISSAQUAH HATCHERY","","ISSAQUAH HATCHERY","ISSAQUAH CR  08.0178","0","62","6","2","0","0","Chinook","Fall","Issaquah Creek","WILD","14","2015","3","true",,,"false","false",,,"0","0","0"
"Adult Plant Event","Upstream","2015-10-06T00:00:00.000","ISSAQUAH HATCHERY","","ISSAQUAH HATCHERY","ISSAQUAH C-EF 8.0183","0","233","249","0","0","0","Chinook","Fall","Issaquah Creek","HATCHERY","2","2015","3","true",,,"false","false",,,"0","0","0"
"Adult Mortality Event","","2015-10-10T00:00:00.000","ISSAQUAH HATCHERY","","ISSAQUAH HATCHERY","","0","1","0","0","0","0","Chinook","Fall","Issaquah Creek","WILD","14","2015","3","true",,,"false","false",,,"0","0","0"
"Adult Mortality Event","","2015-10-10T00:00:00.000","ISSAQUAH HATCHERY","","ISSAQUAH HATCHERY","","0","5","3","0","0","0","Chinook","Fall","Issaquah Creek","HATCHERY","2","2015","3","true",,,"false","false",,,"0","0","0"
"Adult Mortality Event","","2015-10-11T00:00:00.000","ISSAQUAH HATCHERY","","ISSAQUAH HATCHERY","","0","0","1","0","0","0","Coho","NA","Issaquah Creek","HATCHERY","2","2015","3","true",,,"true","true",,,"0","1","0"
"Adult Mortality Event","","2015-10-11T00:00:00.000","ISSAQUAH HATCHERY","","ISSAQUAH HATCHERY","","0","0","1","0","0","0","Coho","NA","Issaquah Creek","HATCHERY","2","2015","3","true",,,"false","false",,,"0","0","0"
"Adult Plant Event","Upstream","2015-10-13T00:00:00.000","ISSAQUAH HATCHERY","","ISSAQUAH HATCHERY","ISSAQUAH CR  08.0178","0","10","51","2","0","0","Chinook","Fall","Issaquah Creek","HATCHERY","2","2015","3","true",,,"false","false",,,"0","0","0"
"Adult Mortality Event","","2015-10-13T00:00:00.000","ISSAQUAH HATCHERY","","ISSAQUAH HATCHERY","","0","11","9","0","0","0","Chinook","Fall","Issaquah Creek","HATCHERY","2","2015","4","true",,,"false","false",,,"0","0","0"
"Adult Surplus Event","Surplussed","2015-10-13T00:00:00.000","ISSAQUAH HATCHERY","","ISSAQUAH HATCHERY","","0","279","171","33","0","0","Chinook","Fall","Issaquah Creek","HATCHERY","2","2015","4","true",,,"false","false",,,"0","0","0"
"Adult Mortality Event","","2015-10-13T00:00:00.000","ISSAQUAH HATCHERY","","ISSAQUAH HATCHERY","","0","3","2","0","0","0","Coho","NA","Issaquah Creek","HATCHERY","2","2015","4","true",,,"false","false",,,"0","0","0"
"Parent Spawn Event","Lethal","2015-10-13T00:00:00.000","ISSAQUAH HATCHERY","","ISSAQUAH HATCHERY","","0","0","1","0","0","0","Chinook","Fall","Issaquah Creek","HATCHERY","2","2015","4","true",,,"false","false",,,"0","0","0"
"EggTake","","2015-10-13T00:00:00.000","ISSAQUAH HATCHERY","","","","0","0","0","0","0","250","Chinook","Fall","Issaquah Creek","MIXED",,"2015",,"false",,,"false","false",,,"0","0","0"
"Adult Plant Event","Upstream","2015-10-13T00:00:00.000","ISSAQUAH HATCHERY","","ISSAQUAH HATCHERY","ISSAQUAH CR  08.0178","0","31","22","2","0","0","Chinook","Fall","Issaquah Creek","WILD","14","2015","3","true",,,"false","false",,,"0","0","0"
"Adult Mortality Event","","2015-10-13T00:00:00.000","ISSAQUAH HATCHERY","","ISSAQUAH HATCHERY","","0","0","1","0","0","0","Chinook","Fall","Issaquah Creek","WILD","14","2015","4","true",,,"false","false",,,"0","0","0"
"Adult Mortality Event","","2015-10-20T00:00:00.000","ISSAQUAH HATCHERY","","ISSAQUAH HATCHERY","","0","1","0","0","0","0","Coho","NA","Issaquah Creek","WILD","14","2015","3","true",,,"false","false",,,"0","0","0"
"Adult Mortality Event","","2015-10-20T00:00:00.000","ISSAQUAH HATCHERY","","ISSAQUAH HATCHERY","","0","12","10","2","0","0","Coho","NA","Issaquah Creek","HATCHERY","2","2015","3","true",,,"false","false",,,"0","0","0"
"Adult Mortality Event","","2015-10-20T00:00:00.000","ISSAQUAH HATCHERY","","ISSAQUAH HATCHERY","","0","11","21","5","0","0","Chinook","Fall","Issaquah Creek","HATCHERY","2","2015","3","true",,,"false","false",,,"0","0","0"
"Adult Plant Event","Upstream","2015-10-20T00:00:00.000","ISSAQUAH HATCHERY","","ISSAQUAH HATCHERY","ISSAQUAH CR  08.0178","0","21","37","0","0","0","Chinook","Fall","Issaquah Creek","HATCHERY","2","2015","3","true",,,"false","false",,,"0","0","0"
"Adult Plant Event","Upstream","2015-10-20T00:00:00.000","ISSAQUAH HATCHERY","","ISSAQUAH HATCHERY","ISSAQUAH CR  08.0178","0","5","1","2","0","0","Chinook","Fall","Issaquah Creek","WILD","14","2015","3","true",,,"false","false",,,"0","0","0"
"Adult Mortality Event","","2015-10-20T00:00:00.000","ISSAQUAH HATCHERY","","ISSAQUAH HATCHERY","","0","4","1","0","0","0","Chinook","Fall","Issaquah Creek","WILD","14","2015","3","true",,,"false","false",,,"0","0","0"
"Adult Mortality Event","","2015-10-20T00:00:00.000","ISSAQUAH HATCHERY","","ISSAQUAH HATCHERY","","0","1","1","0","0","0","Coho","NA","Issaquah Creek","HATCHERY","2","2015","3","true",,,"true","true",,,"1","1","0"
"Trap Estimate","","2015-10-22T00:00:00.000","ISSAQUAH HATCHERY","","ISSAQUAH HATCHERY","","25","0","0","0","0","0","Coho","NA","Issaquah Creek","WILD","1200","2015",,"false",,,"false","false",,,"0","0","0"
"Trap Estimate","","2015-10-22T00:00:00.000","ISSAQUAH HATCHERY","","ISSAQUAH HATCHERY","","700","0","0","0","0","0","Coho","NA","Issaquah Creek","HATCHERY","28","2015",,"false",,,"false","false",,,"0","0","0"
"Parent Spawn Event","Lethal","2015-10-27T00:00:00.000","ISSAQUAH HATCHERY","","ISSAQUAH HATCHERY","","0","6","8","0","1","0","Coho","NA","Issaquah Creek","HATCHERY","14","2015","4","true",,,"false","false",,,"0","0","0"
"Parent Spawn Event","Lethal","2015-10-27T00:00:00.000","ISSAQUAH HATCHERY","","ISSAQUAH HATCHERY","","0","2","0","0","0","0","Coho","NA","Issaquah Creek","WILD","14","2015","4","true",,,"false","false",,,"0","0","0"
"Parent Spawn Event","Lethal","2015-10-27T00:00:00.000","ISSAQUAH HATCHERY","","ISSAQUAH HATCHERY","","0","1","2","0","0","0","Coho","NA","Issaquah Creek","HATCHERY","2","2015","4","true",,,"true","true",,,"1","2","0"
"EggTake","","2015-10-27T00:00:00.000","ISSAQUAH HATCHERY","","","","0","0","0","0","0","5425","Coho","NA","Issaquah Creek","MIXED",,"2015",,"false",,,"false","false",,,"0","0","0"
"Adult Mortality Event","","2015-10-27T00:00:00.000","ISSAQUAH HATCHERY","","ISSAQUAH HATCHERY","","0","4","4","0","0","0","Coho","NA","Issaquah Creek","HATCHERY","2","2015","4","true",,,"false","false",,,"0","0","0"
"Adult Plant Event","Upstream","2015-10-27T00:00:00.000","ISSAQUAH HATCHERY","","ISSAQUAH HATCHERY","ISSAQUAH CR  08.0178","0","2","1","0","0","0","Chinook","Fall","Issaquah Creek","HATCHERY","2","2015","3","true",,,"false","false",,,"0","0","0"
"Adult Plant Event","Upstream","2015-10-27T00:00:00.000","ISSAQUAH HATCHERY","","ISSAQUAH HATCHERY","ISSAQUAH CR  08.0178","0","2","0","0","0","0","Chinook","Fall","Issaquah Creek","WILD","14","2015","3","true",,,"false","false",,,"0","0","0"
"EggTake","","2015-10-27T00:00:00.000","ISSAQUAH HATCHERY","","","","0","0","0","0","0","12660","Coho","NA","Issaquah Creek","HATCHERY",,"2015",,"false",,,"false","false",,,"0","0","0"
"Adult Mortality Event","","2015-10-31T00:00:00.000","ISSAQUAH HATCHERY","","ISSAQUAH HATCHERY","","0","1","0","1","0","0","Chinook","Fall","Issaquah Creek","HATCHERY","2","2015","3","true",,,"false","false",,,"0","0","0"
"Adult Mortality Event","","2015-10-31T00:00:00.000","ISSAQUAH HATCHERY","","ISSAQUAH HATCHERY","","0","3","9","0","0","0","Coho","NA","Issaquah Creek","HATCHERY","2","2015","3","true",,,"false","false",,,"0","0","0"
"Trap Estimate","","2015-10-31T00:00:00.000","ISSAQUAH HATCHERY","","ISSAQUAH HATCHERY","","250","0","0","0","0","0","Coho","NA","Issaquah Creek","HATCHERY","1200","2015",,"false",,,"false","false",,,"0","0","0"
"Parent Spawn Event","Lethal","2015-11-03T00:00:00.000","ISSAQUAH HATCHERY","","ISSAQUAH HATCHERY","","0","13","16","1","0","0","Coho","NA","Issaquah Creek","HATCHERY","2","2015","4","true",,,"true","true",,,"13","16","1"
"EggTake","","2015-11-03T00:00:00.000","ISSAQUAH HATCHERY","","","","0","0","0","0","0","290000","Coho","NA","Issaquah Creek","HATCHERY",,"2015",,"false",,,"false","false",,,"0","0","0"
"EggTake","","2015-11-03T00:00:00.000","ISSAQUAH HATCHERY","","","","0","0","0","0","0","60000","Coho","NA","Issaquah Creek","MIXED",,"2015",,"false",,,"false","false",,,"0","0","0"
"Adult Mortality Event","","2015-11-03T00:00:00.000","ISSAQUAH HATCHERY","","ISSAQUAH HATCHERY","","0","2","0","0","0","0","Coho","NA","Issaquah Creek","WILD","14","2015","4","true",,,"false","false",,,"0","0","0"
"Adult Mortality Event","","2015-11-03T00:00:00.000","ISSAQUAH HATCHERY","","ISSAQUAH HATCHERY","","0","2","6","0","0","0","Coho","NA","Issaquah Creek","HATCHERY","2","2015","4","true",,,"false","false",,,"0","0","0"
"Adult Plant Event","Upstream","2015-11-03T00:00:00.000","ISSAQUAH HATCHERY","","ISSAQUAH HATCHERY","ISSAQUAH CR  08.0178","0","1","1","0","0","0","Chinook","Fall","Issaquah Creek","HATCHERY","2","2015","3","true",,,"false","false",,,"0","0","0"
"Parent Spawn Event","Lethal","2015-11-03T00:00:00.000","ISSAQUAH HATCHERY","","ISSAQUAH HATCHERY","","0","166","159","3","10","0","Coho","NA","Issaquah Creek","HATCHERY","2","2015","4","true",,,"false","false",,,"0","0","0"
"Parent Spawn Event","Lethal","2015-11-03T00:00:00.000","ISSAQUAH HATCHERY","","ISSAQUAH HATCHERY","","0","21","3","2","1","0","Coho","NA","Issaquah Creek","WILD","14","2015","4","true",,,"false","false",,,"0","0","0"
"Adult Mortality Event","","2015-11-06T00:00:00.000","ISSAQUAH HATCHERY","","ISSAQUAH HATCHERY","","0","6","0","0","0","0","Coho","NA","Issaquah Creek","HATCHERY","2","2015","3","true",,,"false","false",,,"0","0","0"
"Adult Mortality Event","","2015-11-10T00:00:00.000","ISSAQUAH HATCHERY","","ISSAQUAH HATCHERY","","0","2","0","1","0","0","Coho","NA","Issaquah Creek","WILD","14","2015","3","true",,,"false","false",,,"0","0","0"
"EggTake","","2015-11-10T00:00:00.000","ISSAQUAH HATCHERY","","","","0","0","0","0","0","60000","Coho","NA","Issaquah Creek","MIXED",,"2015",,"false",,,"false","false",,,"0","0","0"
"EggTake","","2015-11-10T00:00:00.000","ISSAQUAH HATCHERY","","","","0","0","0","0","0","280000","Coho","NA","Issaquah Creek","HATCHERY",,"2015",,"false",,,"false","false",,,"0","0","0"
"Parent Spawn Event","Lethal","2015-11-10T00:00:00.000","ISSAQUAH HATCHERY","","ISSAQUAH HATCHERY","","0","22","35","0","0","0","Coho","NA","Issaquah Creek","HATCHERY","2","2015","4","true",,,"true","true",,,"22","35","0"
"Parent Spawn Event","Lethal","2015-11-10T00:00:00.000","ISSAQUAH HATCHERY","","ISSAQUAH HATCHERY","","0","24","14","0","0","0","Coho","NA","Issaquah Creek","WILD","14","2015","4","true",,,"false","false",,,"0","0","0"
"Parent Spawn Event","Lethal","2015-11-10T00:00:00.000","ISSAQUAH HATCHERY","","ISSAQUAH HATCHERY","","0","195","197","1","21","0","Coho","NA","Issaquah Creek","HATCHERY","2","2015","4","true",,,"false","false",,,"0","0","0"
"Adult Plant Event","Upstream","2015-11-10T00:00:00.000","ISSAQUAH HATCHERY","","ISSAQUAH HATCHERY","ISSAQUAH CR  08.0178","0","1","0","0","0","0","Chinook","Fall","Issaquah Creek","HATCHERY","2","2015","3","true",,,"false","false",,,"0","0","0"
"Adult Mortality Event","","2015-11-10T00:00:00.000","ISSAQUAH HATCHERY","","ISSAQUAH HATCHERY","","0","7","4","0","0","0","Coho","NA","Issaquah Creek","HATCHERY","2","2015","4","true",,,"false","false",,,"0","0","0"
"Adult Plant Event","Upstream","2015-11-17T00:00:00.000","ISSAQUAH HATCHERY","","ISSAQUAH HATCHERY","ISSAQUAH CR  08.0178","0","1","0","0","0","0","Chinook","Fall","Issaquah Creek","HATCHERY","2","2015","3","true",,,"false","false",,,"0","0","0"
"EggTake","","2015-11-17T00:00:00.000","ISSAQUAH HATCHERY","","","","0","0","0","0","0","10000","Coho","NA","Issaquah Creek","MIXED",,"2015",,"false",,,"false","false",,,"0","0","0"
"EggTake","","2015-11-17T00:00:00.000","ISSAQUAH HATCHERY","","","","0","0","0","0","0","180000","Coho","NA","Issaquah Creek","HATCHERY",,"2015",,"false",,,"false","false",,,"0","0","0"
"Adult Mortality Event","","2015-11-17T00:00:00.000","ISSAQUAH HATCHERY","","ISSAQUAH HATCHERY","","0","0","1","0","0","0","Coho","NA","Issaquah Creek","WILD","14","2015","4","true",,,"false","false",,,"0","0","0"
"Adult Mortality Event","","2015-11-17T00:00:00.000","ISSAQUAH HATCHERY","","ISSAQUAH HATCHERY","","0","3","3","0","0","0","Coho","NA","Issaquah Creek","HATCHERY","2","2015","3","true",,,"false","false",,,"0","0","0"
"Adult Mortality Event","","2015-11-17T00:00:00.000","ISSAQUAH HATCHERY","","","","0","5","0","0","0","0","Coho","NA","Issaquah Creek","HATCHERY","2","2015","4","true",,,"false","false",,,"0","0","0"
"Adult Mortality Event","","2015-11-17T00:00:00.000","ISSAQUAH HATCHERY","","ISSAQUAH HATCHERY","","0","1","1","0","0","0","Coho","NA","Issaquah Creek","WILD","14","2015","3","true",,,"false","false",,,"0","0","0"
"Parent Spawn Event","Lethal","2015-11-17T00:00:00.000","ISSAQUAH HATCHERY","","ISSAQUAH HATCHERY","","0","2","2","0","0","0","Coho","NA","Issaquah Creek","WILD","14","2015","4","true",,,"false","false",,,"0","0","0"
"Parent Spawn Event","Lethal","2015-11-17T00:00:00.000","ISSAQUAH HATCHERY","","ISSAQUAH HATCHERY","","0","16","9","1","0","0","Coho","NA","Issaquah Creek","HATCHERY","2","2015","4","true",,,"true","true",,,"16","9","1"
"Parent Spawn Event","Lethal","2015-11-17T00:00:00.000","ISSAQUAH HATCHERY","","ISSAQUAH HATCHERY","","0","91","103","4","7","0","Coho","NA","Issaquah Creek","HATCHERY","2","2015","4","true",,,"false","false",,,"0","0","0"
"Trap Estimate","","2015-11-19T00:00:00.000","ISSAQUAH HATCHERY","","ISSAQUAH HATCHERY","","117","0","0","6","0","0","Chinook","Fall","Issaquah Creek","WILD","1200","2015",,"false",,,"false","false",,,"0","0","0"
"Trap Estimate","","2015-11-19T00:00:00.000","ISSAQUAH HATCHERY","","ISSAQUAH HATCHERY","","0","0","0","12","0","0","Coho","NA","Issaquah Creek","HATCHERY","28","2015",,"false",,,"false","false",,,"0","0","0"
"Trap Estimate","","2015-11-19T00:00:00.000","ISSAQUAH HATCHERY","","ISSAQUAH HATCHERY","","28","0","0","3","0","0","Coho","NA","Issaquah Creek","WILD","28","2015",,"false",,,"false","false",,,"0","0","0"
"Trap Estimate","","2015-11-19T00:00:00.000","ISSAQUAH HATCHERY","","ISSAQUAH HATCHERY","","1081","0","0","6","0","0","Chinook","Fall","Issaquah Creek","HATCHERY","28","2015",,"false",,,"false","false",,,"0","0","0"
"Parent Spawn Event","Lethal","2015-11-23T00:00:00.000","ISSAQUAH HATCHERY","","ISSAQUAH HATCHERY","","0","63","62","0","2","0","Coho","NA","Issaquah Creek","HATCHERY","2","2015","4","true",,,"false","false",,,"0","0","0"
"Parent Spawn Event","Lethal","2015-11-23T00:00:00.000","ISSAQUAH HATCHERY","","ISSAQUAH HATCHERY","","0","6","3","1","0","0","Coho","NA","Issaquah Creek","WILD","14","2015","4","true",,,"false","false",,,"0","0","0"
"Adult Surplus Event","Surplussed","2015-11-23T00:00:00.000","ISSAQUAH HATCHERY","","ISSAQUAH HATCHERY","","0","20","0","0","0","0","Coho","NA","Issaquah Creek","HATCHERY","2","2015","4","true",,,"false","false",,,"0","0","0"
"Adult Surplus Event","Surplussed","2015-11-23T00:00:00.000","ISSAQUAH HATCHERY","","ISSAQUAH HATCHERY","","0","10","7","3","0","0","Coho","NA","Issaquah Creek","HATCHERY","2","2015","4","true",,,"true","true",,,"10","7","3"
"Adult Mortality Event","","2015-11-23T00:00:00.000","ISSAQUAH HATCHERY","","","","0","12","10","0","0","0","Coho","NA","Issaquah Creek","HATCHERY","2","2015","4","true",,,"false","false",,,"0","0","0"
"EggTake","","2015-11-23T00:00:00.000","ISSAQUAH HATCHERY","","","","0","0","0","0","0","10000","Coho","NA","Issaquah Creek","MIXED",,"2015",,"false",,,"false","false",,,"0","0","0"
"EggTake","","2015-11-23T00:00:00.000","ISSAQUAH HATCHERY","","","","0","0","0","0","0","95000","Coho","NA","Issaquah Creek","HATCHERY",,"2015",,"false",,,"false","false",,,"0","0","0"
"Parent Spawn Event","Lethal","2015-11-23T00:00:00.000","ISSAQUAH HATCHERY","","ISSAQUAH HATCHERY","","0","9","11","0","0","0","Coho","NA","Issaquah Creek","HATCHERY","2","2015","4","true",,,"true","true",,,"9","11","0"
"Adult Plant Event","Upstream","2015-11-23T00:00:00.000","ISSAQUAH HATCHERY","","ISSAQUAH HATCHERY","ISSAQUAH CR  08.0178","0","8","15","12","0","0","Coho","NA","Issaquah Creek","WILD","14","2015","3","true",,,"false","false",,,"0","0","0"
"Adult Surplus Event","Surplussed","2015-11-23T00:00:00.000","ISSAQUAH HATCHERY","","ISSAQUAH HATCHERY","","0","2","2","0","0","0","Coho","NA","Issaquah Creek","HATCHERY","2","2015","4","true",,,"false","false",,,"0","0","0"
"Adult Plant Event","Upstream","2015-11-23T00:00:00.000","ISSAQUAH HATCHERY","","ISSAQUAH HATCHERY","ISSAQUAH CR  08.0178","0","249","252","1","0","0","Coho","NA","Issaquah Creek","HATCHERY","2","2015","3","true",,,"false","false",,,"0","0","0"
"Trap Estimate","","2015-11-30T00:00:00.000","ISSAQUAH HATCHERY","","ISSAQUAH HATCHERY","","32","0","0","13","0","0","Coho","NA","Issaquah Creek","WILD","1200","2015",,"false",,,"false","false",,,"0","0","0"
"Trap Estimate","","2015-11-30T00:00:00.000","ISSAQUAH HATCHERY","","ISSAQUAH HATCHERY","","383","0","0","4","0","0","Coho","NA","Issaquah Creek","HATCHERY","28","2015",,"false",,,"false","false",,,"0","0","0"
"Trap Estimate","","2016-09-03T00:00:00.000","ISSAQUAH HATCHERY","","ISSAQUAH HATCHERY","","9","0","0","5","0","0","Chinook","Fall","Issaquah Creek","HATCHERY",,"2016",,"false",,,"false","false",,,"0","0","0"
"Trap Estimate","","2016-09-03T00:00:00.000","ISSAQUAH HATCHERY","","ISSAQUAH HATCHERY","","1","0","0","0","0","0","Chinook","Fall","Issaquah Creek","WILD",,"2016",,"false",,,"false","false",,,"0","0","0"
"Trap Estimate","","2016-09-04T00:00:00.000","ISSAQUAH HATCHERY","","ISSAQUAH HATCHERY","","10","0","0","5","0","0","Chinook","Fall","Issaquah Creek","HATCHERY",,"2016",,"false",,,"false","false",,,"0","0","0"
"Trap Estimate","","2016-09-07T00:00:00.000","ISSAQUAH HATCHERY","","ISSAQUAH HATCHERY","","75","0","0","0","0","0","Chinook","Fall","Issaquah Creek","HATCHERY","1200","2016",,"false",,,"false","false",,,"0","0","0"
"Adult Mortality Event","","2016-09-14T00:00:00.000","ISSAQUAH HATCHERY","","ISSAQUAH HATCHERY","","0","13","7","1","0","0","Chinook","Fall","Issaquah Creek","HATCHERY","2","2016","3","true",,,"false","false",,,"0","0","0"
"Adult Mortality Event","","2016-09-14T00:00:00.000","ISSAQUAH HATCHERY","","ISSAQUAH HATCHERY","","0","2","0","0","0","0","Chinook","Fall","Issaquah Creek","WILD","14","2016","3","true",,,"false","false",,,"0","0","0"
"Trap Estimate","","2016-09-14T00:00:00.000","ISSAQUAH HATCHERY","","ISSAQUAH HATCHERY","","450","0","0","0","0","0","Chinook","Fall","Issaquah Creek","HATCHERY",,"2016",,"false",,,"false","false",,,"0","0","0"
"Trap Estimate","","2016-09-19T00:00:00.000","ISSAQUAH HATCHERY","","ISSAQUAH HATCHERY","","600","0","0","5","0","0","Chinook","Fall","Issaquah Creek","HATCHERY","1200","2016",,"false",,,"false","false",,,"0","0","0"
"Adult Surplus Event","Surplussed","2016-09-20T00:00:00.000","ISSAQUAH HATCHERY","","ISSAQUAH HATCHERY","","0","100","0","0","0","0","Chinook","Fall","Issaquah Creek","HATCHERY","2","2016","4","true",,,"false","false",,,"0","0","0"
"EggTake","","2016-09-20T00:00:00.000","ISSAQUAH HATCHERY","","","","0","0","0","0","0","340000","Chinook","Fall","Issaquah Creek","MIXED",,"2016",,"false",,,"false","false",,,"0","0","0"
"Parent Spawn Event","Lethal","2016-09-20T00:00:00.000","ISSAQUAH HATCHERY","","ISSAQUAH HATCHERY","","0","80","77","0","3","0","Chinook","Fall","Issaquah Creek","HATCHERY","2","2016","4","true",,,"false","false",,,"0","0","0"
"Parent Spawn Event","Lethal","2016-09-20T00:00:00.000","ISSAQUAH HATCHERY","","ISSAQUAH HATCHERY","","0","12","4","0","0","0","Chinook","Fall","Issaquah Creek","WILD","14","2016","4","true",,,"false","false",,,"0","0","0"
"Adult Mortality Event","","2016-09-21T00:00:00.000","ISSAQUAH HATCHERY","","ISSAQUAH HATCHERY","","0","1","0","0","0","0","Chinook","Fall","Issaquah Creek","WILD","14","2016","3","true",,,"false","false",,,"0","0","0"
"Adult Mortality Event","","2016-09-21T00:00:00.000","ISSAQUAH HATCHERY","","ISSAQUAH HATCHERY","","0","23","8","2","0","0","Chinook","Fall","Issaquah Creek","HATCHERY","2","2016","3","true",,,"false","false",,,"0","0","0"
"Trap Estimate","","2016-09-23T00:00:00.000","ISSAQUAH HATCHERY","","ISSAQUAH HATCHERY","","300","0","0","0","0","0","Chinook","Fall","Issaquah Creek","HATCHERY",,"2016",,"false",,,"false","false",,,"0","0","0"
"Parent Spawn Event","Lethal","2016-09-27T00:00:00.000","ISSAQUAH HATCHERY","","ISSAQUAH HATCHERY","","0","144","144","0","0","0","Chinook","Fall","Issaquah Creek","HATCHERY","2","2016","4","true",,,"false","false",,,"0","0","0"
"Adult Mortality Event","","2016-09-27T00:00:00.000","ISSAQUAH HATCHERY","","ISSAQUAH HATCHERY","","0","16","11","0","0","0","Chinook","Fall","Issaquah Creek","HATCHERY","2","2016","4","true",,,"false","false",,,"0","0","0"
"Adult Mortality Event","","2016-09-27T00:00:00.000","ISSAQUAH HATCHERY","","ISSAQUAH HATCHERY","","0","2","1","0","0","0","Chinook","Fall","Issaquah Creek","WILD","14","2016","4","true",,,"false","false",,,"0","0","0"
"Adult Surplus Event","Surplussed","2016-09-27T00:00:00.000","ISSAQUAH HATCHERY","","ISSAQUAH HATCHERY","","0","187","0","0","0","0","Chinook","Fall","Issaquah Creek","HATCHERY","2","2016","4","true",,,"false","false",,,"0","0","0"
"Parent Spawn Event","Lethal","2016-09-27T00:00:00.000","ISSAQUAH HATCHERY","","ISSAQUAH HATCHERY","","0","16","13","1","0","0","Chinook","Fall","Issaquah Creek","WILD","14","2016","4","true",,,"false","false",,,"0","0","0"
"EggTake","","2016-09-27T00:00:00.000","ISSAQUAH HATCHERY","","","","0","0","0","0","0","672000","Chinook","Fall","Issaquah Creek","MIXED",,"2016",,"false",,,"false","false",,,"0","0","0"
"Trap Estimate","","2016-09-28T00:00:00.000","ISSAQUAH HATCHERY","","ISSAQUAH HATCHERY","","300","0","0","0","0","0","Chinook","Fall","Issaquah Creek","HATCHERY",,"2016",,"false",,,"false","false",,,"0","0","0"
"Adult Mortality Event","","2016-09-28T00:00:00.000","ISSAQUAH HATCHERY","","ISSAQUAH HATCHERY","","0","42","23","0","0","0","Chinook","Fall","Issaquah Creek","HATCHERY","2","2016","3","true",,,"false","false",,,"0","0","0"
"Adult Mortality Event","","2016-09-28T00:00:00.000","ISSAQUAH HATCHERY","","ISSAQUAH HATCHERY","","0","5","4","0","0","0","Chinook","Fall","Issaquah Creek","WILD","14","2016","3","true",,,"false","false",,,"0","0","0"
"Trap Estimate","","2016-09-28T00:00:00.000","ISSAQUAH HATCHERY","","ISSAQUAH HATCHERY","","50","0","0","0","0","0","Chinook","Fall","Issaquah Creek","WILD","1200","2016",,"false",,,"false","false",,,"0","0","0"
"Trap Estimate","","2016-10-01T00:00:00.000","ISSAQUAH HATCHERY","","ISSAQUAH HATCHERY","","200","0","0","0","0","0","Chinook","Fall","Issaquah Creek","HATCHERY","1200","2016",,"false",,,"false","false",,,"0","0","0"
"Trap Estimate","","2016-10-03T00:00:00.000","ISSAQUAH HATCHERY","","ISSAQUAH HATCHERY","","100","0","0","0","0","0","Chinook","Fall","Issaquah Creek","HATCHERY","1200","2016",,"false",,,"false","false",,,"0","0","0"
"Parent Spawn Event","Lethal","2016-10-04T00:00:00.000","ISSAQUAH HATCHERY","","ISSAQUAH HATCHERY","","0","175","175","2","8","0","Chinook","Fall","Issaquah Creek","HATCHERY","2","2016","4","true",,,"false","false",,,"0","0","0"
"Adult Mortality Event","","2016-10-04T00:00:00.000","ISSAQUAH HATCHERY","","ISSAQUAH HATCHERY","","0","73","16","1","0","0","Chinook","Fall","Issaquah Creek","HATCHERY","2","2016","4","true",,,"true","true",,,"73","16","1"
"EggTake","","2016-10-04T00:00:00.000","ISSAQUAH HATCHERY","","","","0","0","0","0","0","728000","Chinook","Fall","Issaquah Creek","MIXED",,"2016",,"false",,,"false","false",,,"0","0","0"
"Parent Spawn Event","Lethal","2016-10-04T00:00:00.000","ISSAQUAH HATCHERY","","ISSAQUAH HATCHERY","","0","16","4","1","0","0","Chinook","Fall","Issaquah Creek","WILD","14","2016","4","true",,,"false","false",,,"0","0","0"
"Adult Mortality Event","","2016-10-04T00:00:00.000","ISSAQUAH HATCHERY","","ISSAQUAH HATCHERY","","0","5","0","0","0","0","Chinook","Fall","Issaquah Creek","WILD","14","2016","4","true",,,"false","false",,,"0","0","0"
"Adult Mortality Event","","2016-10-05T00:00:00.000","ISSAQUAH HATCHERY","","ISSAQUAH HATCHERY","","0","74","29","4","0","0","Chinook","Fall","Issaquah Creek","HATCHERY","2","2016","3","true",,,"false","false",,,"0","0","0"
"Adult Mortality Event","","2016-10-05T00:00:00.000","ISSAQUAH HATCHERY","","ISSAQUAH HATCHERY","","0","3","1","0","0","0","Chinook","Fall","Issaquah Creek","WILD","14","2016","3","true",,,"false","false",,,"0","0","0"
"Trap Estimate","","2016-10-05T00:00:00.000","ISSAQUAH HATCHERY","","ISSAQUAH HATCHERY","","100","0","0","0","0","0","Chinook","Fall","Issaquah Creek","HATCHERY",,"2016",,"false",,,"false","false",,,"0","0","0"
"Adult Mortality Event","","2016-10-08T00:00:00.000","ISSAQUAH HATCHERY","","ISSAQUAH HATCHERY","","0","0","1","0","0","0","Coho","NA","Issaquah Creek","HATCHERY","2","2016","3","true",,,"true","true",,,"0","1","0"
"Trap Estimate","","2016-10-10T00:00:00.000","ISSAQUAH HATCHERY","","ISSAQUAH HATCHERY","","500","0","0","0","0","0","Coho","NA","Issaquah Creek","HATCHERY",,"2016",,"false",,,"false","false",,,"0","0","0"
"Trap Estimate","","2016-10-10T00:00:00.000","ISSAQUAH HATCHERY","","ISSAQUAH HATCHERY","","100","0","0","0","0","0","Chinook","Fall","Issaquah Creek","HATCHERY",,"2016",,"false",,,"false","false",,,"0","0","0"
"Adult Surplus Event","Surplussed","2016-10-11T00:00:00.000","ISSAQUAH HATCHERY","","ISSAQUAH HATCHERY","","0","7","0","1","0","0","Coho","NA","Issaquah Creek","HATCHERY","2","2016","4","true",,,"true","true",,,"7","0","1"
"EggTake","","2016-10-11T00:00:00.000","ISSAQUAH HATCHERY","","","","0","0","0","0","0","832000","Chinook","Fall","Issaquah Creek","MIXED",,"2016",,"false",,,"false","false",,,"0","0","0"
"Adult Mortality Event","","2016-10-11T00:00:00.000","ISSAQUAH HATCHERY","","ISSAQUAH HATCHERY","","0","4","2","0","0","0","Chinook","Fall","Issaquah Creek","WILD","14","2016","4","true",,,"false","false",,,"0","0","0"
"Adult Mortality Event","","2016-10-11T00:00:00.000","ISSAQUAH HATCHERY","","ISSAQUAH HATCHERY","","0","71","9","0","0","0","Chinook","Fall","Issaquah Creek","HATCHERY","2","2016","4","true",,,"false","false",,,"0","0","0"
"Adult Mortality Event","","2016-10-11T00:00:00.000","ISSAQUAH HATCHERY","","ISSAQUAH HATCHERY","","0","0","1","0","0","0","Coho","NA","Issaquah Creek","HATCHERY","2","2016","4","true",,,"false","false",,,"0","0","0"
"Adult Surplus Event","Surplussed","2016-10-11T00:00:00.000","ISSAQUAH HATCHERY","","ISSAQUAH HATCHERY","","0","1","1","0","0","0","Chinook","Fall","Issaquah Creek","HATCHERY","2","2016","4","true",,,"false","false",,,"0","0","0"
"Adult Surplus Event","Surplussed","2016-10-11T00:00:00.000","ISSAQUAH HATCHERY","","ISSAQUAH HATCHERY","","0","92","0","1","0","0","Coho","NA","Issaquah Creek","HATCHERY","2","2016","4","true",,,"false","false",,,"0","0","0"
"Adult Surplus Event","Surplussed","2016-10-11T00:00:00.000","ISSAQUAH HATCHERY","","ISSAQUAH HATCHERY","","0","11","0","0","0","0","Chinook","Fall","Issaquah Creek","HATCHERY","2","2016","4","true",,,"false","false",,,"0","0","0"
"Adult Surplus Event","Surplussed","2016-10-11T00:00:00.000","ISSAQUAH HATCHERY","","ISSAQUAH HATCHERY","","0","1","1","0","0","0","Chinook","Fall","Issaquah Creek","HATCHERY","2","2016","4","true",,,"false","false",,,"0","0","0"
"Parent Spawn Event","Lethal","2016-10-11T00:00:00.000","ISSAQUAH HATCHERY","","ISSAQUAH HATCHERY","","0","169","179","0","0","0","Chinook","Fall","Issaquah Creek","HATCHERY","2","2016","4","true",,,"false","false",,,"0","0","0"
"Parent Spawn Event","Lethal","2016-10-11T00:00:00.000","ISSAQUAH HATCHERY","","ISSAQUAH HATCHERY","","0","12","9","0","0","0","Chinook","Fall","Issaquah Creek","WILD","14","2016","4","true",,,"false","false",,,"0","0","0"
"Adult Plant Event","Upstream","2016-10-11T00:00:00.000","ISSAQUAH HATCHERY","","ISSAQUAH HATCHERY","ISSAQUAH CR  08.0178","0","143","19","1","0","0","Chinook","Fall","Issaquah Creek","HATCHERY","2","2016","3","true",,,"false","false",,,"0","0","0"
"Adult Plant Event","Upstream","2016-10-11T00:00:00.000","ISSAQUAH HATCHERY","","ISSAQUAH HATCHERY","ISSAQUAH CR  08.0178","0","7","0","0","0","0","Chinook","Fall","Issaquah Creek","WILD","14","2016","3","true",,,"false","false",,,"0","0","0"
"Trap Estimate","","2016-10-12T00:00:00.000","ISSAQUAH HATCHERY","","ISSAQUAH HATCHERY","","100","0","0","2","0","0","Chinook","Fall","Issaquah Creek","WILD",,"2016",,"false",,,"false","false",,,"0","0","0"
"Adult Mortality Event","","2016-10-12T00:00:00.000","ISSAQUAH HATCHERY","","ISSAQUAH HATCHERY","","0","10","4","0","0","0","Chinook","Fall","Issaquah Creek","WILD","14","2016","3","true",,,"false","false",,,"0","0","0"
"Adult Mortality Event","","2016-10-12T00:00:00.000","ISSAQUAH HATCHERY","","ISSAQUAH HATCHERY","","0","85","11","2","0","0","Chinook","Fall","Issaquah Creek","HATCHERY","2","2016","3","true",,,"false","false",,,"0","0","0"
"Trap Estimate","","2016-10-12T00:00:00.000","ISSAQUAH HATCHERY","","ISSAQUAH HATCHERY","","0","0","0","2","0","0","Coho","NA","Issaquah Creek","HATCHERY",,"2016",,"false",,,"false","false",,,"0","0","0"
"Adult Plant Event","Upstream","2016-10-15T00:00:00.000","ISSAQUAH HATCHERY","","ISSAQUAH HATCHERY","ISSAQUAH CR  08.0178","0","70","30","0","0","0","Coho","NA","Issaquah Creek","HATCHERY","2","2016",,"false","99","Fish went past barrier due to high water.","false","false",,,"0","0","0"
"Trap Estimate","","2016-10-17T00:00:00.000","ISSAQUAH HATCHERY","","ISSAQUAH HATCHERY","","142","0","0","0","0","0","Chinook","Fall","Issaquah Creek","HATCHERY","1200","2016",,"false",,,"false","false",,,"0","0","0"
"Trap Estimate","","2016-10-17T00:00:00.000","ISSAQUAH HATCHERY","","ISSAQUAH HATCHERY","","19","0","0","0","0","0","Coho","NA","Issaquah Creek","WILD",,"2016",,"false",,,"false","false",,,"0","0","0"
"Trap Estimate","","2016-10-17T00:00:00.000","ISSAQUAH HATCHERY","","ISSAQUAH HATCHERY","","1200","0","0","20","0","0","Coho","NA","Issaquah Creek","HATCHERY",,"2016",,"false",,,"false","false",,,"0","0","0"
"Parent Spawn Event","Lethal","2016-10-18T00:00:00.000","ISSAQUAH HATCHERY","","ISSAQUAH HATCHERY","","0","5","6","0","0","0","Chinook","Fall","Issaquah Creek","WILD","14","2016","4","true",,,"false","false",,,"0","0","0"
"Adult Surplus Event","Surplussed","2016-10-18T00:00:00.000","ISSAQUAH HATCHERY","","ISSAQUAH HATCHERY","","0","0","15","1","0","0","Coho","NA","Issaquah Creek","HATCHERY","2","2016","4","true",,,"true","true",,,"0","15","1"
"Adult Surplus Event","Surplussed","2016-10-18T00:00:00.000","ISSAQUAH HATCHERY","","ISSAQUAH HATCHERY","","0","127","0","0","0","0","Chinook","Fall","Issaquah Creek","HATCHERY","2","2016","4","true",,,"false","false",,,"0","0","0"
"Adult Plant Event","Upstream","2016-10-18T00:00:00.000","ISSAQUAH HATCHERY","","ISSAQUAH HATCHERY","ISSAQUAH CR  08.0178","0","283","100","0","0","0","Coho","NA","Issaquah Creek","HATCHERY","2","2016","3","true",,,"false","false",,,"0","0","0"
"Adult Mortality Event","","2016-10-18T00:00:00.000","ISSAQUAH HATCHERY","","ISSAQUAH HATCHERY","","0","35","5","0","0","0","Chinook","Fall","Issaquah Creek","HATCHERY","2","2016","3","true",,,"false","false",,,"0","0","0"
"Adult Mortality Event","","2016-10-18T00:00:00.000","ISSAQUAH HATCHERY","","ISSAQUAH HATCHERY","","0","0","7","0","0","0","Coho","NA","Issaquah Creek","HATCHERY","2","2016","3","true",,,"false","false",,,"0","0","0"
"Adult Surplus Event","Surplussed","2016-10-18T00:00:00.000","ISSAQUAH HATCHERY","","ISSAQUAH HATCHERY","","0","3","105","0","0","0","Coho","NA","Issaquah Creek","HATCHERY","2","2016","4","true",,,"false","false",,,"0","0","0"
"Adult Mortality Event","","2016-10-18T00:00:00.000","ISSAQUAH HATCHERY","","ISSAQUAH HATCHERY","","0","2","0","0","0","0","Chinook","Fall","Issaquah Creek","WILD","14","2016","3","true",,,"false","false",,,"0","0","0"
"EggTake","","2016-10-18T00:00:00.000","ISSAQUAH HATCHERY","","","","0","0","0","0","0","200000","Chinook","Fall","Issaquah Creek","MIXED",,"2016",,"false",,,"false","false",,,"0","0","0"
"Parent Spawn Event","Lethal","2016-10-18T00:00:00.000","ISSAQUAH HATCHERY","","ISSAQUAH HATCHERY","","0","47","43","2","0","0","Chinook","Fall","Issaquah Creek","HATCHERY","2","2016","4","true",,,"false","false",,,"0","0","0"
"Adult Surplus Event","Surplussed","2016-10-18T00:00:00.000","ISSAQUAH HATCHERY","","ISSAQUAH HATCHERY","","0","0","2","0","0","0","Coho","NA","Issaquah Creek","WILD","14","2016","4","true",,,"false","false",,,"0","0","0"
"Adult Mortality Event","","2016-10-19T00:00:00.000","ISSAQUAH HATCHERY","","ISSAQUAH HATCHERY","","0","0","7","0","0","0","Coho","NA","Issaquah Creek","HATCHERY","2","2016","3","true",,,"false","false",,,"0","0","0"
"Adult Mortality Event","","2016-10-19T00:00:00.000","ISSAQUAH HATCHERY","","ISSAQUAH HATCHERY","","0","2","0","0","0","0","Chinook","Fall","Issaquah Creek","WILD","14","2016","3","true",,,"false","false",,,"0","0","0"
"Adult Mortality Event","","2016-10-19T00:00:00.000","ISSAQUAH HATCHERY","","ISSAQUAH HATCHERY","","0","40","4","0","0","0","Chinook","Fall","Issaquah Creek","HATCHERY","2","2016","3","true",,,"false","false",,,"0","0","0"
"Adult Plant Event","Upstream","2016-10-21T00:00:00.000","ISSAQUAH HATCHERY","","ISSAQUAH HATCHERY","ISSAQUAH CR  08.0178","0","100","100","0","0","0","Coho","NA","Issaquah Creek","HATCHERY","2","2016",,"false","99","These were fish that jumped over our weir during a high water event.","false","false",,,"0","0","0"
"Trap Estimate","","2016-10-24T00:00:00.000","ISSAQUAH HATCHERY","","ISSAQUAH HATCHERY","","53","0","0","0","0","0","Chinook","Fall","Issaquah Creek","HATCHERY","1200","2016",,"false",,,"false","false",,,"0","0","0"
"Trap Estimate","","2016-10-24T00:00:00.000","ISSAQUAH HATCHERY","","ISSAQUAH HATCHERY","","1","0","0","0","0","0","Chinook","Fall","Issaquah Creek","WILD",,"2016",,"false",,,"false","false",,,"0","0","0"
"Trap Estimate","","2016-10-24T00:00:00.000","ISSAQUAH HATCHERY","","ISSAQUAH HATCHERY","","600","0","0","0","0","0","Coho","NA","Issaquah Creek","HATCHERY","1200","2016",,"false",,,"false","false",,,"0","0","0"
"Parent Spawn Event","Lethal","2016-10-25T00:00:00.000","ISSAQUAH HATCHERY","","ISSAQUAH HATCHERY","","0","13","12","0","0","0","Coho","NA","Issaquah Creek","HATCHERY","2","2016","4","true",,,"true","true",,,"13","12","0"
"EggTake","","2016-10-25T00:00:00.000","ISSAQUAH HATCHERY","","","","0","0","0","0","0","15000","Coho","NA","Issaquah Creek","MIXED",,"2016",,"false",,,"false","false",,,"0","0","0"
"EggTake","","2016-10-25T00:00:00.000","ISSAQUAH HATCHERY","","","","0","0","0","0","0","165000","Coho","NA","Issaquah Creek","HATCHERY",,"2016",,"false",,,"false","false",,,"0","0","0"
"Adult Mortality Event","","2016-10-25T00:00:00.000","ISSAQUAH HATCHERY","","ISSAQUAH HATCHERY","","0","3","0","0","0","0","Chinook","Fall","Issaquah Creek","HATCHERY","2","2016","3","true",,,"false","false",,,"0","0","0"
"Adult Mortality Event","","2016-10-25T00:00:00.000","ISSAQUAH HATCHERY","","ISSAQUAH HATCHERY","","0","0","5","0","0","0","Coho","NA","Issaquah Creek","HATCHERY","2","2016","3","true",,,"true","true",,,"0","5","0"
"Adult Mortality Event","","2016-10-25T00:00:00.000","ISSAQUAH HATCHERY","","ISSAQUAH HATCHERY","","0","4","17","0","0","0","Coho","NA","Issaquah Creek","HATCHERY","2","2016","3","true",,,"false","false",,,"0","0","0"
"Adult Surplus Event","Surplussed","2016-10-25T00:00:00.000","ISSAQUAH HATCHERY","","ISSAQUAH HATCHERY","","0","6","1","0","0","0","Coho","NA","Issaquah Creek","HATCHERY","2","2016","4","true",,,"false","false",,,"0","0","0"
"Adult Surplus Event","Surplussed","2016-10-25T00:00:00.000","ISSAQUAH HATCHERY","","ISSAQUAH HATCHERY","","0","3","11","4","0","0","Coho","NA","Issaquah Creek","HATCHERY","2","2016","4","true",,,"true","true",,,"3","11","4"
"Adult Plant Event","Upstream","2016-10-25T00:00:00.000","ISSAQUAH HATCHERY","","ISSAQUAH HATCHERY","ISSAQUAH CR  08.0178","0","150","150","1","0","0","Coho","NA","Issaquah Creek","HATCHERY","2","2016","3","true",,,"false","false",,,"0","0","0"
"Adult Plant Event","Upstream","2016-10-25T00:00:00.000","ISSAQUAH HATCHERY","","ISSAQUAH HATCHERY","ISSAQUAH CR  08.0178","0","6","0","0","0","0","Chinook","Fall","Issaquah Creek","HATCHERY","2","2016","3","true",,,"false","false",,,"0","0","0"
"Parent Spawn Event","Lethal","2016-10-25T00:00:00.000","ISSAQUAH HATCHERY","","ISSAQUAH HATCHERY","","0","2","1","0","0","0","Coho","NA","Issaquah Creek","WILD","14","2016","4","true",,,"false","false",,,"0","0","0"
"Parent Spawn Event","Lethal","2016-10-25T00:00:00.000","ISSAQUAH HATCHERY","","ISSAQUAH HATCHERY","","0","72","52","2","2","0","Coho","NA","Issaquah Creek","HATCHERY","2","2016","4","true",,,"false","false",,,"0","0","0"
"Adult Plant Event","Upstream","2016-10-27T00:00:00.000","ISSAQUAH HATCHERY","","ISSAQUAH HATCHERY","ISSAQUAH CR  08.0178","0","100","100","0","0","0","Coho","NA","Issaquah Creek","HATCHERY","2","2016",,"false","99","These were fish that jumped over our weir during a high water event.","false","false",,,"0","0","0"
"Adult Mortality Event","","2016-10-31T00:00:00.000","ISSAQUAH HATCHERY","","ISSAQUAH HATCHERY","","0","3","0","0","0","0","Chinook","Fall","Issaquah Creek","HATCHERY","2","2016","3","true",,,"false","false",,,"0","0","0"
"Trap Estimate","","2016-10-31T00:00:00.000","ISSAQUAH HATCHERY","","ISSAQUAH HATCHERY","","2","0","0","0","0","0","Chinook","Fall","Issaquah Creek","WILD",,"2016",,"false",,,"false","false",,,"0","0","0"
"Adult Mortality Event","","2016-10-31T00:00:00.000","ISSAQUAH HATCHERY","","ISSAQUAH HATCHERY","","0","9","10","0","0","0","Coho","NA","Issaquah Creek","HATCHERY","2","2016","3","true",,,"false","false",,,"0","0","0"
"Adult Mortality Event","","2016-10-31T00:00:00.000","ISSAQUAH HATCHERY","","ISSAQUAH HATCHERY","","0","0","1","0","0","0","Chinook","Fall","Issaquah Creek","WILD","14","2016","3","true",,,"false","false",,,"0","0","0"
"Trap Estimate","","2016-10-31T00:00:00.000","ISSAQUAH HATCHERY","","ISSAQUAH HATCHERY","","3","0","0","0","0","0","Chinook","Fall","Issaquah Creek","HATCHERY",,"2016",,"false",,,"false","false",,,"0","0","0"
"Adult Plant Event","Upstream","2016-11-01T00:00:00.000","ISSAQUAH HATCHERY","","ISSAQUAH HATCHERY","ISSAQUAH CR  08.0178","0","168","162","9","0","0","Coho","NA","Issaquah Creek","HATCHERY","2","2016","3","true",,,"false","false",,,"0","0","0"
"Parent Spawn Event","Lethal","2016-11-01T00:00:00.000","ISSAQUAH HATCHERY","","ISSAQUAH HATCHERY","","0","18","16","0","0","0","Coho","NA","Issaquah Creek","HATCHERY","2","2016","4","true",,,"true","true",,,"18","16","0"
"EggTake","","2016-11-01T00:00:00.000","ISSAQUAH HATCHERY","","","","0","0","0","0","0","350000","Coho","NA","Issaquah Creek","HATCHERY",,"2016",,"false",,,"false","false",,,"0","0","0"
"EggTake","","2016-11-01T00:00:00.000","ISSAQUAH HATCHERY","","","","0","0","0","0","0","10000","Coho","NA","Issaquah Creek","MIXED",,"2016",,"false",,,"false","false",,,"0","0","0"
"Adult Mortality Event","","2016-11-01T00:00:00.000","ISSAQUAH HATCHERY","","ISSAQUAH HATCHERY","","0","10","22","0","0","0","Coho","NA","Issaquah Creek","HATCHERY","2","2016","3","true",,,"false","false",,,"0","0","0"
"Adult Mortality Event","","2016-11-01T00:00:00.000","ISSAQUAH HATCHERY","","ISSAQUAH HATCHERY","","0","2","5","0","0","0","Coho","NA","Issaquah Creek","HATCHERY","2","2016","3","true",,,"true","true",,,"2","5","0"
"Adult Plant Event","Upstream","2016-11-01T00:00:00.000","ISSAQUAH HATCHERY","","ISSAQUAH HATCHERY","ISSAQUAH CR  08.0178","0","0","1","0","0","0","Chinook","Fall","Issaquah Creek","WILD","14","2016","3","true",,,"false","false",,,"0","0","0"
"Parent Spawn Event","Lethal","2016-11-01T00:00:00.000","ISSAQUAH HATCHERY","","ISSAQUAH HATCHERY","","0","111","113","5","2","0","Coho","NA","Issaquah Creek","HATCHERY","2","2016","4","true",,,"false","false",,,"0","0","0"
"Parent Spawn Event","Lethal","2016-11-01T00:00:00.000","ISSAQUAH HATCHERY","","ISSAQUAH HATCHERY","","0","0","2","0","0","0","Coho","NA","Issaquah Creek","WILD","14","2016","4","true",,,"false","false",,,"0","0","0"
"Trap Estimate","","2016-11-02T00:00:00.000","ISSAQUAH HATCHERY","","ISSAQUAH HATCHERY","","1000","0","0","20","0","0","Coho","NA","Issaquah Creek","HATCHERY",,"2016",,"false",,,"false","false",,,"0","0","0"
"Adult Mortality Event","","2016-11-06T00:00:00.000","ISSAQUAH HATCHERY","","ISSAQUAH HATCHERY","","0","1","3","1","0","0","Coho","NA","Issaquah Creek","HATCHERY","2","2016","4","true",,,"true","true",,,"1","3","1"
"Adult Mortality Event","","2016-11-06T00:00:00.000","ISSAQUAH HATCHERY","","ISSAQUAH HATCHERY","","0","2","12","3","0","0","Coho","NA","Issaquah Creek","HATCHERY","2","2016","4","true",,,"false","false",,,"0","0","0"
"Trap Estimate","","2016-11-07T00:00:00.000","ISSAQUAH HATCHERY","","ISSAQUAH HATCHERY","","270","0","0","0","0","0","Coho","NA","Issaquah Creek","HATCHERY","1200","2016",,"false",,,"false","false",,,"0","0","0"
"Adult Plant Event","Upstream","2016-11-08T00:00:00.000","ISSAQUAH HATCHERY","","ISSAQUAH HATCHERY","ISSAQUAH CR  08.0178","0","4","4","0","0","0","Coho","NA","Issaquah Creek","WILD","14","2016","3","true",,,"false","false",,,"0","0","0"
"EggTake","","2016-11-08T00:00:00.000","ISSAQUAH HATCHERY","","","","0","0","0","0","0","20000","Coho","NA","Issaquah Creek","MIXED",,"2016",,"false",,,"false","false",,,"0","0","0"
"EggTake","","2016-11-08T00:00:00.000","ISSAQUAH HATCHERY","","","","0","0","0","0","0","430000","Coho","NA","Issaquah Creek","HATCHERY",,"2016",,"false",,,"false","false",,,"0","0","0"
"Adult Mortality Event","","2016-11-08T00:00:00.000","ISSAQUAH HATCHERY","","ISSAQUAH HATCHERY","","0","7","7","1","0","0","Coho","NA","Issaquah Creek","HATCHERY","2","2016","4","true",,,"true","true",,,"7","7","1"
"Adult Mortality Event","","2016-11-08T00:00:00.000","ISSAQUAH HATCHERY","","ISSAQUAH HATCHERY","","0","55","57","3","0","0","Coho","NA","Issaquah Creek","HATCHERY","2","2016","4","true",,,"false","false",,,"0","0","0"
"Adult Surplus Event","Surplussed","2016-11-08T00:00:00.000","ISSAQUAH HATCHERY","","ISSAQUAH HATCHERY","","0","39","28","0","0","0","Coho","NA","Issaquah Creek","HATCHERY","2","2016","3","true",,,"true","true",,,"39","28","0"
"Adult Surplus Event","Surplussed","2016-11-08T00:00:00.000","ISSAQUAH HATCHERY","","ISSAQUAH HATCHERY","","0","1","0","0","0","0","Coho","NA","Issaquah Creek","HATCHERY","2","2016","3","true",,,"false","false",,,"0","0","0"
"Adult Plant Event","Upstream","2016-11-08T00:00:00.000","ISSAQUAH HATCHERY","","ISSAQUAH HATCHERY","ISSAQUAH CR  08.0178","0","194","285","0","0","0","Coho","NA","Issaquah Creek","HATCHERY","2","2016","3","true",,,"false","false",,,"0","0","0"
"Parent Spawn Event","Lethal","2016-11-08T00:00:00.000","ISSAQUAH HATCHERY","","ISSAQUAH HATCHERY","","0","174","167","3","5","0","Coho","NA","Issaquah Creek","HATCHERY","2","2016","4","true",,,"false","false",,,"0","0","0"
"Parent Spawn Event","Lethal","2016-11-08T00:00:00.000","ISSAQUAH HATCHERY","","ISSAQUAH HATCHERY","","0","1","3","0","0","0","Coho","NA","Issaquah Creek","WILD","14","2016","4","true",,,"false","false",,,"0","0","0"
"Parent Spawn Event","Lethal","2016-11-08T00:00:00.000","ISSAQUAH HATCHERY","","ISSAQUAH HATCHERY","","0","31","16","0","0","0","Coho","NA","Issaquah Creek","HATCHERY","2","2016","4","true",,,"true","true",,,"31","16","0"
"Trap Estimate","","2016-11-09T00:00:00.000","ISSAQUAH HATCHERY","","ISSAQUAH HATCHERY","","100","0","0","0","0","0","Coho","NA","Issaquah Creek","HATCHERY",,"2016",,"false",,,"false","false",,,"0","0","0"
"Adult Mortality Event","","2016-11-13T00:00:00.000","ISSAQUAH HATCHERY","","ISSAQUAH HATCHERY","","0","1","1","2","0","0","Coho","NA","Issaquah Creek","HATCHERY","2","2016","3","true",,,"true","true",,,"1","1","2"
"Trap Estimate","","2016-11-14T00:00:00.000","ISSAQUAH HATCHERY","","ISSAQUAH HATCHERY","","235","0","0","82","0","0","Coho","NA","Issaquah Creek","HATCHERY",,"2016",,"false",,,"false","false",,,"0","0","0"
"Adult Mortality Event","","2016-11-14T00:00:00.000","ISSAQUAH HATCHERY","","ISSAQUAH HATCHERY","","0","1","0","0","0","0","Coho","NA","Issaquah Creek","HATCHERY","2","2016","3","true",,,"true","true",,,"1","0","0"
"Adult Mortality Event","","2016-11-15T00:00:00.000","ISSAQUAH HATCHERY","","ISSAQUAH HATCHERY","","0","64","48","3","0","0","Coho","NA","Issaquah Creek","HATCHERY","2","2016","4","true",,,"false","false",,,"0","0","0"
"EggTake","","2016-11-15T00:00:00.000","ISSAQUAH HATCHERY","","","","0","0","0","0","0","63000","Coho","NA","Issaquah Creek","HATCHERY",,"2016",,"false",,,"false","false",,,"0","0","0"
"Adult Mortality Event","","2016-11-15T00:00:00.000","ISSAQUAH HATCHERY","","ISSAQUAH HATCHERY","","0","10","7","6","0","0","Coho","NA","Issaquah Creek","HATCHERY","2","2016","4","true",,,"true","true",,,"10","7","6"
"Adult Surplus Event","Surplussed","2016-11-15T00:00:00.000","ISSAQUAH HATCHERY","","ISSAQUAH HATCHERY","","0","18","16","25","0","0","Coho","NA","Issaquah Creek","HATCHERY","2","2016","4","true",,,"true","true",,,"18","16","25"
"Adult Plant Event","Upstream","2016-11-15T00:00:00.000","ISSAQUAH HATCHERY","","ISSAQUAH HATCHERY","ISSAQUAH CR  08.0178","0","136","155","53","0","0","Coho","NA","Issaquah Creek","HATCHERY","2","2016","3","true",,,"false","false",,,"0","0","0"
"Adult Plant Event","Upstream","2016-11-15T00:00:00.000","ISSAQUAH HATCHERY","","ISSAQUAH HATCHERY","ISSAQUAH CR  08.0178","0","1","1","0","0","0","Coho","NA","Issaquah Creek","HATCHERY","14","2016","3","true",,,"false","false",,,"0","0","0"
"Parent Spawn Event","Lethal","2016-11-15T00:00:00.000","ISSAQUAH HATCHERY","","ISSAQUAH HATCHERY","","0","30","24","0","2","0","Coho","NA","Issaquah Creek","HATCHERY","2","2016","4","true",,,"false","false",,,"0","0","0"
"Parent Spawn Event","Lethal","2016-11-15T00:00:00.000","ISSAQUAH HATCHERY","","ISSAQUAH HATCHERY","","0","0","1","0","0","0","Coho","NA","Issaquah Creek","HATCHERY","2","2016","4","true",,,"true","true",,,"0","1","0"
"Adult Mortality Event","","2016-11-16T00:00:00.000","ISSAQUAH HATCHERY","","ISSAQUAH HATCHERY","","0","0","1","0","0","0","Coho","NA","Issaquah Creek","HATCHERY","2","2016","3","true",,,"true","true",,,"0","1","0"
"Adult Mortality Event","","2016-11-16T00:00:00.000","ISSAQUAH HATCHERY","","ISSAQUAH HATCHERY","","0","21","16","0","0","0","Coho","NA","Issaquah Creek","HATCHERY","2","2016","3","true",,,"false","false",,,"0","0","0"
"Trap Estimate","","2017-09-11T00:00:00.000","ISSAQUAH HATCHERY","","ISSAQUAH HATCHERY","","100","0","0","5","0","0","Chinook","Fall","Issaquah Creek","HATCHERY",,"2017",,"false",,,"false","false",,,"0","0","0"
"Adult Mortality Event","","2017-09-20T00:00:00.000","ISSAQUAH HATCHERY","","ISSAQUAH HATCHERY","","0","17","5","5","0","0","Chinook","Fall","Issaquah Creek","HATCHERY","2","2017","3","true",,,"false","false",,,"0","0","0"
"Trap Estimate","","2017-09-20T00:00:00.000","ISSAQUAH HATCHERY","","ISSAQUAH HATCHERY","","900","0","0","25","0","0","Chinook","Fall","Issaquah Creek","HATCHERY",,"2017",,"false",,,"false","false",,,"0","0","0"
"EggTake","","2017-09-26T00:00:00.000","ISSAQUAH HATCHERY","","","","0","0","0","0","0","946000","Chinook","Fall","Issaquah Creek","MIXED",,"2017",,"false",,,"false","false",,,"0","0","0"
"Adult Mortality Event","","2017-09-26T00:00:00.000","ISSAQUAH HATCHERY","","ISSAQUAH HATCHERY","","0","9","9","0","0","0","Chinook","Fall","Issaquah Creek","HATCHERY","2","2017","4","true",,,"false","false",,,"0","0","0"
"Adult Mortality Event","","2017-09-26T00:00:00.000","ISSAQUAH HATCHERY","","ISSAQUAH HATCHERY","","0","0","1","0","0","0","Chinook","Fall","Issaquah Creek","WILD","14","2017","4","true",,,"false","false",,,"0","0","0"
"Parent Spawn Event","Lethal","2017-09-26T00:00:00.000","ISSAQUAH HATCHERY","","ISSAQUAH HATCHERY","","0","208","222","1","8","0","Chinook","Fall","Issaquah Creek","HATCHERY","2","2017","4","true",,,"false","false",,,"0","0","0"
"Parent Spawn Event","Lethal","2017-09-26T00:00:00.000","ISSAQUAH HATCHERY","","ISSAQUAH HATCHERY","","0","22","7","0","1","0","Chinook","Fall","Issaquah Creek","WILD","14","2017","4","true",,,"false","false",,,"0","0","0"
"Adult Mortality Event","","2017-09-27T00:00:00.000","ISSAQUAH HATCHERY","","ISSAQUAH HATCHERY","","0","1","2","0","0","0","Chinook","Fall","Issaquah Creek","WILD","14","2017","3","true",,,"false","false",,,"0","0","0"
"Adult Mortality Event","","2017-09-27T00:00:00.000","ISSAQUAH HATCHERY","","ISSAQUAH HATCHERY","","0","22","17","3","0","0","Chinook","Fall","Issaquah Creek","HATCHERY","2","2017","3","true",,,"false","false",,,"0","0","0"
"Trap Estimate","","2017-09-27T00:00:00.000","ISSAQUAH HATCHERY","","ISSAQUAH HATCHERY","","500","0","0","0","0","0","Chinook","Fall","Issaquah Creek","HATCHERY",,"2017",,"false",,,"false","false",,,"0","0","0"
"Trap Estimate","","2017-09-27T00:00:00.000","ISSAQUAH HATCHERY","","ISSAQUAH HATCHERY","","34","0","0","0","0","0","Chinook","Fall","Issaquah Creek","WILD",,"2017",,"false",,,"false","false",,,"0","0","0"
"EggTake","","2017-10-03T00:00:00.000","ISSAQUAH HATCHERY","","","","0","0","0","0","0","1016200","Chinook","Fall","Issaquah Creek","MIXED",,"2017",,"false",,,"false","false",,,"0","0","0"
"Parent Spawn Event","Lethal","2017-10-03T00:00:00.000","ISSAQUAH HATCHERY","","ISSAQUAH HATCHERY","","0","2","0","0","0","0","Chinook","Fall","Issaquah Creek","WILD","14","2017","4","true",,,"true","true",,,"2","0","0"
"Parent Spawn Event","Lethal","2017-10-03T00:00:00.000","ISSAQUAH HATCHERY","","ISSAQUAH HATCHERY","","0","4","1","1","0","0","Chinook","Fall","Issaquah Creek","HATCHERY","2","2017","4","true",,,"true","true",,,"4","1","1"
"Adult Mortality Event","","2017-10-03T00:00:00.000","ISSAQUAH HATCHERY","","ISSAQUAH HATCHERY","","0","5","6","0","0","0","Chinook","Fall","Issaquah Creek","WILD","14","2017","4","true",,,"false","false",,,"0","0","0"
"Adult Mortality Event","","2017-10-03T00:00:00.000","ISSAQUAH HATCHERY","","ISSAQUAH HATCHERY","","0","150","95","9","0","0","Chinook","Fall","Issaquah Creek","HATCHERY","2","2017","4","true",,,"false","false",,,"0","0","0"
"Adult Plant Event","Upstream","2017-10-03T00:00:00.000","ISSAQUAH HATCHERY","","ISSAQUAH HATCHERY","ISSAQUAH CR  08.0178","0","206","0","0","0","0","Chinook","Fall","Issaquah Creek","HATCHERY","2","2017","3","true",,,"false","false",,,"0","0","0"
"Parent Spawn Event","Lethal","2017-10-03T00:00:00.000","ISSAQUAH HATCHERY","","ISSAQUAH HATCHERY","","0","11","10","0","2","0","Chinook","Fall","Issaquah Creek","WILD","14","2017","4","true",,,"false","false",,,"0","0","0"
"Parent Spawn Event","Lethal","2017-10-03T00:00:00.000","ISSAQUAH HATCHERY","","ISSAQUAH HATCHERY","","0","254","254","6","11","0","Chinook","Fall","Issaquah Creek","HATCHERY","2","2017","4","true",,,"false","false",,,"0","0","0"
"Adult Mortality Event","","2017-10-04T00:00:00.000","ISSAQUAH HATCHERY","","ISSAQUAH HATCHERY","","0","93","55","3","0","0","Chinook","Fall","Issaquah Creek","HATCHERY","2","2017","3","true",,,"false","false",,,"0","0","0"
"Adult Mortality Event","","2017-10-04T00:00:00.000","ISSAQUAH HATCHERY","","ISSAQUAH HATCHERY","","0","3","1","0","0","0","Chinook","Fall","Issaquah Creek","WILD","14","2017","3","true",,,"false","false",,,"0","0","0"
"Trap Estimate","","2017-10-04T00:00:00.000","ISSAQUAH HATCHERY","","ISSAQUAH HATCHERY","","400","0","0","0","0","0","Chinook","Fall","Issaquah Creek","HATCHERY",,"2017",,"false",,,"false","false",,,"0","0","0"
"Trap Estimate","","2017-10-04T00:00:00.000","ISSAQUAH HATCHERY","","ISSAQUAH HATCHERY","","50","0","0","0","0","0","Chinook","Fall","Issaquah Creek","WILD",,"2017",,"false",,,"false","false",,,"0","0","0"
"Trap Estimate","","2017-10-04T00:00:00.000","ISSAQUAH HATCHERY","","ISSAQUAH HATCHERY","","99","0","0","0","0","0","Coho","NA","Issaquah Creek","HATCHERY",,"2017",,"false",,,"false","false",,,"0","0","0"
"Trap Estimate","","2017-10-09T00:00:00.000","ISSAQUAH HATCHERY","","ISSAQUAH HATCHERY","","37","0","0","0","0","0","Chinook","Fall","Issaquah Creek","WILD",,"2017",,"false",,,"false","false",,,"0","0","0"
"Trap Estimate","","2017-10-09T00:00:00.000","ISSAQUAH HATCHERY","","ISSAQUAH HATCHERY","","900","0","0","25","0","0","Chinook","Fall","Issaquah Creek","HATCHERY",,"2017",,"false",,,"false","false",,,"0","0","0"
"Adult Surplus Event","Sacrificed CWT","2017-10-10T00:00:00.000","ISSAQUAH HATCHERY","","ISSAQUAH HATCHERY","","0","0","0","1","0","0","Chinook","Fall","Issaquah Creek","HATCHERY","2","2017","3","true",,,"false","false",,,"0","0","0"
"EggTake","","2017-10-10T00:00:00.000","ISSAQUAH HATCHERY","","","","0","0","0","0","0","1038050","Chinook","Fall","Issaquah Creek","MIXED",,"2017",,"false",,,"false","false",,,"0","0","0"
"Adult Surplus Event","Sacrificed CWT","2017-10-10T00:00:00.000","ISSAQUAH HATCHERY","","ISSAQUAH HATCHERY","","0","5","0","1","0","0","Chinook","Fall","Issaquah Creek","HATCHERY","2","2017","3","true",,,"true","true",,,"5","0","1"
"Adult Surplus Event","Surplussed","2017-10-10T00:00:00.000","ISSAQUAH HATCHERY","","ISSAQUAH HATCHERY","","0","2","2","0","0","0","Coho","NA","Issaquah Creek","HATCHERY","2","2017","3","true",,,"false","false",,,"0","0","0"
"Adult Plant Event","Upstream","2017-10-10T00:00:00.000","ISSAQUAH HATCHERY","","ISSAQUAH HATCHERY","ISSAQUAH CR  08.0178","0","8","7","0","0","0","Chinook","Fall","Issaquah Creek","WILD","14","2017","3","true",,,"false","false",,,"0","0","0"
"Adult Plant Event","Upstream","2017-10-10T00:00:00.000","ISSAQUAH HATCHERY","","ISSAQUAH HATCHERY","ISSAQUAH CR  08.0178","0","200","145","5","0","0","Chinook","Fall","Issaquah Creek","HATCHERY","2","2017","3","true",,,"false","false",,,"0","0","0"
"Adult Mortality Event","","2017-10-10T00:00:00.000","ISSAQUAH HATCHERY","","ISSAQUAH HATCHERY","","0","3","1","0","0","0","Chinook","Fall","Issaquah Creek","WILD","14","2017","4","true",,,"false","false",,,"0","0","0"
"Adult Mortality Event","","2017-10-10T00:00:00.000","ISSAQUAH HATCHERY","","ISSAQUAH HATCHERY","","0","62","32","3","0","0","Chinook","Fall","Issaquah Creek","HATCHERY","2","2017","4","true",,,"false","false",,,"0","0","0"
"Parent Spawn Event","Lethal","2017-10-10T00:00:00.000","ISSAQUAH HATCHERY","","ISSAQUAH HATCHERY","","0","19","8","0","0","0","Chinook","Fall","Issaquah Creek","WILD","14","2017","4","true",,,"false","false",,,"0","0","0"
"Parent Spawn Event","Lethal","2017-10-10T00:00:00.000","ISSAQUAH HATCHERY","","ISSAQUAH HATCHERY","","0","225","237","10","7","0","Chinook","Fall","Issaquah Creek","HATCHERY","2","2017","4","true",,,"false","false",,,"0","0","0"
"Adult Mortality Event","","2017-10-10T00:00:00.000","ISSAQUAH HATCHERY","","ISSAQUAH HATCHERY","","0","1","2","0","0","0","Chinook","Fall","Issaquah Creek","HATCHERY","2","2017","4","true",,,"true","true",,,"1","2","0"
"Adult Mortality Event","","2017-10-11T00:00:00.000","ISSAQUAH HATCHERY","","ISSAQUAH HATCHERY","","0","1","0","0","0","0","Chinook","Fall","Issaquah Creek","WILD","14","2017","3","true",,,"false","false",,,"0","0","0"
"Adult Mortality Event","","2017-10-11T00:00:00.000","ISSAQUAH HATCHERY","","ISSAQUAH HATCHERY","","0","66","27","4","0","0","Chinook","Fall","Issaquah Creek","HATCHERY","2","2017","3","true",,,"false","false",,,"0","0","0"
"Adult Surplus Event","Surplussed","2017-10-16T00:00:00.000","ISSAQUAH HATCHERY","","ISSAQUAH HATCHERY","","0","0","1","0","0","0","Chinook","Fall","Issaquah Creek","HATCHERY","2","2017","3","true",,,"false","false",,,"0","0","0"
"Adult Mortality Event","","2017-10-17T00:00:00.000","ISSAQUAH HATCHERY","","ISSAQUAH HATCHERY","","0","62","18","0","0","0","Chinook","Fall","Issaquah Creek","HATCHERY","2","2017","3","true",,,"false","false",,,"0","0","0"
"Adult Plant Event","Upstream","2017-10-17T00:00:00.000","ISSAQUAH HATCHERY","","ISSAQUAH HATCHERY","ISSAQUAH CR  08.0178","0","295","143","42","0","0","Chinook","Fall","Issaquah Creek","HATCHERY","2","2017","3","true",,,"false","false",,,"0","0","0"
"Adult Plant Event","Upstream","2017-10-17T00:00:00.000","ISSAQUAH HATCHERY","","ISSAQUAH HATCHERY","ISSAQUAH CR  08.0178","0","11","4","0","0","0","Chinook","Fall","Issaquah Creek","WILD","14","2017","3","true",,,"false","false",,,"0","0","0"
"Adult Mortality Event","","2017-10-17T00:00:00.000","ISSAQUAH HATCHERY","","ISSAQUAH HATCHERY","","0","1","0","4","0","0","Chinook","Fall","Issaquah Creek","HATCHERY","2","2017","4","true",,,"true","true",,,"1","0","4"
"Adult Mortality Event","","2017-10-18T00:00:00.000","ISSAQUAH HATCHERY","","ISSAQUAH HATCHERY","","0","0","1","0","0","0","Coho","NA","Issaquah Creek","HATCHERY","2","2017","3","true",,,"false","false",,,"0","0","0"
"Adult Mortality Event","","2017-10-24T00:00:00.000","ISSAQUAH HATCHERY","","ISSAQUAH HATCHERY","","0","2","6","0","0","0","Coho","NA","Issaquah Creek","HATCHERY","2","2017","4","true",,,"false","false",,,"0","0","0"
"Adult Mortality Event","","2017-10-24T00:00:00.000","ISSAQUAH HATCHERY","","ISSAQUAH HATCHERY","","0","3","0","0","0","0","Chinook","Fall","Issaquah Creek","HATCHERY","2","2017","4","true",,,"false","false",,,"0","0","0"
"EggTake","","2017-10-24T00:00:00.000","ISSAQUAH HATCHERY","","","","0","0","0","0","0","52000","Coho","NA","Issaquah Creek","MIXED",,"2017",,"false",,,"false","false",,,"0","0","0"
"Adult Surplus Event","Surplussed","2017-10-24T00:00:00.000","ISSAQUAH HATCHERY","","ISSAQUAH HATCHERY","","0","7","5","0","0","0","Coho","NA","Issaquah Creek","HATCHERY","2","2017","3","true",,,"false","false",,,"0","0","0"
"Adult Surplus Event","Surplussed","2017-10-24T00:00:00.000","ISSAQUAH HATCHERY","","ISSAQUAH HATCHERY","","0","3","5","0","0","0","Chinook","Fall","Issaquah Creek","HATCHERY","2","2017","4","true",,,"false","false",,,"0","0","0"
"Adult Surplus Event","Sacrificed CWT","2017-10-24T00:00:00.000","ISSAQUAH HATCHERY","","ISSAQUAH HATCHERY","","0","36","33","5","0","0","Coho","NA","Issaquah Creek","HATCHERY","2","2017","3","true",,,"true","true",,,"36","33","5"
"Adult Plant Event","Upstream","2017-10-24T00:00:00.000","ISSAQUAH HATCHERY","","ISSAQUAH HATCHERY","ISSAQUAH CR  08.0178","0","357","352","18","0","0","Coho","NA","Issaquah Creek","HATCHERY","2","2017","3","true",,,"false","false",,,"0","0","0"
"Parent Spawn Event","Lethal","2017-10-24T00:00:00.000","ISSAQUAH HATCHERY","","ISSAQUAH HATCHERY","","0","97","78","0","4","0","Coho","NA","Issaquah Creek","HATCHERY","2","2017","4","true",,,"false","false",,,"0","0","0"
"Parent Spawn Event","Lethal","2017-10-24T00:00:00.000","ISSAQUAH HATCHERY","","ISSAQUAH HATCHERY","","0","31","42","0","0","0","Coho","NA","Issaquah Creek","HATCHERY","2","2017","4","true",,,"true","true",,,"31","42","0"
"EggTake","","2017-10-24T00:00:00.000","ISSAQUAH HATCHERY","","","","0","0","0","0","0","193000","Coho","NA","Issaquah Creek","HATCHERY",,"2017",,"false",,,"false","false",,,"0","0","0"
"Parent Spawn Event","Lethal","2017-10-24T00:00:00.000","ISSAQUAH HATCHERY","","ISSAQUAH HATCHERY","","0","5","0","0","0","0","Coho","NA","Issaquah Creek","WILD","14","2017","4","true",,,"false","false",,,"0","0","0"
"Adult Mortality Event","","2017-10-25T00:00:00.000","ISSAQUAH HATCHERY","","ISSAQUAH HATCHERY","","0","1","0","0","0","0","Coho","NA","Issaquah Creek","HATCHERY","2","2017","3","true",,,"true","true",,,"1","0","0"
"Adult Mortality Event","","2017-10-25T00:00:00.000","ISSAQUAH HATCHERY","","ISSAQUAH HATCHERY","","0","1","0","0","0","0","Coho","NA","Issaquah Creek","HATCHERY","2","2017","3","true",,,"false","false",,,"0","0","0"
"Adult Mortality Event","","2017-10-25T00:00:00.000","ISSAQUAH HATCHERY","","ISSAQUAH HATCHERY","","0","3","0","0","0","0","Chinook","Fall","Issaquah Creek","HATCHERY","2","2017","3","true",,,"false","false",,,"0","0","0"
"Trap Estimate","","2017-10-25T00:00:00.000","ISSAQUAH HATCHERY","","ISSAQUAH HATCHERY","","383","0","0","43","0","0","Chinook","Fall","Issaquah Creek","HATCHERY",,"2017",,"false",,,"false","false",,,"0","0","0"
"Trap Estimate","","2017-10-25T00:00:00.000","ISSAQUAH HATCHERY","","ISSAQUAH HATCHERY","","1500","0","0","25","0","0","Coho","NA","Issaquah Creek","HATCHERY","1200","2017",,"false",,,"false","false",,,"0","0","0"
"Trap Estimate","","2017-10-25T00:00:00.000","ISSAQUAH HATCHERY","","ISSAQUAH HATCHERY","","15","0","0","0","0","0","Chinook","Fall","Issaquah Creek","WILD",,"2017",,"false",,,"false","false",,,"0","0","0"
"Trap Estimate","","2017-10-25T00:00:00.000","ISSAQUAH HATCHERY","","ISSAQUAH HATCHERY","","15","0","0","0","0","0","Coho","NA","Issaquah Creek","WILD",,"2017",,"false",,,"false","false",,,"0","0","0"
"Trap Estimate","","2017-10-31T00:00:00.000","ISSAQUAH HATCHERY","","ISSAQUAH HATCHERY","","20","0","0","0","0","0","Coho","NA","Issaquah Creek","WILD",,"2017",,"false",,,"false","false",,,"0","0","0"
"Adult Mortality Event","","2017-10-31T00:00:00.000","ISSAQUAH HATCHERY","","ISSAQUAH HATCHERY","","0","2","2","0","0","0","Coho","NA","Issaquah Creek","HATCHERY","2","2017","3","true",,,"true","true",,,"2","2","0"
"Adult Mortality Event","","2017-10-31T00:00:00.000","ISSAQUAH HATCHERY","","ISSAQUAH HATCHERY","","0","9","11","0","0","0","Coho","NA","Issaquah Creek","HATCHERY","2","2017","3","true",,,"false","false",,,"0","0","0"
"Trap Estimate","","2017-10-31T00:00:00.000","ISSAQUAH HATCHERY","","ISSAQUAH HATCHERY","","800","0","0","30","0","0","Coho","NA","Issaquah Creek","HATCHERY",,"2017",,"false",,,"false","false",,,"0","0","0"
"EggTake","","2017-10-31T00:00:00.000","ISSAQUAH HATCHERY","","","","0","0","0","0","0","450000","Coho","NA","Issaquah Creek","HATCHERY",,"2017",,"false",,,"false","false",,,"0","0","0"
"EggTake","","2017-10-31T00:00:00.000","ISSAQUAH HATCHERY","","","","0","0","0","0","0","90000","Coho","NA","Issaquah Creek","MIXED",,"2017",,"false",,,"false","false",,,"0","0","0"
"Parent Spawn Event","Lethal","2017-10-31T00:00:00.000","ISSAQUAH HATCHERY","","ISSAQUAH HATCHERY","","0","9","5","0","0","0","Coho","NA","Issaquah Creek","WILD","14","2017","4","true",,,"false","false",,,"0","0","0"
"Parent Spawn Event","Lethal","2017-10-31T00:00:00.000","ISSAQUAH HATCHERY","","ISSAQUAH HATCHERY","","0","194","194","4","5","0","Coho","NA","Issaquah Creek","HATCHERY","2","2017","4","true",,,"false","false",,,"0","0","0"
"Parent Spawn Event","Lethal","2017-10-31T00:00:00.000","ISSAQUAH HATCHERY","","ISSAQUAH HATCHERY","","0","70","64","1","0","0","Coho","NA","Issaquah Creek","HATCHERY","2","2017","4","true",,,"true","true",,,"70","64","1"
"Adult Surplus Event","Surplussed","2017-10-31T00:00:00.000","ISSAQUAH HATCHERY","","ISSAQUAH HATCHERY","","0","0","0","6","0","0","Coho","NA","Issaquah Creek","HATCHERY","2","2017","3","true",,,"false","false",,,"0","0","0"
"Trap Estimate","","2017-10-31T00:00:00.000","ISSAQUAH HATCHERY","","ISSAQUAH HATCHERY","","0","0","0","0","0","0","Chinook","Fall","Issaquah Creek","HATCHERY","1200","2017",,"false",,,"false","false",,,"0","0","0"
"Adult Surplus Event","Surplussed","2017-10-31T00:00:00.000","ISSAQUAH HATCHERY","","ISSAQUAH HATCHERY","","0","0","0","7","0","0","Coho","NA","Issaquah Creek","HATCHERY","2","2017","3","true",,,"true","true",,,"0","0","7"
"Trap Estimate","","2017-11-06T00:00:00.000","ISSAQUAH HATCHERY","","ISSAQUAH HATCHERY","","60","0","0","2","0","0","Coho","NA","Issaquah Creek","WILD","1200","2017",,"false",,,"false","false",,,"0","0","0"
"Trap Estimate","","2017-11-06T00:00:00.000","ISSAQUAH HATCHERY","","ISSAQUAH HATCHERY","","1066","0","0","34","0","0","Coho","NA","Issaquah Creek","HATCHERY","1200","2017",,"false",,,"false","false",,,"0","0","0"
"Trap Estimate","","2017-11-06T00:00:00.000","ISSAQUAH HATCHERY","","ISSAQUAH HATCHERY","","2","0","0","1","0","0","Chinook","Fall","Issaquah Creek","HATCHERY","1200","2017",,"false",,,"false","false",,,"0","0","0"
"EggTake","","2017-11-07T00:00:00.000","ISSAQUAH HATCHERY","","","","0","0","0","0","0","200250","Coho","NA","Issaquah Creek","HATCHERY",,"2017",,"false",,,"false","false",,,"0","0","0"
"EggTake","","2017-11-07T00:00:00.000","ISSAQUAH HATCHERY","","","","0","0","0","0","0","53000","Coho","NA","Issaquah Creek","MIXED",,"2017",,"false",,,"false","false",,,"0","0","0"
"Adult Plant Event","Upstream","2017-11-07T00:00:00.000","ISSAQUAH HATCHERY","","ISSAQUAH HATCHERY","ISSAQUAH CR  08.0178","0","600","652","27","0","0","Coho","NA","Issaquah Creek","HATCHERY","2","2017","3","true",,,"false","false",,,"0","0","0"
"Adult Plant Event","Upstream","2017-11-07T00:00:00.000","ISSAQUAH HATCHERY","","ISSAQUAH HATCHERY","ISSAQUAH CR  08.0178","0","31","35","2","0","0","Coho","NA","Issaquah Creek","WILD","14","2017","3","true",,,"false","false",,,"0","0","0"
"Parent Spawn Event","Lethal","2017-11-07T00:00:00.000","ISSAQUAH HATCHERY","","ISSAQUAH HATCHERY","","0","6","2","0","2","0","Coho","NA","Issaquah Creek","WILD","14","2017","4","true",,,"false","false",,,"0","0","0"
"Adult Mortality Event","","2017-11-07T00:00:00.000","ISSAQUAH HATCHERY","","ISSAQUAH HATCHERY","","0","16","17","3","0","0","Coho","NA","Issaquah Creek","HATCHERY","2","2017","3","true",,,"false","false",,,"0","0","0"
"Adult Mortality Event","","2017-11-07T00:00:00.000","ISSAQUAH HATCHERY","","ISSAQUAH HATCHERY","","0","0","1","0","0","0","Chinook","Fall","Issaquah Creek","HATCHERY","2","2017","3","true",,,"false","false",,,"0","0","0"
"Adult Surplus Event","Surplussed","2017-11-07T00:00:00.000","ISSAQUAH HATCHERY","","ISSAQUAH HATCHERY","","0","3","0","0","0","0","Coho","NA","Issaquah Creek","HATCHERY","2","2017","3","true",,,"false","false",,,"0","0","0"
"Adult Surplus Event","Surplussed","2017-11-07T00:00:00.000","ISSAQUAH HATCHERY","","ISSAQUAH HATCHERY","","0","0","0","1","0","0","Chinook","Fall","Issaquah Creek","HATCHERY","2","2017","3","true",,,"false","false",,,"0","0","0"
"Adult Surplus Event","Surplussed","2017-11-07T00:00:00.000","ISSAQUAH HATCHERY","","ISSAQUAH HATCHERY","","0","26","1","0","0","0","Coho","NA","Issaquah Creek","HATCHERY","2","2017","3","true",,,"false","false",,,"0","0","0"
"Adult Surplus Event","Sacrificed CWT","2017-11-07T00:00:00.000","ISSAQUAH HATCHERY","","ISSAQUAH HATCHERY","","0","121","157","16","0","0","Coho","NA","Issaquah Creek","HATCHERY","2","2017","3","true",,,"true","true",,,"121","157","16"
"Adult Plant Event","Upstream","2017-11-07T00:00:00.000","ISSAQUAH HATCHERY","","ISSAQUAH HATCHERY","ISSAQUAH CR  08.0178","0","1","0","0","0","0","Chinook","Fall","Issaquah Creek","HATCHERY","2","2017","3","true",,,"false","false",,,"0","0","0"
"Parent Spawn Event","Lethal","2017-11-07T00:00:00.000","ISSAQUAH HATCHERY","","ISSAQUAH HATCHERY","","0","28","44","2","0","0","Coho","NA","Issaquah Creek","HATCHERY","2","2017","4","true",,,"true","true",,,"28","44","2"
"Parent Spawn Event","Lethal","2017-11-07T00:00:00.000","ISSAQUAH HATCHERY","","ISSAQUAH HATCHERY","","0","100","87","0","5","0","Coho","NA","Issaquah Creek","HATCHERY","2","2017","4","true",,,"false","false",,,"0","0","0"
"Adult Mortality Event","","2018-09-19T00:00:00.000","ISSAQUAH HATCHERY","","ISSAQUAH HATCHERY","","0","14","7","1","0","0","Chinook","Fall","Issaquah Creek","HATCHERY","2","2018","3","true",,,"false","false",,,"0","0","0"
"Adult Mortality Event","","2018-09-19T00:00:00.000","ISSAQUAH HATCHERY","","ISSAQUAH HATCHERY","","0","0","1","0","0","0","Chinook","Fall","Issaquah Creek","WILD","14","2018","3","true",,,"false","false",,,"0","0","0"
"Trap Estimate","","2018-09-19T00:00:00.000","ISSAQUAH HATCHERY","","ISSAQUAH HATCHERY","","600","0","0","25","0","0","Chinook","Fall","Issaquah Creek","HATCHERY",,"2018",,"false",,,"false","false",,,"0","0","0"
"Trap Estimate","","2018-09-24T00:00:00.000","ISSAQUAH HATCHERY","","ISSAQUAH HATCHERY","","450","0","0","0","0","0","Chinook","Fall","Issaquah Creek","HATCHERY",,"2018",,"false",,,"false","false",,,"0","0","0"
"Trap Estimate","","2018-09-24T00:00:00.000","ISSAQUAH HATCHERY","","ISSAQUAH HATCHERY","","40","0","0","0","0","0","Chinook","Fall","Issaquah Creek","WILD",,"2018",,"false",,,"false","false",,,"0","0","0"
"Adult Mortality Event","","2018-09-25T00:00:00.000","ISSAQUAH HATCHERY","","ISSAQUAH HATCHERY","","0","8","12","0","0","0","Chinook","Fall","Issaquah Creek","HATCHERY","2","2018","4","true",,,"false","false",,,"0","0","0"
"Adult Surplus Event","Surplussed","2018-09-25T00:00:00.000","ISSAQUAH HATCHERY","","ISSAQUAH HATCHERY","","0","20","0","0","0","0","Chinook","Fall","Issaquah Creek","HATCHERY","2","2018","4","true",,,"false","false",,,"0","0","0"
"Adult Surplus Event","Surplussed","2018-09-25T00:00:00.000","ISSAQUAH HATCHERY","","ISSAQUAH HATCHERY","","0","2","0","0","0","0","Chinook","Fall","Issaquah Creek","HATCHERY","2","2018","4","true",,,"true","true",,,"2","0","0"
"EggTake","","2018-09-25T00:00:00.000","ISSAQUAH HATCHERY","","","","0","0","0","0","0","848000","Chinook","Fall","Issaquah Creek","MIXED",,"2018",,"false",,,"false","false",,,"0","0","0"
"Parent Spawn Event","Lethal","2018-09-25T00:00:00.000","ISSAQUAH HATCHERY","","ISSAQUAH HATCHERY","","0","5","6","0","0","0","Chinook","Fall","Issaquah Creek","HATCHERY","2","2018","4","true",,,"true","true",,,"5","6","0"
"Parent Spawn Event","Lethal","2018-09-25T00:00:00.000","ISSAQUAH HATCHERY","","ISSAQUAH HATCHERY","","0","8","6","0","0","0","Chinook","Fall","Issaquah Creek","WILD","14","2018","4","true",,,"false","false",,,"0","0","0"
"Parent Spawn Event","Lethal","2018-09-25T00:00:00.000","ISSAQUAH HATCHERY","","ISSAQUAH HATCHERY","","0","169","171","0","10","0","Chinook","Fall","Issaquah Creek","HATCHERY","2","2018","4","true",,,"false","false",,,"0","0","0"
"Adult Mortality Event","","2018-09-26T00:00:00.000","ISSAQUAH HATCHERY","","ISSAQUAH HATCHERY","","0","23","25","1","0","0","Chinook","Fall","Issaquah Creek","HATCHERY","2","2018","3","true",,,"false","false",,,"0","0","0"
"Adult Mortality Event","","2018-09-26T00:00:00.000","ISSAQUAH HATCHERY","","ISSAQUAH HATCHERY","","0","2","0","0","0","0","Chinook","Fall","Issaquah Creek","WILD","14","2018","3","true",,,"false","false",,,"0","0","0"
"Adult Mortality Event","","2018-09-30T00:00:00.000","ISSAQUAH HATCHERY","","ISSAQUAH HATCHERY","","0","1","0","0","0","0","Chinook","Fall","Issaquah Creek","HATCHERY","2","2018","3","true",,,"true","true",,,"1","0","0"
"Adult Mortality Event","","2018-09-30T00:00:00.000","ISSAQUAH HATCHERY","","ISSAQUAH HATCHERY","","0","2","0","0","0","0","Chinook","Fall","Issaquah Creek","WILD","14","2018","3","true",,,"false","false",,,"0","0","0"
"Adult Mortality Event","","2018-09-30T00:00:00.000","ISSAQUAH HATCHERY","","ISSAQUAH HATCHERY","","0","75","20","2","0","0","Chinook","Fall","Issaquah Creek","HATCHERY","2","2018","3","true",,,"false","false",,,"0","0","0"
"Trap Estimate","","2018-10-01T00:00:00.000","ISSAQUAH HATCHERY","","ISSAQUAH HATCHERY","","20","0","0","1","0","0","Chinook","Fall","Issaquah Creek","HATCHERY",,"2018",,"false",,,"false","false",,,"0","0","0"
"Trap Estimate","","2018-10-01T00:00:00.000","ISSAQUAH HATCHERY","","ISSAQUAH HATCHERY","","0","0","0","1","0","0","Chinook","Fall","Issaquah Creek","WILD",,"2018",,"false",,,"false","false",,,"0","0","0"
"Adult Mortality Event","","2018-10-02T00:00:00.000","ISSAQUAH HATCHERY","","ISSAQUAH HATCHERY","","0","1","1","0","0","0","Chinook","Fall","Issaquah Creek","WILD","14","2018","4","true",,,"false","false",,,"0","0","0"
"EggTake","","2018-10-02T00:00:00.000","ISSAQUAH HATCHERY","","","","0","0","0","0","0","568000","Chinook","Fall","Issaquah Creek","MIXED",,"2018",,"false",,,"false","false",,,"0","0","0"
"Adult Mortality Event","","2018-10-02T00:00:00.000","ISSAQUAH HATCHERY","","ISSAQUAH HATCHERY","","0","46","12","3","0","0","Chinook","Fall","Issaquah Creek","HATCHERY","2","2018","4","true",,,"false","false",,,"0","0","0"
"Adult Mortality Event","","2018-10-02T00:00:00.000","ISSAQUAH HATCHERY","","ISSAQUAH HATCHERY","","0","1","0","0","0","0","Chinook","Fall","Issaquah Creek","HATCHERY","2","2018","4","true",,,"true","true",,,"1","0","0"
"Adult Surplus Event","Surplussed","2018-10-02T00:00:00.000","ISSAQUAH HATCHERY","","ISSAQUAH HATCHERY","","0","3","3","0","0","0","Coho","NA","Issaquah Creek","HATCHERY","2","2018","3","true",,,"false","false",,,"0","0","0"
"Adult Surplus Event","Surplussed","2018-10-02T00:00:00.000","ISSAQUAH HATCHERY","","ISSAQUAH HATCHERY","","0","0","2","0","0","0","Coho","NA","Issaquah Creek","HATCHERY","2","2018","3","true",,,"true","true",,,"0","2","0"
"Trap Estimate","","2018-10-02T00:00:00.000","ISSAQUAH HATCHERY","","ISSAQUAH HATCHERY","","40","0","0","0","0","0","Coho","NA","Issaquah Creek","HATCHERY",,"2018",,"false",,,"false","false",,,"0","0","0"
"Parent Spawn Event","Lethal","2018-10-02T00:00:00.000","ISSAQUAH HATCHERY","","ISSAQUAH HATCHERY","","0","144","145","2","7","0","Chinook","Fall","Issaquah Creek","HATCHERY","2","2018","4","true",,,"false","false",,,"0","0","0"
"Parent Spawn Event","Lethal","2018-10-02T00:00:00.000","ISSAQUAH HATCHERY","","ISSAQUAH HATCHERY","","0","4","6","0","0","0","Chinook","Fall","Issaquah Creek","HATCHERY","2","2018","4","true",,,"true","true",,,"4","6","0"
"Parent Spawn Event","Lethal","2018-10-02T00:00:00.000","ISSAQUAH HATCHERY","","ISSAQUAH HATCHERY","","0","7","2","0","0","0","Chinook","Fall","Issaquah Creek","WILD","14","2018","4","true",,,"false","false",,,"0","0","0"
"Adult Mortality Event","","2018-10-03T00:00:00.000","ISSAQUAH HATCHERY","","ISSAQUAH HATCHERY","","0","0","0","1","0","0","Chinook","Fall","Issaquah Creek","WILD","14","2018","3","true",,,"false","false",,,"0","0","0"
"Adult Mortality Event","","2018-10-03T00:00:00.000","ISSAQUAH HATCHERY","","ISSAQUAH HATCHERY","","0","19","1","1","0","0","Chinook","Fall","Issaquah Creek","HATCHERY","2","2018","3","true",,,"false","false",,,"0","0","0"
"Adult Mortality Event","","2018-10-03T00:00:00.000","ISSAQUAH HATCHERY","","ISSAQUAH HATCHERY","","0","1","0","0","0","0","Chinook","Fall","Issaquah Creek","WILD","14","2018","3","true",,,"false","false",,,"0","0","0"
"Adult Mortality Event","","2018-10-03T00:00:00.000","ISSAQUAH HATCHERY","","ISSAQUAH HATCHERY","","0","44","8","1","0","0","Chinook","Fall","Issaquah Creek","HATCHERY","2","2018","3","true",,,"false","false",,,"0","0","0"
"Adult Mortality Event","","2018-10-04T00:00:00.000","ISSAQUAH HATCHERY","","ISSAQUAH HATCHERY","","0","0","0","2","0","0","Chinook","Fall","Issaquah Creek","HATCHERY","2","2018","3","true",,,"false","false",,,"0","0","0"
"Adult Mortality Event","","2018-10-04T00:00:00.000","ISSAQUAH HATCHERY","","ISSAQUAH HATCHERY","","0","21","0","0","0","0","Chinook","Fall","Issaquah Creek","HATCHERY","2","2018","3","true",,,"false","false",,,"0","0","0"
"Trap Estimate","","2018-10-08T00:00:00.000","ISSAQUAH HATCHERY","","ISSAQUAH HATCHERY","","250","0","0","5","0","0","Coho","NA","Issaquah Creek","HATCHERY",,"2018",,"false",,,"false","false",,,"0","0","0"
"Trap Estimate","","2018-10-08T00:00:00.000","ISSAQUAH HATCHERY","","ISSAQUAH HATCHERY","","450","0","0","10","0","0","Chinook","Fall","Issaquah Creek","HATCHERY",,"2018",,"false",,,"false","false",,,"0","0","0"
"Trap Estimate","","2018-10-08T00:00:00.000","ISSAQUAH HATCHERY","","ISSAQUAH HATCHERY","","20","0","0","0","0","0","Coho","NA","Issaquah Creek","WILD",,"2018",,"false",,,"false","false",,,"0","0","0"
"Trap Estimate","","2018-10-08T00:00:00.000","ISSAQUAH HATCHERY","","ISSAQUAH HATCHERY","","7","0","0","0","0","0","Chinook","Fall","Issaquah Creek","WILD",,"2018",,"false",,,"false","false",,,"0","0","0"
"EggTake","","2018-10-09T00:00:00.000","ISSAQUAH HATCHERY","","","","0","0","0","0","0","671750","Chinook","Fall","Issaquah Creek","MIXED",,"2018",,"false",,,"false","false",,,"0","0","0"
"Adult Surplus Event","Surplussed","2018-10-09T00:00:00.000","ISSAQUAH HATCHERY","","ISSAQUAH HATCHERY","","0","6","0","0","0","0","Coho","NA","Issaquah Creek","HATCHERY","2","2018","4","true",,,"true","true",,,"6","0","0"
"Adult Mortality Event","","2018-10-09T00:00:00.000","ISSAQUAH HATCHERY","","ISSAQUAH HATCHERY","","0","30","6","2","0","0","Chinook","Fall","Issaquah Creek","HATCHERY","2","2018","4","true",,,"false","false",,,"0","0","0"
"Adult Surplus Event","Surplussed","2018-10-09T00:00:00.000","ISSAQUAH HATCHERY","","ISSAQUAH HATCHERY","","0","14","0","0","0","0","Coho","NA","Issaquah Creek","HATCHERY","2","2018","4","true",,,"false","false",,,"0","0","0"
"Parent Spawn Event","Lethal","2018-10-09T00:00:00.000","ISSAQUAH HATCHERY","","ISSAQUAH HATCHERY","","0","6","6","0","0","0","Chinook","Fall","Issaquah Creek","HATCHERY","2","2018","4","true",,,"true","true",,,"6","6","0"
"Parent Spawn Event","Lethal","2018-10-09T00:00:00.000","ISSAQUAH HATCHERY","","ISSAQUAH HATCHERY","","0","139","145","5","0","0","Chinook","Fall","Issaquah Creek","HATCHERY","2","2018","4","true",,,"false","false",,,"0","0","0"
"Parent Spawn Event","Lethal","2018-10-09T00:00:00.000","ISSAQUAH HATCHERY","","ISSAQUAH HATCHERY","","0","5","5","0","0","0","Chinook","Fall","Issaquah Creek","WILD","14","2018","4","true",,,"false","false",,,"0","0","0"
"Adult Mortality Event","","2018-10-09T00:00:00.000","ISSAQUAH HATCHERY","","ISSAQUAH HATCHERY","","0","1","1","0","0","0","Chinook","Fall","Issaquah Creek","HATCHERY","2","2018","4","true",,,"true","true",,,"1","1","0"
"Adult Mortality Event","","2018-10-10T00:00:00.000","ISSAQUAH HATCHERY","","ISSAQUAH HATCHERY","","0","0","0","1","0","0","Coho","NA","Issaquah Creek","HATCHERY","2","2018","3","true",,,"false","false",,,"0","0","0"
"Adult Mortality Event","","2018-10-10T00:00:00.000","ISSAQUAH HATCHERY","","ISSAQUAH HATCHERY","","0","0","1","0","0","0","Chinook","Fall","Issaquah Creek","WILD","14","2018","3","true",,,"false","false",,,"0","0","0"
"Adult Mortality Event","","2018-10-10T00:00:00.000","ISSAQUAH HATCHERY","","ISSAQUAH HATCHERY","","0","102","8","7","0","0","Chinook","Fall","Issaquah Creek","HATCHERY","2","2018","3","true",,,"false","false",,,"0","0","0"
"Adult Surplus Event","Surplussed","2018-10-16T00:00:00.000","ISSAQUAH HATCHERY","","ISSAQUAH HATCHERY","","0","4","0","1","0","0","Chinook","Fall","Issaquah Creek","HATCHERY","2","2018","3","true",,,"true","true",,,"4","0","1"
"Adult Plant Event","Upstream","2018-10-16T00:00:00.000","ISSAQUAH HATCHERY","","ISSAQUAH HATCHERY","ISSAQUAH CR  08.0178","0","1","1","0","0","0","Chinook","Fall","Issaquah Creek","WILD","14","2018","3","true",,,"false","false",,,"0","0","0"
"Adult Plant Event","Upstream","2018-10-16T00:00:00.000","ISSAQUAH HATCHERY","","ISSAQUAH HATCHERY","ISSAQUAH CR  08.0178","0","21","4","0","0","0","Chinook","Fall","Issaquah Creek","HATCHERY","2","2018","3","true",,,"false","false",,,"0","0","0"
"Parent Spawn Event","Lethal","2018-10-16T00:00:00.000","ISSAQUAH HATCHERY","","ISSAQUAH HATCHERY","","0","2","1","0","1","0","Chinook","Fall","Issaquah Creek","HATCHERY","2","2018","4","true",,,"true","true",,,"2","2","0"
"Parent Spawn Event","Lethal","2018-10-16T00:00:00.000","ISSAQUAH HATCHERY","","ISSAQUAH HATCHERY","","0","0","2","0","0","0","Chinook","Fall","Issaquah Creek","WILD","14","2018","4","true",,,"false","false",,,"0","0","0"
"Parent Spawn Event","Lethal","2018-10-16T00:00:00.000","ISSAQUAH HATCHERY","","ISSAQUAH HATCHERY","","0","38","37","0","0","0","Chinook","Fall","Issaquah Creek","HATCHERY","2","2018","4","true",,,"false","false",,,"0","0","0"
"Adult Mortality Event","","2018-10-16T00:00:00.000","ISSAQUAH HATCHERY","","ISSAQUAH HATCHERY","","0","17","7","6","0","0","Chinook","Fall","Issaquah Creek","HATCHERY","2","2018","4","true",,,"false","false",,,"0","0","0"
"EggTake","","2018-10-16T00:00:00.000","ISSAQUAH HATCHERY","","","","0","0","0","0","0","170000","Chinook","Fall","Issaquah Creek","MIXED",,"2018",,"false",,,"false","false",,,"0","0","0"
"Adult Mortality Event","","2018-10-16T00:00:00.000","ISSAQUAH HATCHERY","","ISSAQUAH HATCHERY","","0","1","0","0","0","0","Chinook","Fall","Issaquah Creek","HATCHERY","2","2018","4","true",,,"true","true",,,"1","0","0"
"Adult Surplus Event","Surplussed","2018-10-16T00:00:00.000","ISSAQUAH HATCHERY","","ISSAQUAH HATCHERY","","0","79","0","21","0","0","Chinook","Fall","Issaquah Creek","HATCHERY","2","2018","3","true",,,"false","false",,,"0","0","0"
"Adult Mortality Event","","2018-10-17T00:00:00.000","ISSAQUAH HATCHERY","","ISSAQUAH HATCHERY","","0","0","1","0","0","0","Coho","NA","Issaquah Creek","HATCHERY","2","2018","3","true",,,"true","true",,,"0","1","0"
"Adult Mortality Event","","2018-10-17T00:00:00.000","ISSAQUAH HATCHERY","","ISSAQUAH HATCHERY","","0","2","0","1","0","0","Coho","NA","Issaquah Creek","HATCHERY","2","2018","4","true",,,"false","false",,,"0","0","0"
"Adult Mortality Event","","2018-10-17T00:00:00.000","ISSAQUAH HATCHERY","","ISSAQUAH HATCHERY","","0","0","0","1","0","0","Chinook","Fall","Issaquah Creek","WILD","14","2018","4","true",,,"false","false",,,"0","0","0"
"Adult Mortality Event","","2018-10-17T00:00:00.000","ISSAQUAH HATCHERY","","ISSAQUAH HATCHERY","","0","40","4","10","0","0","Chinook","Fall","Issaquah Creek","HATCHERY","2","2018","4","true",,,"false","false",,,"0","0","0"
"Trap Estimate","","2018-10-17T00:00:00.000","ISSAQUAH HATCHERY","","ISSAQUAH HATCHERY","","250","0","0","10","0","0","Coho","NA","Issaquah Creek","HATCHERY","1200","2018",,"false",,,"false","false",,,"0","0","0"
"Trap Estimate","","2018-10-22T00:00:00.000","ISSAQUAH HATCHERY","","ISSAQUAH HATCHERY","","20","0","0","5","0","0","Coho","NA","Issaquah Creek","HATCHERY","1200","2018",,"false",,,"false","false",,,"0","0","0"
"Trap Estimate","","2018-10-22T00:00:00.000","ISSAQUAH HATCHERY","","ISSAQUAH HATCHERY","","215","0","0","33","0","0","Chinook","Fall","Issaquah Creek","HATCHERY",,"2018",,"false",,,"false","false",,,"0","0","0"
"Trap Estimate","","2018-10-22T00:00:00.000","ISSAQUAH HATCHERY","","ISSAQUAH HATCHERY","","0","0","0","1","0","0","Chinook","Fall","Issaquah Creek","WILD",,"2018",,"false",,,"false","false",,,"0","0","0"
"Trap Estimate","","2018-10-22T00:00:00.000","ISSAQUAH HATCHERY","","ISSAQUAH HATCHERY","","13","0","0","0","0","0","Coho","NA","Issaquah Creek","WILD",,"2018",,"false",,,"false","false",,,"0","0","0"
"Adult Surplus Event","Surplussed","2018-10-23T00:00:00.000","ISSAQUAH HATCHERY","","ISSAQUAH HATCHERY","","0","3","0","0","0","0","Coho","NA","Issaquah Creek","HATCHERY","2","2018","4","true",,,"false","false",,,"0","0","0"
"Adult Mortality Event","","2018-10-24T00:00:00.000","ISSAQUAH HATCHERY","","ISSAQUAH HATCHERY","","0","1","2","3","0","0","Chinook","Fall","Issaquah Creek","HATCHERY","2","2018","3","true",,,"false","false",,,"0","0","0"
"Adult Mortality Event","","2018-10-24T00:00:00.000","ISSAQUAH HATCHERY","","ISSAQUAH HATCHERY","","0","2","2","2","0","0","Coho","NA","Issaquah Creek","HATCHERY","2","2018","3","true",,,"false","false",,,"0","0","0"
"Adult Mortality Event","","2018-10-24T00:00:00.000","ISSAQUAH HATCHERY","","ISSAQUAH HATCHERY","","0","0","1","0","0","0","Chinook","Fall","Issaquah Creek","WILD","14","2018","3","true",,,"false","false",,,"0","0","0"
"Parent Spawn Event","Lethal","2018-10-30T00:00:00.000","ISSAQUAH HATCHERY","","ISSAQUAH HATCHERY","","0","50","58","0","1","0","Coho","NA","Issaquah Creek","HATCHERY","2","2018","4","true",,,"true","true",,,"50","59","0"
"Parent Spawn Event","Lethal","2018-10-30T00:00:00.000","ISSAQUAH HATCHERY","","ISSAQUAH HATCHERY","","0","76","63","2","2","0","Coho","NA","Issaquah Creek","HATCHERY","2","2018","4","true",,,"false","false",,,"0","0","0"
"Parent Spawn Event","Lethal","2018-10-30T00:00:00.000","ISSAQUAH HATCHERY","","ISSAQUAH HATCHERY","","0","0","2","0","0","0","Coho","NA","Issaquah Creek","HATCHERY","2","2018","4","true",,,"false","false",,,"0","0","0"
"Adult Mortality Event","","2018-10-30T00:00:00.000","ISSAQUAH HATCHERY","","ISSAQUAH HATCHERY","","0","10","8","0","0","0","Coho","NA","Issaquah Creek","HATCHERY","2","2018","3","true",,,"false","false",,,"0","0","0"
"Adult Mortality Event","","2018-10-30T00:00:00.000","ISSAQUAH HATCHERY","","ISSAQUAH HATCHERY","","0","4","0","0","0","0","Chinook","Fall","Issaquah Creek","HATCHERY","2","2018","3","true",,,"false","false",,,"0","0","0"
"Adult Surplus Event","Surplussed","2018-10-30T00:00:00.000","ISSAQUAH HATCHERY","","ISSAQUAH HATCHERY","","0","0","0","9","0","0","Coho","NA","Issaquah Creek","HATCHERY","2","2018","3","true",,,"false","false",,,"0","0","0"
"Adult Plant Event","Upstream","2018-10-30T00:00:00.000","ISSAQUAH HATCHERY","","ISSAQUAH HATCHERY","ISSAQUAH CR  08.0178","0","200","143","22","0","0","Coho","NA","Issaquah Creek","HATCHERY","2","2018","3","true",,,"false","false",,,"0","0","0"
"Adult Plant Event","Upstream","2018-10-30T00:00:00.000","ISSAQUAH HATCHERY","","ISSAQUAH HATCHERY","ISSAQUAH CR  08.0178","0","5","0","0","0","0","Chinook","Fall","Issaquah Creek","HATCHERY","2","2018","3","true",,,"false","false",,,"0","0","0"
"Parent Spawn Event","Lethal","2018-10-30T00:00:00.000","ISSAQUAH HATCHERY","","ISSAQUAH HATCHERY","","0","1","0","1","0","0","Coho","NA","Issaquah Creek","WILD","14","2018","4","true",,,"false","false",,,"0","0","0"
"EggTake","","2018-10-30T00:00:00.000","ISSAQUAH HATCHERY","","","","0","0","0","0","0","6000","Coho","NA","Issaquah Creek","MIXED",,"2018",,"false",,,"false","false",,,"0","0","0"
"EggTake","","2018-10-30T00:00:00.000","ISSAQUAH HATCHERY","","","","0","0","0","0","0","241500","Coho","NA","Issaquah Creek","HATCHERY",,"2018",,"false",,,"false","false",,,"0","0","0"
"Adult Mortality Event","","2018-10-30T00:00:00.000","ISSAQUAH HATCHERY","","ISSAQUAH HATCHERY","","0","2","3","0","0","0","Coho","NA","Issaquah Creek","HATCHERY","2","2018","3","true",,,"true","true",,,"2","3","0"
"Trap Estimate","","2018-10-31T00:00:00.000","ISSAQUAH HATCHERY","","ISSAQUAH HATCHERY","","700","0","0","50","0","0","Coho","NA","Issaquah Creek","HATCHERY",,"2018",,"false",,,"false","false",,,"0","0","0"
"Adult Mortality Event","","2018-10-31T00:00:00.000","ISSAQUAH HATCHERY","","ISSAQUAH HATCHERY","","0","1","2","0","0","0","Coho","NA","Issaquah Creek","HATCHERY","2","2018","3","true",,,"false","false",,,"0","0","0"
"Adult Mortality Event","","2018-10-31T00:00:00.000","ISSAQUAH HATCHERY","","ISSAQUAH HATCHERY","","0","1","0","0","0","0","Chinook","Fall","Issaquah Creek","HATCHERY","2","2018","3","true",,,"false","false",,,"0","0","0"
"Trap Estimate","","2018-11-05T00:00:00.000","ISSAQUAH HATCHERY","","ISSAQUAH HATCHERY","","4","0","0","0","0","0","Chinook","Fall","Issaquah Creek","HATCHERY","1200","2018",,"false",,,"false","false",,,"0","0","0"
"Trap Estimate","","2018-11-05T00:00:00.000","ISSAQUAH HATCHERY","","ISSAQUAH HATCHERY","","0","0","0","2","0","0","Coho","NA","Issaquah Creek","WILD","1200","2018",,"false",,,"false","false",,,"0","0","0"
"Trap Estimate","","2018-11-05T00:00:00.000","ISSAQUAH HATCHERY","","ISSAQUAH HATCHERY","","500","0","0","15","0","0","Coho","NA","Issaquah Creek","HATCHERY","1200","2018",,"false",,,"false","false",,,"0","0","0"
"Adult Mortality Event","","2018-11-06T00:00:00.000","ISSAQUAH HATCHERY","","ISSAQUAH HATCHERY","","0","20","13","0","0","0","Coho","NA","Issaquah Creek","HATCHERY","2","2018","3","true",,,"false","false",,,"0","0","0"
"EggTake","","2018-11-06T00:00:00.000","ISSAQUAH HATCHERY","","","","0","0","0","0","0","6000","Coho","NA","Issaquah Creek","MIXED",,"2018",,"false",,,"false","false",,,"0","0","0"
"EggTake","","2018-11-06T00:00:00.000","ISSAQUAH HATCHERY","","","","0","0","0","0","0","410000","Coho","NA","Issaquah Creek","HATCHERY",,"2018",,"false",,,"false","false",,,"0","0","0"
"Adult Mortality Event","","2018-11-06T00:00:00.000","ISSAQUAH HATCHERY","","ISSAQUAH HATCHERY","","0","9","1","0","0","0","Coho","NA","Issaquah Creek","HATCHERY","2","2018","3","true",,,"true","true",,,"9","1","0"
"Adult Surplus Event","Surplussed","2018-11-06T00:00:00.000","ISSAQUAH HATCHERY","","ISSAQUAH HATCHERY","","0","0","0","4","0","0","Coho","NA","Issaquah Creek","HATCHERY","2","2018","4","true",,,"false","false",,,"0","0","0"
"Adult Plant Event","Upstream","2018-11-06T00:00:00.000","ISSAQUAH HATCHERY","","ISSAQUAH HATCHERY","ISSAQUAH CR  08.0178","0","0","0","1","0","0","Chinook","Fall","Issaquah Creek","HATCHERY","2","2018","3","true",,,"false","false",,,"0","0","0"
"Adult Plant Event","Upstream","2018-11-06T00:00:00.000","ISSAQUAH HATCHERY","","ISSAQUAH HATCHERY","ISSAQUAH CR  08.0178","0","146","72","14","0","0","Coho","NA","Issaquah Creek","HATCHERY","2","2018","3","true",,,"false","false",,,"0","0","0"
"Parent Spawn Event","Lethal","2018-11-06T00:00:00.000","ISSAQUAH HATCHERY","","ISSAQUAH HATCHERY","","0","0","2","0","0","0","Coho","NA","Issaquah Creek","HATCHERY","2","2018","4","true",,,"false","false",,,"0","0","0"
"Parent Spawn Event","Lethal","2018-11-06T00:00:00.000","ISSAQUAH HATCHERY","","ISSAQUAH HATCHERY","","0","102","104","4","1","0","Coho","NA","Issaquah Creek","HATCHERY","2","2018","4","true",,,"false","false",,,"0","0","0"
"Parent Spawn Event","Lethal","2018-11-06T00:00:00.000","ISSAQUAH HATCHERY","","ISSAQUAH HATCHERY","","0","2","1","0","0","0","Coho","NA","Issaquah Creek","WILD","14","2018","4","true",,,"false","false",,,"0","0","0"
"Parent Spawn Event","Lethal","2018-11-06T00:00:00.000","ISSAQUAH HATCHERY","","ISSAQUAH HATCHERY","","0","63","54","0","4","0","Coho","NA","Issaquah Creek","HATCHERY","2","2018","4","true",,,"true","true",,,"63","58","0"
"Adult Mortality Event","","2018-11-07T00:00:00.000","ISSAQUAH HATCHERY","","ISSAQUAH HATCHERY","","0","2","1","0","0","0","Coho","NA","Issaquah Creek","HATCHERY","2","2018","3","true",,,"false","false",,,"0","0","0"
"Trap Estimate","","2018-11-12T00:00:00.000","ISSAQUAH HATCHERY","","ISSAQUAH HATCHERY","","2145","0","0","91","0","0","Coho","NA","Issaquah Creek","HATCHERY","1200","2018",,"false",,,"false","false",,,"0","0","0"
"Adult Surplus Event","Surplussed","2018-11-13T00:00:00.000","ISSAQUAH HATCHERY","","ISSAQUAH HATCHERY","","0","169","124","0","0","0","Coho","NA","Issaquah Creek","HATCHERY","2","2018","3","true",,,"true","true",,,"169","124","0"
"EggTake","","2018-11-13T00:00:00.000","ISSAQUAH HATCHERY","","","","0","0","0","0","0","13100","Coho","NA","Issaquah Creek","MIXED",,"2018",,"false",,,"false","false",,,"0","0","0"
"EggTake","","2018-11-13T00:00:00.000","ISSAQUAH HATCHERY","","","","0","0","0","0","0","400000","Coho","NA","Issaquah Creek","HATCHERY",,"2018",,"false",,,"false","false",,,"0","0","0"
"Adult Mortality Event","","2018-11-13T00:00:00.000","ISSAQUAH HATCHERY","","ISSAQUAH HATCHERY","","0","11","8","0","0","0","Coho","NA","Issaquah Creek","HATCHERY","2","2018","3","true",,,"true","true",,,"11","8","0"
"Adult Mortality Event","","2018-11-13T00:00:00.000","ISSAQUAH HATCHERY","","ISSAQUAH HATCHERY","","0","17","11","0","0","0","Coho","NA","Issaquah Creek","HATCHERY","2","2018","3","true",,,"false","false",,,"0","0","0"
"Adult Surplus Event","Surplussed","2018-11-13T00:00:00.000","ISSAQUAH HATCHERY","","ISSAQUAH HATCHERY","","0","6","11","12","0","0","Coho","NA","Issaquah Creek","HATCHERY","2","2018","3","true",,,"false","false",,,"0","0","0"
"Adult Plant Event","Upstream","2018-11-13T00:00:00.000","ISSAQUAH HATCHERY","","ISSAQUAH HATCHERY","ISSAQUAH CR  08.0178","0","747","806","103","0","0","Coho","NA","Issaquah Creek","HATCHERY","2","2018","3","true",,,"false","false",,,"0","0","0"
"Adult Plant Event","Upstream","2018-11-13T00:00:00.000","ISSAQUAH HATCHERY","","ISSAQUAH HATCHERY","ISSAQUAH CR  08.0178","0","10","17","1","0","0","Coho","NA","Issaquah Creek","WILD","14","2018","3","true",,,"false","false",,,"0","0","0"
"Adult Plant Event","Upstream","2018-11-13T00:00:00.000","ISSAQUAH HATCHERY","","ISSAQUAH HATCHERY","ISSAQUAH CR  08.0178","0","181","237","0","0","0","Coho","NA","Issaquah Creek","HATCHERY","2","2018","3","true",,,"true","false","Muckleshoot Tribe took all of the snouts they needed to extrapolate data.","2","181","237","0"
"Trap Estimate","","2018-11-13T00:00:00.000","ISSAQUAH HATCHERY","","ISSAQUAH HATCHERY","","100","0","0","20","0","0","Coho","NA","Issaquah Creek","HATCHERY",,"2018",,"false",,,"false","false",,,"0","0","0"
"Parent Spawn Event","Lethal","2018-11-13T00:00:00.000","ISSAQUAH HATCHERY","","ISSAQUAH HATCHERY","","0","1","1","0","0","0","Coho","NA","Issaquah Creek","WILD","14","2018","4","true",,,"false","false",,,"0","0","0"
"Parent Spawn Event","Lethal","2018-11-13T00:00:00.000","ISSAQUAH HATCHERY","","ISSAQUAH HATCHERY","","0","48","55","0","4","0","Coho","NA","Issaquah Creek","HATCHERY","2","2018","4","true",,,"true","true",,,"48","59","0"
"Parent Spawn Event","Lethal","2018-11-13T00:00:00.000","ISSAQUAH HATCHERY","","ISSAQUAH HATCHERY","","0","114","102","2","1","0","Coho","NA","Issaquah Creek","HATCHERY","2","2018","4","true",,,"false","false",,,"0","0","0"
"Adult Plant Event","Upstream","2018-11-14T00:00:00.000","ISSAQUAH HATCHERY","","ISSAQUAH HATCHERY","ISSAQUAH CR  08.0178","0","50","50","20","0","0","Coho","NA","Issaquah Creek","HATCHERY","2","2018","3","true",,,"false","false",,,"0","0","0"
"Adult Mortality Event","","2019-09-13T00:00:00.000","ISSAQUAH HATCHERY","","ISSAQUAH HATCHERY","","0","2","5","1","0","0","Chinook","Fall","Issaquah Creek","HATCHERY","2","2019","3","true",,,"false","false",,,"0","0","0"
"Adult Mortality Event","","2019-09-14T00:00:00.000","ISSAQUAH HATCHERY","","ISSAQUAH HATCHERY","","0","2","3","0","0","0","Chinook","Fall","Issaquah Creek","HATCHERY","2","2019","3","true",,,"false","false",,,"0","0","0"
"Adult Mortality Event","","2019-09-15T00:00:00.000","ISSAQUAH HATCHERY","","ISSAQUAH HATCHERY","","0","2","3","0","0","0","Chinook","Fall","Issaquah Creek","HATCHERY","2","2019","3","true",,,"false","false",,,"0","0","0"
"Trap Estimate","","2019-09-15T00:00:00.000","ISSAQUAH HATCHERY","","ISSAQUAH HATCHERY","","4","0","0","0","0","0","Chinook","Fall","Issaquah Creek","WILD",,"2019",,"false",,,"false","false",,,"0","0","0"
"Trap Estimate","","2019-09-15T00:00:00.000","ISSAQUAH HATCHERY","","ISSAQUAH HATCHERY","","800","0","0","0","0","0","Chinook","Fall","Issaquah Creek","HATCHERY",,"2019",,"false",,,"false","false",,,"0","0","0"
"Adult Mortality Event","","2019-09-16T00:00:00.000","ISSAQUAH HATCHERY","","ISSAQUAH HATCHERY","","0","2","3","0","0","0","Chinook","Fall","Issaquah Creek","HATCHERY","2","2019","3","true",,,"false","false",,,"0","0","0"
"Adult Mortality Event","","2019-09-17T00:00:00.000","ISSAQUAH HATCHERY","","ISSAQUAH HATCHERY","","0","2","2","1","0","0","Chinook","Fall","Issaquah Creek","HATCHERY","2","2019","3","true",,,"false","false",,,"0","0","0"
"Adult Mortality Event","","2019-09-18T00:00:00.000","ISSAQUAH HATCHERY","","ISSAQUAH HATCHERY","","0","0","2","0","0","0","Chinook","Fall","Issaquah Creek","HATCHERY","2","2019","3","true",,,"true","true",,,"0","2","0"
"Adult Mortality Event","","2019-09-18T00:00:00.000","ISSAQUAH HATCHERY","","ISSAQUAH HATCHERY","","0","3","0","0","0","0","Chinook","Fall","Issaquah Creek","WILD","14","2019","3","true",,,"false","false",,,"0","0","0"
"Adult Mortality Event","","2019-09-18T00:00:00.000","ISSAQUAH HATCHERY","","ISSAQUAH HATCHERY","","0","203","156","6","0","0","Chinook","Fall","Issaquah Creek","HATCHERY","2","2019","3","true",,,"false","false",,,"0","0","0"
"Adult Mortality Event","","2019-09-19T00:00:00.000","ISSAQUAH HATCHERY","","ISSAQUAH HATCHERY","","0","4","3","0","0","0","Chinook","Fall","Issaquah Creek","HATCHERY","2","2019","3","true",,,"false","false",,,"0","0","0"
"Adult Mortality Event","","2019-09-20T00:00:00.000","ISSAQUAH HATCHERY","","ISSAQUAH HATCHERY","","0","4","3","1","0","0","Chinook","Fall","Issaquah Creek","HATCHERY","2","2019","3","true",,,"false","false",,,"0","0","0"
"Adult Mortality Event","","2019-09-21T00:00:00.000","ISSAQUAH HATCHERY","","ISSAQUAH HATCHERY","","0","5","6","1","0","0","Chinook","Fall","Issaquah Creek","HATCHERY","2","2019","3","true",,,"false","false",,,"0","0","0"
"Adult Mortality Event","","2019-09-21T00:00:00.000","ISSAQUAH HATCHERY","","ISSAQUAH HATCHERY","","0","0","1","0","0","0","Chinook","Fall","Issaquah Creek","HATCHERY","2","2019","3","true",,,"true","true",,,"0","1","0"
"Adult Mortality Event","","2019-09-22T00:00:00.000","ISSAQUAH HATCHERY","","ISSAQUAH HATCHERY","","0","11","7","2","0","0","Chinook","Fall","Issaquah Creek","HATCHERY","2","2019","3","true",,,"false","false",,,"0","0","0"
"Trap Estimate","","2019-09-22T00:00:00.000","ISSAQUAH HATCHERY","","ISSAQUAH HATCHERY","","350","0","0","0","0","0","Chinook","Fall","Issaquah Creek","HATCHERY","1200","2019",,"false",,,"false","false",,,"0","0","0"
"Adult Mortality Event","","2019-09-22T00:00:00.000","ISSAQUAH HATCHERY","","ISSAQUAH HATCHERY","","0","1","0","0","0","0","Chinook","Fall","Issaquah Creek","WILD","14","2019","3","true",,,"false","false",,,"0","0","0"
"Trap Estimate","","2019-09-23T00:00:00.000","ISSAQUAH HATCHERY","","ISSAQUAH HATCHERY","","15","0","0","0","0","0","Chinook","Fall","Issaquah Creek","WILD",,"2019",,"false",,,"false","false",,,"0","0","0"
"Trap Estimate","","2019-09-23T00:00:00.000","ISSAQUAH HATCHERY","","ISSAQUAH HATCHERY","","300","0","0","30","0","0","Chinook","Fall","Issaquah Creek","HATCHERY",,"2019",,"false",,,"false","false",,,"0","0","0"
"EggTake","","2019-09-24T00:00:00.000","ISSAQUAH HATCHERY","","","","0","0","0","0","0","420000","Chinook","Fall","Issaquah Creek","MIXED",,"2019",,"false",,,"false","false",,,"0","0","0"
"Adult Mortality Event","","2019-09-24T00:00:00.000","ISSAQUAH HATCHERY","","ISSAQUAH HATCHERY","","0","1","0","0","0","0","Chinook","Fall","Issaquah Creek","HATCHERY","2","2019","3","true",,,"true","true",,,"1","0","0"
"Adult Mortality Event","","2019-09-24T00:00:00.000","ISSAQUAH HATCHERY","","ISSAQUAH HATCHERY","","0","9","4","4","0","0","Chinook","Fall","Issaquah Creek","HATCHERY","2","2019","3","true",,,"false","false",,,"0","0","0"
"Parent Spawn Event","Lethal","2019-09-24T00:00:00.000","ISSAQUAH HATCHERY","","ISSAQUAH HATCHERY","","0","6","1","0","0","0","Chinook","Fall","Issaquah Creek","WILD","14","2019","4","true",,,"false","false",,,"0","0","0"
"Parent Spawn Event","Lethal","2019-09-24T00:00:00.000","ISSAQUAH HATCHERY","","ISSAQUAH HATCHERY","","0","2","2","0","0","0","Chinook","Fall","Issaquah Creek","HATCHERY","2","2019","4","true",,,"true","true",,,"2","2","0"
"Parent Spawn Event","Lethal","2019-09-24T00:00:00.000","ISSAQUAH HATCHERY","","ISSAQUAH HATCHERY","","0","118","95","2","4","0","Chinook","Fall","Issaquah Creek","HATCHERY","2","2019","4","true",,,"false","false",,,"0","0","0"
"Adult Mortality Event","","2019-09-25T00:00:00.000","ISSAQUAH HATCHERY","","ISSAQUAH HATCHERY","","0","4","7","2","0","0","Chinook","Fall","Issaquah Creek","HATCHERY","2","2019","3","true",,,"false","false",,,"0","0","0"
"Adult Mortality Event","","2019-09-30T00:00:00.000","ISSAQUAH HATCHERY","","ISSAQUAH HATCHERY","","0","15","14","1","0","0","Chinook","Fall","Issaquah Creek","HATCHERY","2","2019","3","true",,,"false","false",,,"0","0","0"
"Trap Estimate","","2019-09-30T00:00:00.000","ISSAQUAH HATCHERY","","ISSAQUAH HATCHERY","","15","0","0","0","0","0","Coho","NA","Issaquah Creek","WILD",,"2019",,"false",,,"false","false",,,"0","0","0"
"Trap Estimate","","2019-09-30T00:00:00.000","ISSAQUAH HATCHERY","","ISSAQUAH HATCHERY","","500","0","0","40","0","0","Coho","NA","Issaquah Creek","HATCHERY",,"2019",,"false",,,"false","false",,,"0","0","0"
"Trap Estimate","","2019-09-30T00:00:00.000","ISSAQUAH HATCHERY","","ISSAQUAH HATCHERY","","10","0","0","0","0","0","Chinook","Fall","Issaquah Creek","WILD",,"2019",,"false",,,"false","false",,,"0","0","0"
"Adult Mortality Event","","2019-09-30T00:00:00.000","ISSAQUAH HATCHERY","","ISSAQUAH HATCHERY","","0","1","0","0","0","0","Chinook","Fall","Issaquah Creek","WILD","14","2019","3","true",,,"false","false",,,"0","0","0"
"Parent Spawn Event","Lethal","2019-10-01T00:00:00.000","ISSAQUAH HATCHERY","","ISSAQUAH HATCHERY","","0","4","3","0","0","0","Chinook","Fall","Issaquah Creek","HATCHERY","2","2019","4","true",,,"true","true",,,"4","3","0"
"Parent Spawn Event","Lethal","2019-10-01T00:00:00.000","ISSAQUAH HATCHERY","","","","0","2","2","0","0","0","Chinook","Fall","Issaquah Creek","WILD","14","2019","4","true",,,"false","false",,,"0","0","0"
"EggTake","","2019-10-01T00:00:00.000","ISSAQUAH HATCHERY","","","","0","0","0","0","0","480000","Chinook","Fall","Issaquah Creek","MIXED",,"2019",,"false",,,"false","false",,,"0","0","0"
"Adult Mortality Event","","2019-10-01T00:00:00.000","ISSAQUAH HATCHERY","","ISSAQUAH HATCHERY","","0","20","12","1","0","0","Chinook","Fall","Issaquah Creek","HATCHERY","2","2019","4","true",,,"false","false",,,"0","0","0"
"Parent Spawn Event","Lethal","2019-10-01T00:00:00.000","ISSAQUAH HATCHERY","","ISSAQUAH HATCHERY","","0","118","110","1","2","0","Chinook","Fall","Issaquah Creek","HATCHERY","2","2019","4","true",,,"false","false",,,"0","0","0"
"Trap Estimate","","2019-10-07T00:00:00.000","ISSAQUAH HATCHERY","","ISSAQUAH HATCHERY","","320","0","0","45","0","0","Chinook","Fall","Issaquah Creek","HATCHERY",,"2019",,"false",,,"false","false",,,"0","0","0"
"Trap Estimate","","2019-10-07T00:00:00.000","ISSAQUAH HATCHERY","","ISSAQUAH HATCHERY","","300","0","0","0","0","0","Coho","NA","Issaquah Creek","HATCHERY",,"2019",,"false",,,"false","false",,,"0","0","0"
"Adult Surplus Event","Surplussed","2019-10-08T00:00:00.000","ISSAQUAH HATCHERY","","ISSAQUAH HATCHERY","","0","5","0","1","0","0","Chinook","Fall","Issaquah Creek","HATCHERY","2","2019","4","true",,,"true","true",,,"5","0","1"
"Adult Mortality Event","","2019-10-08T00:00:00.000","ISSAQUAH HATCHERY","","ISSAQUAH HATCHERY","","0","25","5","8","0","0","Chinook","Fall","Issaquah Creek","HATCHERY","2","2019","4","true",,,"false","false",,,"0","0","0"
"Adult Mortality Event","","2019-10-08T00:00:00.000","ISSAQUAH HATCHERY","","ISSAQUAH HATCHERY","","0","1","0","0","0","0","Chinook","Fall","Issaquah Creek","HATCHERY","2","2019","4","true",,,"true","true",,,"1","0","0"
"EggTake","","2019-10-08T00:00:00.000","ISSAQUAH HATCHERY","","","","0","0","0","0","0","686250","Chinook","Fall","Issaquah Creek","MIXED",,"2019",,"false",,,"false","false",,,"0","0","0"
"Parent Spawn Event","Lethal","2019-10-08T00:00:00.000","ISSAQUAH HATCHERY","","ISSAQUAH HATCHERY","","0","166","167","1","4","0","Chinook","Fall","Issaquah Creek","HATCHERY","2","2019","4","true",,,"false","false",,,"0","0","0"
"Parent Spawn Event","Lethal","2019-10-08T00:00:00.000","ISSAQUAH HATCHERY","","ISSAQUAH HATCHERY","","0","5","6","0","0","0","Chinook","Fall","Issaquah Creek","HATCHERY","2","2019","4","true",,,"true","true",,,"5","6","0"
"Adult Mortality Event","","2019-10-08T00:00:00.000","ISSAQUAH HATCHERY","","ISSAQUAH HATCHERY","","0","1","0","0","0","0","Chinook","Fall","Issaquah Creek","WILD","14","2019","4","true",,,"false","false",,,"0","0","0"
"Parent Spawn Event","Lethal","2019-10-08T00:00:00.000","ISSAQUAH HATCHERY","","ISSAQUAH HATCHERY","","0","2","1","0","0","0","Chinook","Fall","Issaquah Creek","WILD","14","2019","4","true",,,"false","false",,,"0","0","0"
"Adult Surplus Event","Surplussed","2019-10-08T00:00:00.000","ISSAQUAH HATCHERY","","ISSAQUAH HATCHERY","","0","261","0","14","0","0","Chinook","Fall","Issaquah Creek","HATCHERY","2","2019","4","true",,,"false","false",,,"0","0","0"
"Adult Mortality Event","","2019-10-09T00:00:00.000","ISSAQUAH HATCHERY","","ISSAQUAH HATCHERY","","0","3","0","0","0","0","Chinook","Fall","Issaquah Creek","WILD","14","2019","3","true",,,"false","false",,,"0","0","0"
"Adult Mortality Event","","2019-10-09T00:00:00.000","ISSAQUAH HATCHERY","","ISSAQUAH HATCHERY","","0","2","1","0","0","0","Chinook","Fall","Issaquah Creek","HATCHERY","2","2019","3","true",,,"true","true",,,"2","1","0"
"Adult Mortality Event","","2019-10-09T00:00:00.000","ISSAQUAH HATCHERY","","ISSAQUAH HATCHERY","","0","78","19","12","0","0","Chinook","Fall","Issaquah Creek","HATCHERY","2","2019","3","true",,,"false","false",,,"0","0","0"
"Trap Estimate","","2019-10-14T00:00:00.000","ISSAQUAH HATCHERY","","ISSAQUAH HATCHERY","","1","0","0","1","0","0","Chinook","Fall","Issaquah Creek","WILD","1200","2019",,"false",,,"false","false",,,"0","0","0"
"Trap Estimate","","2019-10-14T00:00:00.000","ISSAQUAH HATCHERY","","ISSAQUAH HATCHERY","","236","0","0","26","0","0","Chinook","Fall","Issaquah Creek","HATCHERY",,"2019",,"false",,,"false","false",,,"0","0","0"
"Trap Estimate","","2019-10-14T00:00:00.000","ISSAQUAH HATCHERY","","ISSAQUAH HATCHERY","","100","0","0","0","0","0","Coho","NA","Issaquah Creek","HATCHERY","1200","2019",,"false",,,"false","false",,,"0","0","0"
"Parent Spawn Event","Lethal","2019-10-15T00:00:00.000","ISSAQUAH HATCHERY","","ISSAQUAH HATCHERY","","0","2","1","0","0","0","Chinook","Fall","Issaquah Creek","HATCHERY","2","2019","4","true",,,"true","true",,,"2","1","0"
"EggTake","","2019-10-15T00:00:00.000","ISSAQUAH HATCHERY","","","","0","0","0","0","0","220000","Chinook","Fall","Issaquah Creek","MIXED",,"2019",,"false",,,"false","false",,,"0","0","0"
"Adult Mortality Event","","2019-10-15T00:00:00.000","ISSAQUAH HATCHERY","","ISSAQUAH HATCHERY","","0","10","1","4","0","0","Chinook","Fall","Issaquah Creek","HATCHERY","2","2019","4","true",,,"false","false",,,"0","0","0"
"Adult Surplus Event","Surplussed","2019-10-15T00:00:00.000","ISSAQUAH HATCHERY","","ISSAQUAH HATCHERY","","0","85","0","24","0","0","Chinook","Fall","Issaquah Creek","HATCHERY","2","2019","3","true",,,"false","false",,,"0","0","0"
"Adult Plant Event","Upstream","2019-10-15T00:00:00.000","ISSAQUAH HATCHERY","","ISSAQUAH HATCHERY","ISSAQUAH CR  08.0178","0","32","14","1","0","0","Chinook","Fall","Issaquah Creek","HATCHERY","2","2019","3","true",,,"false","false",,,"0","0","0"
"Parent Spawn Event","Lethal","2019-10-15T00:00:00.000","ISSAQUAH HATCHERY","","ISSAQUAH HATCHERY","","0","6","1","0","0","0","Chinook","Fall","Issaquah Creek","WILD","14","2019","4","true",,,"false","false",,,"0","0","0"
"Parent Spawn Event","Lethal","2019-10-15T00:00:00.000","ISSAQUAH HATCHERY","","ISSAQUAH HATCHERY","","0","49","51","1","1","0","Chinook","Fall","Issaquah Creek","HATCHERY","2","2019","4","true",,,"false","false",,,"0","0","0"
"Adult Mortality Event","","2019-10-16T00:00:00.000","ISSAQUAH HATCHERY","","ISSAQUAH HATCHERY","","0","0","5","0","0","0","Coho","NA","Issaquah Creek","HATCHERY","2","2019","3","true",,,"false","false",,,"0","0","0"
"Adult Mortality Event","","2019-10-16T00:00:00.000","ISSAQUAH HATCHERY","","ISSAQUAH HATCHERY","","0","0","0","1","0","0","Chinook","Fall","Issaquah Creek","WILD","14","2019","3","true",,,"false","false",,,"0","0","0"
"Adult Mortality Event","","2019-10-16T00:00:00.000","ISSAQUAH HATCHERY","","ISSAQUAH HATCHERY","","0","27","3","11","0","0","Chinook","Fall","Issaquah Creek","HATCHERY","2","2019","3","true",,,"false","false",,,"0","0","0"
"Adult Surplus Event","Surplussed","2019-10-18T00:00:00.000","ISSAQUAH HATCHERY","","ISSAQUAH HATCHERY","","0","1","0","0","0","0","Coho","NA","Issaquah Creek","HATCHERY","2","2019","3","true",,,"false","false",,,"0","0","0"
"Trap Estimate","","2019-10-21T00:00:00.000","ISSAQUAH HATCHERY","","ISSAQUAH HATCHERY","","1500","0","0","0","0","0","Coho","NA","Issaquah Creek","HATCHERY","1200","2019",,"false",,,"false","false",,,"0","0","0"
"Trap Estimate","","2019-10-21T00:00:00.000","ISSAQUAH HATCHERY","","ISSAQUAH HATCHERY","","35","0","0","0","0","0","Coho","NA","Issaquah Creek","WILD",,"2019",,"false",,,"false","false",,,"0","0","0"
"Adult Mortality Event","","2019-10-23T00:00:00.000","ISSAQUAH HATCHERY","","ISSAQUAH HATCHERY","","0","1","0","0","0","0","Chinook","Fall","Issaquah Creek","HATCHERY","2","2019","3","true",,,"false","false",,,"0","0","0"
"Adult Mortality Event","","2019-10-23T00:00:00.000","ISSAQUAH HATCHERY","","ISSAQUAH HATCHERY","","0","2","0","0","0","0","Coho","NA","Issaquah Creek","HATCHERY","2","2019","3","true",,,"false","false",,,"0","0","0"
"Adult Mortality Event","","2019-10-23T00:00:00.000","ISSAQUAH HATCHERY","","ISSAQUAH HATCHERY","","0","0","1","0","0","0","Coho","NA","Issaquah Creek","WILD","14","2019","3","true",,,"false","false",,,"0","0","0"
"Trap Estimate","","2019-10-28T00:00:00.000","ISSAQUAH HATCHERY","","ISSAQUAH HATCHERY","","30","0","0","5","0","0","Chinook","Fall","Issaquah Creek","HATCHERY",,"2019",,"false",,,"false","false",,,"0","0","0"
"Trap Estimate","","2019-10-28T00:00:00.000","ISSAQUAH HATCHERY","","ISSAQUAH HATCHERY","","2500","0","0","20","0","0","Coho","NA","Issaquah Creek","HATCHERY","1200","2019",,"false",,,"false","false",,,"0","0","0"
"Adult Mortality Event","","2019-10-29T00:00:00.000","ISSAQUAH HATCHERY","","ISSAQUAH HATCHERY","","0","3","2","0","0","0","Chinook","Fall","Issaquah Creek","HATCHERY","2","2019","4","true",,,"false","false",,,"0","0","0"
"Adult Mortality Event","","2019-10-29T00:00:00.000","ISSAQUAH HATCHERY","","ISSAQUAH HATCHERY","","0","18","33","2","0","0","Coho","NA","Issaquah Creek","HATCHERY","2","2019","4","true",,,"false","false",,,"0","0","0"
"Adult Plant Event","Upstream","2019-10-29T00:00:00.000","ISSAQUAH HATCHERY","","ISSAQUAH HATCHERY","ISSAQUAH CR  08.0178","0","7","5","0","0","0","Chinook","Fall","Issaquah Creek","HATCHERY","2","2019","3","true",,,"false","false",,,"0","0","0"
"Parent Spawn Event","Lethal","2019-10-29T00:00:00.000","ISSAQUAH HATCHERY","","ISSAQUAH HATCHERY","","0","1","10","0","0","0","Coho","NA","Issaquah Creek","HATCHERY","2","2019","4","true",,,"false","false",,,"0","0","0"
"Parent Spawn Event","Lethal","2019-10-29T00:00:00.000","ISSAQUAH HATCHERY","","ISSAQUAH HATCHERY","","0","10","1","0","0","0","Coho","NA","Issaquah Creek","WILD","14","2019","4","true",,,"false","false",,,"0","0","0"
"Parent Spawn Event","Lethal","2019-10-29T00:00:00.000","ISSAQUAH HATCHERY","","ISSAQUAH HATCHERY","","0","234","239","5","10","0","Coho","NA","Issaquah Creek","HATCHERY","2","2019","4","true",,,"false","false",,,"0","0","0"
"EggTake","","2019-10-29T00:00:00.000","ISSAQUAH HATCHERY","","","","0","0","0","0","0","63500","Coho","NA","Issaquah Creek","MIXED",,"2019",,"false",,,"false","false",,,"0","0","0"
"EggTake","","2019-10-29T00:00:00.000","ISSAQUAH HATCHERY","","","","0","0","0","0","0","461500","Coho","NA","Issaquah Creek","HATCHERY",,"2019",,"false",,,"false","false",,,"0","0","0"
"Adult Mortality Event","","2019-10-31T00:00:00.000","ISSAQUAH HATCHERY","","ISSAQUAH HATCHERY","","0","10","2","6","0","0","Chinook","Fall","Issaquah Creek","HATCHERY","2","2019","3","true",,,"false","false",,,"0","0","0"
"Adult Mortality Event","","2019-10-31T00:00:00.000","ISSAQUAH HATCHERY","","ISSAQUAH HATCHERY","","0","42","70","4","0","0","Coho","NA","Issaquah Creek","HATCHERY","2","2019","3","true",,,"false","false",,,"0","0","0"
"Adult Plant Event","Upstream","2019-10-31T00:00:00.000","ISSAQUAH HATCHERY","","","ISSAQUAH CR  08.0178","0","4","2","0","0","0","Chinook","Fall","Issaquah Creek","HATCHERY","2","2019","3","true",,,"false","false",,,"0","0","0"
"Adult Plant Event","Upstream","2019-10-31T00:00:00.000","ISSAQUAH HATCHERY","","","ISSAQUAH CR  08.0178","0","515","305","44","0","0","Coho","NA","Issaquah Creek","HATCHERY","2","2019","3","true",,,"false","false",,,"0","0","0"
"Trap Estimate","","2019-11-04T00:00:00.000","ISSAQUAH HATCHERY","","ISSAQUAH HATCHERY","","600","0","0","50","0","0","Coho","NA","Issaquah Creek","HATCHERY",,"2019",,"false",,,"false","false",,,"0","0","0"
"Adult Plant Event","NA","2019-11-04T00:00:00.000","ISSAQUAH HATCHERY","","ISSAQUAH HATCHERY","COAL CR      08.0268","0","325","296","0","0","0","Coho","NA","Issaquah Creek","HATCHERY","2","2019","3","true",,,"false","false",,,"0","0","0"
"Trap Estimate","","2019-11-04T00:00:00.000","ISSAQUAH HATCHERY","","","","0","0","0","0","0","0","Coho","NA","Issaquah Creek","HATCHERY","1200","2019",,"false",,,"false","false",,,"0","0","0"
"Trap Estimate","","2019-11-04T00:00:00.000","ISSAQUAH HATCHERY","","ISSAQUAH HATCHERY","","5","0","0","0","0","0","Chinook","Fall","Issaquah Creek","HATCHERY",,"2019",,"false",,,"false","false",,,"0","0","0"
"Trap Estimate","","2019-11-04T00:00:00.000","ISSAQUAH HATCHERY","","","","4","0","0","0","0","0","Chinook","Fall","Issaquah Creek","HATCHERY",,"2019",,"false",,,"false","false",,,"0","0","0"
"Parent Spawn Event","Lethal","2019-11-05T00:00:00.000","ISSAQUAH HATCHERY","","ISSAQUAH HATCHERY","","0","3","0","0","0","0","Coho","NA","Issaquah Creek","WILD","14","2019","3","true",,,"false","false",,,"0","0","0"
"Adult Plant Event","Upstream","2019-11-05T00:00:00.000","ISSAQUAH HATCHERY","","ISSAQUAH HATCHERY","ISSAQUAH CR  08.0178","0","697","846","34","0","0","Coho","NA","Issaquah Creek","HATCHERY","2","2019","3","true",,,"false","false",,,"0","0","0"
"Adult Mortality Event","","2019-11-05T00:00:00.000","ISSAQUAH HATCHERY","","ISSAQUAH HATCHERY","","0","28","46","0","0","0","Coho","NA","Issaquah Creek","HATCHERY","2","2019","3","true",,,"false","false",,,"0","0","0"
"EggTake","","2019-11-05T00:00:00.000","ISSAQUAH HATCHERY","","","","0","0","0","0","0","49000","Coho","NA","Issaquah Creek","MIXED",,"2019",,"false",,,"false","false",,,"0","0","0"
"Adult Mortality Event","","2019-11-05T00:00:00.000","ISSAQUAH HATCHERY","","ISSAQUAH HATCHERY","","0","4","0","0","0","0","Chinook","Fall","Issaquah Creek","HATCHERY","2","2019","3","true",,,"false","false",,,"0","0","0"
"EggTake","","2019-11-05T00:00:00.000","ISSAQUAH HATCHERY","","","","0","0","0","0","0","204000","Coho","NA","Issaquah Creek","HATCHERY",,"2019",,"false",,,"false","false",,,"0","0","0"
"Parent Spawn Event","Lethal","2019-11-05T00:00:00.000","ISSAQUAH HATCHERY","","ISSAQUAH HATCHERY","","0","133","136","2","8","0","Coho","NA","Issaquah Creek","HATCHERY","2","2019","4","true",,,"false","false",,,"0","0","0"
"Adult Plant Event","Upstream","2019-11-05T00:00:00.000","ISSAQUAH HATCHERY","","ISSAQUAH HATCHERY","ISSAQUAH CR  08.0178","0","2","4","0","0","0","Chinook","Fall","Issaquah Creek","HATCHERY","2","2019","3","true",,,"false","false",,,"0","0","0"
"Parent Spawn Event","Lethal","2019-11-05T00:00:00.000","ISSAQUAH HATCHERY","","ISSAQUAH HATCHERY","","0","0","3","0","0","0","Coho","NA","Issaquah Creek","HATCHERY","2","2019","3","true",,,"false","false",,,"0","0","0"
"Adult Mortality Event","","2019-11-06T00:00:00.000","ISSAQUAH HATCHERY","","ISSAQUAH HATCHERY","","0","7","9","2","0","0","Coho","NA","Issaquah Creek","HATCHERY","2","2019","3","true",,,"false","false",,,"0","0","0"
"Adult Mortality Event","","2019-11-06T00:00:00.000","ISSAQUAH HATCHERY","","ISSAQUAH HATCHERY","","0","3","0","0","0","0","Chinook","Fall","Issaquah Creek","HATCHERY","2","2019","3","true",,,"false","false",,,"0","0","0"
"Trap Estimate","","2019-11-11T00:00:00.000","ISSAQUAH HATCHERY","","ISSAQUAH HATCHERY","","1","0","0","0","0","0","Chinook","Fall","Issaquah Creek","HATCHERY",,"2019",,"false",,,"false","false",,,"0","0","0"
"Trap Estimate","","2019-11-11T00:00:00.000","ISSAQUAH HATCHERY","","ISSAQUAH HATCHERY","","50","0","0","0","0","0","Coho","NA","Issaquah Creek","WILD",,"2019",,"false",,,"false","false",,,"0","0","0"
"Trap Estimate","","2019-11-11T00:00:00.000","ISSAQUAH HATCHERY","","ISSAQUAH HATCHERY","","700","0","0","20","0","0","Coho","NA","Issaquah Creek","HATCHERY",,"2019",,"false",,,"false","false",,,"0","0","0"
"Parent Spawn Event","Lethal","2019-11-12T00:00:00.000","ISSAQUAH HATCHERY","","ISSAQUAH HATCHERY","","0","9","8","0","0","0","Coho","NA","Issaquah Creek","WILD","14","2019","4","true",,,"false","false",,,"0","0","0"
"Adult Plant Event","Upstream","2019-11-12T00:00:00.000","ISSAQUAH HATCHERY","","ISSAQUAH HATCHERY","ISSAQUAH CR  08.0178","0","386","622","20","0","0","Coho","NA","Issaquah Creek","HATCHERY","2","2019","3","true",,,"false","false",,,"0","0","0"
"Adult Plant Event","Upstream","2019-11-12T00:00:00.000","ISSAQUAH HATCHERY","","ISSAQUAH HATCHERY","ISSAQUAH CR  08.0178","0","22","29","0","0","0","Coho","NA","Issaquah Creek","WILD","14","2019","3","true",,,"false","false",,,"0","0","0"
"Adult Mortality Event","","2019-11-12T00:00:00.000","ISSAQUAH HATCHERY","","ISSAQUAH HATCHERY","","0","0","1","0","0","0","Coho","NA","Issaquah Creek","WILD","14","2019","3","true",,,"false","false",,,"0","0","0"
"Adult Mortality Event","","2019-11-12T00:00:00.000","ISSAQUAH HATCHERY","","ISSAQUAH HATCHERY","","0","1","0","0","0","0","Chinook","Fall","Issaquah Creek","HATCHERY","2","2019","3","true",,,"false","false",,,"0","0","0"
"Adult Mortality Event","","2019-11-12T00:00:00.000","ISSAQUAH HATCHERY","","ISSAQUAH HATCHERY","","0","7","15","3","0","0","Coho","NA","Issaquah Creek","HATCHERY","2","2019","4","true",,,"false","false",,,"0","0","0"
"Parent Spawn Event","Lethal","2019-11-12T00:00:00.000","ISSAQUAH HATCHERY","","ISSAQUAH HATCHERY","","0","8","12","0","0","0","Coho","NA","Issaquah Creek","HATCHERY","2","2019","4","true",,,"false","false",,,"0","0","0"
"Parent Spawn Event","Lethal","2019-11-12T00:00:00.000","ISSAQUAH HATCHERY","","ISSAQUAH HATCHERY","","0","133","120","0","7","0","Coho","NA","Issaquah Creek","HATCHERY","2","2019","4","true",,,"false","false",,,"0","0","0"
"EggTake","","2019-11-12T00:00:00.000","ISSAQUAH HATCHERY","","","","0","0","0","0","0","46000","Coho","NA","Issaquah Creek","MIXED",,"2019",,"false",,,"false","false",,,"0","0","0"
"EggTake","","2019-11-12T00:00:00.000","ISSAQUAH HATCHERY","","","","0","0","0","0","0","255000","Coho","NA","Issaquah Creek","HATCHERY",,"2019",,"false",,,"false","false",,,"0","0","0"
"Adult Plant Event","NA","2019-11-14T00:00:00.000","ISSAQUAH HATCHERY","","ISSAQUAH HATCHERY","COAL CR      08.0268","0","191","246","0","0","0","Coho","NA","Issaquah Creek","HATCHERY","2","2019","3","true",,,"false","false",,,"0","0","0"
"Trap Estimate","","2019-11-18T00:00:00.000","ISSAQUAH HATCHERY","","ISSAQUAH HATCHERY","","54","0","0","15","0","0","Coho","NA","Issaquah Creek","HATCHERY",,"2019",,"false",,,"false","false",,,"0","0","0"
"Trap Estimate","","2019-11-18T00:00:00.000","ISSAQUAH HATCHERY","","ISSAQUAH HATCHERY","","4","0","0","3","0","0","Coho","NA","Issaquah Creek","WILD","1200","2019",,"false",,,"false","false",,,"0","0","0"
"Adult Surplus Event","Surplussed","2019-11-19T00:00:00.000","ISSAQUAH HATCHERY","","ISSAQUAH HATCHERY","","0","215","130","23","0","0","Coho","NA","Issaquah Creek","HATCHERY","2","2019","4","true",,,"false","false",,,"0","0","0"
"Adult Mortality Event","","2019-11-19T00:00:00.000","ISSAQUAH HATCHERY","","ISSAQUAH HATCHERY","","0","1","1","0","0","0","Coho","NA","Issaquah Creek","WILD","14","2019","4","true",,,"false","false",,,"0","0","0"
"Parent Spawn Event","Lethal","2019-11-19T00:00:00.000","ISSAQUAH HATCHERY","","ISSAQUAH HATCHERY","","0","15","15","0","0","0","Coho","NA","Issaquah Creek","HATCHERY","2","2019","4","true",,,"false","false",,,"0","0","0"
"Adult Mortality Event","","2019-11-19T00:00:00.000","ISSAQUAH HATCHERY","","ISSAQUAH HATCHERY","","0","33","28","5","0","0","Coho","NA","Issaquah Creek","HATCHERY","2","2019","4","true",,,"false","false",,,"0","0","0"
"Adult Plant Event","Upstream","2019-11-19T00:00:00.000","ISSAQUAH HATCHERY","","ISSAQUAH HATCHERY","ISSAQUAH CR  08.0178","0","7","11","3","0","0","Coho","NA","Issaquah Creek","WILD","14","2019","3","true",,,"false","false",,,"0","0","0"
"EggTake","","2019-11-19T00:00:00.000","ISSAQUAH HATCHERY","","","","0","0","0","0","0","29000","Coho","NA","Issaquah Creek","HATCHERY",,"2019",,"false",,,"false","false",,,"0","0","0"
"Adult Mortality Event","","2019-11-20T00:00:00.000","ISSAQUAH HATCHERY","","ISSAQUAH HATCHERY","","0","22","30","1","0","0","Coho","NA","Issaquah Creek","HATCHERY","2","2019","3","true",,,"false","false",,,"0","0","0"
"Trap Estimate","","2020-09-13T00:00:00.000","ISSAQUAH HATCHERY","","ISSAQUAH HATCHERY","","5","0","0","0","0","0","Chinook","Fall","Issaquah Creek","WILD","1200","2020",,"false",,,"false","false",,,"0","0","0"
"Trap Estimate","","2020-09-13T00:00:00.000","ISSAQUAH HATCHERY","","ISSAQUAH HATCHERY","","200","0","0","10","0","0","Chinook","Fall","Issaquah Creek","HATCHERY",,"2020",,"false",,,"false","false",,,"0","0","0"
"Trap Estimate","","2020-09-15T00:00:00.000","ISSAQUAH HATCHERY","","ISSAQUAH HATCHERY","","400","0","0","20","0","0","Chinook","Fall","Issaquah Creek","HATCHERY",,"2020",,"false",,,"false","false",,,"0","0","0"
"Trap Estimate","","2020-09-15T00:00:00.000","ISSAQUAH HATCHERY","","ISSAQUAH HATCHERY","","2","0","0","0","0","0","Chinook","Fall","Issaquah Creek","WILD","1200","2020",,"false",,,"false","false",,,"0","0","0"
"Adult Mortality Event","","2020-09-16T00:00:00.000","ISSAQUAH HATCHERY","","ISSAQUAH HATCHERY","","0","8","4","0","0","0","Chinook","Fall","Issaquah Creek","HATCHERY","2","2020","3","true",,,"false","false",,,"0","0","0"
"Trap Estimate","","2020-09-21T00:00:00.000","ISSAQUAH HATCHERY","","ISSAQUAH HATCHERY","","10","0","0","1","0","0","Chinook","Fall","Issaquah Creek","WILD",,"2020",,"false",,,"false","false",,,"0","0","0"
"Trap Estimate","","2020-09-21T00:00:00.000","ISSAQUAH HATCHERY","","ISSAQUAH HATCHERY","","200","0","0","18","0","0","Chinook","Fall","Issaquah Creek","HATCHERY",,"2020",,"false",,,"false","false",,,"0","0","0"
"Parent Spawn Event","Lethal","2020-09-22T00:00:00.000","ISSAQUAH HATCHERY","","ISSAQUAH HATCHERY","","0","74","78","0","2","0","Chinook","Fall","Issaquah Creek","HATCHERY","2","2020","4","true",,,"false","false",,,"0","0","0"
"EggTake","","2020-09-22T00:00:00.000","ISSAQUAH HATCHERY","","","","0","0","0","0","0","328000","Chinook","Fall","Issaquah Creek","MIXED",,"2020",,"false",,,"false","false",,,"0","0","0"
"Parent Spawn Event","Lethal","2020-09-22T00:00:00.000","ISSAQUAH HATCHERY","","ISSAQUAH HATCHERY","","0","4","0","0","0","0","Chinook","Fall","Issaquah Creek","WILD","14","2020","4","true",,,"false","false",,,"0","0","0"
"Adult Surplus Event","Surplussed","2020-09-22T00:00:00.000","ISSAQUAH HATCHERY","","ISSAQUAH HATCHERY","","0","428","0","19","0","0","Chinook","Fall","Issaquah Creek","HATCHERY","2","2020","4","true",,,"false","false",,,"0","0","0"
"Adult Surplus Event","Surplussed","2020-09-22T00:00:00.000","ISSAQUAH HATCHERY","","ISSAQUAH HATCHERY","","0","1","0","0","0","0","Chinook","Fall","Issaquah Creek","HATCHERY","2","2020","4","true",,,"true","true",,,"1","0","0"
"Adult Mortality Event","","2020-09-22T00:00:00.000","ISSAQUAH HATCHERY","","ISSAQUAH HATCHERY","","0","8","6","1","0","0","Chinook","Fall","Issaquah Creek","HATCHERY","2","2020","3","true",,,"false","false",,,"0","0","0"
"Trap Estimate","","2020-09-23T00:00:00.000","ISSAQUAH HATCHERY","","ISSAQUAH HATCHERY","","750","0","0","0","0","0","Chinook","Fall","Issaquah Creek","HATCHERY",,"2020",,"false",,,"false","false",,,"0","0","0"
"Trap Estimate","","2020-09-23T00:00:00.000","ISSAQUAH HATCHERY","","ISSAQUAH HATCHERY","","10","0","0","0","0","0","Chinook","Fall","Issaquah Creek","WILD","1200","2020",,"false",,,"false","false",,,"0","0","0"
"Adult Mortality Event","","2020-09-23T00:00:00.000","ISSAQUAH HATCHERY","","ISSAQUAH HATCHERY","","0","31","14","3","0","0","Chinook","Fall","Issaquah Creek","HATCHERY","2","2020","3","true",,,"false","false",,,"0","0","0"
"Trap Estimate","","2020-09-26T00:00:00.000","ISSAQUAH HATCHERY","","ISSAQUAH HATCHERY","","500","0","0","0","0","0","Chinook","Fall","Issaquah Creek","HATCHERY","1200","2020",,"false",,,"false","false",,,"0","0","0"
"Trap Estimate","","2020-09-26T00:00:00.000","ISSAQUAH HATCHERY","","ISSAQUAH HATCHERY","","30","0","0","0","0","0","Coho","NA","Issaquah Creek","HATCHERY",,"2020",,"false",,,"false","false",,,"0","0","0"
"EggTake","","2020-09-29T00:00:00.000","ISSAQUAH HATCHERY","","","","0","0","0","0","0","876480","Chinook","Fall","Issaquah Creek","MIXED",,"2020",,"false",,,"false","false",,,"0","0","0"
"Parent Spawn Event","Lethal","2020-09-29T00:00:00.000","ISSAQUAH HATCHERY","","ISSAQUAH HATCHERY","","0","2","2","0","0","0","Chinook","Fall","Issaquah Creek","HATCHERY","2","2020","4","true",,,"true","true",,,"2","2","0"
"Adult Mortality Event","","2020-09-29T00:00:00.000","ISSAQUAH HATCHERY","","ISSAQUAH HATCHERY","","0","29","15","3","0","0","Chinook","Fall","Issaquah Creek","HATCHERY","2","2020","3","true",,,"false","false",,,"0","0","0"
"Parent Spawn Event","Lethal","2020-09-29T00:00:00.000","ISSAQUAH HATCHERY","","ISSAQUAH HATCHERY","","0","4","5","1","0","0","Chinook","Fall","Issaquah Creek","WILD","14","2020","4","true",,,"false","false",,,"0","0","0"
"Adult Surplus Event","Surplussed","2020-09-29T00:00:00.000","ISSAQUAH HATCHERY","","ISSAQUAH HATCHERY","","0","336","0","3","0","0","Chinook","Fall","Issaquah Creek","HATCHERY","2","2020","4","true",,,"false","false",,,"0","0","0"
"Parent Spawn Event","Lethal","2020-09-29T00:00:00.000","ISSAQUAH HATCHERY","","ISSAQUAH HATCHERY","","0","211","196","0","7","0","Chinook","Fall","Issaquah Creek","HATCHERY","2","2020","4","true",,,"false","false",,,"0","0","0"
"Adult Surplus Event","Surplussed","2020-09-29T00:00:00.000","ISSAQUAH HATCHERY","","ISSAQUAH HATCHERY","","0","4","0","0","0","0","Chinook","Fall","Issaquah Creek","HATCHERY","2","2020","4","true",,,"true","true",,,"4","0","0"
"Adult Mortality Event","","2020-09-30T00:00:00.000","ISSAQUAH HATCHERY","","ISSAQUAH HATCHERY","","0","1","0","0","0","0","Chinook","Fall","Issaquah Creek","WILD","14","2020","3","true",,,"false","false",,,"0","0","0"
"Trap Estimate","","2020-09-30T00:00:00.000","ISSAQUAH HATCHERY","","ISSAQUAH HATCHERY","","100","0","0","0","0","0","Chinook","Fall","Issaquah Creek","HATCHERY",,"2020",,"false",,,"false","false",,,"0","0","0"
"Adult Mortality Event","","2020-09-30T00:00:00.000","ISSAQUAH HATCHERY","","ISSAQUAH HATCHERY","","0","54","24","1","0","0","Chinook","Fall","Issaquah Creek","HATCHERY","2","2020","3","true",,,"false","false",,,"0","0","0"
"Adult Mortality Event","","2020-10-01T00:00:00.000","ISSAQUAH HATCHERY","","ISSAQUAH HATCHERY","","0","1","0","0","0","0","Chinook","Fall","Issaquah Creek","HATCHERY","2","2020","3","true",,,"true","true",,,"1","0","0"
"Adult Mortality Event","","2020-10-04T00:00:00.000","ISSAQUAH HATCHERY","","ISSAQUAH HATCHERY","","0","1","0","0","0","0","Chinook","Fall","Issaquah Creek","HATCHERY","2","2020","3","true",,,"true","true",,,"1","0","0"
"Adult Mortality Event","","2020-10-05T00:00:00.000","ISSAQUAH HATCHERY","","ISSAQUAH HATCHERY","","0","1","0","0","0","0","Chinook","Fall","Issaquah Creek","HATCHERY","2","2020","3","true",,,"true","true",,,"1","0","0"
"EggTake","","2020-10-06T00:00:00.000","ISSAQUAH HATCHERY","","","","0","0","0","0","0","468000","Chinook","Fall","Issaquah Creek","MIXED",,"2020",,"false",,,"false","false",,,"0","0","0"
"Adult Mortality Event","","2020-10-06T00:00:00.000","ISSAQUAH HATCHERY","","ISSAQUAH HATCHERY","","0","49","27","7","0","0","Chinook","Fall","Issaquah Creek","HATCHERY","2","2020","3","true",,,"false","false",,,"0","0","0"
"Parent Spawn Event","Lethal","2020-10-06T00:00:00.000","ISSAQUAH HATCHERY","","ISSAQUAH HATCHERY","","0","3","2","0","0","0","Chinook","Fall","Issaquah Creek","HATCHERY","2","2020","4","true",,,"true","true",,,"3","2","0"
"Parent Spawn Event","Lethal","2020-10-06T00:00:00.000","ISSAQUAH HATCHERY","","ISSAQUAH HATCHERY","","0","131","104","0","0","0","Chinook","Fall","Issaquah Creek","HATCHERY","2","2020","4","true",,,"false","false",,,"0","0","0"
"Parent Spawn Event","Lethal","2020-10-06T00:00:00.000","ISSAQUAH HATCHERY","","ISSAQUAH HATCHERY","","0","3","3","0","0","0","Chinook","Fall","Issaquah Creek","WILD","14","2020","4","true",,,"false","false",,,"0","0","0"
"Adult Mortality Event","","2020-10-07T00:00:00.000","ISSAQUAH HATCHERY","","ISSAQUAH HATCHERY","","0","1","2","0","0","0","Chinook","Fall","Issaquah Creek","WILD","14","2020","3","true",,,"false","false",,,"0","0","0"
"Adult Mortality Event","","2020-10-07T00:00:00.000","ISSAQUAH HATCHERY","","ISSAQUAH HATCHERY","","0","133","85","3","0","0","Chinook","Fall","Issaquah Creek","HATCHERY","2","2020","3","true",,,"false","false",,,"0","0","0"
"Trap Estimate","","2020-10-07T00:00:00.000","ISSAQUAH HATCHERY","","ISSAQUAH HATCHERY","","119","0","0","0","0","0","Chinook","Fall","Issaquah Creek","HATCHERY",,"2020",,"false",,,"false","false",,,"0","0","0"
"Trap Estimate","","2020-10-07T00:00:00.000","ISSAQUAH HATCHERY","","ISSAQUAH HATCHERY","","300","0","0","0","0","0","Coho","NA","Issaquah Creek","HATCHERY",,"2020",,"false",,,"false","false",,,"0","0","0"
"Trap Estimate","","2020-10-12T00:00:00.000","ISSAQUAH HATCHERY","","ISSAQUAH HATCHERY","","7","0","0","0","0","0","Chinook","Fall","Issaquah Creek","WILD",,"2020",,"false",,,"false","false",,,"0","0","0"
"Trap Estimate","","2020-10-12T00:00:00.000","ISSAQUAH HATCHERY","","ISSAQUAH HATCHERY","","600","0","0","100","0","0","Coho","NA","Issaquah Creek","HATCHERY",,"2020",,"false",,,"false","false",,,"0","0","0"
"Adult Mortality Event","","2020-10-13T00:00:00.000","ISSAQUAH HATCHERY","","ISSAQUAH HATCHERY","","0","21","20","3","0","0","Chinook","Fall","Issaquah Creek","HATCHERY","2","2020","3","true",,,"false","false",,,"0","0","0"
"Adult Mortality Event","","2020-10-13T00:00:00.000","ISSAQUAH HATCHERY","","ISSAQUAH HATCHERY","","0","3","0","0","0","0","Chinook","Fall","Issaquah Creek","WILD","14","2020","3","true",,,"false","false",,,"0","0","0"
"Adult Surplus Event","Surplussed","2020-10-13T00:00:00.000","ISSAQUAH HATCHERY","","ISSAQUAH HATCHERY","","0","20","0","0","0","0","Chinook","Fall","Issaquah Creek","HATCHERY","2","2020","4","true",,,"false","false",,,"0","0","0"
"Adult Plant Event","Upstream","2020-10-13T00:00:00.000","ISSAQUAH HATCHERY","","ISSAQUAH HATCHERY","ISSAQUAH CR  08.0178","0","47","4","0","0","0","Chinook","Fall","Issaquah Creek","HATCHERY","2","2020","3","true",,,"false","false",,,"0","0","0"
"Adult Mortality Event","","2020-10-13T00:00:00.000","ISSAQUAH HATCHERY","","ISSAQUAH HATCHERY","","0","24","11","2","0","0","Chinook","Fall","Issaquah Creek","HATCHERY","2","2020","4","true",,,"false","false",,,"0","0","0"
"Parent Spawn Event","Lethal","2020-10-13T00:00:00.000","ISSAQUAH HATCHERY","","ISSAQUAH HATCHERY","","0","18","26","3","1","0","Chinook","Fall","Issaquah Creek","HATCHERY","2","2020","4","true",,,"false","false",,,"0","0","0"
"Parent Spawn Event","Lethal","2020-10-13T00:00:00.000","ISSAQUAH HATCHERY","","ISSAQUAH HATCHERY","","0","6","2","0","0","0","Chinook","Fall","Issaquah Creek","WILD","14","2020","4","true",,,"false","false",,,"0","0","0"
"Parent Spawn Event","Lethal","2020-10-13T00:00:00.000","ISSAQUAH HATCHERY","","ISSAQUAH HATCHERY","","0","1","0","0","1","0","Chinook","Fall","Issaquah Creek","HATCHERY","2","2020","4","true",,,"true","true",,,"1","1","0"
"EggTake","","2020-10-13T00:00:00.000","ISSAQUAH HATCHERY","","","","0","0","0","0","0","126000","Chinook","Fall","Issaquah Creek","MIXED",,"2020",,"false",,,"false","false",,,"0","0","0"
"Adult Mortality Event","","2020-10-14T00:00:00.000","ISSAQUAH HATCHERY","","ISSAQUAH HATCHERY","","0","1","2","1","0","0","Coho","NA","Issaquah Creek","HATCHERY","2","2020","3","true",,,"false","false",,,"0","0","0"
"Trap Estimate","","2020-10-19T00:00:00.000","ISSAQUAH HATCHERY","","ISSAQUAH HATCHERY","","700","0","0","0","0","0","Coho","NA","Issaquah Creek","HATCHERY","1200","2020",,"false",,,"false","false",,,"0","0","0"
"Trap Estimate","","2020-10-19T00:00:00.000","ISSAQUAH HATCHERY","","ISSAQUAH HATCHERY","","27","0","0","0","0","0","Coho","NA","Issaquah Creek","WILD","1200","2020",,"false",,,"false","false",,,"0","0","0"
"Adult Plant Event","Upstream","2020-10-27T00:00:00.000","ISSAQUAH HATCHERY","","ISSAQUAH HATCHERY","ISSAQUAH CR  08.0178","0","309","107","0","0","0","Coho","NA","Issaquah Creek","HATCHERY","2","2020","3","true",,,"false","false",,,"0","0","0"
"Adult Plant Event","Upstream","2020-10-27T00:00:00.000","ISSAQUAH HATCHERY","","ISSAQUAH HATCHERY","ISSAQUAH CR  08.0178","0","3","0","0","0","0","Chinook","Fall","Issaquah Creek","HATCHERY","2","2020","3","true",,,"false","false",,,"0","0","0"
"EggTake","","2020-10-27T00:00:00.000","ISSAQUAH HATCHERY","","","","0","0","0","0","0","248000","Coho","NA","Issaquah Creek","HATCHERY",,"2020",,"false",,,"false","false",,,"0","0","0"
"EggTake","","2020-10-27T00:00:00.000","ISSAQUAH HATCHERY","","","","0","0","0","0","0","10000","Coho","NA","Issaquah Creek","MIXED",,"2020",,"false",,,"false","false",,,"0","0","0"
"Parent Spawn Event","Lethal","2020-10-27T00:00:00.000","ISSAQUAH HATCHERY","","ISSAQUAH HATCHERY","","0","119","115","2","3","0","Coho","NA","Issaquah Creek","HATCHERY","2","2020","4","true",,,"false","false",,,"0","0","0"
"Parent Spawn Event","Lethal","2020-10-27T00:00:00.000","ISSAQUAH HATCHERY","","ISSAQUAH HATCHERY","","0","4","0","0","0","0","Coho","NA","Issaquah Creek","HATCHERY","2","2020","4","true",,,"false","false",,,"0","0","0"
"Parent Spawn Event","Lethal","2020-10-27T00:00:00.000","ISSAQUAH HATCHERY","","ISSAQUAH HATCHERY","","0","0","4","0","0","0","Coho","NA","Issaquah Creek","WILD","14","2020","4","true",,,"false","false",,,"0","0","0"
"Adult Mortality Event","","2020-10-27T00:00:00.000","ISSAQUAH HATCHERY","","ISSAQUAH HATCHERY","","0","1","0","0","0","0","Chinook","Fall","Issaquah Creek","HATCHERY","2","2020","3","true",,,"false","false",,,"0","0","0"
"Adult Mortality Event","","2020-10-27T00:00:00.000","ISSAQUAH HATCHERY","","ISSAQUAH HATCHERY","","0","1","5","0","0","0","Coho","NA","Issaquah Creek","HATCHERY","2","2020","3","true",,,"false","false",,,"0","0","0"
"Adult Plant Event","Upstream","2020-10-27T00:00:00.000","ISSAQUAH HATCHERY","","ISSAQUAH HATCHERY","ISSAQUAH CR  08.0178","0","2","1","0","0","0","Coho","NA","Issaquah Creek","WILD","14","2020","3","true",,,"false","false",,,"0","0","0"
"Adult Mortality Event","","2020-10-28T00:00:00.000","ISSAQUAH HATCHERY","","ISSAQUAH HATCHERY","","0","0","2","0","0","0","Coho","NA","Issaquah Creek","HATCHERY","2","2020","3","true",,,"false","false",,,"0","0","0"
"Trap Estimate","","2020-11-02T00:00:00.000","ISSAQUAH HATCHERY","","ISSAQUAH HATCHERY","","1600","0","0","0","0","0","Coho","NA","Issaquah Creek","HATCHERY",,"2020",,"false",,,"false","false",,,"0","0","0"
"Parent Spawn Event","Lethal","2020-11-03T00:00:00.000","ISSAQUAH HATCHERY","","ISSAQUAH HATCHERY","","0","5","2","0","0","0","Coho","NA","Issaquah Creek","HATCHERY","2","2020","4","true",,,"false","false",,,"0","0","0"
"Adult Plant Event","Upstream","2020-11-03T00:00:00.000","ISSAQUAH HATCHERY","","ISSAQUAH HATCHERY","ISSAQUAH CR  08.0178","0","1074","245","0","0","0","Coho","NA","Issaquah Creek","HATCHERY","2","2020","3","true",,,"false","false",,,"0","0","0"
"Adult Mortality Event","","2020-11-03T00:00:00.000","ISSAQUAH HATCHERY","","ISSAQUAH HATCHERY","","0","3","4","0","0","0","Coho","NA","Issaquah Creek","HATCHERY","2","2020","3","true",,,"false","false",,,"0","0","0"
"EggTake","","2020-11-03T00:00:00.000","ISSAQUAH HATCHERY","","","","0","0","0","0","0","43210","Coho","NA","Issaquah Creek","MIXED",,"2020",,"false",,,"false","false",,,"0","0","0"
"EggTake","","2020-11-03T00:00:00.000","ISSAQUAH HATCHERY","","","","0","0","0","0","0","522000","Coho","NA","Issaquah Creek","HATCHERY",,"2020",,"false",,,"false","false",,,"0","0","0"
"Parent Spawn Event","Lethal","2020-11-03T00:00:00.000","ISSAQUAH HATCHERY","","ISSAQUAH HATCHERY","","0","219","224","5","1","0","Coho","NA","Issaquah Creek","HATCHERY","2","2020","4","true",,,"false","false",,,"0","0","0"
"Parent Spawn Event","Lethal","2020-11-03T00:00:00.000","ISSAQUAH HATCHERY","","ISSAQUAH HATCHERY","","0","2","5","0","0","0","Coho","NA","Issaquah Creek","WILD","14","2020","4","true",,,"false","false",,,"0","0","0"
"Trap Estimate","","2020-11-09T00:00:00.000","ISSAQUAH HATCHERY","","ISSAQUAH HATCHERY","","40","0","0","3","0","0","Coho","NA","Issaquah Creek","WILD","1200","2020",,"false",,,"false","false",,,"0","0","0"
"Trap Estimate","","2020-11-09T00:00:00.000","ISSAQUAH HATCHERY","","ISSAQUAH HATCHERY","","700","0","0","200","0","0","Coho","NA","Issaquah Creek","HATCHERY",,"2020",,"false",,,"false","false",,,"0","0","0"
"Adult Plant Event","Upstream","2020-11-10T00:00:00.000","ISSAQUAH HATCHERY","","ISSAQUAH HATCHERY","ISSAQUAH CR  08.0178","0","606","286","248","0","0","Coho","NA","Issaquah Creek","HATCHERY","2","2020","3","true",,,"false","false",,,"0","0","0"
"Adult Mortality Event","","2020-11-10T00:00:00.000","ISSAQUAH HATCHERY","","ISSAQUAH HATCHERY","","0","26","23","0","0","0","Coho","NA","Issaquah Creek","HATCHERY","2","2020","3","true",,,"false","false",,,"0","0","0"
"Adult Plant Event","Upstream","2020-11-10T00:00:00.000","ISSAQUAH HATCHERY","","ISSAQUAH HATCHERY","ISSAQUAH CR  08.0178","0","18","16","3","0","0","Coho","NA","Issaquah Creek","WILD","14","2020","3","true",,,"false","false",,,"0","0","0"
"Parent Spawn Event","Lethal","2020-11-10T00:00:00.000","ISSAQUAH HATCHERY","","ISSAQUAH HATCHERY","","0","108","91","0","0","0","Coho","NA","Issaquah Creek","HATCHERY","2","2020","4","true",,,"false","false",,,"0","0","0"
"Parent Spawn Event","Lethal","2020-11-10T00:00:00.000","ISSAQUAH HATCHERY","","ISSAQUAH HATCHERY","","0","6","6","0","0","0","Coho","NA","Issaquah Creek","HATCHERY","2","2020","4","true",,,"false","false",,,"0","0","0"
"Parent Spawn Event","Lethal","2020-11-10T00:00:00.000","ISSAQUAH HATCHERY","","ISSAQUAH HATCHERY","","0","6","6","0","0","0","Coho","NA","Issaquah Creek","WILD","14","2020","4","true",,,"false","false",,,"0","0","0"
"EggTake","","2020-11-10T00:00:00.000","ISSAQUAH HATCHERY","","","","0","0","0","0","0","90000","Coho","NA","Issaquah Creek","MIXED",,"2020",,"false",,,"false","false",,,"0","0","0"
"EggTake","","2020-11-10T00:00:00.000","ISSAQUAH HATCHERY","","","","0","0","0","0","0","160000","Coho","NA","Issaquah Creek","HATCHERY",,"2020",,"false",,,"false","false",,,"0","0","0"
"Trap Estimate","","2020-11-15T00:00:00.000","ISSAQUAH HATCHERY","","ISSAQUAH HATCHERY","","155","0","0","29","0","0","Coho","NA","Issaquah Creek","HATCHERY","1200","2020",,"false",,,"false","false",,,"0","0","0"
"Trap Estimate","","2020-11-15T00:00:00.000","ISSAQUAH HATCHERY","","ISSAQUAH HATCHERY","","7","0","0","7","0","0","Coho","NA","Issaquah Creek","WILD",,"2020",,"false",,,"false","false",,,"0","0","0"
"Adult Plant Event","Upstream","2020-11-17T00:00:00.000","ISSAQUAH HATCHERY","","ISSAQUAH HATCHERY","ISSAQUAH CR  08.0178","0","5","7","7","0","0","Coho","NA","Issaquah Creek","WILD","14","2020","4","true",,,"false","false",,,"0","0","0"
"EggTake","","2020-11-17T00:00:00.000","ISSAQUAH HATCHERY","","","","0","0","0","0","0","26244","Coho","NA","Issaquah Creek","HATCHERY",,"2020",,"false",,,"false","false",,,"0","0","0"
"Adult Mortality Event","","2020-11-17T00:00:00.000","ISSAQUAH HATCHERY","","ISSAQUAH HATCHERY","","0","2","0","0","0","0","Coho","NA","Issaquah Creek","WILD","14","2020","4","true",,,"false","false",,,"0","0","0"
"Adult Mortality Event","","2020-11-17T00:00:00.000","ISSAQUAH HATCHERY","","ISSAQUAH HATCHERY","","0","32","29","5","0","0","Coho","NA","Issaquah Creek","HATCHERY","2","2020","4","true",,,"false","false",,,"0","0","0"
"Parent Spawn Event","Lethal","2020-11-17T00:00:00.000","ISSAQUAH HATCHERY","","ISSAQUAH HATCHERY","","0","10","11","0","0","0","Coho","NA","Issaquah Creek","HATCHERY","2","2020","4","true",,,"false","false",,,"0","0","0"
"Adult Plant Event","Upstream","2020-11-17T00:00:00.000","ISSAQUAH HATCHERY","","ISSAQUAH HATCHERY","ISSAQUAH CR  08.0178","0","291","115","68","0","0","Coho","NA","Issaquah Creek","HATCHERY","2","2020","4","true",,,"false","false",,,"0","0","0"
"Trap Estimate","","2021-09-12T00:00:00.000","ISSAQUAH HATCHERY","","ISSAQUAH HATCHERY","","10","0","0","0","0","0","Chinook","Fall","Issaquah Creek","WILD",,"2021",,"false",,,"false","false",,,"0","0","0"
"Trap Estimate","","2021-09-12T00:00:00.000","ISSAQUAH HATCHERY","","ISSAQUAH HATCHERY","","50","0","0","5","0","0","Chinook","Fall","Issaquah Creek","HATCHERY",,"2021",,"false",,,"false","false",,,"0","0","0"
"Trap Estimate","","2021-09-15T00:00:00.000","ISSAQUAH HATCHERY","","ISSAQUAH HATCHERY","","20","0","0","0","0","0","Chinook","Fall","Issaquah Creek","WILD","1200","2021",,"false",,,"false","false",,,"0","0","0"
"Trap Estimate","","2021-09-15T00:00:00.000","ISSAQUAH HATCHERY","","ISSAQUAH HATCHERY","","350","0","0","20","0","0","Chinook","Fall","Issaquah Creek","HATCHERY","1200","2021",,"false",,,"false","false",,,"0","0","0"
"Adult Mortality Event","","2021-09-15T00:00:00.000","ISSAQUAH HATCHERY","","ISSAQUAH HATCHERY","","0","14","3","1","0","0","Chinook","Fall","Issaquah Creek","HATCHERY","2","2021","3","true",,,"false","false",,,"0","0","0"
"Adult Mortality Event","","2021-09-15T00:00:00.000","ISSAQUAH HATCHERY","","ISSAQUAH HATCHERY","","0","1","0","0","0","0","Chinook","Fall","Issaquah Creek","WILD","14","2021","3","true",,,"false","false",,,"0","0","0"
"Trap Estimate","","2021-09-20T00:00:00.000","ISSAQUAH HATCHERY","","ISSAQUAH HATCHERY","","20","0","0","0","0","0","Coho","NA","Issaquah Creek","HATCHERY",,"2021",,"false",,,"false","false",,,"0","0","0"
"Trap Estimate","","2021-09-20T00:00:00.000","ISSAQUAH HATCHERY","","ISSAQUAH HATCHERY","","2000","0","0","0","0","0","Chinook","Fall","Issaquah Creek","HATCHERY",,"2021",,"false",,,"false","false",,,"0","0","0"
"Parent Spawn Event","Lethal","2021-09-21T00:00:00.000","ISSAQUAH HATCHERY","","ISSAQUAH HATCHERY","","0","1","0","0","0","0","Chinook","Fall","Issaquah Creek","WILD","14","2021","4","true",,,"false","false",,,"0","0","0"
"Adult Surplus Event","Surplussed","2021-09-21T00:00:00.000","ISSAQUAH HATCHERY","","ISSAQUAH HATCHERY","","0","274","0","0","0","0","Chinook","Fall","Issaquah Creek","HATCHERY","2","2021","3","true",,,"false","false",,,"0","0","0"
"Parent Spawn Event","Lethal","2021-09-21T00:00:00.000","ISSAQUAH HATCHERY","","ISSAQUAH HATCHERY","","0","45","39","0","0","0","Chinook","Fall","Issaquah Creek","HATCHERY","2","2021","4","true",,,"false","false",,,"0","0","0"
"EggTake","","2021-09-21T00:00:00.000","ISSAQUAH HATCHERY","","","","0","0","0","0","0","179500","Chinook","Fall","Issaquah Creek","MIXED",,"2021",,"false",,,"false","false",,,"0","0","0"
"Adult Mortality Event","","2021-09-22T00:00:00.000","ISSAQUAH HATCHERY","","ISSAQUAH HATCHERY","","0","39","26","4","0","0","Chinook","Fall","Issaquah Creek","HATCHERY","2","2021","3","true",,,"false","false",,,"0","0","0"
"Trap Estimate","","2021-09-27T00:00:00.000","ISSAQUAH HATCHERY","","ISSAQUAH HATCHERY","","300","0","0","200","0","0","Chinook","Fall","Issaquah Creek","HATCHERY",,"2021",,"false",,,"false","false",,,"0","0","0"
"Trap Estimate","","2021-09-27T00:00:00.000","ISSAQUAH HATCHERY","","ISSAQUAH HATCHERY","","15","0","0","0","0","0","Chinook","Fall","Issaquah Creek","WILD",,"2021",,"false",,,"false","false",,,"0","0","0"
"Trap Estimate","","2021-09-27T00:00:00.000","ISSAQUAH HATCHERY","","ISSAQUAH HATCHERY","","200","0","0","0","0","0","Coho","NA","Issaquah Creek","HATCHERY",,"2021",,"false",,,"false","false",,,"0","0","0"
"Adult Mortality Event","","2021-09-27T00:00:00.000","ISSAQUAH HATCHERY","","ISSAQUAH HATCHERY","","0","3","1","0","0","0","Chinook","Fall","Issaquah Creek","WILD","14","2021","3","true",,,"false","false",,,"0","0","0"
"Adult Mortality Event","","2021-09-27T00:00:00.000","ISSAQUAH HATCHERY","","ISSAQUAH HATCHERY","","0","138","111","12","0","0","Chinook","Fall","Issaquah Creek","HATCHERY","2","2021","3","true",,,"false","false",,,"0","0","0"
"Adult Mortality Event","","2021-09-28T00:00:00.000","ISSAQUAH HATCHERY","","ISSAQUAH HATCHERY","","0","44","37","2","0","0","Chinook","Fall","Issaquah Creek","HATCHERY","2","2021","3","true",,,"false","false",,,"0","0","0"
"Parent Spawn Event","Lethal","2021-09-28T00:00:00.000","ISSAQUAH HATCHERY","","ISSAQUAH HATCHERY","","0","247","246","5","8","0","Chinook","Fall","Issaquah Creek","HATCHERY","2","2021","4","true",,,"false","false",,,"0","0","0"
"Parent Spawn Event","Lethal","2021-09-28T00:00:00.000","ISSAQUAH HATCHERY","","ISSAQUAH HATCHERY","","0","1","1","0","0","0","Chinook","Fall","Issaquah Creek","HATCHERY","2","2021","4","true",,,"true","true",,,"1","1","0"
"Parent Spawn Event","Lethal","2021-09-28T00:00:00.000","ISSAQUAH HATCHERY","","ISSAQUAH HATCHERY","","0","18","5","0","0","0","Chinook","Fall","Issaquah Creek","WILD","14","2021","4","true",,,"false","false",,,"0","0","0"
"Adult Plant Event","Upstream","2021-09-28T00:00:00.000","ISSAQUAH HATCHERY","","ISSAQUAH HATCHERY","ISSAQUAH CR  08.0178","0","240","0","60","0","0","Chinook","Fall","Issaquah Creek","HATCHERY","2","2021","3","true",,,"false","false",,,"0","0","0"
"Adult Mortality Event","","2021-09-28T00:00:00.000","ISSAQUAH HATCHERY","","ISSAQUAH HATCHERY","","0","0","1","0","0","0","Chinook","Fall","Issaquah Creek","HATCHERY","14","2021","3","true",,,"true","true",,,"0","1","0"
"Adult Mortality Event","","2021-09-28T00:00:00.000","ISSAQUAH HATCHERY","","ISSAQUAH HATCHERY","","0","1","1","0","0","0","Chinook","Fall","Issaquah Creek","WILD","14","2021","3","true",,,"false","false",,,"0","0","0"
"EggTake","","2021-09-28T00:00:00.000","ISSAQUAH HATCHERY","","","","0","0","0","0","0","1058644","Chinook","Fall","Issaquah Creek","MIXED",,"2021",,"false",,,"false","false",,,"0","0","0"
"Adult Plant Event","Upstream","2021-09-29T00:00:00.000","ISSAQUAH HATCHERY","","ISSAQUAH HATCHERY","ISSAQUAH CR  08.0178","0","283","0","71","0","0","Chinook","Fall","Issaquah Creek","HATCHERY","2","2021","3","true",,,"false","false",,,"0","0","0"
"Adult Mortality Event","","2021-09-29T00:00:00.000","ISSAQUAH HATCHERY","","ISSAQUAH HATCHERY","","0","21","25","6","0","0","Chinook","Fall","Issaquah Creek","HATCHERY","2","2021","3","true",,,"false","false",,,"0","0","0"
"Parent Spawn Event","Lethal","2021-09-29T00:00:00.000","ISSAQUAH HATCHERY","","ISSAQUAH HATCHERY","","0","76","74","0","2","0","Chinook","Fall","Issaquah Creek","HATCHERY","2","2021","4","true",,,"false","false",,,"0","0","0"
"Parent Spawn Event","Lethal","2021-09-29T00:00:00.000","ISSAQUAH HATCHERY","","ISSAQUAH HATCHERY","","0","0","1","0","0","0","Chinook","Fall","Issaquah Creek","HATCHERY","2","2021","4","true",,,"true","true",,,"0","1","0"
"Parent Spawn Event","Lethal","2021-09-29T00:00:00.000","ISSAQUAH HATCHERY","","","","0","3","0","0","0","0","Chinook","Fall","Issaquah Creek","WILD","14","2021","4","true",,,"false","false",,,"0","0","0"
"EggTake","","2021-09-29T00:00:00.000","ISSAQUAH HATCHERY","","","","0","0","0","0","0","308955","Chinook","Fall","Issaquah Creek","MIXED",,"2021",,"false",,,"false","false",,,"0","0","0"
"Adult Mortality Event","","2021-09-29T00:00:00.000","ISSAQUAH HATCHERY","","ISSAQUAH HATCHERY","","0","1","0","0","0","0","Chinook","Fall","Issaquah Creek","HATCHERY","2","2021","3","true",,,"true","true",,,"1","0","0"
"Trap Estimate","","2021-10-04T00:00:00.000","ISSAQUAH HATCHERY","","ISSAQUAH HATCHERY","","15","0","0","0","0","0","Chinook","Fall","Issaquah Creek","WILD",,"2021",,"false",,,"false","false",,,"0","0","0"
"Trap Estimate","","2021-10-04T00:00:00.000","ISSAQUAH HATCHERY","","ISSAQUAH HATCHERY","","500","0","0","0","0","0","Chinook","Fall","Issaquah Creek","HATCHERY","1200","2021",,"false",,,"false","false",,,"0","0","0"
"Trap Estimate","","2021-10-04T00:00:00.000","ISSAQUAH HATCHERY","","ISSAQUAH HATCHERY","","3700","0","0","40","0","0","Coho","NA","Issaquah Creek","HATCHERY",,"2021",,"false",,,"false","false",,,"0","0","0"
"Adult Mortality Event","","2021-10-05T00:00:00.000","ISSAQUAH HATCHERY","","ISSAQUAH HATCHERY","","0","1","0","0","0","0","Chinook","Fall","Issaquah Creek","WILD","14","2021","3","true",,,"false","false",,,"0","0","0"
"Adult Plant Event","Upstream","2021-10-05T00:00:00.000","ISSAQUAH HATCHERY","","","ISSAQUAH CR  08.0178","0","320","406","12","0","0","Coho","NA","Issaquah Creek","HATCHERY","2","2021","3","true",,,"false","false",,,"0","0","0"
"Adult Mortality Event","","2021-10-05T00:00:00.000","ISSAQUAH HATCHERY","","ISSAQUAH HATCHERY","","0","26","21","2","0","0","Chinook","Fall","Issaquah Creek","HATCHERY","2","2021","3","true",,,"false","false",,,"0","0","0"
"Parent Spawn Event","Lethal","2021-10-05T00:00:00.000","ISSAQUAH HATCHERY","","ISSAQUAH HATCHERY","","0","299","286","0","10","0","Chinook","Fall","Issaquah Creek","HATCHERY","2","2021","4","true",,,"false","false",,,"0","0","0"
"Parent Spawn Event","Lethal","2021-10-05T00:00:00.000","ISSAQUAH HATCHERY","","ISSAQUAH HATCHERY","","0","1","6","0","0","0","Chinook","Fall","Issaquah Creek","HATCHERY","2","2021","4","true",,,"true","true",,,"1","6","0"
"Parent Spawn Event","Lethal","2021-10-05T00:00:00.000","ISSAQUAH HATCHERY","","","","0","13","2","0","0","0","Chinook","Fall","Issaquah Creek","WILD","14","2021","4","true",,,"false","false",,,"0","0","0"
"EggTake","","2021-10-05T00:00:00.000","ISSAQUAH HATCHERY","","","","0","0","0","0","0","1271100","Chinook","Fall","Issaquah Creek","MIXED",,"2021",,"false",,,"false","false",,,"0","0","0"
"Adult Mortality Event","","2021-10-06T00:00:00.000","ISSAQUAH HATCHERY","","ISSAQUAH HATCHERY","","0","1","6","0","0","0","Coho","NA","Issaquah Creek","HATCHERY","2","2021","3","true",,,"false","false",,,"0","0","0"
"Adult Plant Event","Upstream","2021-10-06T00:00:00.000","ISSAQUAH HATCHERY","","ISSAQUAH HATCHERY","ISSAQUAH CR  08.0178","0","346","364","15","0","0","Coho","NA","Issaquah Creek","HATCHERY","2","2021","3","true",,,"false","false",,,"0","0","0"
"Adult Mortality Event","","2021-10-06T00:00:00.000","ISSAQUAH HATCHERY","","ISSAQUAH HATCHERY","","0","2","0","0","0","0","Chinook","Fall","Issaquah Creek","WILD","14","2021","3","true",,,"false","false",,,"0","0","0"
"Adult Mortality Event","","2021-10-06T00:00:00.000","ISSAQUAH HATCHERY","","ISSAQUAH HATCHERY","","0","224","113","23","0","0","Chinook","Fall","Issaquah Creek","HATCHERY","2","2021","3","true",,,"false","false",,,"0","0","0"
"Trap Estimate","","2021-10-11T00:00:00.000","ISSAQUAH HATCHERY","","ISSAQUAH HATCHERY","","15","0","0","2","0","0","Chinook","Fall","Issaquah Creek","WILD",,"2021",,"false",,,"false","false",,,"0","0","0"
"Trap Estimate","","2021-10-11T00:00:00.000","ISSAQUAH HATCHERY","","ISSAQUAH HATCHERY","","324","0","0","17","0","0","Chinook","Fall","Issaquah Creek","HATCHERY",,"2021",,"false",,,"false","false",,,"0","0","0"
"Adult Plant Event","Upstream","2021-10-12T00:00:00.000","ISSAQUAH HATCHERY","","ISSAQUAH HATCHERY","ISSAQUAH CR  08.0178","0","1","2","0","0","0","Chinook","Fall","Issaquah Creek","WILD","14","2021","3","true",,,"false","false",,,"0","0","0"
"Trap Estimate","","2021-10-12T00:00:00.000","ISSAQUAH HATCHERY","","ISSAQUAH HATCHERY","","132","0","0","9","0","0","Chinook","Fall","Issaquah Creek","HATCHERY",,"2021",,"false",,,"false","false",,,"0","0","0"
"Trap Estimate","","2021-10-12T00:00:00.000","ISSAQUAH HATCHERY","","ISSAQUAH HATCHERY","","3","0","0","0","0","0","Chinook","Fall","Issaquah Creek","WILD","1200","2021",,"false",,,"false","false",,,"0","0","0"
"Trap Estimate","","2021-10-12T00:00:00.000","ISSAQUAH HATCHERY","","ISSAQUAH HATCHERY","","300","0","0","0","0","0","Coho","NA","Issaquah Creek","WILD","1200","2021",,"false",,,"false","false",,,"0","0","0"
"Parent Spawn Event","Lethal","2021-10-12T00:00:00.000","ISSAQUAH HATCHERY","","ISSAQUAH HATCHERY","","0","90","97","0","4","0","Chinook","Fall","Issaquah Creek","HATCHERY","2","2021","4","true",,,"false","false",,,"0","0","0"
"Parent Spawn Event","Lethal","2021-10-12T00:00:00.000","ISSAQUAH HATCHERY","","ISSAQUAH HATCHERY","","0","16","2","2","0","0","Chinook","Fall","Issaquah Creek","WILD","14","2021","4","true",,,"false","false",,,"0","0","0"
"Adult Mortality Event","","2021-10-12T00:00:00.000","ISSAQUAH HATCHERY","","ISSAQUAH HATCHERY","","0","1","1","0","0","0","Chinook","Fall","Issaquah Creek","WILD","14","2021","3","true",,,"false","false",,,"0","0","0"
"Adult Mortality Event","","2021-10-12T00:00:00.000","ISSAQUAH HATCHERY","","ISSAQUAH HATCHERY","","0","0","1","0","0","0","Coho","NA","Issaquah Creek","HATCHERY","2","2021","3","true",,,"false","false",,,"0","0","0"
"Adult Mortality Event","","2021-10-12T00:00:00.000","ISSAQUAH HATCHERY","","ISSAQUAH HATCHERY","","0","1","0","0","0","0","Chinook","Fall","Issaquah Creek","HATCHERY","2","2021","3","true",,,"true","true",,,"1","0","0"
"Adult Mortality Event","","2021-10-12T00:00:00.000","ISSAQUAH HATCHERY","","ISSAQUAH HATCHERY","","0","36","10","9","0","0","Chinook","Fall","Issaquah Creek","HATCHERY","2","2021","3","true",,,"false","false",,,"0","0","0"
"Adult Surplus Event","Surplussed","2021-10-12T00:00:00.000","ISSAQUAH HATCHERY","","ISSAQUAH HATCHERY","","0","266","0","47","0","0","Chinook","Fall","Issaquah Creek","HATCHERY","2","2021","3","true",,,"false","false",,,"0","0","0"
"Adult Plant Event","Upstream","2021-10-12T00:00:00.000","ISSAQUAH HATCHERY","","ISSAQUAH HATCHERY","ISSAQUAH CR  08.0178","0","25","12","0","0","0","Chinook","Fall","Issaquah Creek","HATCHERY","2","2021","3","true",,,"false","false",,,"0","0","0"
"EggTake","","2021-10-12T00:00:00.000","ISSAQUAH HATCHERY","","","","0","0","0","0","0","373000","Chinook","Fall","Issaquah Creek","MIXED",,"2021",,"false",,,"false","false",,,"0","0","0"
"Adult Mortality Event","","2021-10-13T00:00:00.000","ISSAQUAH HATCHERY","","ISSAQUAH HATCHERY","","0","3","0","0","0","0","Chinook","Fall","Issaquah Creek","WILD","14","2021","3","true",,,"false","false",,,"0","0","0"
"Adult Mortality Event","","2021-10-13T00:00:00.000","ISSAQUAH HATCHERY","","ISSAQUAH HATCHERY","","0","0","1","0","0","0","Coho","NA","Issaquah Creek","WILD","14","2021","3","true",,,"false","false",,,"0","0","0"
"Adult Mortality Event","","2021-10-13T00:00:00.000","ISSAQUAH HATCHERY","","ISSAQUAH HATCHERY","","0","2","6","0","0","0","Coho","NA","Issaquah Creek","HATCHERY","2","2021","3","true",,,"false","false",,,"0","0","0"
"Adult Mortality Event","","2021-10-13T00:00:00.000","ISSAQUAH HATCHERY","","ISSAQUAH HATCHERY","","0","113","19","9","0","0","Chinook","Fall","Issaquah Creek","HATCHERY","2","2021","3","true",,,"false","false",,,"0","0","0"
"Trap Estimate","","2021-10-18T00:00:00.000","ISSAQUAH HATCHERY","","ISSAQUAH HATCHERY","","5","0","0","1","0","0","Chinook","Fall","Issaquah Creek","WILD",,"2021",,"false",,,"false","false",,,"0","0","0"
"Trap Estimate","","2021-10-18T00:00:00.000","ISSAQUAH HATCHERY","","ISSAQUAH HATCHERY","","0","0","0","1","0","0","Coho","NA","Issaquah Creek","WILD","1200","2021",,"false",,,"false","false",,,"0","0","0"
"Trap Estimate","","2021-10-18T00:00:00.000","ISSAQUAH HATCHERY","","ISSAQUAH HATCHERY","","150","0","0","21","0","0","Chinook","Fall","Issaquah Creek","HATCHERY","1200","2021",,"false",,,"false","false",,,"0","0","0"
"Adult Mortality Event","","2021-10-20T00:00:00.000","ISSAQUAH HATCHERY","","ISSAQUAH HATCHERY","","0","145","5","21","0","0","Chinook","Fall","Issaquah Creek","HATCHERY","2","2021","3","true",,,"false","false",,,"0","0","0"
"Adult Mortality Event","","2021-10-20T00:00:00.000","ISSAQUAH HATCHERY","","ISSAQUAH HATCHERY","","0","0","1","1","0","0","Coho","NA","Issaquah Creek","WILD","14","2021","3","true",,,"false","false",,,"0","0","0"
"Adult Mortality Event","","2021-10-20T00:00:00.000","ISSAQUAH HATCHERY","","ISSAQUAH HATCHERY","","0","13","24","3","0","0","Coho","NA","Issaquah Creek","HATCHERY","2","2021","3","true",,,"false","false",,,"0","0","0"
"Adult Mortality Event","","2021-10-20T00:00:00.000","ISSAQUAH HATCHERY","","ISSAQUAH HATCHERY","","0","4","1","1","0","0","Chinook","Fall","Issaquah Creek","WILD","14","2021","3","true",,,"false","false",,,"0","0","0"
"Trap Estimate","","2021-10-25T00:00:00.000","ISSAQUAH HATCHERY","","ISSAQUAH HATCHERY","","1","0","0","1","0","0","Chinook","Fall","Issaquah Creek","WILD",,"2021",,"false",,,"false","false",,,"0","0","0"
"Trap Estimate","","2021-10-25T00:00:00.000","ISSAQUAH HATCHERY","","ISSAQUAH HATCHERY","","2000","0","0","50","0","0","Coho","NA","Issaquah Creek","HATCHERY",,"2021",,"false",,,"false","false",,,"0","0","0"
"Trap Estimate","","2021-10-25T00:00:00.000","ISSAQUAH HATCHERY","","ISSAQUAH HATCHERY","","110","0","0","1","0","0","Chinook","Fall","Issaquah Creek","HATCHERY",,"2021",,"false",,,"false","false",,,"0","0","0"
"Parent Spawn Event","Lethal","2021-10-26T00:00:00.000","ISSAQUAH HATCHERY","","ISSAQUAH HATCHERY","","0","3","0","0","0","0","Coho","NA","Issaquah Creek","WILD","14","2021","4","true",,,"false","false",,,"0","0","0"
"Parent Spawn Event","Lethal","2021-10-26T00:00:00.000","ISSAQUAH HATCHERY","","ISSAQUAH HATCHERY","","0","61","50","0","8","0","Coho","NA","Issaquah Creek","HATCHERY","2","2021","4","true",,,"false","false",,,"0","0","0"
"EggTake","","2021-10-26T00:00:00.000","ISSAQUAH HATCHERY","","","","0","0","0","0","0","120000","Coho","NA","Issaquah Creek","HATCHERY",,"2021",,"false",,,"false","false",,,"0","0","0"
"EggTake","","2021-10-26T00:00:00.000","ISSAQUAH HATCHERY","","","","0","0","0","0","0","26787","Coho","NA","Issaquah Creek","MIXED",,"2021",,"false",,,"false","false",,,"0","0","0"
"Adult Surplus Event","Surplussed","2021-10-26T00:00:00.000","ISSAQUAH HATCHERY","","ISSAQUAH HATCHERY","","0","130","126","12","0","0","Coho","NA","Issaquah Creek","HATCHERY","2","2021","4","true",,,"false","false",,,"0","0","0"
"Adult Plant Event","Upstream","2021-10-26T00:00:00.000","ISSAQUAH HATCHERY","","ISSAQUAH HATCHERY","ISSAQUAH CR  08.0178","0","376","463","35","0","0","Coho","NA","Issaquah Creek","HATCHERY","2","2021","3","true",,,"false","false",,,"0","0","0"
"Adult Plant Event","Upstream","2021-10-26T00:00:00.000","ISSAQUAH HATCHERY","","ISSAQUAH HATCHERY","ISSAQUAH CR  08.0178","0","1","1","0","0","0","Coho","NA","Issaquah Creek","WILD","14","2021","3","true",,,"false","false",,,"0","0","0"
"Parent Spawn Event","Lethal","2021-10-26T00:00:00.000","ISSAQUAH HATCHERY","","ISSAQUAH HATCHERY","","0","7","10","0","0","0","Coho","NA","Issaquah Creek","HATCHERY","2","2021","4","true",,,"false","false",,,"0","0","0"
"Adult Mortality Event","","2021-10-27T00:00:00.000","ISSAQUAH HATCHERY","","ISSAQUAH HATCHERY","","0","1","0","1","0","0","Chinook","Fall","Issaquah Creek","WILD","14","2021","3","true",,,"false","false",,,"0","0","0"
"Adult Mortality Event","","2021-10-27T00:00:00.000","ISSAQUAH HATCHERY","","ISSAQUAH HATCHERY","","0","103","7","1","0","0","Chinook","Fall","Issaquah Creek","HATCHERY","2","2021","3","true",,,"false","false",,,"0","0","0"
"Adult Mortality Event","","2021-10-27T00:00:00.000","ISSAQUAH HATCHERY","","ISSAQUAH HATCHERY","","0","9","48","0","0","0","Coho","NA","Issaquah Creek","HATCHERY","2","2021","3","true",,,"false","false",,,"0","0","0"
"Adult Mortality Event","","2021-10-27T00:00:00.000","ISSAQUAH HATCHERY","","ISSAQUAH HATCHERY","","0","2","1","0","0","0","Coho","NA","Issaquah Creek","WILD","14","2021","3","true",,,"false","false",,,"0","0","0"
"Trap Estimate","","2021-11-01T00:00:00.000","ISSAQUAH HATCHERY","","ISSAQUAH HATCHERY","","2500","0","0","0","0","0","Coho","NA","Issaquah Creek","HATCHERY","1200","2021",,"false",,,"false","false",,,"0","0","0"
"Trap Estimate","","2021-11-01T00:00:00.000","ISSAQUAH HATCHERY","","ISSAQUAH HATCHERY","","24","0","0","1","0","0","Chinook","Fall","Issaquah Creek","HATCHERY","1200","2021",,"false",,,"false","false",,,"0","0","0"
"Parent Spawn Event","Lethal","2021-11-02T00:00:00.000","ISSAQUAH HATCHERY","","ISSAQUAH HATCHERY","","0","11","20","0","0","0","Coho","NA","Issaquah Creek","HATCHERY","2","2021","4","true",,,"false","false",,,"0","0","0"
"Adult Surplus Event","Surplussed","2021-11-02T00:00:00.000","ISSAQUAH HATCHERY","","","","0","373","379","0","0","0","Coho","NA","Issaquah Creek","HATCHERY","2","2021","4","true",,,"false","false",,,"0","0","0"
"Parent Spawn Event","Lethal","2021-11-02T00:00:00.000","ISSAQUAH HATCHERY","","ISSAQUAH HATCHERY","","0","9","0","0","0","0","Coho","NA","Issaquah Creek","WILD","14","2021","4","true",,,"false","false",,,"0","0","0"
"Adult Mortality Event","","2021-11-02T00:00:00.000","ISSAQUAH HATCHERY","","ISSAQUAH HATCHERY","","0","20","23","3","0","0","Coho","NA","Issaquah Creek","HATCHERY","2","2021","3","true",,,"false","false",,,"0","0","0"
"EggTake","","2021-11-02T00:00:00.000","ISSAQUAH HATCHERY","","","","0","0","0","0","0","391551","Coho","NA","Issaquah Creek","HATCHERY",,"2021",,"false",,,"false","false",,,"0","0","0"
"EggTake","","2021-11-02T00:00:00.000","ISSAQUAH HATCHERY","","","","0","0","0","0","0","48272","Coho","NA","Issaquah Creek","MIXED",,"2021",,"false",,,"false","false",,,"0","0","0"
"Parent Spawn Event","Lethal","2021-11-02T00:00:00.000","ISSAQUAH HATCHERY","","ISSAQUAH HATCHERY","","0","170","156","2","2","0","Coho","NA","Issaquah Creek","HATCHERY","2","2021","4","true",,,"false","false",,,"0","0","0"
"Adult Plant Event","NA","2021-11-03T00:00:00.000","ISSAQUAH HATCHERY","","ISSAQUAH HATCHERY","COAL CR      08.0268","0","335","263","0","0","0","Coho","NA","Issaquah Creek","HATCHERY","2","2021","3","true",,,"false","false",,,"0","0","0"
"Trap Estimate","","2021-11-08T00:00:00.000","ISSAQUAH HATCHERY","","ISSAQUAH HATCHERY","","124","0","0","134","0","0","Coho","NA","Issaquah Creek","HATCHERY","1200","2021",,"false",,,"false","false",,,"0","0","0"
"Trap Estimate","","2021-11-08T00:00:00.000","ISSAQUAH HATCHERY","","ISSAQUAH HATCHERY","","9","0","0","0","0","0","Chinook","Fall","Issaquah Creek","HATCHERY","1200","2021",,"false",,,"false","false",,,"0","0","0"
"Trap Estimate","","2021-11-08T00:00:00.000","ISSAQUAH HATCHERY","","ISSAQUAH HATCHERY","","188","0","0","0","0","0","Coho","NA","Issaquah Creek","WILD","1200","2021",,"false",,,"false","false",,,"0","0","0"
"Adult Mortality Event","","2021-11-09T00:00:00.000","ISSAQUAH HATCHERY","","ISSAQUAH HATCHERY","","0","17","7","1","0","0","Chinook","Fall","Issaquah Creek","HATCHERY","2","2021","3","true",,,"false","false",,,"0","0","0"
"EggTake","","2021-11-09T00:00:00.000","ISSAQUAH HATCHERY","","","","0","0","0","0","0","304835","Coho","NA","Issaquah Creek","HATCHERY",,"2021",,"false",,,"false","false",,,"0","0","0"
"EggTake","","2021-11-09T00:00:00.000","ISSAQUAH HATCHERY","","","","0","0","0","0","0","102491","Coho","NA","Issaquah Creek","MIXED",,"2021",,"false",,,"false","false",,,"0","0","0"
"Parent Spawn Event","Lethal","2021-11-09T00:00:00.000","ISSAQUAH HATCHERY","","ISSAQUAH HATCHERY","","0","127","158","3","2","0","Coho","NA","Issaquah Creek","HATCHERY","2","2021","4","true",,,"false","false",,,"0","0","0"
"Parent Spawn Event","Lethal","2021-11-09T00:00:00.000","ISSAQUAH HATCHERY","","ISSAQUAH HATCHERY","","0","26","8","0","0","0","Coho","NA","Issaquah Creek","HATCHERY","2","2021","4","true",,,"false","false",,,"0","0","0"
"Parent Spawn Event","Lethal","2021-11-09T00:00:00.000","ISSAQUAH HATCHERY","","ISSAQUAH HATCHERY","","0","26","8","0","0","0","Coho","NA","Issaquah Creek","WILD","14","2021","4","true",,,"false","false",,,"0","0","0"
"Adult Plant Event","Upstream","2021-11-09T00:00:00.000","ISSAQUAH HATCHERY","","ISSAQUAH HATCHERY","ISSAQUAH CR  08.0178","0","39","62","0","0","0","Coho","NA","Issaquah Creek","WILD","14","2021","3","true",,,"false","false",,,"0","0","0"
"Adult Surplus Event","Surplussed","2021-11-09T00:00:00.000","ISSAQUAH HATCHERY","","ISSAQUAH HATCHERY","","0","387","518","23","0","0","Coho","NA","Issaquah Creek","HATCHERY","2","2021","3","true",,,"false","false",,,"0","0","0"
"Adult Mortality Event","","2021-11-09T00:00:00.000","ISSAQUAH HATCHERY","","ISSAQUAH HATCHERY","","0","67","118","1","0","0","Coho","NA","Issaquah Creek","HATCHERY","2","2021","3","true",,,"false","false",,,"0","0","0"
"Adult Mortality Event","","2021-11-09T00:00:00.000","ISSAQUAH HATCHERY","","ISSAQUAH HATCHERY","","0","6","3","0","0","0","Chinook","Fall","Issaquah Creek","HATCHERY","2","2021","3","true",,,"false","false",,,"0","0","0"
"Trap Estimate","","2021-11-15T00:00:00.000","ISSAQUAH HATCHERY","","ISSAQUAH HATCHERY","","4","0","0","0","0","0","Chinook","Fall","Issaquah Creek","HATCHERY","1200","2021",,"false",,,"false","false",,,"0","0","0"
"Trap Estimate","","2021-11-15T00:00:00.000","ISSAQUAH HATCHERY","","ISSAQUAH HATCHERY","","255","0","0","0","0","0","Coho","NA","Issaquah Creek","HATCHERY","1200","2021",,"false",,,"false","false",,,"0","0","0"
"Trap Estimate","","2021-11-15T00:00:00.000","ISSAQUAH HATCHERY","","ISSAQUAH HATCHERY","","2","0","0","0","0","0","Coho","NA","Issaquah Creek","WILD","1200","2021",,"false",,,"false","false",,,"0","0","0"
"Adult Plant Event","Upstream","2021-11-16T00:00:00.000","ISSAQUAH HATCHERY","","ISSAQUAH HATCHERY","ISSAQUAH CR  08.0178","0","1068","1204","100","0","0","Coho","NA","Issaquah Creek","HATCHERY","2","2021","3","true",,,"false","false",,,"0","0","0"
"Adult Mortality Event","","2021-11-16T00:00:00.000","ISSAQUAH HATCHERY","","ISSAQUAH HATCHERY","","0","1","5","0","0","0","Coho","NA","Issaquah Creek","WILD","14","2021","4","true",,,"false","false",,,"0","0","0"
"Adult Plant Event","Upstream","2021-11-16T00:00:00.000","ISSAQUAH HATCHERY","","ISSAQUAH HATCHERY","ISSAQUAH CR  08.0178","0","154","174","0","0","0","Coho","NA","Issaquah Creek","WILD","14","2021","3","true",,,"false","false",,,"0","0","0"
"Parent Spawn Event","Lethal","2021-11-16T00:00:00.000","ISSAQUAH HATCHERY","","ISSAQUAH HATCHERY","","0","9","10","2","0","0","Coho","NA","Issaquah Creek","HATCHERY","2","2021","4","true",,,"false","false",,,"0","0","0"
"EggTake","","2021-11-16T00:00:00.000","ISSAQUAH HATCHERY","","","","0","0","0","0","0","23486","Coho","NA","Issaquah Creek","HATCHERY",,"2021",,"false",,,"false","false",,,"0","0","0"
"Adult Mortality Event","","2021-11-16T00:00:00.000","ISSAQUAH HATCHERY","","ISSAQUAH HATCHERY","","0","126","187","13","0","0","Coho","NA","Issaquah Creek","HATCHERY","2","2021","4","true",,,"false","false",,,"0","0","0"
"Adult Mortality Event","","2021-11-17T00:00:00.000","ISSAQUAH HATCHERY","","ISSAQUAH HATCHERY","","0","2","0","0","0","0","Coho","NA","Issaquah Creek","WILD","14","2021","3","true",,,"false","false",,,"0","0","0"
"Adult Plant Event","Upstream","2021-11-17T00:00:00.000","ISSAQUAH HATCHERY","","ISSAQUAH HATCHERY","ISSAQUAH CR  08.0178","0","120","80","0","0","0","Coho","NA","Issaquah Creek","HATCHERY","2","2021","3","true",,,"false","false",,,"0","0","0"
"Adult Mortality Event","","2021-11-17T00:00:00.000","ISSAQUAH HATCHERY","","ISSAQUAH HATCHERY","","0","30","25","0","0","0","Coho","NA","Issaquah Creek","HATCHERY","2","2021","3","true",,,"false","false",,,"0","0","0"
"Adult Mortality Event","","2021-11-17T00:00:00.000","ISSAQUAH HATCHERY","","ISSAQUAH HATCHERY","","0","4","0","0","0","0","Chinook","Fall","Issaquah Creek","HATCHERY","2","2021","3","true",,,"false","false",,,"0","0","0"
"Trap Estimate","","2022-09-14T00:00:00.000","ISSAQUAH HATCHERY","","ISSAQUAH HATCHERY","","750","0","0","45","0","0","Chinook","Fall","Issaquah Creek","HATCHERY","1200","2022",,"false",,,"false","false",,,"0","0","0"
"Trap Estimate","","2022-09-14T00:00:00.000","ISSAQUAH HATCHERY","","ISSAQUAH HATCHERY","","15","0","0","0","0","0","Chinook","Fall","Issaquah Creek","WILD","1200","2022",,"false",,,"false","false",,,"0","0","0"
"Adult Mortality Event","","2022-09-14T00:00:00.000","ISSAQUAH HATCHERY","","ISSAQUAH HATCHERY","","0","2","0","1","0","0","Chinook","Fall","Issaquah Creek","HATCHERY","2","2022","3","true",,,"false","false",,,"0","0","0"
"Adult Mortality Event","","2022-09-21T00:00:00.000","ISSAQUAH HATCHERY","","ISSAQUAH HATCHERY","","0","18","15","0","0","0","Chinook","Fall","Issaquah Creek","HATCHERY","2","2022","3","true",,,"false","false",,,"0","0","0"
"Trap Estimate","","2022-09-21T00:00:00.000","ISSAQUAH HATCHERY","","ISSAQUAH HATCHERY","","450","0","0","20","0","0","Chinook","Fall","Issaquah Creek","HATCHERY","1200","2022",,"false",,,"false","false",,,"0","0","0"
"Trap Estimate","","2022-09-21T00:00:00.000","ISSAQUAH HATCHERY","","ISSAQUAH HATCHERY","","20","0","0","0","0","0","Chinook","Fall","Issaquah Creek","WILD","1200","2022",,"false",,,"false","false",,,"0","0","0"
"Adult Mortality Event","","2022-09-21T00:00:00.000","ISSAQUAH HATCHERY","","ISSAQUAH HATCHERY","","0","3","0","0","0","0","Chinook","Fall","Issaquah Creek","WILD","14","2022","3","true",,,"false","false",,,"0","0","0"
"Trap Estimate","","2022-09-26T00:00:00.000","ISSAQUAH HATCHERY","","ISSAQUAH HATCHERY","","45","0","0","0","0","0","Chinook","Fall","Issaquah Creek","WILD","1200","2022",,"false",,,"false","false",,,"0","0","0"
"Trap Estimate","","2022-09-26T00:00:00.000","ISSAQUAH HATCHERY","","ISSAQUAH HATCHERY","","500","0","0","30","0","0","Chinook","Fall","Issaquah Creek","HATCHERY","1200","2022",,"false",,,"false","false",,,"0","0","0"
"Adult Plant Event","Upstream","2022-09-27T00:00:00.000","ISSAQUAH HATCHERY","","ISSAQUAH HATCHERY","ISSAQUAH CR  08.0178","0","35","9","0","0","0","Chinook","Fall","Issaquah Creek","WILD","14","2022","3","true",,,"false","false",,,"0","0","0"
"Parent Spawn Event","Lethal","2022-09-27T00:00:00.000","ISSAQUAH HATCHERY","","ISSAQUAH HATCHERY","","0","108","98","1","6","0","Chinook","Fall","Issaquah Creek","HATCHERY","2","2022","4","true",,,"false","false",,,"0","0","0"
"Adult Surplus Event","Surplussed","2022-09-27T00:00:00.000","ISSAQUAH HATCHERY","","ISSAQUAH HATCHERY","","0","101","0","0","0","0","Chinook","Fall","Issaquah Creek","HATCHERY","2","2022","4","true",,,"false","false",,,"0","0","0"
"Adult Surplus Event","Surplussed","2022-09-27T00:00:00.000","ISSAQUAH HATCHERY","","ISSAQUAH HATCHERY","","0","0","0","2","0","0","Chinook","Fall","Issaquah Creek","HATCHERY","2","2022","4","true",,,"true","true",,,"0","0","2"
"EggTake","","2022-09-27T00:00:00.000","ISSAQUAH HATCHERY","","","","0","0","0","0","0","421000","Chinook","Fall","Issaquah Creek","HATCHERY",,"2022",,"false",,,"false","false",,,"0","0","0"
"Adult Surplus Event","Surplussed","2022-09-28T00:00:00.000","ISSAQUAH HATCHERY","","ISSAQUAH HATCHERY","","0","100","0","0","0","0","Chinook","Fall","Issaquah Creek","HATCHERY","2","2022","4","true",,,"false","false",,,"0","0","0"
"Adult Mortality Event","","2022-09-28T00:00:00.000","ISSAQUAH HATCHERY","","ISSAQUAH HATCHERY","","0","2","0","0","0","0","Chinook","Fall","Issaquah Creek","WILD","14","2022","3","true",,,"false","false",,,"0","0","0"
"Parent Spawn Event","Lethal","2022-09-28T00:00:00.000","ISSAQUAH HATCHERY","","ISSAQUAH HATCHERY","","0","136","130","4","2","0","Chinook","Fall","Issaquah Creek","HATCHERY","2","2022","4","true",,,"false","false",,,"0","0","0"
"EggTake","","2022-09-28T00:00:00.000","ISSAQUAH HATCHERY","","","","0","0","0","0","0","627600","Chinook","Fall","Issaquah Creek","HATCHERY",,"2022",,"false",,,"false","false",,,"0","0","0"
"Adult Mortality Event","","2022-09-28T00:00:00.000","ISSAQUAH HATCHERY","","ISSAQUAH HATCHERY","","0","21","8","5","0","0","Chinook","Fall","Issaquah Creek","HATCHERY","2","2022","3","true",,,"false","false",,,"0","0","0"
"Adult Surplus Event","Surplussed","2022-09-28T00:00:00.000","ISSAQUAH HATCHERY","","ISSAQUAH HATCHERY","","0","0","0","1","0","0","Chinook","Fall","Issaquah Creek","HATCHERY","2","2022","4","true",,,"true","true",,,"0","0","1"
"Adult Mortality Event","","2022-09-28T00:00:00.000","ISSAQUAH HATCHERY","","ISSAQUAH HATCHERY","","0","9","18","1","0","0","Chinook","Fall","Issaquah Creek","HATCHERY","2","2022","3","true",,,"false","false",,,"0","0","0"
"Adult Plant Event","Upstream","2022-09-28T00:00:00.000","ISSAQUAH HATCHERY","","ISSAQUAH HATCHERY","ISSAQUAH CR  08.0178","0","14","7","0","0","0","Chinook","Fall","Issaquah Creek","WILD","14","2022","3","true",,,"false","false",,,"0","0","0"
"Trap Estimate","","2022-10-03T00:00:00.000","ISSAQUAH HATCHERY","","ISSAQUAH HATCHERY","","30","0","0","0","0","0","Chinook","Fall","Issaquah Creek","WILD","1200","2022",,"false",,,"false","false",,,"0","0","0"
"Trap Estimate","","2022-10-03T00:00:00.000","ISSAQUAH HATCHERY","","ISSAQUAH HATCHERY","","2500","0","0","100","0","0","Chinook","Fall","Issaquah Creek","HATCHERY","1200","2022",,"false",,,"false","false",,,"0","0","0"
"Adult Plant Event","Upstream","2022-10-04T00:00:00.000","ISSAQUAH HATCHERY","","ISSAQUAH HATCHERY","ISSAQUAH CR  08.0178","0","12","6","0","0","0","Chinook","Fall","Issaquah Creek","WILD","14","2022","3","true",,,"false","false",,,"0","0","0"
"Adult Surplus Event","Surplussed","2022-10-04T00:00:00.000","ISSAQUAH HATCHERY","","ISSAQUAH HATCHERY","","0","384","0","86","0","0","Chinook","Fall","Issaquah Creek","HATCHERY","2","2022","2","true",,,"false","false",,,"0","0","0"
"EggTake","","2022-10-04T00:00:00.000","ISSAQUAH HATCHERY","","","","0","0","0","0","0","965300","Chinook","Fall","Issaquah Creek","HATCHERY",,"2022",,"false",,,"false","false",,,"0","0","0"
"Adult Mortality Event","","2022-10-04T00:00:00.000","ISSAQUAH HATCHERY","","","","0","44","25","0","0","0","Chinook","Fall","Issaquah Creek","HATCHERY","2","2022","3","true",,,"false","false",,,"0","0","0"
"Parent Spawn Event","Lethal","2022-10-04T00:00:00.000","ISSAQUAH HATCHERY","","ISSAQUAH HATCHERY","","0","246","243","6","8","0","Chinook","Fall","Issaquah Creek","HATCHERY","2","2022","4","true",,,"false","false",,,"0","0","0"
"Adult Mortality Event","","2022-10-05T00:00:00.000","ISSAQUAH HATCHERY","","","","0","1","0","0","0","0","Chinook","Fall","Issaquah Creek","WILD","14","2022","3","true",,,"false","false",,,"0","0","0"
"Adult Mortality Event","","2022-10-05T00:00:00.000","ISSAQUAH HATCHERY","","ISSAQUAH HATCHERY","","0","54","64","14","0","0","Chinook","Fall","Issaquah Creek","HATCHERY","2","2022","3","true",,,"false","false",,,"0","0","0"
"Adult Mortality Event","","2022-10-05T00:00:00.000","ISSAQUAH HATCHERY","","ISSAQUAH HATCHERY","","0","58","42","9","0","0","Chinook","Fall","Issaquah Creek","HATCHERY","2","2022","3","true",,,"false","false",,,"0","0","0"
"Adult Plant Event","Upstream","2022-10-05T00:00:00.000","ISSAQUAH HATCHERY","","ISSAQUAH HATCHERY","ISSAQUAH CR  08.0178","0","5","0","0","0","0","Chinook","Fall","Issaquah Creek","WILD","14","2022","3","true",,,"false","false",,,"0","0","0"
"Parent Spawn Event","Lethal","2022-10-05T00:00:00.000","ISSAQUAH HATCHERY","","ISSAQUAH HATCHERY","","0","129","125","1","2","0","Chinook","Fall","Issaquah Creek","HATCHERY","2","2022","4","true",,,"false","false",,,"0","0","0"
"EggTake","","2022-10-05T00:00:00.000","ISSAQUAH HATCHERY","","","","0","0","0","0","0","516200","Chinook","Fall","Issaquah Creek","HATCHERY",,"2022",,"false",,,"false","false",,,"0","0","0"
"Adult Surplus Event","Surplussed","2022-10-05T00:00:00.000","ISSAQUAH HATCHERY","","","","0","238","0","44","0","0","Chinook","Fall","Issaquah Creek","HATCHERY","2","2022","4","true",,,"false","false",,,"0","0","0"
"Trap Estimate","","2022-10-10T00:00:00.000","ISSAQUAH HATCHERY","","ISSAQUAH HATCHERY","","350","0","0","0","0","0","Coho","NA","Issaquah Creek","HATCHERY","1200","2022",,"false",,,"false","false",,,"0","0","0"
"Trap Estimate","","2022-10-10T00:00:00.000","ISSAQUAH HATCHERY","","ISSAQUAH HATCHERY","","0","0","0","55","0","0","Chinook","Fall","Issaquah Creek","HATCHERY","1200","2022",,"false",,,"false","false",,,"0","0","0"
"Trap Estimate","","2022-10-10T00:00:00.000","ISSAQUAH HATCHERY","","ISSAQUAH HATCHERY","","20","0","0","0","0","0","Chinook","Fall","Issaquah Creek","WILD","1200","2022",,"false",,,"false","false",,,"0","0","0"
"Parent Spawn Event","Lethal","2022-10-11T00:00:00.000","ISSAQUAH HATCHERY","","ISSAQUAH HATCHERY","","0","222","223","1","8","0","Chinook","Fall","Issaquah Creek","HATCHERY","2","2022","4","true",,,"false","false",,,"0","0","0"
"Trap Estimate","","2022-10-11T00:00:00.000","ISSAQUAH HATCHERY","","ISSAQUAH HATCHERY","","10","0","0","0","0","0","Coho","NA","Issaquah Creek","HATCHERY","1200","2022",,"false",,,"false","false",,,"0","0","0"
"Adult Plant Event","Upstream","2022-10-11T00:00:00.000","ISSAQUAH HATCHERY","","ISSAQUAH HATCHERY","ISSAQUAH CR  08.0178","0","14","9","0","0","0","Chinook","Fall","Issaquah Creek","WILD","14","2022","3","true",,,"false","false",,,"0","0","0"
"Adult Surplus Event","Surplussed","2022-10-11T00:00:00.000","ISSAQUAH HATCHERY","","ISSAQUAH HATCHERY","","0","120","0","2","0","0","Chinook","Fall","Issaquah Creek","HATCHERY","2","2022","4","true",,,"false","false",,,"0","0","0"
"EggTake","","2022-10-11T00:00:00.000","ISSAQUAH HATCHERY","","","","0","0","0","0","0","807000","Chinook","Fall","Issaquah Creek","HATCHERY",,"2022",,"false",,,"false","false",,,"0","0","0"
"EggTake","","2022-10-12T00:00:00.000","ISSAQUAH HATCHERY","","","","0","0","0","0","0","78900","Chinook","Fall","Issaquah Creek","HATCHERY",,"2022",,"false",,,"false","false",,,"0","0","0"
"Adult Mortality Event","","2022-10-12T00:00:00.000","ISSAQUAH HATCHERY","","ISSAQUAH HATCHERY","","0","34","27","2","0","0","Chinook","Fall","Issaquah Creek","HATCHERY","2","2022","3","true",,,"false","false",,,"0","0","0"
"Adult Surplus Event","Surplussed","2022-10-12T00:00:00.000","ISSAQUAH HATCHERY","","ISSAQUAH HATCHERY","","0","452","118","22","0","0","Chinook","Fall","Issaquah Creek","HATCHERY","2","2022","4","true",,,"false","false",,,"0","0","0"
"Adult Mortality Event","","2022-10-12T00:00:00.000","ISSAQUAH HATCHERY","","ISSAQUAH HATCHERY","","0","4","1","0","0","0","Chinook","Fall","Issaquah Creek","WILD","14","2022","3","true",,,"false","false",,,"0","0","0"
"Adult Mortality Event","","2022-10-12T00:00:00.000","ISSAQUAH HATCHERY","","ISSAQUAH HATCHERY","","0","116","160","34","0","0","Chinook","Fall","Issaquah Creek","HATCHERY","2","2022","3","true",,,"false","false",,,"0","0","0"
"Adult Mortality Event","","2022-10-12T00:00:00.000","ISSAQUAH HATCHERY","","ISSAQUAH HATCHERY","","0","26","17","10","0","0","Chinook","Fall","Issaquah Creek","HATCHERY","2","2022","3","true",,,"false","false",,,"0","0","0"
"Parent Spawn Event","Lethal","2022-10-12T00:00:00.000","ISSAQUAH HATCHERY","","ISSAQUAH HATCHERY","","0","20","20","0","2","0","Chinook","Fall","Issaquah Creek","HATCHERY","2","2022","4","true",,,"false","false",,,"0","0","0"
"Adult Plant Event","Upstream","2022-10-12T00:00:00.000","ISSAQUAH HATCHERY","","ISSAQUAH HATCHERY","ISSAQUAH CR  08.0178","0","5","1","0","0","0","Chinook","Fall","Issaquah Creek","WILD","14","2022","3","true",,,"false","false",,,"0","0","0"
"Adult Mortality Event","","2022-10-12T00:00:00.000","ISSAQUAH HATCHERY","","ISSAQUAH HATCHERY","","0","0","2","0","0","0","Coho","NA","Issaquah Creek","HATCHERY","2","2022","3","true",,,"false","false",,,"0","0","0"
"Trap Estimate","","2022-10-17T00:00:00.000","ISSAQUAH HATCHERY","","ISSAQUAH HATCHERY","","200","0","0","5","0","0","Coho","NA","Issaquah Creek","HATCHERY","1200","2022",,"false",,,"false","false",,,"0","0","0"
"Trap Estimate","","2022-10-17T00:00:00.000","ISSAQUAH HATCHERY","","ISSAQUAH HATCHERY","","16","0","0","0","0","0","Chinook","Fall","Issaquah Creek","WILD","1200","2022",,"false",,,"false","false",,,"0","0","0"
"Trap Estimate","","2022-10-17T00:00:00.000","ISSAQUAH HATCHERY","","ISSAQUAH HATCHERY","","325","0","0","130","0","0","Chinook","Fall","Issaquah Creek","HATCHERY","1200","2022",,"false",,,"false","false",,,"0","0","0"
"Adult Surplus Event","Surplussed","2022-10-18T00:00:00.000","ISSAQUAH HATCHERY","","ISSAQUAH HATCHERY","","0","10","0","0","0","0","Coho","NA","Issaquah Creek","HATCHERY","2","2022","4","true",,,"false","false",,,"0","0","0"
"Adult Mortality Event","","2022-10-18T00:00:00.000","ISSAQUAH HATCHERY","","ISSAQUAH HATCHERY","","0","0","3","0","0","0","Coho","NA","Issaquah Creek","HATCHERY","2","2022","4","true",,,"false","false",,,"0","0","0"
"Adult Mortality Event","","2022-10-18T00:00:00.000","ISSAQUAH HATCHERY","","ISSAQUAH HATCHERY","","0","24","3","8","0","0","Chinook","Fall","Issaquah Creek","HATCHERY","2","2022","4","true",,,"false","false",,,"0","0","0"
"Adult Plant Event","Upstream","2022-10-18T00:00:00.000","ISSAQUAH HATCHERY","","ISSAQUAH HATCHERY","ISSAQUAH CR  08.0178","0","8","7","0","0","0","Chinook","Fall","Issaquah Creek","WILD","14","2022","3","true",,,"false","false",,,"0","0","0"
"Adult Surplus Event","Surplussed","2022-10-18T00:00:00.000","ISSAQUAH HATCHERY","","ISSAQUAH HATCHERY","","0","326","67","89","0","0","Chinook","Fall","Issaquah Creek","HATCHERY","2","2022","4","true",,,"false","false",,,"0","0","0"
"Adult Mortality Event","","2022-10-19T00:00:00.000","ISSAQUAH HATCHERY","","","","0","1","0","0","0","0","Chinook","Fall","Issaquah Creek","WILD","14","2022","3","true",,,"false","false",,,"0","0","0"
"Adult Mortality Event","","2022-10-19T00:00:00.000","ISSAQUAH HATCHERY","","ISSAQUAH HATCHERY","","0","4","17","1","0","0","Coho","NA","Issaquah Creek","HATCHERY","2","2022","3","true",,,"false","false",,,"0","0","0"
"Adult Mortality Event","","2022-10-19T00:00:00.000","ISSAQUAH HATCHERY","","ISSAQUAH HATCHERY","","0","56","26","29","0","0","Chinook","Fall","Issaquah Creek","HATCHERY","2","2022","3","true",,,"false","false",,,"0","0","0"
"Trap Estimate","","2022-10-24T00:00:00.000","ISSAQUAH HATCHERY","","ISSAQUAH HATCHERY","","99","0","0","13","0","0","Chinook","Fall","Issaquah Creek","HATCHERY","1200","2022",,"false",,,"false","false",,,"0","0","0"
"Trap Estimate","","2022-10-24T00:00:00.000","ISSAQUAH HATCHERY","","ISSAQUAH HATCHERY","","2","0","0","0","0","0","Chinook","Fall","Issaquah Creek","WILD","1200","2022",,"false",,,"false","false",,,"0","0","0"
"Trap Estimate","","2022-10-24T00:00:00.000","ISSAQUAH HATCHERY","","ISSAQUAH HATCHERY","","1000","0","0","200","0","0","Coho","NA","Issaquah Creek","HATCHERY","1200","2022",,"false",,,"false","false",,,"0","0","0"
"Adult Plant Event","Upstream","2022-10-25T00:00:00.000","ISSAQUAH HATCHERY","","ISSAQUAH HATCHERY","ISSAQUAH CR  08.0178","0","3","0","0","0","0","Chinook","Fall","Issaquah Creek","WILD","14","2022","3","true",,,"false","false",,,"0","0","0"
"Adult Plant Event","Upstream","2022-10-25T00:00:00.000","ISSAQUAH HATCHERY","","ISSAQUAH HATCHERY","ISSAQUAH CR  08.0178","0","46","52","160","0","0","Coho","NA","Issaquah Creek","HATCHERY","2","2022","3","true",,,"false","false",,,"0","0","0"
"Adult Surplus Event","Surplussed","2022-10-25T00:00:00.000","ISSAQUAH HATCHERY","","ISSAQUAH HATCHERY","","0","88","24","12","0","0","Chinook","Fall","Issaquah Creek","HATCHERY","2","2022","4","true",,,"false","false",,,"0","0","0"
"Adult Mortality Event","","2022-10-26T00:00:00.000","ISSAQUAH HATCHERY","","ISSAQUAH HATCHERY","","0","1","0","0","0","0","Chinook","Fall","Issaquah Creek","WILD","14","2022","3","true",,,"false","false",,,"0","0","0"
"Adult Mortality Event","","2022-10-26T00:00:00.000","ISSAQUAH HATCHERY","","ISSAQUAH HATCHERY","","0","4","13","1","0","0","Coho","NA","Issaquah Creek","HATCHERY","2","2022","3","true",,,"false","false",,,"0","0","0"
"Adult Mortality Event","","2022-10-26T00:00:00.000","ISSAQUAH HATCHERY","","ISSAQUAH HATCHERY","","0","9","2","9","0","0","Chinook","Fall","Issaquah Creek","HATCHERY","2","2022","3","true",,,"false","false",,,"0","0","0"
"Trap Estimate","","2022-10-26T00:00:00.000","ISSAQUAH HATCHERY","","ISSAQUAH HATCHERY","","1000","0","0","0","0","0","Coho","NA","Issaquah Creek","HATCHERY","1200","2022",,"false",,,"false","false",,,"0","0","0"
"Trap Estimate","","2022-10-31T00:00:00.000","ISSAQUAH HATCHERY","","ISSAQUAH HATCHERY","","1000","0","0","20","0","0","Coho","NA","Issaquah Creek","HATCHERY","1200","2022",,"false",,,"false","false",,,"0","0","0"
"Trap Estimate","","2022-10-31T00:00:00.000","ISSAQUAH HATCHERY","","ISSAQUAH HATCHERY","","20","0","0","7","0","0","Chinook","Fall","Issaquah Creek","HATCHERY","1200","2022",,"false",,,"false","false",,,"0","0","0"
"Trap Estimate","","2022-10-31T00:00:00.000","ISSAQUAH HATCHERY","","ISSAQUAH HATCHERY","","17","0","0","0","0","0","Coho","NA","Issaquah Creek","WILD","1200","2022",,"false",,,"false","false",,,"0","0","0"
"Parent Spawn Event","Lethal","2022-11-01T00:00:00.000","ISSAQUAH HATCHERY","","ISSAQUAH HATCHERY","","0","238","230","3","5","0","Coho","NA","Issaquah Creek","HATCHERY","2","2022","4","true",,,"false","false",,,"0","0","0"
"Parent Spawn Event","Lethal","2022-11-01T00:00:00.000","ISSAQUAH HATCHERY","","ISSAQUAH HATCHERY","","0","2","2","0","0","0","Coho","NA","Issaquah Creek","WILD","14","2022","4","true",,,"false","false",,,"0","0","0"
"Adult Mortality Event","","2022-11-01T00:00:00.000","ISSAQUAH HATCHERY","","ISSAQUAH HATCHERY","","0","8","5","0","0","0","Chinook","Fall","Issaquah Creek","HATCHERY","2","2022","3","true",,,"false","false",,,"0","0","0"
"Adult Surplus Event","Surplussed","2022-11-01T00:00:00.000","ISSAQUAH HATCHERY","","ISSAQUAH HATCHERY","","0","0","0","50","0","0","Coho","NA","Issaquah Creek","HATCHERY","2","2022","4","true",,,"false","false",,,"0","0","0"
"Adult Plant Event","Upstream","2022-11-01T00:00:00.000","ISSAQUAH HATCHERY","","ISSAQUAH HATCHERY","ISSAQUAH C-EF 8.0183","0","355","326","33","0","0","Coho","NA","Issaquah Creek","HATCHERY","2","2022","3","true",,,"false","false",,,"0","0","0"
"Adult Mortality Event","","2022-11-01T00:00:00.000","ISSAQUAH HATCHERY","","ISSAQUAH HATCHERY","","0","19","37","2","0","0","Coho","NA","Issaquah Creek","HATCHERY","2","2022","4","true",,,"false","false",,,"0","0","0"
"EggTake","","2022-11-01T00:00:00.000","ISSAQUAH HATCHERY","","","","0","0","0","0","0","546500","Coho","NA","Issaquah Creek","HATCHERY",,"2022",,"false",,,"false","false",,,"0","0","0"
"EggTake","","2022-11-01T00:00:00.000","ISSAQUAH HATCHERY","","","","0","0","0","0","0","14480","Coho","NA","Issaquah Creek","MIXED",,"2022",,"false",,,"false","false",,,"0","0","0"
"Parent Spawn Event","Lethal","2022-11-01T00:00:00.000","ISSAQUAH HATCHERY","","ISSAQUAH HATCHERY","","0","5","5","0","0","0","Coho","NA","Issaquah Creek","HATCHERY","2","2022","4","true",,,"false","false",,,"0","0","0"
"Adult Mortality Event","","2022-11-02T00:00:00.000","ISSAQUAH HATCHERY","","ISSAQUAH HATCHERY","","0","50","62","6","0","0","Coho","NA","Issaquah Creek","HATCHERY","2","2022","3","true",,,"false","false",,,"0","0","0"
"Adult Mortality Event","","2022-11-02T00:00:00.000","ISSAQUAH HATCHERY","","ISSAQUAH HATCHERY","","0","6","1","7","0","0","Chinook","Fall","Issaquah Creek","HATCHERY","2","2022","3","true",,,"false","false",,,"0","0","0"
"Parent Spawn Event","Lethal","2022-11-08T00:00:00.000","ISSAQUAH HATCHERY","","ISSAQUAH HATCHERY","","0","190","180","2","6","0","Coho","NA","Issaquah Creek","HATCHERY","2","2022","4","true",,,"false","false",,,"0","0","0"
"EggTake","","2022-11-08T00:00:00.000","ISSAQUAH HATCHERY","","","","0","0","0","0","0","9400","Coho","NA","Issaquah Creek","MIXED",,"2022",,"false",,,"false","false",,,"0","0","0"
"Parent Spawn Event","Lethal","2022-11-08T00:00:00.000","ISSAQUAH HATCHERY","","ISSAQUAH HATCHERY","","0","4","5","0","0","0","Coho","NA","Issaquah Creek","HATCHERY","2","2022","4","true",,,"false","false",,,"0","0","0"
"Trap Estimate","","2022-11-08T00:00:00.000","ISSAQUAH HATCHERY","","ISSAQUAH HATCHERY","","0","0","0","150","0","0","Coho","NA","Issaquah Creek","HATCHERY","1200","2022",,"false",,,"false","false",,,"0","0","0"
"Trap Estimate","","2022-11-08T00:00:00.000","ISSAQUAH HATCHERY","","ISSAQUAH HATCHERY","","7","0","0","0","0","0","Chinook","Fall","Issaquah Creek","HATCHERY","1200","2022",,"false",,,"false","false",,,"0","0","0"
"Adult Mortality Event","","2022-11-08T00:00:00.000","ISSAQUAH HATCHERY","","ISSAQUAH HATCHERY","","0","48","51","12","0","0","Coho","NA","Issaquah Creek","HATCHERY","2","2022","3","true",,,"false","false",,,"0","0","0"
"Adult Surplus Event","Surplussed","2022-11-08T00:00:00.000","ISSAQUAH HATCHERY","","ISSAQUAH HATCHERY","","0","0","0","55","0","0","Coho","NA","Issaquah Creek","HATCHERY","2","2022","4","true",,,"false","false",,,"0","0","0"
"Adult Plant Event","Upstream","2022-11-08T00:00:00.000","ISSAQUAH HATCHERY","","ISSAQUAH HATCHERY","ISSAQUAH CR  08.0178","0","535","358","0","0","0","Coho","NA","Issaquah Creek","HATCHERY","2","2022","3","true",,,"false","false",,,"0","0","0"
"EggTake","","2022-11-08T00:00:00.000","ISSAQUAH HATCHERY","","","","0","0","0","0","0","428500","Coho","NA","Issaquah Creek","HATCHERY",,"2022",,"false",,,"false","false",,,"0","0","0"
"Parent Spawn Event","Lethal","2022-11-08T00:00:00.000","ISSAQUAH HATCHERY","","ISSAQUAH HATCHERY","","0","1","0","0","0","0","Coho","NA","Issaquah Creek","WILD","14","2022","4","true",,,"false","false",,,"0","0","0"
"Adult Mortality Event","","2022-11-09T00:00:00.000","ISSAQUAH HATCHERY","","ISSAQUAH HATCHERY","","0","6","1","0","0","0","Chinook","Fall","Issaquah Creek","HATCHERY","2","2022","3","true",,,"false","false",,,"0","0","0"
"Adult Mortality Event","","2022-11-09T00:00:00.000","ISSAQUAH HATCHERY","","ISSAQUAH HATCHERY","","0","0","1","0","0","0","Coho","NA","Issaquah Creek","WILD","14","2022","3","true",,,"false","false",,,"0","0","0"
"Adult Mortality Event","","2022-11-09T00:00:00.000","ISSAQUAH HATCHERY","","ISSAQUAH HATCHERY","","0","59","57","8","0","0","Coho","NA","Issaquah Creek","HATCHERY","2","2022","3","true",,,"false","false",,,"0","0","0"
"Trap Estimate","","2022-11-09T00:00:00.000","ISSAQUAH HATCHERY","","ISSAQUAH HATCHERY","","1000","0","0","250","0","0","Coho","NA","Issaquah Creek","HATCHERY","1200","2022",,"false",,,"false","false",,,"0","0","0"
"Adult Surplus Event","Surplussed","2022-11-14T00:00:00.000","ISSAQUAH HATCHERY","","ISSAQUAH HATCHERY","","0","6","0","4","0","0","Coho","NA","Issaquah Creek","HATCHERY","2","2022","3","true",,,"false","false",,,"0","0","0"
"Adult Plant Event","Upstream","2022-11-14T00:00:00.000","ISSAQUAH HATCHERY","","ISSAQUAH HATCHERY","ISSAQUAH CR  08.0178","0","7","4","0","0","0","Coho","NA","Issaquah Creek","WILD","14","2022","3","true",,,"false","false",,,"0","0","0"
"Trap Estimate","","2022-11-14T00:00:00.000","ISSAQUAH HATCHERY","","ISSAQUAH HATCHERY","","1670","0","0","416","0","0","Coho","NA","Issaquah Creek","HATCHERY","1200","2022",,"false",,,"false","false",,,"0","0","0"
"Adult Plant Event","Upstream","2022-11-14T00:00:00.000","ISSAQUAH HATCHERY","","ISSAQUAH HATCHERY","ISSAQUAH CR  08.0178","0","472","702","144","0","0","Coho","NA","Issaquah Creek","HATCHERY","2","2022","3","true",,,"false","false",,,"0","0","0"
"Trap Estimate","","2022-11-14T00:00:00.000","ISSAQUAH HATCHERY","","ISSAQUAH HATCHERY","","16","0","0","2","0","0","Chinook","Fall","Issaquah Creek","HATCHERY","1200","2022",,"false",,,"false","false",,,"0","0","0"
"Parent Spawn Event","Lethal","2022-11-15T00:00:00.000","ISSAQUAH HATCHERY","","ISSAQUAH HATCHERY","","0","21","21","0","2","0","Coho","NA","Issaquah Creek","HATCHERY","2","2022","4","true",,,"false","false",,,"0","0","0"
"Adult Mortality Event","","2022-11-15T00:00:00.000","ISSAQUAH HATCHERY","","ISSAQUAH HATCHERY","","0","46","38","11","0","0","Coho","NA","Issaquah Creek","HATCHERY","2","2022","3","true",,,"false","false",,,"0","0","0"
"Adult Surplus Event","Surplussed","2022-11-15T00:00:00.000","ISSAQUAH HATCHERY","","ISSAQUAH HATCHERY","","0","430","805","426","0","0","Coho","NA","Issaquah Creek","HATCHERY","2","2022","4","true",,,"false","false",,,"0","0","0"
"EggTake","","2022-11-15T00:00:00.000","ISSAQUAH HATCHERY","","","","0","0","0","0","0","45900","Coho","NA","Issaquah Creek","HATCHERY",,"2022",,"false",,,"false","false",,,"0","0","0"
"Adult Mortality Event","","2022-11-16T00:00:00.000","ISSAQUAH HATCHERY","","ISSAQUAH HATCHERY","","0","80","78","20","0","0","Coho","NA","Issaquah Creek","HATCHERY","2","2022","3","true",,,"false","false",,,"0","0","0"
"Adult Plant Event","NA","2022-11-16T00:00:00.000","ISSAQUAH HATCHERY","","ISSAQUAH HATCHERY","COAL CR      08.0268","0","285","248","103","0","0","Coho","NA","Issaquah Creek","HATCHERY","2","2022","3","true",,,"false","false",,,"0","0","0"
"Adult Mortality Event","","2022-11-16T00:00:00.000","ISSAQUAH HATCHERY","","ISSAQUAH HATCHERY","","0","11","5","2","0","0","Chinook","Fall","Issaquah Creek","HATCHERY","2","2022","3","true",,,"false","false",,,"0","0","0"
"Trap Estimate","","2022-11-17T00:00:00.000","ISSAQUAH HATCHERY","","ISSAQUAH HATCHERY","","609","0","0","121","0","0","Coho","NA","Issaquah Creek","HATCHERY","1200","2022",,"false",,,"false","false",,,"0","0","0"
"Adult Plant Event","Downstream","2022-11-19T00:00:00.000","ISSAQUAH HATCHERY","","ISSAQUAH HATCHERY","ISSAQUAH CR  08.0178","0","336","293","121","0","0","Coho","NA","Issaquah Creek","HATCHERY","2","2022","3","true",,,"false","false",,,"0","0","0"
"Trap Estimate","","2023-09-11T00:00:00.000","ISSAQUAH HATCHERY","","ISSAQUAH HATCHERY","","90","0","0","4","0","0","Chinook","Fall","Issaquah Creek","HATCHERY","1200","2023",,"false",,,"false","false",,,"0","0","0"
"Trap Estimate","","2023-09-18T00:00:00.000","ISSAQUAH HATCHERY","","ISSAQUAH HATCHERY","","2000","0","0","74","0","0","Chinook","Fall","Issaquah Creek","HATCHERY","1200","2023",,"false",,,"false","false",,,"0","0","0"
"Trap Estimate","","2023-09-18T00:00:00.000","ISSAQUAH HATCHERY","","ISSAQUAH HATCHERY","","50","0","0","0","0","0","Chinook","Fall","Issaquah Creek","WILD","1200","2023",,"false",,,"false","false",,,"0","0","0"
"Adult Surplus Event","Surplussed","2023-09-20T00:00:00.000","ISSAQUAH HATCHERY","","ISSAQUAH HATCHERY","","0","611","0","0","0","0","Chinook","Fall","Issaquah Creek","HATCHERY","2","2023","4","true",,,"false","false",,,"0","0","0"
"Adult Surplus Event","Surplussed","2023-09-20T00:00:00.000","ISSAQUAH HATCHERY","","ISSAQUAH HATCHERY","","0","18","0","0","0","0","Chinook","Fall","Issaquah Creek","HATCHERY","2","2023","4","true",,,"true","true",,,"18","0","0"
"Adult Mortality Event","","2023-09-20T00:00:00.000","ISSAQUAH HATCHERY","","ISSAQUAH HATCHERY","","0","1","0","0","0","0","Chinook","Fall","Issaquah Creek","WILD","14","2023","3","true",,,"false","false",,,"0","0","0"
"Adult Mortality Event","","2023-09-20T00:00:00.000","ISSAQUAH HATCHERY","","ISSAQUAH HATCHERY","","0","36","22","1","0","0","Chinook","Fall","Issaquah Creek","HATCHERY","2","2023","3","true",,,"false","false",,,"0","0","0"
"Adult Plant Event","Upstream","2023-09-20T00:00:00.000","ISSAQUAH HATCHERY","","ISSAQUAH HATCHERY","ISSAQUAH CR  08.0178","0","12","3","0","0","0","Chinook","Fall","Issaquah Creek","WILD","14","2023","3","true",,,"false","false",,,"0","0","0"
"Adult Mortality Event","","2023-09-21T00:00:00.000","ISSAQUAH HATCHERY","","ISSAQUAH HATCHERY","","0","5","7","0","0","0","Chinook","Fall","Issaquah Creek","HATCHERY","2","2023","3","true",,,"false","false",,,"0","0","0"
"Trap Estimate","","2023-09-25T00:00:00.000","ISSAQUAH HATCHERY","","ISSAQUAH HATCHERY","","2000","0","0","0","0","0","Chinook","Fall","Issaquah Creek","HATCHERY","1200","2023",,"false",,,"false","false",,,"0","0","0"
"Trap Estimate","","2023-09-25T00:00:00.000","ISSAQUAH HATCHERY","","ISSAQUAH HATCHERY","","30","0","0","0","0","0","Coho","NA","Issaquah Creek","HATCHERY","1200","2023",,"false",,,"false","false",,,"0","0","0"
"Parent Spawn Event","Lethal","2023-09-26T00:00:00.000","ISSAQUAH HATCHERY","","ISSAQUAH HATCHERY","","0","3","1","0","0","0","Chinook","Fall","Issaquah Creek","HATCHERY","2","2023","4","true",,,"true","true",,,"3","1","0"
"Adult Mortality Event","","2023-09-26T00:00:00.000","ISSAQUAH HATCHERY","","","","0","81","93","6","0","0","Chinook","Fall","Issaquah Creek","HATCHERY","2","2023","3","true",,,"false","false",,,"0","0","0"
"Adult Surplus Event","Surplussed","2023-09-26T00:00:00.000","ISSAQUAH HATCHERY","","ISSAQUAH HATCHERY","","0","322","0","0","0","0","Chinook","Fall","Issaquah Creek","HATCHERY","2","2023","4","true",,,"false","false",,,"0","0","0"
"Adult Surplus Event","Surplussed","2023-09-26T00:00:00.000","ISSAQUAH HATCHERY","","ISSAQUAH HATCHERY","","0","7","0","0","0","0","Chinook","Fall","Issaquah Creek","HATCHERY","2","2023","4","true",,,"true","true",,,"7","0","0"
"Adult Plant Event","Upstream","2023-09-26T00:00:00.000","ISSAQUAH HATCHERY","","ISSAQUAH HATCHERY","ISSAQUAH CR  08.0178","0","8","4","0","0","0","Chinook","Fall","Issaquah Creek","WILD","14","2023","3","true",,,"false","false",,,"0","0","0"
"Parent Spawn Event","Lethal","2023-09-26T00:00:00.000","ISSAQUAH HATCHERY","","ISSAQUAH HATCHERY","","0","133","119","0","8","0","Chinook","Fall","Issaquah Creek","HATCHERY","2","2023","4","true",,,"false","false",,,"0","0","0"
"EggTake","","2023-09-26T00:00:00.000","ISSAQUAH HATCHERY","","","","0","0","0","0","0","484282","Chinook","Fall","Issaquah Creek","HATCHERY",,"2023",,"false",,,"false","false",,,"0","0","0"
"Adult Plant Event","Upstream","2023-09-27T00:00:00.000","ISSAQUAH HATCHERY","","ISSAQUAH HATCHERY","ISSAQUAH CR  08.0178","0","4","1","0","0","0","Chinook","Fall","Issaquah Creek","WILD","14","2023","3","true",,,"false","false",,,"0","0","0"
"Adult Surplus Event","Surplussed","2023-09-27T00:00:00.000","ISSAQUAH HATCHERY","","ISSAQUAH HATCHERY","","0","11","0","0","0","0","Chinook","Fall","Issaquah Creek","HATCHERY","2","2023","4","true",,,"true","true",,,"11","0","0"
"Adult Mortality Event","","2023-09-27T00:00:00.000","ISSAQUAH HATCHERY","","ISSAQUAH HATCHERY","","0","2","3","0","0","0","Chinook","Fall","Issaquah Creek","HATCHERY","2","2023","4","true",,,"true","true",,,"2","3","0"
"Parent Spawn Event","Lethal","2023-09-27T00:00:00.000","ISSAQUAH HATCHERY","","ISSAQUAH HATCHERY","","0","3","1","0","0","0","Chinook","Fall","Issaquah Creek","HATCHERY","2","2023","4","true",,,"true","true",,,"3","1","0"
"Parent Spawn Event","Lethal","2023-09-27T00:00:00.000","ISSAQUAH HATCHERY","","ISSAQUAH HATCHERY","","0","87","89","2","8","0","Chinook","Fall","Issaquah Creek","HATCHERY","2","2023","4","true",,,"false","false",,,"0","0","0"
"Adult Surplus Event","Surplussed","2023-09-27T00:00:00.000","ISSAQUAH HATCHERY","","ISSAQUAH HATCHERY","","0","289","0","3","0","0","Chinook","Fall","Issaquah Creek","HATCHERY","2","2023","4","true",,,"false","false",,,"0","0","0"
"EggTake","","2023-09-27T00:00:00.000","ISSAQUAH HATCHERY","","","","0","0","0","0","0","411236","Chinook","Fall","Issaquah Creek","HATCHERY",,"2023",,"false",,,"false","false",,,"0","0","0"
"Adult Mortality Event","","2023-09-27T00:00:00.000","ISSAQUAH HATCHERY","","ISSAQUAH HATCHERY","","0","10","9","0","0","0","Chinook","Fall","Issaquah Creek","HATCHERY","2","2023","4","true",,,"false","false",,,"0","0","0"
"Adult Mortality Event","","2023-09-28T00:00:00.000","ISSAQUAH HATCHERY","","ISSAQUAH HATCHERY","","0","10","14","1","0","0","Chinook","Fall","Issaquah Creek","HATCHERY","2","2023","3","true",,,"false","false",,,"0","0","0"
"Adult Mortality Event","","2023-09-29T00:00:00.000","ISSAQUAH HATCHERY","","ISSAQUAH HATCHERY","","0","88","39","10","0","0","Chinook","Fall","Issaquah Creek","HATCHERY","2","2023","3","true",,,"false","false",,,"0","0","0"
"Adult Mortality Event","","2023-09-30T00:00:00.000","ISSAQUAH HATCHERY","","ISSAQUAH HATCHERY","","0","1","1","1","0","0","Chinook","Fall","Issaquah Creek","HATCHERY","2","2023","4","true",,,"true","true",,,"1","1","1"
"Adult Mortality Event","","2023-09-30T00:00:00.000","ISSAQUAH HATCHERY","","ISSAQUAH HATCHERY","","0","29","22","3","0","0","Chinook","Fall","Issaquah Creek","HATCHERY","2","2023","4","true",,,"false","false",,,"0","0","0"
"Trap Estimate","","2023-10-02T00:00:00.000","ISSAQUAH HATCHERY","","ISSAQUAH HATCHERY","","30","0","0","0","0","0","Chinook","Fall","Issaquah Creek","WILD","1200","2023",,"false",,,"false","false",,,"0","0","0"
"Trap Estimate","","2023-10-02T00:00:00.000","ISSAQUAH HATCHERY","","ISSAQUAH HATCHERY","","970","0","0","0","0","0","Coho","NA","Issaquah Creek","HATCHERY","1200","2023",,"false",,,"false","false",,,"0","0","0"
"Parent Spawn Event","Lethal","2023-10-03T00:00:00.000","ISSAQUAH HATCHERY","","ISSAQUAH HATCHERY","","0","176","172","0","8","0","Chinook","Fall","Issaquah Creek","HATCHERY","2","2023","4","true",,,"false","false",,,"0","0","0"
"Parent Spawn Event","Lethal","2023-10-03T00:00:00.000","ISSAQUAH HATCHERY","","ISSAQUAH HATCHERY","","0","8","3","0","0","0","Chinook","Fall","Issaquah Creek","HATCHERY","2","2023","4","true",,,"true","true",,,"8","3","0"
"Adult Mortality Event","","2023-10-03T00:00:00.000","ISSAQUAH HATCHERY","","ISSAQUAH HATCHERY","","0","13","11","0","0","0","Chinook","Fall","Issaquah Creek","HATCHERY","2","2023","3","true",,,"false","false",,,"0","0","0"
"Adult Plant Event","Upstream","2023-10-03T00:00:00.000","ISSAQUAH HATCHERY","","ISSAQUAH HATCHERY","ISSAQUAH CR  08.0178","0","9","4","0","0","0","Chinook","Fall","Issaquah Creek","WILD","14","2023","3","true",,,"false","false",,,"0","0","0"
"EggTake","","2023-10-03T00:00:00.000","ISSAQUAH HATCHERY","","","","0","0","0","0","0","738100","Chinook","Fall","Issaquah Creek","HATCHERY",,"2023",,"false",,,"false","false",,,"0","0","0"
"Adult Surplus Event","Surplussed","2023-10-04T00:00:00.000","ISSAQUAH HATCHERY","","ISSAQUAH HATCHERY","","0","119","0","0","0","0","Chinook","Fall","Issaquah Creek","HATCHERY","2","2023","4","true",,,"false","false",,,"0","0","0"
"Adult Mortality Event","","2023-10-04T00:00:00.000","ISSAQUAH HATCHERY","","ISSAQUAH HATCHERY","","0","87","73","0","0","0","Chinook","Fall","Issaquah Creek","HATCHERY","2","2023","4","true",,,"false","false",,,"0","0","0"
"EggTake","","2023-10-04T00:00:00.000","ISSAQUAH HATCHERY","","","","0","0","0","0","0","735140","Chinook","Fall","Issaquah Creek","HATCHERY",,"2023",,"false",,,"false","false",,,"0","0","0"
"Parent Spawn Event","Lethal","2023-10-04T00:00:00.000","ISSAQUAH HATCHERY","","ISSAQUAH HATCHERY","","0","157","169","0","11","0","Chinook","Fall","Issaquah Creek","HATCHERY","2","2023","4","true",,,"false","false",,,"0","0","0"
"Adult Surplus Event","Surplussed","2023-10-04T00:00:00.000","ISSAQUAH HATCHERY","","ISSAQUAH HATCHERY","","0","8","0","0","0","0","Chinook","Fall","Issaquah Creek","HATCHERY","2","2023","4","true",,,"true","true",,,"8","0","0"
"Parent Spawn Event","Lethal","2023-10-04T00:00:00.000","ISSAQUAH HATCHERY","","ISSAQUAH HATCHERY","","0","15","3","0","0","0","Chinook","Fall","Issaquah Creek","HATCHERY","2","2023","4","true",,,"true","true",,,"15","3","0"
"Adult Plant Event","Upstream","2023-10-04T00:00:00.000","ISSAQUAH HATCHERY","","ISSAQUAH HATCHERY","ISSAQUAH CR  08.0178","0","21","13","0","0","0","Chinook","Fall","Issaquah Creek","WILD","14","2023","3","true",,,"false","false",,,"0","0","0"
"Adult Mortality Event","","2023-10-05T00:00:00.000","ISSAQUAH HATCHERY","","ISSAQUAH HATCHERY","","0","0","2","0","0","0","Chinook","Fall","Issaquah Creek","HATCHERY","2","2023","4","true",,,"true","true",,,"0","2","0"
"Adult Mortality Event","","2023-10-05T00:00:00.000","ISSAQUAH HATCHERY","","ISSAQUAH HATCHERY","","0","51","21","3","0","0","Chinook","Fall","Issaquah Creek","HATCHERY","2","2023","4","true",,,"false","false",,,"0","0","0"
"Trap Estimate","","2023-10-06T00:00:00.000","ISSAQUAH HATCHERY","","ISSAQUAH HATCHERY","","1000","0","0","50","0","0","Coho","NA","Issaquah Creek","HATCHERY","1200","2023",,"false",,,"false","false",,,"0","0","0"
"Trap Estimate","","2023-10-06T00:00:00.000","ISSAQUAH HATCHERY","","ISSAQUAH HATCHERY","","449","0","0","4","0","0","Chinook","Fall","Issaquah Creek","HATCHERY","1200","2023",,"false",,,"false","false",,,"0","0","0"
"Trap Estimate","","2023-10-06T00:00:00.000","ISSAQUAH HATCHERY","","ISSAQUAH HATCHERY","","21","0","0","0","0","0","Chinook","Fall","Issaquah Creek","WILD","1200","2023",,"false",,,"false","false",,,"0","0","0"
"Adult Mortality Event","","2023-10-09T00:00:00.000","ISSAQUAH HATCHERY","","ISSAQUAH HATCHERY","","0","18","4","4","0","0","Chinook","Fall","Issaquah Creek","HATCHERY","2","2023","4","true",,,"true","true",,,"18","4","4"
"EggTake","","2023-10-09T00:00:00.000","ISSAQUAH HATCHERY","","","","0","0","0","0","0","501246","Chinook","Fall","Issaquah Creek","HATCHERY",,"2023",,"false",,,"false","false",,,"0","0","0"
"Parent Spawn Event","Lethal","2023-10-09T00:00:00.000","ISSAQUAH HATCHERY","","ISSAQUAH HATCHERY","","0","143","140","1","3","0","Chinook","Fall","Issaquah Creek","HATCHERY","2","2023","4","true",,,"false","false",,,"0","0","0"
"Adult Plant Event","Upstream","2023-10-09T00:00:00.000","ISSAQUAH HATCHERY","","ISSAQUAH HATCHERY","ISSAQUAH CR  08.0178","0","7","5","0","0","0","Chinook","Fall","Issaquah Creek","WILD","14","2023","3","true",,,"false","false",,,"0","0","0"
"Adult Mortality Event","","2023-10-09T00:00:00.000","ISSAQUAH HATCHERY","","ISSAQUAH HATCHERY","","0","112","126","0","0","0","Chinook","Fall","Issaquah Creek","HATCHERY","2","2023","4","true",,,"false","false",,,"0","0","0"
"Trap Estimate","","2023-10-09T00:00:00.000","ISSAQUAH HATCHERY","","ISSAQUAH HATCHERY","","1500","0","0","0","0","0","Coho","NA","Issaquah Creek","HATCHERY","1200","2023",,"false",,,"false","false",,,"0","0","0"
"Adult Mortality Event","","2023-10-10T00:00:00.000","ISSAQUAH HATCHERY","","ISSAQUAH HATCHERY","","0","1","0","0","0","0","Coho","NA","Issaquah Creek","HATCHERY","2","2023","4","true",,,"true","true",,,"1","0","0"
"Adult Plant Event","Upstream","2023-10-10T00:00:00.000","ISSAQUAH HATCHERY","","ISSAQUAH HATCHERY","ISSAQUAH CR  08.0178","0","3","3","0","0","0","Chinook","Fall","Issaquah Creek","WILD","14","2023","3","true",,,"false","false",,,"0","0","0"
"Adult Mortality Event","","2023-10-10T00:00:00.000","ISSAQUAH HATCHERY","","ISSAQUAH HATCHERY","","0","0","5","0","0","0","Coho","NA","Issaquah Creek","HATCHERY","2","2023","4","true",,,"false","false",,,"0","0","0"
"EggTake","","2023-10-10T00:00:00.000","ISSAQUAH HATCHERY","","","","0","0","0","0","0","332026","Chinook","Fall","Issaquah Creek","HATCHERY",,"2023",,"false",,,"false","false",,,"0","0","0"
"Parent Spawn Event","Lethal","2023-10-10T00:00:00.000","ISSAQUAH HATCHERY","","ISSAQUAH HATCHERY","","0","4","7","0","0","0","Chinook","Fall","Issaquah Creek","HATCHERY","2","2023","4","true",,,"true","true",,,"4","7","0"
"Adult Plant Event","Upstream","2023-10-10T00:00:00.000","ISSAQUAH HATCHERY","","ISSAQUAH HATCHERY","ISSAQUAH CR  08.0178","0","280","446","15","0","0","Coho","NA","Issaquah Creek","HATCHERY","2","2023","3","true",,,"false","false",,,"0","0","0"
"Adult Mortality Event","","2023-10-10T00:00:00.000","ISSAQUAH HATCHERY","","ISSAQUAH HATCHERY","","0","178","73","2","0","0","Chinook","Fall","Issaquah Creek","HATCHERY","2","2023","4","true",,,"false","false",,,"0","0","0"
"Parent Spawn Event","Lethal","2023-10-10T00:00:00.000","ISSAQUAH HATCHERY","","ISSAQUAH HATCHERY","","0","89","74","2","5","0","Chinook","Fall","Issaquah Creek","HATCHERY","2","2023","4","true",,,"false","false",,,"0","0","0"
"Adult Mortality Event","","2023-10-10T00:00:00.000","ISSAQUAH HATCHERY","","ISSAQUAH HATCHERY","","0","8","1","0","0","0","Chinook","Fall","Issaquah Creek","HATCHERY","2","2023","4","true",,,"true","true",,,"8","1","0"
"Adult Mortality Event","","2023-10-10T00:00:00.000","ISSAQUAH HATCHERY","","ISSAQUAH HATCHERY","","0","63","24","1","0","0","Chinook","Fall","Issaquah Creek","HATCHERY","2","2023","4","true",,,"false","false",,,"0","0","0"
"Adult Mortality Event","","2023-10-11T00:00:00.000","ISSAQUAH HATCHERY","","ISSAQUAH HATCHERY","","0","2","5","0","0","0","Coho","NA","Issaquah Creek","HATCHERY","2","2023","4","true",,,"false","false",,,"0","0","0"
"EggTake","","2023-10-11T00:00:00.000","ISSAQUAH HATCHERY","","","","0","0","0","0","0","185966","Chinook","Fall","Issaquah Creek","HATCHERY",,"2023",,"false",,,"false","false",,,"0","0","0"
"Adult Plant Event","Upstream","2023-10-11T00:00:00.000","ISSAQUAH HATCHERY","","ISSAQUAH HATCHERY","ISSAQUAH CR  08.0178","0","3","0","0","0","0","Chinook","Fall","Issaquah Creek","WILD","14","2023","3","true",,,"false","false",,,"0","0","0"
"Adult Plant Event","Upstream","2023-10-11T00:00:00.000","ISSAQUAH HATCHERY","","ISSAQUAH HATCHERY","ISSAQUAH CR  08.0178","0","287","219","11","0","0","Coho","NA","Issaquah Creek","HATCHERY","2","2023","3","true",,,"false","false",,,"0","0","0"
"Parent Spawn Event","Lethal","2023-10-11T00:00:00.000","ISSAQUAH HATCHERY","","ISSAQUAH HATCHERY","","0","46","46","2","2","0","Chinook","Fall","Issaquah Creek","HATCHERY","2","2023","4","true",,,"false","false",,,"0","0","0"
"Adult Mortality Event","","2023-10-11T00:00:00.000","ISSAQUAH HATCHERY","","ISSAQUAH HATCHERY","","0","0","4","0","0","0","Coho","NA","Issaquah Creek","HATCHERY","2","2023","4","true",,,"true","true",,,"0","4","0"
"Adult Mortality Event","","2023-10-11T00:00:00.000","ISSAQUAH HATCHERY","","","","0","76","15","0","0","0","Chinook","Fall","Issaquah Creek","HATCHERY","2","2023","4","true",,,"false","false",,,"0","0","0"
"Adult Mortality Event","","2023-10-11T00:00:00.000","ISSAQUAH HATCHERY","","","","0","7","1","0","0","0","Chinook","Fall","Issaquah Creek","HATCHERY","2","2023","4","true",,,"true","true",,,"7","1","0"
"Trap Estimate","","2023-10-13T00:00:00.000","ISSAQUAH HATCHERY","","ISSAQUAH HATCHERY","","811","0","0","0","0","0","Chinook","Fall","Issaquah Creek","HATCHERY","1200","2023",,"false",,,"false","false",,,"0","0","0"
"Trap Estimate","","2023-10-13T00:00:00.000","ISSAQUAH HATCHERY","","ISSAQUAH HATCHERY","","2800","0","0","0","0","0","Coho","NA","Issaquah Creek","HATCHERY","1200","2023",,"false",,,"false","false",,,"0","0","0"
"Trap Estimate","","2023-10-13T00:00:00.000","ISSAQUAH HATCHERY","","ISSAQUAH HATCHERY","","2","0","0","0","0","0","Chinook","Fall","Issaquah Creek","WILD","1200","2023",,"false",,,"false","false",,,"0","0","0"
"Adult Surplus Event","Surplussed","2023-10-17T00:00:00.000","ISSAQUAH HATCHERY","","ISSAQUAH HATCHERY","","0","27","0","4","0","0","Chinook","Fall","Issaquah Creek","HATCHERY","2","2023","4","true",,,"true","true",,,"27","0","4"
"Adult Plant Event","Upstream","2023-10-17T00:00:00.000","ISSAQUAH HATCHERY","","ISSAQUAH HATCHERY","ISSAQUAH CR  08.0178","0","1","0","0","0","0","Chinook","Fall","Issaquah Creek","WILD","14","2023","3","true",,,"false","false",,,"0","0","0"
"Adult Surplus Event","Surplussed","2023-10-17T00:00:00.000","ISSAQUAH HATCHERY","","ISSAQUAH HATCHERY","","0","278","0","17","0","0","Chinook","Fall","Issaquah Creek","HATCHERY","2","2023","4","true",,,"false","false",,,"0","0","0"
"Adult Mortality Event","","2023-10-17T00:00:00.000","ISSAQUAH HATCHERY","","ISSAQUAH HATCHERY","","0","340","30","18","0","0","Chinook","Fall","Issaquah Creek","HATCHERY","2","2023","4","true",,,"false","false",,,"0","0","0"
"Adult Mortality Event","","2023-10-17T00:00:00.000","ISSAQUAH HATCHERY","","ISSAQUAH HATCHERY","","0","14","0","0","0","0","Chinook","Fall","Issaquah Creek","HATCHERY","2","2023","4","true",,,"true","true",,,"14","0","0"
"Adult Mortality Event","","2023-10-17T00:00:00.000","ISSAQUAH HATCHERY","","ISSAQUAH HATCHERY","","0","1","0","0","0","0","Chinook","Fall","Issaquah Creek","WILD","14","2023","4","true",,,"false","false",,,"0","0","0"
"Parent Spawn Event","Lethal","2023-10-17T00:00:00.000","ISSAQUAH HATCHERY","","ISSAQUAH HATCHERY","","0","48","49","1","5","0","Chinook","Fall","Issaquah Creek","HATCHERY","2","2023","4","true",,,"false","false",,,"0","0","0"
"EggTake","","2023-10-17T00:00:00.000","ISSAQUAH HATCHERY","","","","0","0","0","0","0","185662","Chinook","Fall","Issaquah Creek","HATCHERY",,"2023",,"false",,,"false","false",,,"0","0","0"
"Parent Spawn Event","Lethal","2023-10-17T00:00:00.000","ISSAQUAH HATCHERY","","ISSAQUAH HATCHERY","","0","1","1","0","0","0","Chinook","Fall","Issaquah Creek","HATCHERY","2","2023","4","true",,,"true","true",,,"1","1","0"
"Adult Mortality Event","","2023-10-17T00:00:00.000","ISSAQUAH HATCHERY","","ISSAQUAH HATCHERY","","0","9","14","0","0","0","Coho","NA","Issaquah Creek","HATCHERY","2","2023","4","true",,,"false","false",,,"0","0","0"
"Adult Mortality Event","","2023-10-17T00:00:00.000","ISSAQUAH HATCHERY","","ISSAQUAH HATCHERY","","0","0","10","0","0","0","Coho","NA","Issaquah Creek","HATCHERY","2","2023","4","true",,,"true","true",,,"0","10","0"
"Adult Surplus Event","Surplussed","2023-10-18T00:00:00.000","ISSAQUAH HATCHERY","","ISSAQUAH HATCHERY","","0","12","2","0","0","0","Chinook","Fall","Issaquah Creek","HATCHERY","2","2023","4","true",,,"false","false",,,"0","0","0"
"Adult Mortality Event","","2023-10-18T00:00:00.000","ISSAQUAH HATCHERY","","ISSAQUAH HATCHERY","","0","86","23","0","0","0","Chinook","Fall","Issaquah Creek","HATCHERY","2","2023","4","true",,,"false","false",,,"0","0","0"
"Adult Mortality Event","","2023-10-18T00:00:00.000","ISSAQUAH HATCHERY","","ISSAQUAH HATCHERY","","0","26","46","2","0","0","Coho","NA","Issaquah Creek","HATCHERY","2","2023","4","true",,,"false","false",,,"0","0","0"
"Adult Mortality Event","","2023-10-19T00:00:00.000","ISSAQUAH HATCHERY","","ISSAQUAH HATCHERY","","0","103","33","0","0","0","Chinook","Fall","Issaquah Creek","HATCHERY","2","2023","4","true",,,"false","false",,,"0","0","0"
"Adult Mortality Event","","2023-10-19T00:00:00.000","ISSAQUAH HATCHERY","","ISSAQUAH HATCHERY","","0","63","78","0","0","0","Coho","NA","Issaquah Creek","HATCHERY","2","2023","4","true",,,"false","false",,,"0","0","0"
"Adult Mortality Event","","2023-10-20T00:00:00.000","ISSAQUAH HATCHERY","","ISSAQUAH HATCHERY","","0","27","17","0","0","0","Coho","NA","Issaquah Creek","HATCHERY","2","2023","3","true",,,"false","false",,,"0","0","0"
"Trap Estimate","","2023-10-20T00:00:00.000","ISSAQUAH HATCHERY","","ISSAQUAH HATCHERY","","376","0","0","0","0","0","Chinook","Fall","Issaquah Creek","HATCHERY","1200","2023",,"false",,,"false","false",,,"0","0","0"
"Adult Mortality Event","","2023-10-20T00:00:00.000","ISSAQUAH HATCHERY","","ISSAQUAH HATCHERY","","0","53","22","0","0","0","Chinook","Fall","Issaquah Creek","HATCHERY","2","2023","3","true",,,"false","false",,,"0","0","0"
"Adult Mortality Event","","2023-10-21T00:00:00.000","ISSAQUAH HATCHERY","","ISSAQUAH HATCHERY","","0","8","3","0","0","0","Coho","NA","Issaquah Creek","HATCHERY","2","2023","3","true",,,"false","false",,,"0","0","0"
"Adult Mortality Event","","2023-10-21T00:00:00.000","ISSAQUAH HATCHERY","","ISSAQUAH HATCHERY","","0","13","7","0","0","0","Chinook","Fall","Issaquah Creek","HATCHERY","2","2023","3","true",,,"false","false",,,"0","0","0"
"Adult Mortality Event","","2023-10-22T00:00:00.000","ISSAQUAH HATCHERY","","ISSAQUAH HATCHERY","","0","11","5","0","0","0","Chinook","Fall","Issaquah Creek","HATCHERY","2","2023","3","true",,,"false","false",,,"0","0","0"
"Adult Mortality Event","","2023-10-22T00:00:00.000","ISSAQUAH HATCHERY","","ISSAQUAH HATCHERY","","0","6","1","0","0","0","Coho","NA","Issaquah Creek","HATCHERY","2","2023","3","true",,,"false","false",,,"0","0","0"
"Trap Estimate","","2023-10-23T00:00:00.000","ISSAQUAH HATCHERY","","ISSAQUAH HATCHERY","","2000","0","0","70","0","0","Coho","NA","Issaquah Creek","HATCHERY","1200","2023",,"false",,,"false","false",,,"0","0","0"
"Adult Mortality Event","","2023-10-23T00:00:00.000","ISSAQUAH HATCHERY","","ISSAQUAH HATCHERY","","0","5","1","0","0","0","Chinook","Fall","Issaquah Creek","HATCHERY","2","2023","3","true",,,"false","false",,,"0","0","0"
"Adult Mortality Event","","2023-10-23T00:00:00.000","ISSAQUAH HATCHERY","","ISSAQUAH HATCHERY","","0","16","8","0","0","0","Coho","NA","Issaquah Creek","HATCHERY","2","2023","3","true",,,"false","false",,,"0","0","0"
"Trap Estimate","","2023-10-23T00:00:00.000","ISSAQUAH HATCHERY","","ISSAQUAH HATCHERY","","0","0","0","0","0","0","Chinook","Fall","Issaquah Creek","HATCHERY","1200","2023",,"false",,,"false","false",,,"0","0","0"
"Trap Estimate","","2023-10-27T00:00:00.000","ISSAQUAH HATCHERY","","ISSAQUAH HATCHERY","","0","0","0","0","0","0","Chinook","Fall","Issaquah Creek","HATCHERY","1200","2023",,"false",,,"false","false",,,"0","0","0"
"Trap Estimate","","2023-10-27T00:00:00.000","ISSAQUAH HATCHERY","","ISSAQUAH HATCHERY","","313","0","0","6","0","0","Coho","NA","Issaquah Creek","HATCHERY","1200","2023",,"false",,,"false","false",,,"0","0","0"
"Adult Surplus Event","Surplussed","2023-10-31T00:00:00.000","ISSAQUAH HATCHERY","","ISSAQUAH HATCHERY","","0","10","1","6","0","0","Coho","NA","Issaquah Creek","HATCHERY","2","2023","3","true",,,"false","false",,,"0","0","0"
"Adult Mortality Event","","2023-10-31T00:00:00.000","ISSAQUAH HATCHERY","","ISSAQUAH HATCHERY","","0","107","172","1","0","0","Coho","NA","Issaquah Creek","HATCHERY","2","2023","4","true",,,"false","false",,,"0","0","0"
"Adult Surplus Event","Surplussed","2023-10-31T00:00:00.000","ISSAQUAH HATCHERY","","ISSAQUAH HATCHERY","","0","1","2","0","0","0","Chinook","Fall","Issaquah Creek","HATCHERY","2","2023","4","true",,,"false","false",,,"0","0","0"
"Adult Mortality Event","","2023-10-31T00:00:00.000","ISSAQUAH HATCHERY","","ISSAQUAH HATCHERY","","0","4","4","0","0","0","Chinook","Fall","Issaquah Creek","HATCHERY","2","2023","4","true",,,"false","false",,,"0","0","0"
"Parent Spawn Event","Lethal","2023-10-31T00:00:00.000","ISSAQUAH HATCHERY","","ISSAQUAH HATCHERY","","0","17","26","0","0","0","Coho","NA","Issaquah Creek","HATCHERY","2","2023","4","true",,,"true","true",,,"17","26","0"
"EggTake","","2023-10-31T00:00:00.000","ISSAQUAH HATCHERY","","","","0","0","0","0","0","54520","Coho","NA","Issaquah Creek","MIXED",,"2023",,"false",,,"false","false",,,"0","0","0"
"Parent Spawn Event","Lethal","2023-10-31T00:00:00.000","ISSAQUAH HATCHERY","","ISSAQUAH HATCHERY","","0","214","222","4","7","0","Coho","NA","Issaquah Creek","HATCHERY","2","2023","4","true",,,"false","false",,,"0","0","0"
"EggTake","","2023-10-31T00:00:00.000","ISSAQUAH HATCHERY","","","","0","0","0","0","0","469000","Coho","NA","Issaquah Creek","HATCHERY",,"2023",,"false",,,"false","false",,,"0","0","0"
"Parent Spawn Event","Lethal","2023-10-31T00:00:00.000","ISSAQUAH HATCHERY","","ISSAQUAH HATCHERY","","0","15","2","2","0","0","Coho","NA","Issaquah Creek","WILD","14","2023","4","true",,,"false","false",,,"0","0","0"
"Parent Spawn Event","Lethal","2023-10-31T00:00:00.000","ISSAQUAH HATCHERY","","ISSAQUAH HATCHERY","","0","15","2","2","0","0","Coho","NA","Issaquah Creek","HATCHERY","2","2023","4","true",,,"false","false",,,"0","0","0"
"Adult Plant Event","NA","2023-11-01T00:00:00.000","ISSAQUAH HATCHERY","","","COAL CR      08.0268","0","351","289","22","0","0","Coho","NA","Issaquah Creek","HATCHERY","2","2023","3","true",,,"false","false",,,"0","0","0"
"Adult Plant Event","NA","2023-11-02T00:00:00.000","ISSAQUAH HATCHERY","","ISSAQUAH HATCHERY","COAL CR      08.0268","0","451","492","24","0","0","Coho","NA","Issaquah Creek","HATCHERY","2","2023","3","true",,,"false","false",,,"0","0","0"
"Trap Estimate","","2023-11-06T00:00:00.000","ISSAQUAH HATCHERY","","ISSAQUAH HATCHERY","","11","0","0","0","0","0","Chinook","Fall","Issaquah Creek","HATCHERY","1200","2023",,"false",,,"false","false",,,"0","0","0"
"Trap Estimate","","2023-11-06T00:00:00.000","ISSAQUAH HATCHERY","","ISSAQUAH HATCHERY","","48","0","0","2","0","0","Coho","NA","Issaquah Creek","WILD","1200","2023",,"false",,,"false","false",,,"0","0","0"
"EggTake","","2023-11-07T00:00:00.000","ISSAQUAH HATCHERY","","","","0","0","0","0","0","65162","Coho","NA","Issaquah Creek","MIXED",,"2023",,"false",,,"false","false",,,"0","0","0"
"Adult Surplus Event","Surplussed","2023-11-07T00:00:00.000","ISSAQUAH HATCHERY","","ISSAQUAH HATCHERY","","0","0","3","0","0","0","Coho","NA","Issaquah Creek","HATCHERY","2","2023","4","true",,,"false","false",,,"0","0","0"
"Adult Mortality Event","","2023-11-07T00:00:00.000","ISSAQUAH HATCHERY","","ISSAQUAH HATCHERY","","0","16","16","0","0","0","Coho","NA","Issaquah Creek","HATCHERY","2","2023","4","true",,,"false","false",,,"0","0","0"
"Adult Plant Event","Upstream","2023-11-07T00:00:00.000","ISSAQUAH HATCHERY","","ISSAQUAH HATCHERY","ISSAQUAH CR  08.0178","0","274","231","8","0","0","Coho","NA","Issaquah Creek","HATCHERY","2","2023","3","true",,,"false","false",,,"0","0","0"
"Adult Plant Event","Upstream","2023-11-07T00:00:00.000","ISSAQUAH HATCHERY","","ISSAQUAH HATCHERY","ISSAQUAH CR  08.0178","0","2","4","0","0","0","Coho","NA","Issaquah Creek","WILD","14","2023","3","true",,,"false","false",,,"0","0","0"
"Parent Spawn Event","Lethal","2023-11-07T00:00:00.000","ISSAQUAH HATCHERY","","ISSAQUAH HATCHERY","","0","12","13","1","17","0","Coho","NA","Issaquah Creek","HATCHERY","2","2023","4","true",,,"false","false",,,"0","0","0"
"Parent Spawn Event","Lethal","2023-11-07T00:00:00.000","ISSAQUAH HATCHERY","","ISSAQUAH HATCHERY","","0","206","198","0","0","0","Coho","NA","Issaquah Creek","HATCHERY","2","2023","4","true",,,"false","false",,,"0","0","0"
"Parent Spawn Event","Lethal","2023-11-07T00:00:00.000","ISSAQUAH HATCHERY","","ISSAQUAH HATCHERY","","0","12","13","0","0","0","Coho","NA","Issaquah Creek","WILD","14","2023","4","true",,,"false","false",,,"0","0","0"
"EggTake","","2023-11-07T00:00:00.000","ISSAQUAH HATCHERY","","","","0","0","0","0","0","432580","Coho","NA","Issaquah Creek","HATCHERY",,"2023",,"false",,,"false","false",,,"0","0","0"
"Parent Spawn Event","Lethal","2023-11-07T00:00:00.000","ISSAQUAH HATCHERY","","ISSAQUAH HATCHERY","","0","24","27","0","0","0","Coho","NA","Issaquah Creek","HATCHERY","2","2023","4","true",,,"true","true",,,"24","27","0"
"Adult Plant Event","NA","2023-11-08T00:00:00.000","ISSAQUAH HATCHERY","","ISSAQUAH HATCHERY","COAL CR      08.0268","0","370","360","30","0","0","Coho","NA","Issaquah Creek","HATCHERY","2","2023","3","true",,,"false","false",,,"0","0","0"
"Trap Estimate","","2023-11-12T00:00:00.000","ISSAQUAH HATCHERY","","ISSAQUAH HATCHERY","","229","0","0","4","0","0","Coho","NA","Issaquah Creek","WILD","1200","2023",,"false",,,"false","false",,,"0","0","0"
"Trap Estimate","","2023-11-13T00:00:00.000","ISSAQUAH HATCHERY","","ISSAQUAH HATCHERY","","644","0","0","150","0","0","Coho","NA","Issaquah Creek","HATCHERY","1200","2023",,"false",,,"false","false",,,"0","0","0"
"Adult Surplus Event","Surplussed","2023-11-14T00:00:00.000","ISSAQUAH HATCHERY","","ISSAQUAH HATCHERY","","0","34","65","1","0","0","Coho","NA","Issaquah Creek","HATCHERY","2","2023","4","true",,,"true","true",,,"34","65","1"
"Parent Spawn Event","Lethal","2023-11-14T00:00:00.000","ISSAQUAH HATCHERY","","ISSAQUAH HATCHERY","","0","20","20","0","1","0","Coho","NA","Issaquah Creek","HATCHERY","2","2023","4","true",,,"false","false",,,"0","0","0"
"EggTake","","2023-11-14T00:00:00.000","ISSAQUAH HATCHERY","","","","0","0","0","0","0","43592","Coho","NA","Issaquah Creek","HATCHERY",,"2023",,"false",,,"false","false",,,"0","0","0"
"Adult Mortality Event","","2023-11-14T00:00:00.000","ISSAQUAH HATCHERY","","ISSAQUAH HATCHERY","","0","2","0","0","0","0","Chinook","Fall","Issaquah Creek","HATCHERY","2","2023","4","true",,,"false","false",,,"0","0","0"
"Adult Surplus Event","Surplussed","2023-11-14T00:00:00.000","ISSAQUAH HATCHERY","","ISSAQUAH HATCHERY","","0","825","679","81","0","0","Coho","NA","Issaquah Creek","HATCHERY","2","2023","4","true",,,"false","false",,,"0","0","0"
"Adult Surplus Event","Surplussed","2023-11-14T00:00:00.000","ISSAQUAH HATCHERY","","ISSAQUAH HATCHERY","","0","5","0","0","0","0","Coho","NA","Issaquah Creek","WILD","14","2023","4","true",,,"false","false",,,"0","0","0"
"Adult Mortality Event","","2023-11-14T00:00:00.000","ISSAQUAH HATCHERY","","ISSAQUAH HATCHERY","","0","11","27","0","0","0","Coho","NA","Issaquah Creek","HATCHERY","2","2023","4","true",,,"true","true",,,"11","27","0"
"Adult Mortality Event","","2023-11-14T00:00:00.000","ISSAQUAH HATCHERY","","ISSAQUAH HATCHERY","","0","6","5","0","0","0","Coho","NA","Issaquah Creek","WILD","14","2023","4","true",,,"false","false",,,"0","0","0"
"Adult Mortality Event","","2023-11-14T00:00:00.000","ISSAQUAH HATCHERY","","ISSAQUAH HATCHERY","","0","188","258","0","0","0","Coho","NA","Issaquah Creek","HATCHERY","2","2023","4","true",,,"false","false",,,"0","0","0"
"Adult Mortality Event","","2023-11-14T00:00:00.000","ISSAQUAH HATCHERY","","ISSAQUAH HATCHERY","","0","1","0","0","0","0","Chinook","Fall","Issaquah Creek","HATCHERY","2","2023","4","true",,,"true","true",,,"1","0","0"
"Adult Plant Event","Upstream","2023-11-14T00:00:00.000","ISSAQUAH HATCHERY","","ISSAQUAH HATCHERY","ISSAQUAH CR  08.0178","0","64","52","3","0","0","Coho","NA","Issaquah Creek","WILD","14","2023","3","true",,,"false","false",,,"0","0","0"
"Adult Plant Event","Upstream","2023-11-15T00:00:00.000","ISSAQUAH HATCHERY","","ISSAQUAH HATCHERY","ISSAQUAH CR  08.0178","0","52","45","1","0","0","Coho","NA","Issaquah Creek","WILD","14","2023","3","true",,,"false","false",,,"0","0","0"
"Adult Surplus Event","Surplussed","2023-11-15T00:00:00.000","ISSAQUAH HATCHERY","","ISSAQUAH HATCHERY","","0","700","536","58","0","0","Coho","NA","Issaquah Creek","HATCHERY","2","2023","4","true",,,"false","false",,,"0","0","0"
"Adult Mortality Event","","2023-11-15T00:00:00.000","ISSAQUAH HATCHERY","","ISSAQUAH HATCHERY","","0","17","20","0","0","0","Coho","NA","Issaquah Creek","HATCHERY","2","2023","4","true",,,"false","false",,,"0","0","0"
"Adult Surplus Event","Surplussed","2023-11-15T00:00:00.000","ISSAQUAH HATCHERY","","ISSAQUAH HATCHERY","","0","59","73","10","0","0","Coho","NA","Issaquah Creek","HATCHERY","2","2023","4","true",,,"true","true",,,"59","73","10"
"Trap Estimate","","2024-09-04T00:00:00.000","ISSAQUAH HATCHERY","","ISSAQUAH HATCHERY","","600","0","0","20","0","0","Chinook","Fall","Issaquah Creek","HATCHERY","1200","2024",,"false",,,"false","false",,,"0","0","0"
"Trap Estimate","","2024-09-04T00:00:00.000","ISSAQUAH HATCHERY","","ISSAQUAH HATCHERY","","5","0","0","0","0","0","Chinook","Fall","Issaquah Creek","WILD","1200","2024",,"false",,,"false","false",,,"0","0","0"
"Trap Estimate","","2024-09-11T00:00:00.000","ISSAQUAH HATCHERY","","ISSAQUAH HATCHERY","","800","0","0","10","0","0","Chinook","Fall","Issaquah Creek","HATCHERY","1200","2024",,"false",,,"false","false",,,"0","0","0"
"Trap Estimate","","2024-09-11T00:00:00.000","ISSAQUAH HATCHERY","","ISSAQUAH HATCHERY","","3","0","0","0","0","0","Chinook","Fall","Issaquah Creek","WILD","1200","2024",,"false",,,"false","false",,,"0","0","0"
"Trap Estimate","","2024-09-14T00:00:00.000","ISSAQUAH HATCHERY","","ISSAQUAH HATCHERY","","1000","0","0","0","0","0","Chinook","Fall","Issaquah Creek","HATCHERY","1200","2024",,"false",,,"false","false",,,"0","0","0"
"Trap Estimate","","2024-09-14T00:00:00.000","ISSAQUAH HATCHERY","","ISSAQUAH HATCHERY","","40","0","0","0","0","0","Chinook","Fall","Issaquah Creek","WILD","1200","2024",,"false",,,"false","false",,,"0","0","0"
"Trap Estimate","","2024-09-15T00:00:00.000","ISSAQUAH HATCHERY","","ISSAQUAH HATCHERY","","300","0","0","0","0","0","Chinook","Fall","Issaquah Creek","HATCHERY","1200","2024",,"false",,,"false","false",,,"0","0","0"
"Adult Mortality Event","","2024-09-17T00:00:00.000","ISSAQUAH HATCHERY","","ISSAQUAH HATCHERY","","0","3","2","0","0","0","Chinook","Fall","Issaquah Creek","HATCHERY","2","2024","4","true",,,"true","true",,,"3","2","0"
"Adult Mortality Event","","2024-09-17T00:00:00.000","ISSAQUAH HATCHERY","","ISSAQUAH HATCHERY","","0","1","1","0","0","0","Chinook","Fall","Issaquah Creek","WILD","14","2024","4","true",,,"false","false",,,"0","0","0"
"Adult Plant Event","Upstream","2024-09-17T00:00:00.000","ISSAQUAH HATCHERY","","ISSAQUAH HATCHERY","ISSAQUAH CR  08.0178","0","21","5","0","0","0","Chinook","Fall","Issaquah Creek","WILD","14","2024","3","true",,,"false","false",,,"0","0","0"
"Adult Surplus Event","Surplussed","2024-09-17T00:00:00.000","ISSAQUAH HATCHERY","","ISSAQUAH HATCHERY","","0","530","0","13","0","0","Chinook","Fall","Issaquah Creek","HATCHERY","2","2024","4","true",,,"false","false",,,"0","0","0"
"Adult Surplus Event","Surplussed","2024-09-17T00:00:00.000","ISSAQUAH HATCHERY","","ISSAQUAH HATCHERY","","0","20","0","1","0","0","Chinook","Fall","Issaquah Creek","HATCHERY","2","2024","4","true",,,"true","true",,,"20","0","1"
"Adult Mortality Event","","2024-09-17T00:00:00.000","ISSAQUAH HATCHERY","","ISSAQUAH HATCHERY","","0","80","130","1","0","0","Chinook","Fall","Issaquah Creek","HATCHERY","2","2024","4","true",,,"false","false",,,"0","0","0"
"Adult Mortality Event","","2024-09-18T00:00:00.000","ISSAQUAH HATCHERY","","ISSAQUAH HATCHERY","","0","24","27","2","0","0","Chinook","Fall","Issaquah Creek","HATCHERY","2","2024","4","true",,,"false","false",,,"0","0","0"
"Adult Surplus Event","Surplussed","2024-09-18T00:00:00.000","ISSAQUAH HATCHERY","","ISSAQUAH HATCHERY","","0","349","1","3","0","0","Chinook","Fall","Issaquah Creek","HATCHERY","2","2024","4","true",,,"false","false",,,"0","0","0"
"Adult Surplus Event","Surplussed","2024-09-18T00:00:00.000","ISSAQUAH HATCHERY","","ISSAQUAH HATCHERY","","0","29","0","1","0","0","Chinook","Fall","Issaquah Creek","HATCHERY","2","2024","4","true",,,"true","true",,,"29","0","1"
"Adult Mortality Event","","2024-09-18T00:00:00.000","ISSAQUAH HATCHERY","","ISSAQUAH HATCHERY","","0","0","1","0","0","0","Chinook","Fall","Issaquah Creek","HATCHERY","2","2024","4","true",,,"true","true",,,"0","1","0"
"Adult Plant Event","Upstream","2024-09-18T00:00:00.000","ISSAQUAH HATCHERY","","ISSAQUAH HATCHERY","ISSAQUAH CR  08.0178","0","14","0","0","0","0","Chinook","Fall","Issaquah Creek","WILD","14","2024","3","true",,,"false","false",,,"0","0","0"
"Adult Mortality Event","","2024-09-18T00:00:00.000","ISSAQUAH HATCHERY","","ISSAQUAH HATCHERY","","0","1","1","0","0","0","Chinook","Fall","Issaquah Creek","WILD","14","2024","4","true",,,"false","false",,,"0","0","0"
"Trap Estimate","","2024-09-19T00:00:00.000","ISSAQUAH HATCHERY","","ISSAQUAH HATCHERY","","49","0","0","0","0","0","Chinook","Fall","Issaquah Creek","WILD","1200","2024",,"false",,,"false","false",,,"0","0","0"
"Trap Estimate","","2024-09-19T00:00:00.000","ISSAQUAH HATCHERY","","ISSAQUAH HATCHERY","","15","0","0","0","0","0","Coho","NA","Issaquah Creek","HATCHERY","1200","2024",,"false",,,"false","false",,,"0","0","0"
"Trap Estimate","","2024-09-19T00:00:00.000","ISSAQUAH HATCHERY","","ISSAQUAH HATCHERY","","2000","0","0","40","0","0","Chinook","Fall","Issaquah Creek","HATCHERY","1200","2024",,"false",,,"false","false",,,"0","0","0"
"Adult Mortality Event","","2024-09-22T00:00:00.000","ISSAQUAH HATCHERY","","ISSAQUAH HATCHERY","","0","2","2","1","0","0","Chinook","Fall","Issaquah Creek","HATCHERY","2","2024","4","true",,,"true","true",,,"2","2","1"
"Adult Mortality Event","","2024-09-22T00:00:00.000","ISSAQUAH HATCHERY","","ISSAQUAH HATCHERY","","0","62","162","2","0","0","Chinook","Fall","Issaquah Creek","HATCHERY","2","2024","4","true",,,"false","false",,,"0","0","0"
"Trap Estimate","","2024-09-23T00:00:00.000","ISSAQUAH HATCHERY","","ISSAQUAH HATCHERY","","90","0","0","3","0","0","Chinook","Fall","Issaquah Creek","WILD","1200","2024",,"false",,,"false","false",,,"0","0","0"
"Adult Mortality Event","","2024-09-23T00:00:00.000","ISSAQUAH HATCHERY","","ISSAQUAH HATCHERY","","0","0","1","0","0","0","Chinook","Fall","Issaquah Creek","HATCHERY","2","2024","4","true",,,"true","true",,,"0","1","0"
"Adult Mortality Event","","2024-09-23T00:00:00.000","ISSAQUAH HATCHERY","","ISSAQUAH HATCHERY","","0","38","91","1","0","0","Chinook","Fall","Issaquah Creek","HATCHERY","2","2024","4","true",,,"false","false",,,"0","0","0"
"Parent Spawn Event","Lethal","2024-09-23T00:00:00.000","ISSAQUAH HATCHERY","","ISSAQUAH HATCHERY","","0","183","185","3","10","0","Chinook","Fall","Issaquah Creek","HATCHERY","2","2024","4","true",,,"false","false",,,"0","0","0"
"Adult Plant Event","Upstream","2024-09-23T00:00:00.000","ISSAQUAH HATCHERY","","ISSAQUAH HATCHERY","ISSAQUAH CR  08.0178","0","4","7","0","0","0","Chinook","Fall","Issaquah Creek","WILD","14","2024","3","true",,,"false","false",,,"0","0","0"
"Trap Estimate","","2024-09-23T00:00:00.000","ISSAQUAH HATCHERY","","ISSAQUAH HATCHERY","","150","0","0","0","0","0","Coho","NA","Issaquah Creek","HATCHERY","1200","2024",,"false",,,"false","false",,,"0","0","0"
"EggTake","","2024-09-23T00:00:00.000","ISSAQUAH HATCHERY","","","","0","0","0","0","0","735500","Chinook","Fall","Issaquah Creek","HATCHERY",,"2024",,"false",,,"false","false",,,"0","0","0"
"Parent Spawn Event","Lethal","2024-09-23T00:00:00.000","ISSAQUAH HATCHERY","","ISSAQUAH HATCHERY","","0","13","3","0","0","0","Chinook","Fall","Issaquah Creek","HATCHERY","2","2024","4","true",,,"true","true",,,"13","3","0"
"Adult Surplus Event","Surplussed","2024-09-23T00:00:00.000","ISSAQUAH HATCHERY","","ISSAQUAH HATCHERY","","0","6","1","0","0","0","Chinook","Fall","Issaquah Creek","HATCHERY","2","2024","4","true",,,"false","false",,,"0","0","0"
"Trap Estimate","","2024-09-23T00:00:00.000","ISSAQUAH HATCHERY","","ISSAQUAH HATCHERY","","2000","0","0","100","0","0","Chinook","Fall","Issaquah Creek","HATCHERY","1200","2024",,"false",,,"false","false",,,"0","0","0"
"Trap Estimate","","2024-09-24T00:00:00.000","ISSAQUAH HATCHERY","","ISSAQUAH HATCHERY","","4","0","0","0","0","0","Chinook","Fall","Issaquah Creek","WILD","1200","2024",,"false",,,"false","false",,,"0","0","0"
"Adult Mortality Event","","2024-09-24T00:00:00.000","ISSAQUAH HATCHERY","","ISSAQUAH HATCHERY","","0","51","55","2","0","0","Chinook","Fall","Issaquah Creek","HATCHERY","2","2024","4","true",,,"false","false",,,"0","0","0"
"Adult Surplus Event","Surplussed","2024-09-24T00:00:00.000","ISSAQUAH HATCHERY","","ISSAQUAH HATCHERY","","0","9","0","0","0","0","Chinook","Fall","Issaquah Creek","HATCHERY","2","2024","4","true",,,"true","true",,,"9","0","0"
"Parent Spawn Event","Lethal","2024-09-24T00:00:00.000","ISSAQUAH HATCHERY","","ISSAQUAH HATCHERY","","0","124","114","2","10","0","Chinook","Fall","Issaquah Creek","HATCHERY","2","2024","4","true",,,"false","false",,,"0","0","0"
"Adult Surplus Event","Surplussed","2024-09-24T00:00:00.000","ISSAQUAH HATCHERY","","ISSAQUAH HATCHERY","","0","337","0","9","0","0","Chinook","Fall","Issaquah Creek","HATCHERY","2","2024","4","true",,,"false","false",,,"0","0","0"
"EggTake","","2024-09-24T00:00:00.000","ISSAQUAH HATCHERY","","","","0","0","0","0","0","540000","Chinook","Fall","Issaquah Creek","HATCHERY",,"2024",,"false",,,"false","false",,,"0","0","0"
"Adult Plant Event","Upstream","2024-09-24T00:00:00.000","ISSAQUAH HATCHERY","","ISSAQUAH HATCHERY","ISSAQUAH CR  08.0178","0","17","6","0","0","0","Chinook","Fall","Issaquah Creek","WILD","14","2024","3","true",,,"false","false",,,"0","0","0"
"Adult Mortality Event","","2024-09-24T00:00:00.000","ISSAQUAH HATCHERY","","ISSAQUAH HATCHERY","","0","1","0","0","0","0","Chinook","Fall","Issaquah Creek","WILD","14","2024","4","true",,,"false","false",,,"0","0","0"
"Parent Spawn Event","Lethal","2024-09-24T00:00:00.000","ISSAQUAH HATCHERY","","ISSAQUAH HATCHERY","","0","2","3","0","0","0","Chinook","Fall","Issaquah Creek","HATCHERY","2","2024","4","true",,,"true","true",,,"2","3","0"
"Adult Mortality Event","","2024-09-24T00:00:00.000","ISSAQUAH HATCHERY","","ISSAQUAH HATCHERY","","0","3","4","0","0","0","Chinook","Fall","Issaquah Creek","HATCHERY","2","2024","4","true",,,"true","true",,,"3","4","0"
"Adult Mortality Event","","2024-09-26T00:00:00.000","ISSAQUAH HATCHERY","","ISSAQUAH HATCHERY","","0","1","0","0","0","0","Chinook","Fall","Issaquah Creek","WILD","14","2024","4","true",,,"false","false",,,"0","0","0"
"Adult Mortality Event","","2024-09-26T00:00:00.000","ISSAQUAH HATCHERY","","ISSAQUAH HATCHERY","","0","1","0","0","0","0","Chinook","Fall","Issaquah Creek","WILD","14","2024","4","true",,,"false","false",,,"0","0","0"
"Adult Mortality Event","","2024-09-26T00:00:00.000","ISSAQUAH HATCHERY","","ISSAQUAH HATCHERY","","0","5","5","0","0","0","Chinook","Fall","Issaquah Creek","HATCHERY","2","2024","4","true",,,"true","true",,,"5","5","0"
"Adult Mortality Event","","2024-09-26T00:00:00.000","ISSAQUAH HATCHERY","","ISSAQUAH HATCHERY","","0","41","67","2","0","0","Chinook","Fall","Issaquah Creek","HATCHERY","2","2024","4","true",,,"false","false",,,"0","0","0"
"Adult Mortality Event","","2024-09-27T00:00:00.000","ISSAQUAH HATCHERY","","ISSAQUAH HATCHERY","","0","39","74","0","0","0","Chinook","Fall","Issaquah Creek","HATCHERY","2","2024","4","true",,,"false","false",,,"0","0","0"
"Adult Mortality Event","","2024-09-27T00:00:00.000","ISSAQUAH HATCHERY","","ISSAQUAH HATCHERY","","0","6","7","0","0","0","Chinook","Fall","Issaquah Creek","HATCHERY","2","2024","4","true",,,"true","true",,,"6","7","0"
"Adult Mortality Event","","2024-09-27T00:00:00.000","ISSAQUAH HATCHERY","","ISSAQUAH HATCHERY","","0","4","2","0","0","0","Chinook","Fall","Issaquah Creek","WILD","14","2024","4","true",,,"false","false",,,"0","0","0"
"Adult Mortality Event","","2024-09-28T00:00:00.000","ISSAQUAH HATCHERY","","ISSAQUAH HATCHERY","","0","66","105","4","0","0","Chinook","Fall","Issaquah Creek","HATCHERY","2","2024","3","true",,,"false","false",,,"0","0","0"
"Adult Mortality Event","","2024-09-30T00:00:00.000","ISSAQUAH HATCHERY","","ISSAQUAH HATCHERY","","0","7","12","0","0","0","Chinook","Fall","Issaquah Creek","HATCHERY","2","2024","4","true",,,"true","true",,,"7","12","0"
"Trap Estimate","","2024-09-30T00:00:00.000","ISSAQUAH HATCHERY","","ISSAQUAH HATCHERY","","600","0","0","0","0","0","Chinook","Fall","Issaquah Creek","HATCHERY","1200","2024",,"false",,,"false","false",,,"0","0","0"
"Adult Mortality Event","","2024-09-30T00:00:00.000","ISSAQUAH HATCHERY","","ISSAQUAH HATCHERY","","0","168","200","9","0","0","Chinook","Fall","Issaquah Creek","HATCHERY","2","2024","4","true",,,"false","false",,,"0","0","0"
"Adult Surplus Event","Surplussed","2024-10-01T00:00:00.000","ISSAQUAH HATCHERY","","ISSAQUAH HATCHERY","","0","270","0","3","0","0","Chinook","Fall","Issaquah Creek","HATCHERY","2","2024","4","true",,,"false","false",,,"0","0","0"
"Parent Spawn Event","Lethal","2024-10-01T00:00:00.000","ISSAQUAH HATCHERY","","ISSAQUAH HATCHERY","","0","182","175","1","15","0","Chinook","Fall","Issaquah Creek","HATCHERY","2","2024","4","true",,,"false","false",,,"0","0","0"
"Adult Surplus Event","Surplussed","2024-10-01T00:00:00.000","ISSAQUAH HATCHERY","","ISSAQUAH HATCHERY","","0","30","0","0","0","0","Chinook","Fall","Issaquah Creek","HATCHERY","2","2024","4","true",,,"true","true",,,"30","0","0"
"Adult Mortality Event","","2024-10-01T00:00:00.000","ISSAQUAH HATCHERY","","ISSAQUAH HATCHERY","","0","6","3","0","0","0","Chinook","Fall","Issaquah Creek","HATCHERY","2","2024","4","true",,,"true","true",,,"6","3","0"
"Adult Mortality Event","","2024-10-01T00:00:00.000","ISSAQUAH HATCHERY","","ISSAQUAH HATCHERY","","0","109","81","5","0","0","Chinook","Fall","Issaquah Creek","HATCHERY","2","2024","4","true",,,"false","false",,,"0","0","0"
"Parent Spawn Event","Lethal","2024-10-01T00:00:00.000","ISSAQUAH HATCHERY","","ISSAQUAH HATCHERY","","0","12","10","0","0","0","Chinook","Fall","Issaquah Creek","HATCHERY","2","2024","4","true",,,"true","true",,,"12","10","0"
"Adult Plant Event","Upstream","2024-10-01T00:00:00.000","ISSAQUAH HATCHERY","","ISSAQUAH HATCHERY","ISSAQUAH CR  08.0178","0","16","5","0","0","0","Chinook","Fall","Issaquah Creek","WILD","14","2024","3","true",,,"false","false",,,"0","0","0"
"EggTake","","2024-10-01T00:00:00.000","ISSAQUAH HATCHERY","","","","0","0","0","0","0","714000","Chinook","Fall","Issaquah Creek","HATCHERY",,"2024",,"false",,,"false","false",,,"0","0","0"
"Adult Plant Event","Upstream","2024-10-02T00:00:00.000","ISSAQUAH HATCHERY","","ISSAQUAH HATCHERY","ISSAQUAH CR  08.0178","0","13","5","0","0","0","Chinook","Fall","Issaquah Creek","WILD","14","2024","3","true",,,"false","false",,,"0","0","0"
"Parent Spawn Event","Lethal","2024-10-02T00:00:00.000","ISSAQUAH HATCHERY","","ISSAQUAH HATCHERY","","0","141","141","1","8","0","Chinook","Fall","Issaquah Creek","HATCHERY","2","2024","4","true",,,"false","false",,,"0","0","0"
"EggTake","","2024-10-02T00:00:00.000","ISSAQUAH HATCHERY","","","","0","0","0","0","0","579000","Chinook","Fall","Issaquah Creek","HATCHERY",,"2024",,"false",,,"false","false",,,"0","0","0"
"Adult Surplus Event","Surplussed","2024-10-02T00:00:00.000","ISSAQUAH HATCHERY","","","","0","218","0","1","0","0","Chinook","Fall","Issaquah Creek","HATCHERY","2","2024","4","true",,,"false","false",,,"0","0","0"
"Adult Mortality Event","","2024-10-02T00:00:00.000","ISSAQUAH HATCHERY","","ISSAQUAH HATCHERY","","0","64","56","5","0","0","Chinook","Fall","Issaquah Creek","HATCHERY","2","2024","4","true",,,"false","false",,,"0","0","0"
"Adult Mortality Event","","2024-10-03T00:00:00.000","ISSAQUAH HATCHERY","","ISSAQUAH HATCHERY","","0","5","1","0","0","0","Chinook","Fall","Issaquah Creek","HATCHERY","2","2024","3","true",,,"true","true",,,"5","1","0"
"Adult Mortality Event","","2024-10-03T00:00:00.000","ISSAQUAH HATCHERY","","ISSAQUAH HATCHERY","","0","22","38","6","0","0","Chinook","Fall","Issaquah Creek","HATCHERY","2","2024","3","true",,,"false","false",,,"0","0","0"
"Adult Mortality Event","","2024-10-04T00:00:00.000","ISSAQUAH HATCHERY","","ISSAQUAH HATCHERY","","0","40","20","3","0","0","Chinook","Fall","Issaquah Creek","HATCHERY","2","2024","3","true",,,"false","false",,,"0","0","0"
"Adult Mortality Event","","2024-10-04T00:00:00.000","ISSAQUAH HATCHERY","","ISSAQUAH HATCHERY","","0","2","0","0","0","0","Chinook","Fall","Issaquah Creek","HATCHERY","2","2024","3","true",,,"true","true",,,"2","0","0"
"Adult Mortality Event","","2024-10-05T00:00:00.000","ISSAQUAH HATCHERY","","ISSAQUAH HATCHERY","","0","2","3","1","0","0","Chinook","Fall","Issaquah Creek","HATCHERY","2","2024","3","true",,,"true","true",,,"2","3","1"
"Adult Mortality Event","","2024-10-05T00:00:00.000","ISSAQUAH HATCHERY","","ISSAQUAH HATCHERY","","0","39","29","1","0","0","Chinook","Fall","Issaquah Creek","HATCHERY","2","2024","3","true",,,"false","false",,,"0","0","0"
"Adult Mortality Event","","2024-10-06T00:00:00.000","ISSAQUAH HATCHERY","","ISSAQUAH HATCHERY","","0","98","37","0","0","0","Chinook","Fall","Issaquah Creek","HATCHERY","2","2024","3","true",,,"false","false",,,"0","0","0"
"Adult Mortality Event","","2024-10-06T00:00:00.000","ISSAQUAH HATCHERY","","ISSAQUAH HATCHERY","","0","14","2","0","0","0","Chinook","Fall","Issaquah Creek","HATCHERY","2","2024","3","true",,,"true","true",,,"14","2","0"
"Adult Mortality Event","","2024-10-07T00:00:00.000","ISSAQUAH HATCHERY","","ISSAQUAH HATCHERY","","0","81","45","4","0","0","Chinook","Fall","Issaquah Creek","HATCHERY","2","2024","3","true",,,"false","false",,,"0","0","0"
"Trap Estimate","","2024-10-07T00:00:00.000","ISSAQUAH HATCHERY","","ISSAQUAH HATCHERY","","300","0","0","0","0","0","Chinook","Fall","Issaquah Creek","HATCHERY","1200","2024",,"false",,,"false","false",,,"0","0","0"
"Adult Mortality Event","","2024-10-07T00:00:00.000","ISSAQUAH HATCHERY","","ISSAQUAH HATCHERY","","0","0","1","0","0","0","Coho","NA","Issaquah Creek","HATCHERY","2","2024","4","true",,,"true","true",,,"0","1","0"
"Trap Estimate","","2024-10-07T00:00:00.000","ISSAQUAH HATCHERY","","ISSAQUAH HATCHERY","","400","0","0","0","0","0","Coho","NA","Issaquah Creek","HATCHERY","1200","2024",,"false",,,"false","false",,,"0","0","0"
"Adult Mortality Event","","2024-10-07T00:00:00.000","ISSAQUAH HATCHERY","","ISSAQUAH HATCHERY","","0","2","0","0","0","0","Coho","NA","Issaquah Creek","HATCHERY","2","2024","4","true",,,"false","false",,,"0","0","0"
"Adult Mortality Event","","2024-10-07T00:00:00.000","ISSAQUAH HATCHERY","","ISSAQUAH HATCHERY","","0","7","4","1","0","0","Chinook","Fall","Issaquah Creek","HATCHERY","2","2024","3","true",,,"true","true",,,"7","4","1"
"Trap Estimate","","2024-10-07T00:00:00.000","ISSAQUAH HATCHERY","","ISSAQUAH HATCHERY","","30","0","0","0","0","0","Coho","NA","Issaquah Creek","WILD","1200","2024",,"false",,,"false","false",,,"0","0","0"
"Adult Mortality Event","","2024-10-08T00:00:00.000","ISSAQUAH HATCHERY","","ISSAQUAH HATCHERY","","0","6","2","0","0","0","Chinook","Fall","Issaquah Creek","HATCHERY","2","2024","4","true",,,"true","true",,,"6","2","0"
"Adult Plant Event","Upstream","2024-10-08T00:00:00.000","ISSAQUAH HATCHERY","","ISSAQUAH HATCHERY","ISSAQUAH CR  08.0178","0","17","7","2","0","0","Chinook","Fall","Issaquah Creek","WILD","14","2024","3","true",,,"false","false",,,"0","0","0"
"Parent Spawn Event","Lethal","2024-10-08T00:00:00.000","ISSAQUAH HATCHERY","","ISSAQUAH HATCHERY","","0","232","230","2","8","0","Chinook","Fall","Issaquah Creek","HATCHERY","2","2024","4","true",,,"false","false",,,"0","0","0"
"Adult Surplus Event","Surplussed","2024-10-08T00:00:00.000","ISSAQUAH HATCHERY","","ISSAQUAH HATCHERY","","0","55","5","0","0","0","Chinook","Fall","Issaquah Creek","HATCHERY","2","2024","4","true",,,"false","false",,,"0","0","0"
"EggTake","","2024-10-08T00:00:00.000","ISSAQUAH HATCHERY","","","","0","0","0","0","0","994500","Chinook","Fall","Issaquah Creek","HATCHERY",,"2024",,"false",,,"false","false",,,"0","0","0"
"Adult Mortality Event","","2024-10-08T00:00:00.000","ISSAQUAH HATCHERY","","ISSAQUAH HATCHERY","","0","11","1","0","0","0","Chinook","Fall","Issaquah Creek","WILD","14","2024","4","true",,,"false","false",,,"0","0","0"
"Parent Spawn Event","Lethal","2024-10-08T00:00:00.000","ISSAQUAH HATCHERY","","ISSAQUAH HATCHERY","","0","22","21","0","0","0","Chinook","Fall","Issaquah Creek","HATCHERY","2","2024","4","true",,,"true","true",,,"22","21","0"
"Adult Mortality Event","","2024-10-08T00:00:00.000","ISSAQUAH HATCHERY","","ISSAQUAH HATCHERY","","0","343","210","25","0","0","Chinook","Fall","Issaquah Creek","HATCHERY","2","2024","4","true",,,"false","false",,,"0","0","0"
"Adult Surplus Event","Surplussed","2024-10-08T00:00:00.000","ISSAQUAH HATCHERY","","ISSAQUAH HATCHERY","","0","1","1","1","0","0","Chinook","Fall","Issaquah Creek","HATCHERY","2","2024","4","true",,,"true","true",,,"1","1","1"
"Adult Surplus Event","Surplussed","2024-10-09T00:00:00.000","ISSAQUAH HATCHERY","","ISSAQUAH HATCHERY","","0","46","8","1","0","0","Chinook","Fall","Issaquah Creek","HATCHERY","2","2024","4","true",,,"true","true",,,"46","8","1"
"Adult Mortality Event","","2024-10-09T00:00:00.000","ISSAQUAH HATCHERY","","ISSAQUAH HATCHERY","","0","46","15","1","0","0","Chinook","Fall","Issaquah Creek","HATCHERY","2","2024","4","true",,,"false","false",,,"0","0","0"
"Adult Mortality Event","","2024-10-09T00:00:00.000","ISSAQUAH HATCHERY","","","","0","1","0","0","0","0","Chinook","Fall","Issaquah Creek","WILD","14","2024","4","true",,,"false","false",,,"0","0","0"
"Adult Surplus Event","Surplussed","2024-10-09T00:00:00.000","ISSAQUAH HATCHERY","","ISSAQUAH HATCHERY","","0","541","133","62","0","0","Chinook","Fall","Issaquah Creek","HATCHERY","2","2024","4","true",,,"false","false",,,"0","0","0"
"Adult Plant Event","Upstream","2024-10-09T00:00:00.000","ISSAQUAH HATCHERY","","ISSAQUAH HATCHERY","ISSAQUAH CR  08.0178","0","16","1","0","0","0","Chinook","Fall","Issaquah Creek","WILD","14","2024","3","true",,,"false","false",,,"0","0","0"
"Adult Mortality Event","","2024-10-10T00:00:00.000","ISSAQUAH HATCHERY","","ISSAQUAH HATCHERY","","0","11","0","2","0","0","Chinook","Fall","Issaquah Creek","HATCHERY","2","2024","3","true",,,"false","false",,,"0","0","0"
"Adult Mortality Event","","2024-10-10T00:00:00.000","ISSAQUAH HATCHERY","","ISSAQUAH HATCHERY","","0","1","0","0","0","0","Chinook","Fall","Issaquah Creek","HATCHERY","2","2024","3","true",,,"true","true",,,"1","0","0"
"Adult Mortality Event","","2024-10-10T00:00:00.000","ISSAQUAH HATCHERY","","ISSAQUAH HATCHERY","","0","1","0","0","0","0","Coho","NA","Issaquah Creek","HATCHERY","2","2024","3","true",,,"true","true",,,"1","0","0"
"Adult Mortality Event","","2024-10-10T00:00:00.000","ISSAQUAH HATCHERY","","ISSAQUAH HATCHERY","","0","0","1","0","0","0","Coho","NA","Issaquah Creek","HATCHERY","2","2024","3","true",,,"false","false",,,"0","0","0"
"Adult Mortality Event","","2024-10-11T00:00:00.000","ISSAQUAH HATCHERY","","ISSAQUAH HATCHERY","","0","13","2","0","0","0","Chinook","Fall","Issaquah Creek","HATCHERY","2","2024","3","true",,,"false","false",,,"0","0","0"
"Adult Mortality Event","","2024-10-11T00:00:00.000","ISSAQUAH HATCHERY","","ISSAQUAH HATCHERY","","0","0","1","0","0","0","Coho","NA","Issaquah Creek","HATCHERY","2","2024","3","true",,,"false","false",,,"0","0","0"
"Adult Mortality Event","","2024-10-12T00:00:00.000","ISSAQUAH HATCHERY","","ISSAQUAH HATCHERY","","0","25","2","1","0","0","Chinook","Fall","Issaquah Creek","HATCHERY","2","2024","3","true",,,"false","false",,,"0","0","0"
"Adult Mortality Event","","2024-10-12T00:00:00.000","ISSAQUAH HATCHERY","","ISSAQUAH HATCHERY","","0","1","1","0","0","0","Chinook","Fall","Issaquah Creek","HATCHERY","2","2024","3","true",,,"true","true",,,"1","1","0"
"Adult Mortality Event","","2024-10-12T00:00:00.000","ISSAQUAH HATCHERY","","ISSAQUAH HATCHERY","","0","1","3","1","0","0","Coho","NA","Issaquah Creek","HATCHERY","2","2024","3","true",,,"false","false",,,"0","0","0"
"Adult Mortality Event","","2024-10-13T00:00:00.000","ISSAQUAH HATCHERY","","ISSAQUAH HATCHERY","","0","0","3","1","0","0","Coho","NA","Issaquah Creek","HATCHERY","2","2024","3","true",,,"false","false",,,"0","0","0"
"Adult Mortality Event","","2024-10-13T00:00:00.000","ISSAQUAH HATCHERY","","ISSAQUAH HATCHERY","","0","0","1","0","0","0","Coho","NA","Issaquah Creek","WILD","14","2024","3","true",,,"false","false",,,"0","0","0"
"Adult Mortality Event","","2024-10-13T00:00:00.000","ISSAQUAH HATCHERY","","ISSAQUAH HATCHERY","","0","13","4","3","0","0","Chinook","Fall","Issaquah Creek","HATCHERY","2","2024","3","true",,,"false","false",,,"0","0","0"
"Adult Mortality Event","","2024-10-13T00:00:00.000","ISSAQUAH HATCHERY","","ISSAQUAH HATCHERY","","0","1","0","0","0","0","Chinook","Fall","Issaquah Creek","HATCHERY","2","2024","3","true",,,"true","true",,,"1","0","0"
"Adult Mortality Event","","2024-10-14T00:00:00.000","ISSAQUAH HATCHERY","","ISSAQUAH HATCHERY","","0","7","6","3","0","0","Chinook","Fall","Issaquah Creek","HATCHERY","2","2024","3","true",,,"false","false",,,"0","0","0"
"Adult Mortality Event","","2024-10-14T00:00:00.000","ISSAQUAH HATCHERY","","ISSAQUAH HATCHERY","","0","0","1","2","0","0","Chinook","Fall","Issaquah Creek","HATCHERY","2","2024","3","true",,,"true","true",,,"0","1","2"
"Trap Estimate","","2024-10-14T00:00:00.000","ISSAQUAH HATCHERY","","ISSAQUAH HATCHERY","","505","0","0","60","0","0","Coho","NA","Issaquah Creek","HATCHERY","1200","2024",,"false",,,"false","false",,,"0","0","0"
"Trap Estimate","","2024-10-14T00:00:00.000","ISSAQUAH HATCHERY","","ISSAQUAH HATCHERY","","241","0","0","52","0","0","Chinook","Fall","Issaquah Creek","HATCHERY","1200","2024",,"false",,,"false","false",,,"0","0","0"
"Adult Mortality Event","","2024-10-14T00:00:00.000","ISSAQUAH HATCHERY","","ISSAQUAH HATCHERY","","0","1","2","0","0","0","Coho","NA","Issaquah Creek","HATCHERY","2","2024","3","true",,,"false","false",,,"0","0","0"
"Adult Mortality Event","","2024-10-14T00:00:00.000","ISSAQUAH HATCHERY","","ISSAQUAH HATCHERY","","0","0","0","1","0","0","Coho","NA","Issaquah Creek","WILD","14","2024","3","true",,,"false","false",,,"0","0","0"
"Adult Surplus Event","Surplussed","2024-10-15T00:00:00.000","ISSAQUAH HATCHERY","","ISSAQUAH HATCHERY","","0","220","54","26","0","0","Chinook","Fall","Issaquah Creek","HATCHERY","2","2024","4","true",,,"false","false",,,"0","0","0"
"Adult Surplus Event","Surplussed","2024-10-15T00:00:00.000","ISSAQUAH HATCHERY","","ISSAQUAH HATCHERY","","0","9","10","0","0","0","Chinook","Fall","Issaquah Creek","HATCHERY","2","2024","4","true",,,"true","true",,,"9","10","0"
"Adult Plant Event","Upstream","2024-10-15T00:00:00.000","ISSAQUAH HATCHERY","","ISSAQUAH HATCHERY","ISSAQUAH CR  08.0178","0","320","350","49","0","0","Coho","NA","Issaquah Creek","HATCHERY","2","2024","3","true",,,"false","false",,,"0","0","0"
"Adult Mortality Event","","2024-10-15T00:00:00.000","ISSAQUAH HATCHERY","","ISSAQUAH HATCHERY","","0","1","0","0","0","0","Chinook","Fall","Issaquah Creek","WILD","14","2024","3","true",,,"false","false",,,"0","0","0"
"Adult Mortality Event","","2024-10-15T00:00:00.000","ISSAQUAH HATCHERY","","ISSAQUAH HATCHERY","","0","3","0","1","0","0","Coho","NA","Issaquah Creek","HATCHERY","2","2024","3","true",,,"false","false",,,"0","0","0"
"Adult Plant Event","Upstream","2024-10-15T00:00:00.000","ISSAQUAH HATCHERY","","ISSAQUAH HATCHERY","ISSAQUAH C-NF 8.0181","0","7","2","0","0","0","Chinook","Fall","Issaquah Creek","WILD","14","2024","3","true",,,"false","false",,,"0","0","0"
"Adult Surplus Event","Surplussed","2024-10-15T00:00:00.000","ISSAQUAH HATCHERY","","ISSAQUAH HATCHERY","","0","20","0","0","0","0","Coho","NA","Issaquah Creek","HATCHERY","2","2024","3","true",,,"false","false",,,"0","0","0"
"Adult Mortality Event","","2024-10-15T00:00:00.000","ISSAQUAH HATCHERY","","ISSAQUAH HATCHERY","","0","10","8","2","0","0","Chinook","Fall","Issaquah Creek","HATCHERY","2","2024","3","true",,,"false","false",,,"0","0","0"
"Adult Mortality Event","","2024-10-15T00:00:00.000","ISSAQUAH HATCHERY","","ISSAQUAH HATCHERY","","0","5","0","1","0","0","Chinook","Fall","Issaquah Creek","HATCHERY","2","2024","3","true",,,"true","true",,,"5","0","1"
"Adult Mortality Event","","2024-10-16T00:00:00.000","ISSAQUAH HATCHERY","","ISSAQUAH HATCHERY","","0","0","3","0","0","0","Coho","NA","Issaquah Creek","HATCHERY","2","2024","3","true",,,"false","false",,,"0","0","0"
"Adult Mortality Event","","2024-10-17T00:00:00.000","ISSAQUAH HATCHERY","","ISSAQUAH HATCHERY","","0","2","1","0","0","0","Chinook","Fall","Issaquah Creek","HATCHERY","2","2024","3","true",,,"false","false",,,"0","0","0"
"Adult Mortality Event","","2024-10-17T00:00:00.000","ISSAQUAH HATCHERY","","ISSAQUAH HATCHERY","","0","0","1","0","0","0","Coho","NA","Issaquah Creek","HATCHERY","2","2024","3","true",,,"false","false",,,"0","0","0"
"Adult Mortality Event","","2024-10-18T00:00:00.000","ISSAQUAH HATCHERY","","ISSAQUAH HATCHERY","","0","2","2","0","0","0","Coho","NA","Issaquah Creek","HATCHERY","2","2024","3","true",,,"false","false",,,"0","0","0"
"Adult Mortality Event","","2024-10-18T00:00:00.000","ISSAQUAH HATCHERY","","ISSAQUAH HATCHERY","","0","0","1","0","0","0","Coho","NA","Issaquah Creek","HATCHERY","2","2024","3","true",,,"true","true",,,"0","1","0"
"Adult Mortality Event","","2024-10-20T00:00:00.000","ISSAQUAH HATCHERY","","ISSAQUAH HATCHERY","","0","4","0","1","0","0","Chinook","Fall","Issaquah Creek","HATCHERY","2","2024","3","true",,,"false","false",,,"0","0","0"
"Adult Mortality Event","","2024-10-21T00:00:00.000","ISSAQUAH HATCHERY","","ISSAQUAH HATCHERY","","0","0","1","0","0","0","Coho","NA","Issaquah Creek","HATCHERY","2","2024","3","true",,,"true","true",,,"0","1","0"
"Adult Mortality Event","","2024-10-21T00:00:00.000","ISSAQUAH HATCHERY","","ISSAQUAH HATCHERY","","0","11","3","0","0","0","Coho","NA","Issaquah Creek","HATCHERY","2","2024","3","true",,,"false","false",,,"0","0","0"
"Adult Mortality Event","","2024-10-21T00:00:00.000","ISSAQUAH HATCHERY","","ISSAQUAH HATCHERY","","0","6","2","0","0","0","Chinook","Fall","Issaquah Creek","HATCHERY","2","2024","3","true",,,"false","false",,,"0","0","0"
"Adult Mortality Event","","2024-10-22T00:00:00.000","ISSAQUAH HATCHERY","","ISSAQUAH HATCHERY","","0","2","0","0","0","0","Chinook","Fall","Issaquah Creek","HATCHERY","2","2024","3","true",,,"false","false",,,"0","0","0"
"Trap Estimate","","2024-10-23T00:00:00.000","ISSAQUAH HATCHERY","","ISSAQUAH HATCHERY","","1750","0","0","30","0","0","Coho","NA","Issaquah Creek","HATCHERY","1200","2024",,"false",,,"false","false",,,"0","0","0"
"Adult Mortality Event","","2024-10-23T00:00:00.000","ISSAQUAH HATCHERY","","ISSAQUAH HATCHERY","","0","0","0","1","0","0","Chinook","Fall","Issaquah Creek","HATCHERY","2","2024","3","true",,,"false","false",,,"0","0","0"
"Adult Mortality Event","","2024-10-23T00:00:00.000","ISSAQUAH HATCHERY","","ISSAQUAH HATCHERY","","0","2","1","0","0","0","Coho","NA","Issaquah Creek","HATCHERY","2","2024","3","true",,,"false","false",,,"0","0","0"
"Adult Mortality Event","","2024-10-25T00:00:00.000","ISSAQUAH HATCHERY","","ISSAQUAH HATCHERY","","0","0","1","0","0","0","Chinook","Fall","Issaquah Creek","HATCHERY","2","2024","3","true",,,"true","true",,,"0","1","0"
"Adult Mortality Event","","2024-10-26T00:00:00.000","ISSAQUAH HATCHERY","","ISSAQUAH HATCHERY","","0","0","1","0","0","0","Coho","NA","Issaquah Creek","HATCHERY","2","2024","3","true",,,"true","true",,,"0","1","0"
"Adult Mortality Event","","2024-10-26T00:00:00.000","ISSAQUAH HATCHERY","","ISSAQUAH HATCHERY","","0","2","1","0","0","0","Coho","NA","Issaquah Creek","WILD","14","2024","3","true",,,"false","false",,,"0","0","0"
"Adult Mortality Event","","2024-10-26T00:00:00.000","ISSAQUAH HATCHERY","","ISSAQUAH HATCHERY","","0","0","9","2","0","0","Coho","NA","Issaquah Creek","HATCHERY","2","2024","3","true",,,"false","false",,,"0","0","0"
"Trap Estimate","","2024-10-28T00:00:00.000","ISSAQUAH HATCHERY","","ISSAQUAH HATCHERY","","0","0","0","3","0","0","Coho","NA","Issaquah Creek","WILD","1200","2024",,"false",,,"false","false",,,"0","0","0"
"Adult Mortality Event","","2024-10-29T00:00:00.000","ISSAQUAH HATCHERY","","ISSAQUAH HATCHERY","","0","2","1","0","0","0","Chinook","Fall","Issaquah Creek","HATCHERY","2","2024","3","true",,,"false","false",,,"0","0","0"
"Adult Mortality Event","","2024-10-29T00:00:00.000","ISSAQUAH HATCHERY","","ISSAQUAH HATCHERY","","0","3","5","0","0","0","Coho","NA","Issaquah Creek","HATCHERY","2","2024","3","true",,,"false","false",,,"0","0","0"
"Adult Mortality Event","","2024-10-29T00:00:00.000","ISSAQUAH HATCHERY","","ISSAQUAH HATCHERY","","0","0","1","0","0","0","Coho","NA","Issaquah Creek","HATCHERY","2","2024","3","true",,,"true","true",,,"0","1","0"
"Adult Plant Event","Upstream","2024-10-29T00:00:00.000","ISSAQUAH HATCHERY","","ISSAQUAH HATCHERY","ISSAQUAH CR  08.0178","0","255","184","15","0","0","Coho","NA","Issaquah Creek","HATCHERY","2","2024","3","true",,,"false","false",,,"0","0","0"
"Adult Surplus Event","Surplussed","2024-10-29T00:00:00.000","ISSAQUAH HATCHERY","","ISSAQUAH HATCHERY","","0","1","2","0","0","0","Chinook","Fall","Issaquah Creek","HATCHERY","2","2024","3","true",,,"false","false",,,"0","0","0"
"Adult Surplus Event","Surplussed","2024-10-29T00:00:00.000","ISSAQUAH HATCHERY","","ISSAQUAH HATCHERY","","0","0","1","0","0","0","Chinook","Fall","Issaquah Creek","HATCHERY","2","2024","3","true",,,"true","true",,,"0","1","0"
"EggTake","","2024-10-29T00:00:00.000","ISSAQUAH HATCHERY","","","","0","0","0","0","0","362900","Coho","NA","Issaquah Creek","HATCHERY",,"2024",,"false",,,"false","false",,,"0","0","0"
"Parent Spawn Event","Lethal","2024-10-29T00:00:00.000","ISSAQUAH HATCHERY","","ISSAQUAH HATCHERY","","0","12","21","0","0","0","Coho","NA","Issaquah Creek","HATCHERY","2","2024","4","true",,,"true","true",,,"12","21","0"
"Parent Spawn Event","Lethal","2024-10-29T00:00:00.000","ISSAQUAH HATCHERY","","ISSAQUAH HATCHERY","","0","142","128","2","9","0","Coho","NA","Issaquah Creek","HATCHERY","2","2024","4","true",,,"false","false",,,"0","0","0"
"Parent Spawn Event","Lethal","2024-10-29T00:00:00.000","ISSAQUAH HATCHERY","","ISSAQUAH HATCHERY","","0","9","4","0","0","0","Coho","NA","Issaquah Creek","WILD","14","2024","4","true",,,"false","false",,,"0","0","0"
"Parent Spawn Event","Lethal","2024-10-29T00:00:00.000","ISSAQUAH HATCHERY","","ISSAQUAH HATCHERY","","0","5","9","0","0","0","Coho","NA","Issaquah Creek","HATCHERY","2","2024","4","true",,,"false","false",,,"0","0","0"
"EggTake","","2024-10-29T00:00:00.000","ISSAQUAH HATCHERY","","","","0","0","0","0","0","26700","Coho","NA","Issaquah Creek","MIXED",,"2024",,"false",,,"false","false",,,"0","0","0"
"Trap Estimate","","2024-10-30T00:00:00.000","ISSAQUAH HATCHERY","","ISSAQUAH HATCHERY","","750","0","0","20","0","0","Coho","NA","Issaquah Creek","HATCHERY","1200","2024",,"false",,,"false","false",,,"0","0","0"
"Adult Mortality Event","","2024-11-02T00:00:00.000","ISSAQUAH HATCHERY","","ISSAQUAH HATCHERY","","0","0","2","0","0","0","Coho","NA","Issaquah Creek","HATCHERY","2","2024","3","true",,,"false","false",,,"0","0","0"
"Parent Spawn Event","Lethal","2024-11-05T00:00:00.000","ISSAQUAH HATCHERY","","ISSAQUAH HATCHERY","","0","19","17","0","0","0","Coho","NA","Issaquah Creek","HATCHERY","2","2024","4","true",,,"true","true",,,"19","17","0"
"Adult Surplus Event","Surplussed","2024-11-05T00:00:00.000","ISSAQUAH HATCHERY","","ISSAQUAH HATCHERY","","0","1","0","0","0","0","Coho","NA","Issaquah Creek","HATCHERY","2","2024","4","true",,,"false","false",,,"0","0","0"
"Adult Mortality Event","","2024-11-05T00:00:00.000","ISSAQUAH HATCHERY","","ISSAQUAH HATCHERY","","0","2","6","0","0","0","Chinook","Fall","Issaquah Creek","HATCHERY","2","2024","4","true",,,"false","false",,,"0","0","0"
"EggTake","","2024-11-05T00:00:00.000","ISSAQUAH HATCHERY","","","","0","0","0","0","0","48100","Coho","NA","Issaquah Creek","MIXED",,"2024",,"false",,,"false","false",,,"0","0","0"
"Parent Spawn Event","Lethal","2024-11-05T00:00:00.000","ISSAQUAH HATCHERY","","ISSAQUAH HATCHERY","","0","16","2","0","0","0","Coho","NA","Issaquah Creek","WILD","14","2024","4","true",,,"false","false",,,"0","0","0"
"EggTake","","2024-11-05T00:00:00.000","ISSAQUAH HATCHERY","","","","0","0","0","0","0","323800","Coho","NA","Issaquah Creek","HATCHERY",,"2024",,"false",,,"false","false",,,"0","0","0"
"Adult Plant Event","Upstream","2024-11-05T00:00:00.000","ISSAQUAH HATCHERY","","ISSAQUAH HATCHERY","ISSAQUAH CR  08.0178","0","0","1","0","0","0","Chinook","Fall","Issaquah Creek","WILD","14","2024","3","true",,,"false","false",,,"0","0","0"
"Adult Mortality Event","","2024-11-05T00:00:00.000","ISSAQUAH HATCHERY","","ISSAQUAH HATCHERY","","0","3","0","0","0","0","Coho","NA","Issaquah Creek","WILD","14","2024","4","true",,,"false","false",,,"0","0","0"
"Adult Mortality Event","","2024-11-05T00:00:00.000","ISSAQUAH HATCHERY","","ISSAQUAH HATCHERY","","0","4","0","0","0","0","Coho","NA","Issaquah Creek","HATCHERY","2","2024","4","true",,,"true","true",,,"4","0","0"
"Parent Spawn Event","Lethal","2024-11-05T00:00:00.000","ISSAQUAH HATCHERY","","ISSAQUAH HATCHERY","","0","129","132","1","14","0","Coho","NA","Issaquah Creek","HATCHERY","2","2024","4","true",,,"false","false",,,"0","0","0"
"Adult Mortality Event","","2024-11-05T00:00:00.000","ISSAQUAH HATCHERY","","ISSAQUAH HATCHERY","","0","46","39","2","0","0","Coho","NA","Issaquah Creek","HATCHERY","2","2024","4","true",,,"false","false",,,"0","0","0"
"Adult Plant Event","Upstream","2024-11-05T00:00:00.000","ISSAQUAH HATCHERY","","ISSAQUAH HATCHERY","ISSAQUAH CR  08.0178","0","324","382","38","0","0","Coho","NA","Issaquah Creek","HATCHERY","2","2024","3","true",,,"false","false",,,"0","0","0"
"Parent Spawn Event","Lethal","2024-11-05T00:00:00.000","ISSAQUAH HATCHERY","","ISSAQUAH HATCHERY","","0","2","16","0","0","0","Coho","NA","Issaquah Creek","HATCHERY","2","2024","4","true",,,"false","false",,,"0","0","0"
"Adult Mortality Event","","2024-11-06T00:00:00.000","ISSAQUAH HATCHERY","","","","0","3","3","1","0","0","Coho","NA","Issaquah Creek","HATCHERY","2","2024","3","true",,,"false","false",,,"0","0","0"
"Adult Mortality Event","","2024-11-06T00:00:00.000","ISSAQUAH HATCHERY","","","","0","1","0","0","0","0","Coho","NA","Issaquah Creek","HATCHERY","2","2024","3","true",,,"true","true",,,"1","0","0"
"Adult Plant Event","NA","2024-11-06T00:00:00.000","ISSAQUAH HATCHERY","","ISSAQUAH HATCHERY","COAL CR      08.0268","0","479","369","28","0","0","Coho","NA","Issaquah Creek","HATCHERY","2","2024","3","true",,,"false","false",,,"0","0","0"
"Adult Mortality Event","","2024-11-07T00:00:00.000","ISSAQUAH HATCHERY","","","","0","0","1","0","0","0","Coho","NA","Issaquah Creek","WILD","14","2024","3","true",,,"false","false",,,"0","0","0"
"Adult Mortality Event","","2024-11-07T00:00:00.000","ISSAQUAH HATCHERY","","","","0","1","1","0","0","0","Coho","NA","Issaquah Creek","HATCHERY","2","2024","3","true",,,"true","true",,,"1","1","0"
"Adult Mortality Event","","2024-11-07T00:00:00.000","ISSAQUAH HATCHERY","","","","0","5","6","0","0","0","Coho","NA","Issaquah Creek","HATCHERY","2","2024","3","true",,,"false","false",,,"0","0","0"
"Adult Mortality Event","","2024-11-08T00:00:00.000","ISSAQUAH HATCHERY","","ISSAQUAH HATCHERY","","0","2","7","0","0","0","Coho","NA","Issaquah Creek","HATCHERY","2","2024","3","true",,,"false","false",,,"0","0","0"
"Adult Mortality Event","","2024-11-08T00:00:00.000","ISSAQUAH HATCHERY","","ISSAQUAH HATCHERY","","0","1","1","0","0","0","Coho","NA","Issaquah Creek","WILD","14","2024","3","true",,,"false","false",,,"0","0","0"
"Trap Estimate","","2024-11-09T00:00:00.000","ISSAQUAH HATCHERY","","ISSAQUAH HATCHERY","","118","0","0","32","0","0","Coho","NA","Issaquah Creek","WILD","1200","2024",,"false",,,"false","false",,,"0","0","0"
"Trap Estimate","","2024-11-09T00:00:00.000","ISSAQUAH HATCHERY","","ISSAQUAH HATCHERY","","1200","0","0","70","0","0","Coho","NA","Issaquah Creek","HATCHERY","1200","2024",,"false",,,"false","false",,,"0","0","0"
"Adult Mortality Event","","2024-11-10T00:00:00.000","ISSAQUAH HATCHERY","","ISSAQUAH HATCHERY","","0","9","8","1","0","0","Coho","NA","Issaquah Creek","HATCHERY","2","2024","3","true",,,"false","false",,,"0","0","0"
"Adult Mortality Event","","2024-11-10T00:00:00.000","ISSAQUAH HATCHERY","","ISSAQUAH HATCHERY","","0","3","0","1","0","0","Coho","NA","Issaquah Creek","HATCHERY","2","2024","3","true",,,"true","true",,,"3","0","1"
"Adult Mortality Event","","2024-11-10T00:00:00.000","ISSAQUAH HATCHERY","","ISSAQUAH HATCHERY","","0","1","1","0","0","0","Coho","NA","Issaquah Creek","WILD","14","2024","3","true",,,"false","false",,,"0","0","0"
"Trap Estimate","","2024-11-11T00:00:00.000","ISSAQUAH HATCHERY","","ISSAQUAH HATCHERY","","506","0","0","47","0","0","Coho","NA","Issaquah Creek","HATCHERY","1200","2024",,"false",,,"false","false",,,"0","0","0"
"EggTake","","2024-11-12T00:00:00.000","ISSAQUAH HATCHERY","","","","0","0","0","0","0","39700","Coho","NA","Issaquah Creek","MIXED",,"2024",,"false",,,"false","false",,,"0","0","0"
"Parent Spawn Event","Lethal","2024-11-12T00:00:00.000","ISSAQUAH HATCHERY","","ISSAQUAH HATCHERY","","0","11","6","0","0","0","Coho","NA","Issaquah Creek","WILD","14","2024","4","true",,,"false","false",,,"0","0","0"
"Adult Plant Event","Upstream","2024-11-12T00:00:00.000","ISSAQUAH HATCHERY","","ISSAQUAH HATCHERY","ISSAQUAH CR  08.0178","0","211","147","20","0","0","Coho","NA","Issaquah Creek","HATCHERY","2","2024","3","true",,,"false","false",,,"0","0","0"
"Parent Spawn Event","Lethal","2024-11-12T00:00:00.000","ISSAQUAH HATCHERY","","ISSAQUAH HATCHERY","","0","103","107","0","1","0","Coho","NA","Issaquah Creek","HATCHERY","2","2024","4","true",,,"false","false",,,"0","0","0"
"EggTake","","2024-11-12T00:00:00.000","ISSAQUAH HATCHERY","","","","0","0","0","0","0","307500","Coho","NA","Issaquah Creek","HATCHERY",,"2024",,"false",,,"false","false",,,"0","0","0"
"Adult Mortality Event","","2024-11-12T00:00:00.000","ISSAQUAH HATCHERY","","ISSAQUAH HATCHERY","","0","1","0","0","0","0","Coho","NA","Issaquah Creek","WILD","14","2024","4","true",,,"false","false",,,"0","0","0"
"Adult Plant Event","Upstream","2024-11-12T00:00:00.000","ISSAQUAH HATCHERY","","ISSAQUAH HATCHERY","ISSAQUAH CR  08.0178","0","13","7","0","0","0","Coho","NA","Issaquah Creek","WILD","14","2024","3","true",,,"false","false",,,"0","0","0"
"Adult Surplus Event","Surplussed","2024-11-12T00:00:00.000","ISSAQUAH HATCHERY","","ISSAQUAH HATCHERY","","0","1","0","0","0","0","Coho","NA","Issaquah Creek","HATCHERY","2","2024","4","true",,,"false","false",,,"0","0","0"
"Adult Mortality Event","","2024-11-12T00:00:00.000","ISSAQUAH HATCHERY","","ISSAQUAH HATCHERY","","0","6","3","0","0","0","Coho","NA","Issaquah Creek","HATCHERY","2","2024","4","true",,,"false","false",,,"0","0","0"
"Adult Mortality Event","","2024-11-12T00:00:00.000","ISSAQUAH HATCHERY","","ISSAQUAH HATCHERY","","0","0","1","0","0","0","Coho","NA","Issaquah Creek","HATCHERY","2","2024","4","true",,,"true","true",,,"0","1","0"
"Parent Spawn Event","Lethal","2024-11-12T00:00:00.000","ISSAQUAH HATCHERY","","ISSAQUAH HATCHERY","","0","6","11","0","0","0","Coho","NA","Issaquah Creek","HATCHERY","2","2024","4","true",,,"false","false",,,"0","0","0"
"Adult Plant Event","Upstream","2024-11-12T00:00:00.000","ISSAQUAH HATCHERY","","ISSAQUAH HATCHERY","ISSAQUAH CR  08.0178","0","0","0","1","0","0","Chinook","Fall","Issaquah Creek","WILD","14","2024","3","true",,,"false","false",,,"0","0","0"
"Parent Spawn Event","Lethal","2024-11-12T00:00:00.000","ISSAQUAH HATCHERY","","ISSAQUAH HATCHERY","","0","17","8","0","0","0","Coho","NA","Issaquah Creek","HATCHERY","2","2024","4","true",,,"true","true",,,"17","8","0"
"Adult Mortality Event","","2024-11-13T00:00:00.000","ISSAQUAH HATCHERY","","","","0","14","10","1","0","0","Coho","NA","Issaquah Creek","HATCHERY","2","2024","3","true",,,"false","false",,,"0","0","0"
"Adult Plant Event","NA","2024-11-13T00:00:00.000","ISSAQUAH HATCHERY","","ISSAQUAH HATCHERY","COAL CR      08.0268","0","259","245","54","0","0","Coho","NA","Issaquah Creek","HATCHERY","2","2024","3","true",,,"false","false",,,"0","0","0"
"Adult Mortality Event","","2024-11-13T00:00:00.000","ISSAQUAH HATCHERY","","","","0","0","3","0","0","0","Coho","NA","Issaquah Creek","WILD","14","2024","3","true",,,"false","false",,,"0","0","0"
"EggTake","","2024-11-19T00:00:00.000","ISSAQUAH HATCHERY","","","","0","0","0","0","0","22467","Coho","NA","Issaquah Creek","HATCHERY",,"2024",,"false",,,"false","false",,,"0","0","0"
"Adult Surplus Event","Surplussed","2024-11-19T00:00:00.000","ISSAQUAH HATCHERY","","ISSAQUAH HATCHERY","","0","231","211","5","0","0","Coho","NA","Issaquah Creek","HATCHERY","2","2024","4","true",,,"false","false",,,"0","0","0"
"Parent Spawn Event","Lethal","2024-11-19T00:00:00.000","ISSAQUAH HATCHERY","","ISSAQUAH HATCHERY","","0","10","10","0","3","0","Coho","NA","Issaquah Creek","HATCHERY","2","2024","4","true",,,"false","false",,,"0","0","0"
"Adult Mortality Event","","2024-11-19T00:00:00.000","ISSAQUAH HATCHERY","","","","0","2","5","0","0","0","Coho","NA","Issaquah Creek","HATCHERY","2","2024","4","true",,,"true","true",,,"2","5","0"
"Adult Plant Event","Upstream","2024-11-19T00:00:00.000","ISSAQUAH HATCHERY","","ISSAQUAH HATCHERY","ISSAQUAH CR  08.0178","0","30","33","34","0","0","Coho","NA","Issaquah Creek","WILD","14","2024","3","true",,,"false","false",,,"0","0","0"
"Adult Mortality Event","","2024-11-19T00:00:00.000","ISSAQUAH HATCHERY","","","","0","8","32","3","0","0","Coho","NA","Issaquah Creek","HATCHERY","2","2024","4","true",,,"false","false",,,"0","0","0"
"Adult Surplus Event","Surplussed","2024-11-19T00:00:00.000","ISSAQUAH HATCHERY","","ISSAQUAH HATCHERY","","0","40","30","1","0","0","Coho","NA","Issaquah Creek","HATCHERY","2","2024","4","true",,,"true","true",,,"40","30","1"
"Adult Mortality Event","","2024-11-19T00:00:00.000","ISSAQUAH HATCHERY","","ISSAQUAH HATCHERY","","0","1","0","0","0","0","Coho","NA","Issaquah Creek","WILD","14","2024","4","true",,,"false","false",,,"0","0","0"
"Trap Estimate","","2025-09-12T00:00:00.000","ISSAQUAH HATCHERY","","ISSAQUAH HATCHERY","","200","0","0","10","0","0","Chinook","Fall","Issaquah Creek","HATCHERY","1200","2025",,"false",,,"false","false",,,"0","0","0"
"Adult Mortality Event","","2025-09-13T00:00:00.000","ISSAQUAH HATCHERY","","ISSAQUAH HATCHERY","","0","2","2","0","0","0","Chinook","Fall","Issaquah Creek","HATCHERY","2","2025","3","true",,,"false","false",,,"0","0","0"
"Adult Mortality Event","","2025-09-13T00:00:00.000","ISSAQUAH HATCHERY","","ISSAQUAH HATCHERY","","0","0","1","0","0","0","Chinook","Fall","Issaquah Creek","HATCHERY","2","2025","3","true",,,"true","true",,,"0","1","0"
"Adult Mortality Event","","2025-09-13T00:00:00.000","ISSAQUAH HATCHERY","","ISSAQUAH HATCHERY","","0","1","0","0","0","0","Chinook","Fall","Issaquah Creek","WILD","14","2025","3","true",,,"false","false",,,"0","0","0"
"Adult Mortality Event","","2025-09-14T00:00:00.000","ISSAQUAH HATCHERY","","ISSAQUAH HATCHERY","","0","1","1","0","0","0","Chinook","Fall","Issaquah Creek","HATCHERY","2","2025","3","true",,,"false","false",,,"0","0","0"
"Adult Mortality Event","","2025-09-15T00:00:00.000","ISSAQUAH HATCHERY","","ISSAQUAH HATCHERY","","0","1","1","0","0","0","Chinook","Fall","Issaquah Creek","HATCHERY","2","2025","3","true",,,"true","true",,,"1","1","0"
"Adult Mortality Event","","2025-09-15T00:00:00.000","ISSAQUAH HATCHERY","","ISSAQUAH HATCHERY","","0","2","1","0","0","0","Chinook","Fall","Issaquah Creek","HATCHERY","2","2025","3","true",,,"false","false",,,"0","0","0"
"Adult Mortality Event","","2025-09-16T00:00:00.000","ISSAQUAH HATCHERY","","ISSAQUAH HATCHERY","","0","7","3","0","0","0","Chinook","Fall","Issaquah Creek","HATCHERY","2","2025","3","true",,,"false","false",,,"0","0","0"
"Adult Mortality Event","","2025-09-17T00:00:00.000","ISSAQUAH HATCHERY","","ISSAQUAH HATCHERY","","0","4","4","0","0","0","Chinook","Fall","Issaquah Creek","HATCHERY","2","2025","3","true",,,"false","false",,,"0","0","0"
"Trap Estimate","","2025-09-17T00:00:00.000","ISSAQUAH HATCHERY","","ISSAQUAH HATCHERY","","1400","0","0","50","0","0","Chinook","Fall","Issaquah Creek","HATCHERY","1200","2025",,"false",,,"false","false",,,"0","0","0"
"Adult Mortality Event","","2025-09-17T00:00:00.000","ISSAQUAH HATCHERY","","ISSAQUAH HATCHERY","","0","1","0","0","0","0","Chinook","Fall","Issaquah Creek","HATCHERY","2","2025","3","true",,,"true","true",,,"1","0","0"
"Trap Estimate","","2025-09-17T00:00:00.000","ISSAQUAH HATCHERY","","ISSAQUAH HATCHERY","","20","0","0","1","0","0","Chinook","Fall","Issaquah Creek","WILD","1200","2025",,"false",,,"false","false",,,"0","0","0"
"Adult Mortality Event","","2025-09-18T00:00:00.000","ISSAQUAH HATCHERY","","ISSAQUAH HATCHERY","","0","13","10","1","0","0","Chinook","Fall","Issaquah Creek","HATCHERY","2","2025","3","true",,,"false","false",,,"0","0","0"
"Adult Mortality Event","","2025-09-19T00:00:00.000","ISSAQUAH HATCHERY","","ISSAQUAH HATCHERY","","0","1","0","0","0","0","Chinook","Fall","Issaquah Creek","WILD","14","2025","3","true",,,"false","false",,,"0","0","0"
"Adult Mortality Event","","2025-09-19T00:00:00.000","ISSAQUAH HATCHERY","","ISSAQUAH HATCHERY","","0","5","2","0","0","0","Chinook","Fall","Issaquah Creek","HATCHERY","2","2025","3","true",,,"false","false",,,"0","0","0"
"Adult Mortality Event","","2025-09-20T00:00:00.000","ISSAQUAH HATCHERY","","ISSAQUAH HATCHERY","","0","7","3","1","0","0","Chinook","Fall","Issaquah Creek","HATCHERY","2","2025","3","true",,,"false","false",,,"0","0","0"
"Trap Estimate","","2025-09-21T00:00:00.000","ISSAQUAH HATCHERY","","ISSAQUAH HATCHERY","","50","0","0","0","0","0","Chinook","Fall","Issaquah Creek","WILD","1200","2025",,"false",,,"false","false",,,"0","0","0"
"Adult Mortality Event","","2025-09-21T00:00:00.000","ISSAQUAH HATCHERY","","ISSAQUAH HATCHERY","","0","12","4","0","0","0","Chinook","Fall","Issaquah Creek","HATCHERY","2","2025","3","true",,,"false","false",,,"0","0","0"
"Trap Estimate","","2025-09-21T00:00:00.000","ISSAQUAH HATCHERY","","ISSAQUAH HATCHERY","","500","0","0","30","0","0","Chinook","Fall","Issaquah Creek","HATCHERY","1200","2025",,"false",,,"false","false",,,"0","0","0"
"Adult Mortality Event","","2025-09-21T00:00:00.000","ISSAQUAH HATCHERY","","ISSAQUAH HATCHERY","","0","0","1","0","0","0","Chinook","Fall","Issaquah Creek","HATCHERY","2","2025","3","true",,,"true","true",,,"0","1","0"
"Adult Mortality Event","","2025-09-22T00:00:00.000","ISSAQUAH HATCHERY","","ISSAQUAH HATCHERY","","0","3","0","0","0","0","Chinook","Fall","Issaquah Creek","HATCHERY","2","2025","3","true",,,"true","true",,,"3","0","0"
"Adult Mortality Event","","2025-09-22T00:00:00.000","ISSAQUAH HATCHERY","","ISSAQUAH HATCHERY","","0","12","8","0","0","0","Chinook","Fall","Issaquah Creek","HATCHERY","2","2025","3","true",,,"false","false",,,"0","0","0"
"Adult Mortality Event","","2025-09-23T00:00:00.000","ISSAQUAH HATCHERY","","ISSAQUAH HATCHERY","","0","1","0","0","0","0","Chinook","Fall","Issaquah Creek","WILD","14","2025","4","true",,,"false","false",,,"0","0","0"
"Adult Plant Event","Upstream","2025-09-23T00:00:00.000","ISSAQUAH HATCHERY","","ISSAQUAH HATCHERY","ISSAQUAH CR  08.0178","0","27","3","1","0","0","Chinook","Fall","Issaquah Creek","WILD","14","2025","3","true",,,"false","false",,,"0","0","0"
"Adult Surplus Event","Surplussed","2025-09-23T00:00:00.000","ISSAQUAH HATCHERY","","ISSAQUAH HATCHERY","","0","247","0","15","0","0","Chinook","Fall","Issaquah Creek","HATCHERY","2","2025","4","true",,,"false","false",,,"0","0","0"
"Adult Surplus Event","Surplussed","2025-09-23T00:00:00.000","ISSAQUAH HATCHERY","","ISSAQUAH HATCHERY","","0","33","0","5","0","0","Chinook","Fall","Issaquah Creek","HATCHERY","2","2025","4","true",,,"true","true",,,"33","0","5"
"Adult Mortality Event","","2025-09-23T00:00:00.000","ISSAQUAH HATCHERY","","ISSAQUAH HATCHERY","","0","18","12","3","0","0","Chinook","Fall","Issaquah Creek","HATCHERY","2","2025","4","true",,,"false","false",,,"0","0","0"
"Adult Mortality Event","","2025-09-23T00:00:00.000","ISSAQUAH HATCHERY","","ISSAQUAH HATCHERY","","0","1","1","0","0","0","Chinook","Fall","Issaquah Creek","HATCHERY","2","2025","4","true",,,"true","true",,,"1","1","0"
"Parent Spawn Event","Lethal","2025-09-23T00:00:00.000","ISSAQUAH HATCHERY","","ISSAQUAH HATCHERY","","0","87","87","2","10","0","Chinook","Fall","Issaquah Creek","HATCHERY","2","2025","4","true",,,"false","false",,,"0","0","0"
"Parent Spawn Event","Lethal","2025-09-23T00:00:00.000","ISSAQUAH HATCHERY","","ISSAQUAH HATCHERY","","0","7","8","0","0","0","Chinook","Fall","Issaquah Creek","HATCHERY","2","2025","4","true",,,"true","true",,,"7","8","0"
"EggTake","","2025-09-23T00:00:00.000","ISSAQUAH HATCHERY","","","","0","0","0","0","0","387800","Chinook","Fall","Issaquah Creek","HATCHERY",,"2025",,"false",,,"false","false",,,"0","0","0"
"Adult Mortality Event","","2025-09-24T00:00:00.000","ISSAQUAH HATCHERY","","ISSAQUAH HATCHERY","","0","6","4","0","0","0","Chinook","Fall","Issaquah Creek","HATCHERY","2","2025","3","true",,,"false","false",,,"0","0","0"
"Adult Surplus Event","Surplussed","2025-09-25T00:00:00.000","ISSAQUAH HATCHERY","","ISSAQUAH HATCHERY","","0","38","0","2","0","0","Chinook","Fall","Issaquah Creek","HATCHERY","2","2025","4","true",,,"true","true",,,"38","0","2"
"Adult Plant Event","Upstream","2025-09-25T00:00:00.000","ISSAQUAH HATCHERY","","ISSAQUAH HATCHERY","ISSAQUAH CR  08.0178","0","24","7","0","0","0","Chinook","Fall","Issaquah Creek","WILD","14","2025","3","true",,,"false","false",,,"0","0","0"
"Adult Surplus Event","Surplussed","2025-09-25T00:00:00.000","ISSAQUAH HATCHERY","","ISSAQUAH HATCHERY","","0","383","0","17","0","0","Chinook","Fall","Issaquah Creek","HATCHERY","2","2025","4","true",,,"false","false",,,"0","0","0"
"EggTake","","2025-09-25T00:00:00.000","ISSAQUAH HATCHERY","","","","0","0","0","0","0","62700","Chinook","Fall","Issaquah Creek","HATCHERY",,"2025",,"false",,,"false","false",,,"0","0","0"
"Parent Spawn Event","Lethal","2025-09-25T00:00:00.000","ISSAQUAH HATCHERY","","ISSAQUAH HATCHERY","","0","21","14","0","1","0","Chinook","Fall","Issaquah Creek","HATCHERY","2","2025","4","true",,,"false","false",,,"0","0","0"
"Adult Mortality Event","","2025-09-25T00:00:00.000","ISSAQUAH HATCHERY","","ISSAQUAH HATCHERY","","0","15","12","2","0","0","Chinook","Fall","Issaquah Creek","HATCHERY","2","2025","4","true",,,"false","false",,,"0","0","0"
"Parent Spawn Event","Lethal","2025-09-25T00:00:00.000","ISSAQUAH HATCHERY","","ISSAQUAH HATCHERY","","0","2","1","0","0","0","Chinook","Fall","Issaquah Creek","HATCHERY","2","2025","4","true",,,"true","true",,,"2","1","0"
"Adult Mortality Event","","2025-09-25T00:00:00.000","ISSAQUAH HATCHERY","","ISSAQUAH HATCHERY","","0","2","0","0","0","0","Chinook","Fall","Issaquah Creek","HATCHERY","2","2025","4","true",,,"true","true",,,"2","0","0"
"Adult Mortality Event","","2025-09-26T00:00:00.000","ISSAQUAH HATCHERY","","ISSAQUAH HATCHERY","","0","12","9","0","0","0","Chinook","Fall","Issaquah Creek","HATCHERY","2","2025","3","true",,,"false","false",,,"0","0","0"
"Adult Mortality Event","","2025-09-26T00:00:00.000","ISSAQUAH HATCHERY","","ISSAQUAH HATCHERY","","0","0","2","0","0","0","Chinook","Fall","Issaquah Creek","HATCHERY","2","2025","3","true",,,"true","true",,,"0","2","0"
"Adult Mortality Event","","2025-09-27T00:00:00.000","ISSAQUAH HATCHERY","","ISSAQUAH HATCHERY","","0","1","2","1","0","0","Chinook","Fall","Issaquah Creek","HATCHERY","2","2025","3","true",,,"true","true",,,"1","2","1"
"Adult Mortality Event","","2025-09-27T00:00:00.000","ISSAQUAH HATCHERY","","ISSAQUAH HATCHERY","","0","16","16","0","0","0","Chinook","Fall","Issaquah Creek","HATCHERY","2","2025","3","true",,,"false","false",,,"0","0","0"
"Trap Estimate","","2025-09-27T00:00:00.000","ISSAQUAH HATCHERY","","ISSAQUAH HATCHERY","","50","0","0","0","0","0","Chinook","Fall","Issaquah Creek","WILD","1200","2025",,"false",,,"false","false",,,"0","0","0"
"Adult Mortality Event","","2025-09-27T00:00:00.000","ISSAQUAH HATCHERY","","ISSAQUAH HATCHERY","","0","1","0","0","0","0","Chinook","Fall","Issaquah Creek","WILD","14","2025","3","true",,,"false","false",,,"0","0","0"
"Trap Estimate","","2025-09-27T00:00:00.000","ISSAQUAH HATCHERY","","ISSAQUAH HATCHERY","","1000","0","0","50","0","0","Chinook","Fall","Issaquah Creek","HATCHERY","1200","2025",,"false",,,"false","false",,,"0","0","0"
"Adult Mortality Event","","2025-09-28T00:00:00.000","ISSAQUAH HATCHERY","","ISSAQUAH HATCHERY","","0","20","24","4","0","0","Chinook","Fall","Issaquah Creek","HATCHERY","2","2025","3","true",,,"false","false",,,"0","0","0"
"Adult Mortality Event","","2025-09-28T00:00:00.000","ISSAQUAH HATCHERY","","ISSAQUAH HATCHERY","","0","2","1","0","0","0","Chinook","Fall","Issaquah Creek","WILD","14","2025","3","true",,,"false","false",,,"0","0","0"
"Adult Mortality Event","","2025-09-28T00:00:00.000","ISSAQUAH HATCHERY","","ISSAQUAH HATCHERY","","0","1","3","0","0","0","Chinook","Fall","Issaquah Creek","HATCHERY","2","2025","3","true",,,"true","true",,,"1","3","0"
"Trap Estimate","","2025-09-29T00:00:00.000","ISSAQUAH HATCHERY","","ISSAQUAH HATCHERY","","250","0","0","5","0","0","Coho","NA","Issaquah Creek","HATCHERY","1200","2025",,"false",,,"false","false",,,"0","0","0"
"Adult Mortality Event","","2025-09-29T00:00:00.000","ISSAQUAH HATCHERY","","ISSAQUAH HATCHERY","","0","2","2","1","0","0","Chinook","Fall","Issaquah Creek","HATCHERY","2","2025","3","true",,,"true","true",,,"2","2","1"
"Adult Mortality Event","","2025-09-29T00:00:00.000","ISSAQUAH HATCHERY","","ISSAQUAH HATCHERY","","0","20","26","4","0","0","Chinook","Fall","Issaquah Creek","HATCHERY","2","2025","3","true",,,"false","false",,,"0","0","0"
"Trap Estimate","","2025-09-29T00:00:00.000","ISSAQUAH HATCHERY","","ISSAQUAH HATCHERY","","25","0","0","0","0","0","Chinook","Fall","Issaquah Creek","WILD","1200","2025",,"false",,,"false","false",,,"0","0","0"
"Trap Estimate","","2025-09-29T00:00:00.000","ISSAQUAH HATCHERY","","ISSAQUAH HATCHERY","","1200","0","0","0","0","0","Chinook","Fall","Issaquah Creek","HATCHERY","1200","2025",,"false",,,"false","false",,,"0","0","0"
"Trap Estimate","","2025-09-29T00:00:00.000","ISSAQUAH HATCHERY","","ISSAQUAH HATCHERY","","8","0","0","0","0","0","Coho","NA","Issaquah Creek","WILD","1200","2025",,"false",,,"false","false",,,"0","0","0"
"Adult Mortality Event","","2025-09-29T00:00:00.000","ISSAQUAH HATCHERY","","ISSAQUAH HATCHERY","","0","1","1","0","0","0","Chinook","Fall","Issaquah Creek","WILD","14","2025","3","true",,,"false","false",,,"0","0","0"
"Adult Mortality Event","","2025-09-30T00:00:00.000","ISSAQUAH HATCHERY","","ISSAQUAH HATCHERY","","0","31","50","4","0","0","Chinook","Fall","Issaquah Creek","HATCHERY","2","2025","3","true",,,"false","false",,,"0","0","0"
"Adult Plant Event","Upstream","2025-09-30T00:00:00.000","ISSAQUAH HATCHERY","","ISSAQUAH HATCHERY","ISSAQUAH CR  08.0178","0","13","3","0","0","0","Chinook","Fall","Issaquah Creek","WILD","14","2025","3","true",,,"false","false",,,"0","0","0"
"Adult Mortality Event","","2025-09-30T00:00:00.000","ISSAQUAH HATCHERY","","ISSAQUAH HATCHERY","","0","4","0","0","0","0","Chinook","Fall","Issaquah Creek","HATCHERY","2","2025","3","true",,,"true","true",,,"4","0","0"
"Adult Surplus Event","Surplussed","2025-09-30T00:00:00.000","ISSAQUAH HATCHERY","","ISSAQUAH HATCHERY","","0","17","0","1","0","0","Chinook","Fall","Issaquah Creek","HATCHERY","2","2025","4","true",,,"true","true",,,"17","0","1"
"Adult Surplus Event","Surplussed","2025-09-30T00:00:00.000","ISSAQUAH HATCHERY","","ISSAQUAH HATCHERY","","0","129","0","13","0","0","Chinook","Fall","Issaquah Creek","HATCHERY","2","2025","4","true",,,"false","false",,,"0","0","0"
"Adult Mortality Event","","2025-09-30T00:00:00.000","ISSAQUAH HATCHERY","","ISSAQUAH HATCHERY","","0","0","1","0","0","0","Chinook","Fall","Issaquah Creek","WILD","14","2025","3","true",,,"false","false",,,"0","0","0"
"Parent Spawn Event","Lethal","2025-09-30T00:00:00.000","ISSAQUAH HATCHERY","","ISSAQUAH HATCHERY","","0","217","203","5","6","0","Chinook","Fall","Issaquah Creek","HATCHERY","2","2025","4","true",,,"false","false",,,"0","0","0"
"EggTake","","2025-09-30T00:00:00.000","ISSAQUAH HATCHERY","","","","0","0","0","0","0","863350","Chinook","Fall","Issaquah Creek","HATCHERY",,"2025",,"false",,,"false","false",,,"0","0","0"
"Parent Spawn Event","Lethal","2025-09-30T00:00:00.000","ISSAQUAH HATCHERY","","ISSAQUAH HATCHERY","","0","21","19","0","0","0","Chinook","Fall","Issaquah Creek","HATCHERY","2","2025","4","true",,,"true","true",,,"21","19","0"
"Parent Spawn Event","Lethal","2025-10-01T00:00:00.000","ISSAQUAH HATCHERY","","ISSAQUAH HATCHERY","","0","178","181","3","6","0","Chinook","Fall","Issaquah Creek","HATCHERY","2","2025","4","true",,,"false","false",,,"0","0","0"
"EggTake","","2025-10-01T00:00:00.000","ISSAQUAH HATCHERY","","","","0","0","0","0","0","729000","Chinook","Fall","Issaquah Creek","HATCHERY",,"2025",,"false",,,"false","false",,,"0","0","0"
"Adult Surplus Event","Surplussed","2025-10-01T00:00:00.000","ISSAQUAH HATCHERY","","ISSAQUAH HATCHERY","","0","30","0","3","0","0","Chinook","Fall","Issaquah Creek","HATCHERY","2","2025","4","true",,,"true","true",,,"30","0","3"
"Adult Surplus Event","Surplussed","2025-10-01T00:00:00.000","ISSAQUAH HATCHERY","","ISSAQUAH HATCHERY","","0","302","0","6","0","0","Chinook","Fall","Issaquah Creek","HATCHERY","2","2025","4","true",,,"false","false",,,"0","0","0"
"Parent Spawn Event","Lethal","2025-10-01T00:00:00.000","ISSAQUAH HATCHERY","","ISSAQUAH HATCHERY","","0","26","14","0","0","0","Chinook","Fall","Issaquah Creek","HATCHERY","2","2025","4","true",,,"true","true",,,"26","14","0"
"Adult Mortality Event","","2025-10-01T00:00:00.000","ISSAQUAH HATCHERY","","ISSAQUAH HATCHERY","","0","3","1","0","0","0","Chinook","Fall","Issaquah Creek","HATCHERY","2","2025","4","true",,,"true","true",,,"3","1","0"
"Adult Mortality Event","","2025-10-01T00:00:00.000","ISSAQUAH HATCHERY","","ISSAQUAH HATCHERY","","0","43","46","4","0","0","Chinook","Fall","Issaquah Creek","HATCHERY","2","2025","4","true",,,"false","false",,,"0","0","0"
"Adult Mortality Event","","2025-10-01T00:00:00.000","ISSAQUAH HATCHERY","","ISSAQUAH HATCHERY","","0","1","0","0","0","0","Chinook","Fall","Issaquah Creek","WILD","14","2025","4","true",,,"false","false",,,"0","0","0"
"Adult Plant Event","Upstream","2025-10-01T00:00:00.000","ISSAQUAH HATCHERY","","ISSAQUAH HATCHERY","ISSAQUAH CR  08.0178","0","21","5","0","0","0","Chinook","Fall","Issaquah Creek","WILD","14","2025","3","true",,,"false","false",,,"0","0","0"
"Adult Mortality Event","","2025-10-02T00:00:00.000","ISSAQUAH HATCHERY","","ISSAQUAH HATCHERY","","0","1","2","0","0","0","Chinook","Fall","Issaquah Creek","HATCHERY","2","2025","3","true",,,"true","true",,,"1","2","0"
"Adult Mortality Event","","2025-10-02T00:00:00.000","ISSAQUAH HATCHERY","","ISSAQUAH HATCHERY","","0","16","17","0","0","0","Chinook","Fall","Issaquah Creek","HATCHERY","2","2025","3","true",,,"false","false",,,"0","0","0"
"Adult Mortality Event","","2025-10-02T00:00:00.000","ISSAQUAH HATCHERY","","ISSAQUAH HATCHERY","","0","2","0","0","0","0","Chinook","Fall","Issaquah Creek","WILD","14","2025","3","true",,,"false","false",,,"0","0","0"
"Adult Mortality Event","","2025-10-03T00:00:00.000","ISSAQUAH HATCHERY","","ISSAQUAH HATCHERY","","0","4","2","1","0","0","Chinook","Fall","Issaquah Creek","HATCHERY","2","2025","3","true",,,"true","true",,,"4","2","1"
"Adult Mortality Event","","2025-10-03T00:00:00.000","ISSAQUAH HATCHERY","","ISSAQUAH HATCHERY","","0","29","22","2","0","0","Chinook","Fall","Issaquah Creek","HATCHERY","2","2025","3","true",,,"false","false",,,"0","0","0"
"Adult Mortality Event","","2025-10-04T00:00:00.000","ISSAQUAH HATCHERY","","ISSAQUAH HATCHERY","","0","1","0","0","0","0","Chinook","Fall","Issaquah Creek","WILD","14","2025","3","true",,,"false","false",,,"0","0","0"
"Adult Mortality Event","","2025-10-04T00:00:00.000","ISSAQUAH HATCHERY","","ISSAQUAH HATCHERY","","0","2","2","3","0","0","Chinook","Fall","Issaquah Creek","HATCHERY","2","2025","3","true",,,"true","true",,,"2","2","3"
"Adult Mortality Event","","2025-10-04T00:00:00.000","ISSAQUAH HATCHERY","","ISSAQUAH HATCHERY","","0","17","31","2","0","0","Chinook","Fall","Issaquah Creek","HATCHERY","2","2025","3","true",,,"false","false",,,"0","0","0"
"Adult Mortality Event","","2025-10-05T00:00:00.000","ISSAQUAH HATCHERY","","ISSAQUAH HATCHERY","","0","31","37","3","0","0","Chinook","Fall","Issaquah Creek","HATCHERY","2","2025","3","true",,,"false","false",,,"0","0","0"
"Adult Mortality Event","","2025-10-05T00:00:00.000","ISSAQUAH HATCHERY","","ISSAQUAH HATCHERY","","0","1","5","2","0","0","Chinook","Fall","Issaquah Creek","HATCHERY","2","2025","3","true",,,"true","true",,,"1","5","2"
"Adult Mortality Event","","2025-10-05T00:00:00.000","ISSAQUAH HATCHERY","","ISSAQUAH HATCHERY","","0","1","0","0","0","0","Chinook","Fall","Issaquah Creek","WILD","14","2025","3","true",,,"false","false",,,"0","0","0"
"Adult Mortality Event","","2025-10-06T00:00:00.000","ISSAQUAH HATCHERY","","ISSAQUAH HATCHERY","","0","26","33","2","0","0","Chinook","Fall","Issaquah Creek","HATCHERY","2","2025","3","true",,,"false","false",,,"0","0","0"
"Adult Mortality Event","","2025-10-06T00:00:00.000","ISSAQUAH HATCHERY","","ISSAQUAH HATCHERY","","0","2","0","0","0","0","Chinook","Fall","Issaquah Creek","WILD","14","2025","3","true",,,"false","false",,,"0","0","0"
"Trap Estimate","","2025-10-06T00:00:00.000","ISSAQUAH HATCHERY","","ISSAQUAH HATCHERY","","20","0","0","70","0","0","Chinook","Fall","Issaquah Creek","HATCHERY","1200","2025",,"false",,,"false","false",,,"0","0","0"
"Adult Mortality Event","","2025-10-06T00:00:00.000","ISSAQUAH HATCHERY","","ISSAQUAH HATCHERY","","0","1","4","2","0","0","Chinook","Fall","Issaquah Creek","HATCHERY","2","2025","3","true",,,"true","true",,,"1","4","2"
"Trap Estimate","","2025-10-06T00:00:00.000","ISSAQUAH HATCHERY","","ISSAQUAH HATCHERY","","10","0","0","1","0","0","Coho","NA","Issaquah Creek","WILD","1200","2025",,"false",,,"false","false",,,"0","0","0"
"Trap Estimate","","2025-10-06T00:00:00.000","ISSAQUAH HATCHERY","","ISSAQUAH HATCHERY","","5","0","0","0","0","0","Chinook","Fall","Issaquah Creek","WILD","1200","2025",,"false",,,"false","false",,,"0","0","0"
"Trap Estimate","","2025-10-06T00:00:00.000","ISSAQUAH HATCHERY","","ISSAQUAH HATCHERY","","500","0","0","10","0","0","Coho","NA","Issaquah Creek","HATCHERY","1200","2025",,"false",,,"false","false",,,"0","0","0"
"Adult Plant Event","Upstream","2025-10-07T00:00:00.000","ISSAQUAH HATCHERY","","ISSAQUAH HATCHERY","ISSAQUAH CR  08.0178","0","8","2","0","0","0","Chinook","Fall","Issaquah Creek","WILD","14","2025","3","true",,,"false","false",,,"0","0","0"
"Adult Mortality Event","","2025-10-07T00:00:00.000","ISSAQUAH HATCHERY","","ISSAQUAH HATCHERY","","0","32","25","9","0","0","Chinook","Fall","Issaquah Creek","HATCHERY","2","2025","3","true",,,"false","false",,,"0","0","0"
"Adult Surplus Event","Surplussed","2025-10-07T00:00:00.000","ISSAQUAH HATCHERY","","ISSAQUAH HATCHERY","","0","75","0","16","0","0","Chinook","Fall","Issaquah Creek","HATCHERY","2","2025","4","true",,,"false","false",,,"0","0","0"
"Parent Spawn Event","Lethal","2025-10-07T00:00:00.000","ISSAQUAH HATCHERY","","ISSAQUAH HATCHERY","","0","202","203","7","8","0","Chinook","Fall","Issaquah Creek","HATCHERY","2","2025","4","true",,,"false","false",,,"0","0","0"
"Adult Mortality Event","","2025-10-07T00:00:00.000","ISSAQUAH HATCHERY","","ISSAQUAH HATCHERY","","0","1","0","0","0","0","Chinook","Fall","Issaquah Creek","WILD","14","2025","3","true",,,"false","false",,,"0","0","0"
"Adult Surplus Event","Surplussed","2025-10-07T00:00:00.000","ISSAQUAH HATCHERY","","ISSAQUAH HATCHERY","","0","11","0","5","0","0","Chinook","Fall","Issaquah Creek","HATCHERY","2","2025","4","true",,,"true","true",,,"11","0","5"
"Parent Spawn Event","Lethal","2025-10-07T00:00:00.000","ISSAQUAH HATCHERY","","ISSAQUAH HATCHERY","","0","35","19","1","0","0","Chinook","Fall","Issaquah Creek","HATCHERY","2","2025","4","true",,,"true","true",,,"35","19","1"
"EggTake","","2025-10-07T00:00:00.000","ISSAQUAH HATCHERY","","","","0","0","0","0","0","839000","Chinook","Fall","Issaquah Creek","HATCHERY",,"2025",,"false",,,"false","false",,,"0","0","0"
"Adult Mortality Event","","2025-10-07T00:00:00.000","ISSAQUAH HATCHERY","","ISSAQUAH HATCHERY","","0","3","3","3","0","0","Chinook","Fall","Issaquah Creek","HATCHERY","2","2025","3","true",,,"true","true",,,"3","3","3"
"Adult Mortality Event","","2025-10-08T00:00:00.000","ISSAQUAH HATCHERY","","ISSAQUAH HATCHERY","","0","16","12","4","0","0","Chinook","Fall","Issaquah Creek","HATCHERY","2","2025","3","true",,,"false","false",,,"0","0","0"
"Adult Plant Event","Upstream","2025-10-08T00:00:00.000","ISSAQUAH HATCHERY","","ISSAQUAH HATCHERY","ISSAQUAH CR  08.0178","0","10","1","0","0","0","Chinook","Fall","Issaquah Creek","WILD","14","2025","3","true",,,"false","false",,,"0","0","0"
"EggTake","","2025-10-08T00:00:00.000","ISSAQUAH HATCHERY","","","","0","0","0","0","0","550000","Chinook","Fall","Issaquah Creek","HATCHERY",,"2025",,"false",,,"false","false",,,"0","0","0"
"Adult Mortality Event","","2025-10-08T00:00:00.000","ISSAQUAH HATCHERY","","ISSAQUAH HATCHERY","","0","1","0","0","0","0","Chinook","Fall","Issaquah Creek","WILD","14","2025","3","true",,,"false","false",,,"0","0","0"
"Adult Mortality Event","","2025-10-08T00:00:00.000","ISSAQUAH HATCHERY","","ISSAQUAH HATCHERY","","0","1","3","0","0","0","Chinook","Fall","Issaquah Creek","HATCHERY","2","2025","3","true",,,"true","true",,,"1","3","0"
"Parent Spawn Event","Lethal","2025-10-08T00:00:00.000","ISSAQUAH HATCHERY","","ISSAQUAH HATCHERY","","0","15","12","0","0","0","Chinook","Fall","Issaquah Creek","HATCHERY","2","2025","4","true",,,"true","true",,,"15","12","0"
"Adult Surplus Event","Surplussed","2025-10-08T00:00:00.000","ISSAQUAH HATCHERY","","ISSAQUAH HATCHERY","","0","153","83","40","0","0","Chinook","Fall","Issaquah Creek","HATCHERY","2","2025","4","true",,,"false","false",,,"0","0","0"
"Adult Surplus Event","Surplussed","2025-10-08T00:00:00.000","ISSAQUAH HATCHERY","","ISSAQUAH HATCHERY","","0","22","10","6","0","0","Chinook","Fall","Issaquah Creek","HATCHERY","2","2025","4","true",,,"true","true",,,"22","10","6"
"Parent Spawn Event","Lethal","2025-10-08T00:00:00.000","ISSAQUAH HATCHERY","","ISSAQUAH HATCHERY","","0","125","127","0","3","0","Chinook","Fall","Issaquah Creek","HATCHERY","2","2025","4","true",,,"false","false",,,"0","0","0"
"Adult Mortality Event","","2025-10-09T00:00:00.000","ISSAQUAH HATCHERY","","ISSAQUAH HATCHERY","","0","1","0","0","0","0","Coho","NA","Issaquah Creek","WILD","14","2025","3","true",,,"false","false",,,"0","0","0"
"Adult Mortality Event","","2025-10-09T00:00:00.000","ISSAQUAH HATCHERY","","ISSAQUAH HATCHERY","","0","1","0","0","0","0","Chinook","Fall","Issaquah Creek","WILD","14","2025","3","true",,,"false","false",,,"0","0","0"
"Adult Mortality Event","","2025-10-09T00:00:00.000","ISSAQUAH HATCHERY","","ISSAQUAH HATCHERY","","0","0","1","0","0","0","Coho","NA","Issaquah Creek","HATCHERY","2","2025","3","true",,,"true","true",,,"0","1","0"
"Adult Mortality Event","","2025-10-09T00:00:00.000","ISSAQUAH HATCHERY","","ISSAQUAH HATCHERY","","0","7","3","1","0","0","Chinook","Fall","Issaquah Creek","HATCHERY","2","2025","3","true",,,"false","false",,,"0","0","0"
"Adult Mortality Event","","2025-10-10T00:00:00.000","ISSAQUAH HATCHERY","","ISSAQUAH HATCHERY","","0","3","0","1","0","0","Chinook","Fall","Issaquah Creek","HATCHERY","2","2025","3","true",,,"false","false",,,"0","0","0"
"Adult Mortality Event","","2025-10-10T00:00:00.000","ISSAQUAH HATCHERY","","ISSAQUAH HATCHERY","","0","0","1","0","0","0","Coho","NA","Issaquah Creek","HATCHERY","2","2025","3","true",,,"false","false",,,"0","0","0"
"Adult Mortality Event","","2025-10-11T00:00:00.000","ISSAQUAH HATCHERY","","ISSAQUAH HATCHERY","","0","4","2","1","0","0","Chinook","Fall","Issaquah Creek","HATCHERY","2","2025","3","true",,,"false","false",,,"0","0","0"
"Adult Mortality Event","","2025-10-12T00:00:00.000","ISSAQUAH HATCHERY","","ISSAQUAH HATCHERY","","0","0","1","0","0","0","Coho","NA","Issaquah Creek","HATCHERY","2","2025","3","true",,,"false","false",,,"0","0","0"
"Adult Mortality Event","","2025-10-12T00:00:00.000","ISSAQUAH HATCHERY","","ISSAQUAH HATCHERY","","0","5","0","0","0","0","Chinook","Fall","Issaquah Creek","HATCHERY","2","2025","3","true",,,"false","false",,,"0","0","0"
"Adult Mortality Event","","2025-10-13T00:00:00.000","ISSAQUAH HATCHERY","","ISSAQUAH HATCHERY","","0","0","4","0","0","0","Coho","NA","Issaquah Creek","HATCHERY","2","2025","3","true",,,"false","false",,,"0","0","0"
"Adult Mortality Event","","2025-10-13T00:00:00.000","ISSAQUAH HATCHERY","","ISSAQUAH HATCHERY","","0","4","5","0","0","0","Chinook","Fall","Issaquah Creek","HATCHERY","2","2025","3","true",,,"false","false",,,"0","0","0"
"Adult Surplus Event","Surplussed","2025-10-14T00:00:00.000","ISSAQUAH HATCHERY","","ISSAQUAH HATCHERY","","0","14","4","1","0","0","Chinook","Fall","Issaquah Creek","HATCHERY","2","2025","4","true",,,"true","true",,,"14","4","1"
"Adult Mortality Event","","2025-10-14T00:00:00.000","ISSAQUAH HATCHERY","","ISSAQUAH HATCHERY","","0","2","4","0","0","0","Coho","NA","Issaquah Creek","HATCHERY","2","2025","3","true",,,"false","false",,,"0","0","0"
"Adult Plant Event","Upstream","2025-10-14T00:00:00.000","ISSAQUAH HATCHERY","","ISSAQUAH HATCHERY","ISSAQUAH CR  08.0178","0","5","1","0","0","0","Chinook","Fall","Issaquah Creek","WILD","14","2025","3","true",,,"false","false",,,"0","0","0"
"Adult Mortality Event","","2025-10-14T00:00:00.000","ISSAQUAH HATCHERY","","ISSAQUAH HATCHERY","","0","1","0","0","0","0","Coho","NA","Issaquah Creek","WILD","14","2025","3","true",,,"false","false",,,"0","0","0"
"Adult Plant Event","Upstream","2025-10-14T00:00:00.000","ISSAQUAH HATCHERY","","ISSAQUAH HATCHERY","ISSAQUAH CR  08.0178","0","224","319","5","0","0","Coho","NA","Issaquah Creek","HATCHERY","2","2025","3","true",,,"false","false",,,"0","0","0"
"Adult Surplus Event","Surplussed","2025-10-14T00:00:00.000","ISSAQUAH HATCHERY","","ISSAQUAH HATCHERY","","0","115","37","20","0","0","Chinook","Fall","Issaquah Creek","HATCHERY","2","2025","4","true",,,"false","false",,,"0","0","0"
"Adult Surplus Event","Surplussed","2025-10-14T00:00:00.000","ISSAQUAH HATCHERY","","ISSAQUAH HATCHERY","","0","86","0","4","0","0","Coho","NA","Issaquah Creek","HATCHERY","2","2025","4","true",,,"false","false",,,"0","0","0"
"Adult Mortality Event","","2025-10-14T00:00:00.000","ISSAQUAH HATCHERY","","ISSAQUAH HATCHERY","","0","9","3","3","0","0","Chinook","Fall","Issaquah Creek","HATCHERY","2","2025","3","true",,,"false","false",,,"0","0","0"
"Adult Mortality Event","","2025-10-14T00:00:00.000","ISSAQUAH HATCHERY","","ISSAQUAH HATCHERY","","0","3","0","0","0","0","Chinook","Fall","Issaquah Creek","HATCHERY","2","2025","3","true",,,"true","true",,,"3","0","0"
"Adult Surplus Event","Surplussed","2025-10-14T00:00:00.000","ISSAQUAH HATCHERY","","ISSAQUAH HATCHERY","","0","13","0","0","0","0","Coho","NA","Issaquah Creek","HATCHERY","2","2025","4","true",,,"true","true",,,"13","0","0"
"Adult Mortality Event","","2025-10-15T00:00:00.000","ISSAQUAH HATCHERY","","ISSAQUAH HATCHERY","","0","1","0","0","0","0","Chinook","Fall","Issaquah Creek","HATCHERY","2","2025","3","true",,,"false","false",,,"0","0","0"
"Adult Mortality Event","","2025-10-15T00:00:00.000","ISSAQUAH HATCHERY","","ISSAQUAH HATCHERY","","0","0","1","0","0","0","Coho","NA","Issaquah Creek","HATCHERY","2","2025","3","true",,,"false","false",,,"0","0","0"
"Adult Mortality Event","","2025-10-16T00:00:00.000","ISSAQUAH HATCHERY","","ISSAQUAH HATCHERY","","0","3","0","0","0","0","Chinook","Fall","Issaquah Creek","HATCHERY","2","2025","3","true",,,"false","false",,,"0","0","0"
"Adult Mortality Event","","2025-10-16T00:00:00.000","ISSAQUAH HATCHERY","","ISSAQUAH HATCHERY","","0","0","1","0","0","0","Coho","NA","Issaquah Creek","HATCHERY","2","2025","3","true",,,"false","false",,,"0","0","0"
"Adult Mortality Event","","2025-10-17T00:00:00.000","ISSAQUAH HATCHERY","","ISSAQUAH HATCHERY","","0","0","1","0","0","0","Coho","NA","Issaquah Creek","HATCHERY","2","2025","3","true",,,"false","false",,,"0","0","0"
"Adult Mortality Event","","2025-10-17T00:00:00.000","ISSAQUAH HATCHERY","","ISSAQUAH HATCHERY","","0","1","1","1","0","0","Chinook","Fall","Issaquah Creek","HATCHERY","2","2025","3","true",,,"false","false",,,"0","0","0"
"Adult Mortality Event","","2025-10-18T00:00:00.000","ISSAQUAH HATCHERY","","ISSAQUAH HATCHERY","","0","0","1","0","0","0","Coho","NA","Issaquah Creek","HATCHERY","2","2025","3","true",,,"false","false",,,"0","0","0"
"Adult Mortality Event","","2025-10-18T00:00:00.000","ISSAQUAH HATCHERY","","ISSAQUAH HATCHERY","","0","5","0","0","0","0","Chinook","Fall","Issaquah Creek","HATCHERY","2","2025","3","true",,,"false","false",,,"0","0","0"
"Trap Estimate","","2025-10-20T00:00:00.000","ISSAQUAH HATCHERY","","ISSAQUAH HATCHERY","","4","0","0","0","0","0","Chinook","Fall","Issaquah Creek","WILD","1200","2025",,"false",,,"false","false",,,"0","0","0"
"Trap Estimate","","2025-10-20T00:00:00.000","ISSAQUAH HATCHERY","","ISSAQUAH HATCHERY","","1500","0","0","20","0","0","Coho","NA","Issaquah Creek","HATCHERY","1200","2025",,"false",,,"false","false",,,"0","0","0"
"Trap Estimate","","2025-10-20T00:00:00.000","ISSAQUAH HATCHERY","","ISSAQUAH HATCHERY","","242","0","0","36","0","0","Chinook","Fall","Issaquah Creek","HATCHERY","1200","2025",,"false",,,"false","false",,,"0","0","0"
"Adult Surplus Event","Surplussed","2025-10-21T00:00:00.000","ISSAQUAH HATCHERY","","ISSAQUAH HATCHERY","","0","2","2","0","0","0","Chinook","Fall","Issaquah Creek","HATCHERY","2","2025","4","true",,,"true","true",,,"2","2","0"
"Adult Mortality Event","","2025-10-21T00:00:00.000","ISSAQUAH HATCHERY","","ISSAQUAH HATCHERY","","0","4","0","0","0","0","Chinook","Fall","Issaquah Creek","HATCHERY","2","2025","3","true",,,"false","false",,,"0","0","0"
"Adult Mortality Event","","2025-10-21T00:00:00.000","ISSAQUAH HATCHERY","","ISSAQUAH HATCHERY","","0","0","1","1","0","0","Chinook","Fall","Issaquah Creek","HATCHERY","2","2025","3","true",,,"true","true",,,"0","1","1"
"Adult Surplus Event","Surplussed","2025-10-21T00:00:00.000","ISSAQUAH HATCHERY","","ISSAQUAH HATCHERY","","0","20","12","11","0","0","Chinook","Fall","Issaquah Creek","HATCHERY","2","2025","4","true",,,"false","false",,,"0","0","0"
"Adult Surplus Event","Surplussed","2025-10-21T00:00:00.000","ISSAQUAH HATCHERY","","ISSAQUAH HATCHERY","","0","133","2","0","0","0","Coho","NA","Issaquah Creek","HATCHERY","2","2025","4","true",,,"false","false",,,"0","0","0"
"Adult Mortality Event","","2025-10-21T00:00:00.000","ISSAQUAH HATCHERY","","ISSAQUAH HATCHERY","","0","5","10","0","0","0","Coho","NA","Issaquah Creek","HATCHERY","2","2025","3","true",,,"false","false",,,"0","0","0"
"Adult Surplus Event","Surplussed","2025-10-21T00:00:00.000","ISSAQUAH HATCHERY","","ISSAQUAH HATCHERY","","0","10","0","0","0","0","Coho","NA","Issaquah Creek","HATCHERY","2","2025","4","true",,,"true","true",,,"10","0","0"
"Adult Plant Event","Upstream","2025-10-21T00:00:00.000","ISSAQUAH HATCHERY","","ISSAQUAH HATCHERY","ISSAQUAH CR  08.0178","0","252","259","14","0","0","Coho","NA","Issaquah Creek","HATCHERY","2","2025","3","true",,,"false","false",,,"0","0","0"
"Adult Plant Event","Upstream","2025-10-21T00:00:00.000","ISSAQUAH HATCHERY","","ISSAQUAH HATCHERY","ISSAQUAH CR  08.0178","0","3","0","0","0","0","Chinook","Fall","Issaquah Creek","WILD","14","2025","3","true",,,"false","false",,,"0","0","0"
"Trap Estimate","","2025-10-22T00:00:00.000","ISSAQUAH HATCHERY","","ISSAQUAH HATCHERY","","500","0","0","50","0","0","Coho","NA","Issaquah Creek","HATCHERY","1200","2025",,"false",,,"false","false",,,"0","0","0"
"Trap Estimate","","2025-10-22T00:00:00.000","ISSAQUAH HATCHERY","","ISSAQUAH HATCHERY","","0","0","0","0","0","0","Chinook","Fall","Issaquah Creek","WILD","1200","2025",,"false",,,"false","false",,,"0","0","0"
"Adult Mortality Event","","2025-10-22T00:00:00.000","ISSAQUAH HATCHERY","","ISSAQUAH HATCHERY","","0","0","2","0","0","0","Coho","NA","Issaquah Creek","HATCHERY","2","2025","3","true",,,"false","false",,,"0","0","0"
"Adult Mortality Event","","2025-10-22T00:00:00.000","ISSAQUAH HATCHERY","","ISSAQUAH HATCHERY","","0","1","0","0","0","0","Chinook","Fall","Issaquah Creek","HATCHERY","2","2025","3","true",,,"false","false",,,"0","0","0"
"Adult Mortality Event","","2025-10-23T00:00:00.000","ISSAQUAH HATCHERY","","ISSAQUAH HATCHERY","","0","1","0","0","0","0","Coho","NA","Issaquah Creek","WILD","14","2025","3","true",,,"false","false",,,"0","0","0"
"Adult Mortality Event","","2025-10-23T00:00:00.000","ISSAQUAH HATCHERY","","ISSAQUAH HATCHERY","","0","1","2","0","0","0","Coho","NA","Issaquah Creek","HATCHERY","2","2025","3","true",,,"false","false",,,"0","0","0"
"Adult Mortality Event","","2025-10-24T00:00:00.000","ISSAQUAH HATCHERY","","ISSAQUAH HATCHERY","","0","1","0","0","0","0","Chinook","Fall","Issaquah Creek","HATCHERY","2","2025","3","true",,,"false","false",,,"0","0","0"
"Adult Mortality Event","","2025-10-24T00:00:00.000","ISSAQUAH HATCHERY","","ISSAQUAH HATCHERY","","0","0","4","0","0","0","Coho","NA","Issaquah Creek","HATCHERY","2","2025","3","true",,,"false","false",,,"0","0","0"
"Adult Mortality Event","","2025-10-25T00:00:00.000","ISSAQUAH HATCHERY","","ISSAQUAH HATCHERY","","0","1","0","0","0","0","Coho","NA","Issaquah Creek","HATCHERY","2","2025","3","true",,,"false","false",,,"0","0","0"
"Trap Estimate","","2025-10-27T00:00:00.000","ISSAQUAH HATCHERY","","ISSAQUAH HATCHERY","","10","0","0","0","0","0","Coho","NA","Issaquah Creek","WILD","1200","2025",,"false",,,"false","false",,,"0","0","0"
"Adult Mortality Event","","2025-10-28T00:00:00.000","ISSAQUAH HATCHERY","","ISSAQUAH HATCHERY","","0","0","1","0","0","0","Coho","NA","Issaquah Creek","WILD","14","2025","3","true",,,"false","false",,,"0","0","0"
"Parent Spawn Event","Lethal","2025-10-28T00:00:00.000","ISSAQUAH HATCHERY","","ISSAQUAH HATCHERY","","0","2","15","0","0","0","Coho","NA","Issaquah Creek","HATCHERY","2","2025","4","true",,,"false","false",,,"0","0","0"
"Adult Mortality Event","","2025-10-28T00:00:00.000","ISSAQUAH HATCHERY","","ISSAQUAH HATCHERY","","0","6","42","0","0","0","Coho","NA","Issaquah Creek","HATCHERY","2","2025","3","true",,,"false","false",,,"0","0","0"
"Adult Mortality Event","","2025-10-28T00:00:00.000","ISSAQUAH HATCHERY","","ISSAQUAH HATCHERY","","0","0","5","0","0","0","Coho","NA","Issaquah Creek","HATCHERY","2","2025","3","true",,,"true","true",,,"0","5","0"
"Adult Plant Event","Upstream","2025-10-28T00:00:00.000","ISSAQUAH HATCHERY","","ISSAQUAH HATCHERY","ISSAQUAH CR  08.0178","0","0","1","0","0","0","Chinook","Fall","Issaquah Creek","WILD","14","2025","3","true",,,"false","false",,,"0","0","0"
"Parent Spawn Event","Lethal","2025-10-28T00:00:00.000","ISSAQUAH HATCHERY","","ISSAQUAH HATCHERY","","0","12","21","1","0","0","Coho","NA","Issaquah Creek","HATCHERY","2","2025","4","true",,,"true","true",,,"12","21","1"
"Adult Surplus Event","Surplussed","2025-10-28T00:00:00.000","ISSAQUAH HATCHERY","","ISSAQUAH HATCHERY","","0","12","0","0","0","0","Coho","NA","Issaquah Creek","HATCHERY","2","2025","4","true",,,"false","false",,,"0","0","0"
"Adult Surplus Event","Surplussed","2025-10-28T00:00:00.000","ISSAQUAH HATCHERY","","ISSAQUAH HATCHERY","","0","1","0","0","0","0","Coho","NA","Issaquah Creek","HATCHERY","2","2025","4","true",,,"true","true",,,"1","0","0"
"Parent Spawn Event","Lethal","2025-10-28T00:00:00.000","ISSAQUAH HATCHERY","","ISSAQUAH HATCHERY","","0","15","2","0","0","0","Coho","NA","Issaquah Creek","WILD","14","2025","4","true",,,"false","false",,,"0","0","0"
"EggTake","","2025-10-28T00:00:00.000","ISSAQUAH HATCHERY","","","","0","0","0","0","0","51989","Coho","NA","Issaquah Creek","MIXED",,"2025",,"false",,,"false","false",,,"0","0","0"
"Parent Spawn Event","Lethal","2025-10-28T00:00:00.000","ISSAQUAH HATCHERY","","ISSAQUAH HATCHERY","","0","136","120","6","8","0","Coho","NA","Issaquah Creek","HATCHERY","2","2025","4","true",,,"false","false",,,"0","0","0"
"Adult Mortality Event","","2025-10-28T00:00:00.000","ISSAQUAH HATCHERY","","ISSAQUAH HATCHERY","","0","1","1","1","0","0","Chinook","Fall","Issaquah Creek","HATCHERY","2","2025","3","true",,,"false","false",,,"0","0","0"
"EggTake","","2025-10-28T00:00:00.000","ISSAQUAH HATCHERY","","","","0","0","0","0","0","354210","Coho","NA","Issaquah Creek","HATCHERY",,"2025",,"false",,,"false","false",,,"0","0","0"
"Adult Mortality Event","","2025-10-30T00:00:00.000","ISSAQUAH HATCHERY","","ISSAQUAH HATCHERY","","0","6","9","0","0","0","Coho","NA","Issaquah Creek","HATCHERY","2","2025","3","true",,,"false","false",,,"0","0","0"
"Adult Mortality Event","","2025-10-30T00:00:00.000","ISSAQUAH HATCHERY","","ISSAQUAH HATCHERY","","0","1","1","0","0","0","Coho","NA","Issaquah Creek","HATCHERY","2","2025","3","true",,,"true","true",,,"1","1","0"
"Adult Mortality Event","","2025-10-30T00:00:00.000","ISSAQUAH HATCHERY","","ISSAQUAH HATCHERY","","0","1","0","0","0","0","Chinook","Fall","Issaquah Creek","HATCHERY","2","2025","3","true",,,"false","false",,,"0","0","0"
"Adult Mortality Event","","2025-10-31T00:00:00.000","ISSAQUAH HATCHERY","","ISSAQUAH HATCHERY","","0","1","0","0","0","0","Coho","NA","Issaquah Creek","WILD","14","2025","3","true",,,"false","false",,,"0","0","0"
"Trap Estimate","","2025-10-31T00:00:00.000","ISSAQUAH HATCHERY","","ISSAQUAH HATCHERY","","897","0","0","0","0","0","Coho","NA","Issaquah Creek","HATCHERY","1200","2025",,"false",,,"false","false",,,"0","0","0"
"Adult Mortality Event","","2025-10-31T00:00:00.000","ISSAQUAH HATCHERY","","ISSAQUAH HATCHERY","","0","0","12","0","0","0","Coho","NA","Issaquah Creek","HATCHERY","2","2025","3","true",,,"false","false",,,"0","0","0"
"Adult Mortality Event","","2025-11-01T00:00:00.000","ISSAQUAH HATCHERY","","ISSAQUAH HATCHERY","","0","1","2","0","0","0","Coho","NA","Issaquah Creek","HATCHERY","2","2025","3","true",,,"false","false",,,"0","0","0"
"Adult Mortality Event","","2025-11-02T00:00:00.000","ISSAQUAH HATCHERY","","ISSAQUAH HATCHERY","","0","1","0","0","0","0","Chinook","Fall","Issaquah Creek","HATCHERY","2","2025","3","true",,,"false","false",,,"0","0","0"
"Adult Mortality Event","","2025-11-02T00:00:00.000","ISSAQUAH HATCHERY","","ISSAQUAH HATCHERY","","0","4","0","0","0","0","Coho","NA","Issaquah Creek","HATCHERY","2","2025","3","true",,,"false","false",,,"0","0","0"
"Adult Mortality Event","","2025-11-03T00:00:00.000","ISSAQUAH HATCHERY","","ISSAQUAH HATCHERY","","0","2","4","0","0","0","Coho","NA","Issaquah Creek","HATCHERY","2","2025","3","true",,,"false","false",,,"0","0","0"
"Trap Estimate","","2025-11-03T00:00:00.000","ISSAQUAH HATCHERY","","ISSAQUAH HATCHERY","","0","0","0","0","0","0","Chinook","Fall","Issaquah Creek","HATCHERY","1200","2025",,"false",,,"false","false",,,"0","0","0"
"Adult Mortality Event","","2025-11-03T00:00:00.000","ISSAQUAH HATCHERY","","ISSAQUAH HATCHERY","","0","1","0","0","0","0","Coho","NA","Issaquah Creek","WILD","14","2025","3","true",,,"false","false",,,"0","0","0"
"Trap Estimate","","2025-11-03T00:00:00.000","ISSAQUAH HATCHERY","","ISSAQUAH HATCHERY","","60","0","0","0","0","0","Coho","NA","Issaquah Creek","WILD","1200","2025",,"false",,,"false","false",,,"0","0","0"
"Parent Spawn Event","Lethal","2025-11-04T00:00:00.000","ISSAQUAH HATCHERY","","ISSAQUAH HATCHERY","","0","20","14","0","0","0","Coho","NA","Issaquah Creek","WILD","14","2025","4","true",,,"false","false",,,"0","0","0"
"Adult Mortality Event","","2025-11-04T00:00:00.000","ISSAQUAH HATCHERY","","ISSAQUAH HATCHERY","","0","4","13","0","0","0","Coho","NA","Issaquah Creek","HATCHERY","2","2025","3","true",,,"false","false",,,"0","0","0"
"Adult Mortality Event","","2025-11-04T00:00:00.000","ISSAQUAH HATCHERY","","ISSAQUAH HATCHERY","","0","1","0","0","0","0","Chinook","Fall","Issaquah Creek","HATCHERY","2","2025","3","true",,,"true","true",,,"1","0","0"
"Adult Mortality Event","","2025-11-04T00:00:00.000","ISSAQUAH HATCHERY","","ISSAQUAH HATCHERY","","0","1","0","0","0","0","Coho","NA","Issaquah Creek","WILD","14","2025","3","true",,,"false","false",,,"0","0","0"
"Adult Mortality Event","","2025-11-04T00:00:00.000","ISSAQUAH HATCHERY","","ISSAQUAH HATCHERY","","0","1","2","0","0","0","Coho","NA","Issaquah Creek","HATCHERY","2","2025","3","true",,,"true","true",,,"1","2","0"
"EggTake","","2025-11-04T00:00:00.000","ISSAQUAH HATCHERY","","","","0","0","0","0","0","64300","Coho","NA","Issaquah Creek","MIXED",,"2025",,"false",,,"false","false",,,"0","0","0"
"Parent Spawn Event","Lethal","2025-11-04T00:00:00.000","ISSAQUAH HATCHERY","","ISSAQUAH HATCHERY","","0","12","5","0","0","0","Coho","NA","Issaquah Creek","HATCHERY","2","2025","4","true",,,"true","true",,,"12","5","0"
"Parent Spawn Event","Lethal","2025-11-04T00:00:00.000","ISSAQUAH HATCHERY","","ISSAQUAH HATCHERY","","0","107","88","0","1","0","Coho","NA","Issaquah Creek","HATCHERY","2","2025","4","true",,,"false","false",,,"0","0","0"
"Parent Spawn Event","Lethal","2025-11-04T00:00:00.000","ISSAQUAH HATCHERY","","ISSAQUAH HATCHERY","","0","14","20","0","0","0","Coho","NA","Issaquah Creek","HATCHERY","2","2025","4","true",,,"false","false",,,"0","0","0"
"EggTake","","2025-11-04T00:00:00.000","ISSAQUAH HATCHERY","","","","0","0","0","0","0","275300","Coho","NA","Issaquah Creek","HATCHERY",,"2025",,"false",,,"false","false",,,"0","0","0"
"Adult Mortality Event","","2025-11-05T00:00:00.000","ISSAQUAH HATCHERY","","ISSAQUAH HATCHERY","","0","0","2","0","0","0","Coho","NA","Issaquah Creek","HATCHERY","2","2025","3","true",,,"true","true",,,"0","2","0"
"Adult Mortality Event","","2025-11-05T00:00:00.000","ISSAQUAH HATCHERY","","ISSAQUAH HATCHERY","","0","5","6","0","0","0","Coho","NA","Issaquah Creek","HATCHERY","2","2025","3","true",,,"false","false",,,"0","0","0"
"Adult Plant Event","NA","2025-11-05T00:00:00.000","ISSAQUAH HATCHERY","","ISSAQUAH HATCHERY","COAL CR      08.0268","0","308","207","0","0","0","Coho","NA","Issaquah Creek","HATCHERY","2","2025","3","true",,,"false","false",,,"0","0","0"
"Adult Mortality Event","","2025-11-07T00:00:00.000","ISSAQUAH HATCHERY","","ISSAQUAH HATCHERY","","0","1","0","0","0","0","Coho","NA","Issaquah Creek","WILD","14","2025","3","true",,,"false","false",,,"0","0","0"
"Adult Mortality Event","","2025-11-08T00:00:00.000","ISSAQUAH HATCHERY","","ISSAQUAH HATCHERY","","0","3","2","0","0","0","Coho","NA","Issaquah Creek","HATCHERY","2","2025","3","true",,,"false","false",,,"0","0","0"
"Adult Mortality Event","","2025-11-08T00:00:00.000","ISSAQUAH HATCHERY","","ISSAQUAH HATCHERY","","0","0","1","0","0","0","Coho","NA","Issaquah Creek","WILD","14","2025","3","true",,,"false","false",,,"0","0","0"
"Adult Mortality Event","","2025-11-09T00:00:00.000","ISSAQUAH HATCHERY","","ISSAQUAH HATCHERY","","0","1","3","0","0","0","Coho","NA","Issaquah Creek","HATCHERY","2","2025","3","true",,,"false","false",,,"0","0","0"
"Trap Estimate","","2025-11-09T00:00:00.000","ISSAQUAH HATCHERY","","ISSAQUAH HATCHERY","","75","0","0","0","0","0","Coho","NA","Issaquah Creek","WILD","1200","2025",,"false",,,"false","false",,,"0","0","0"
"Adult Mortality Event","","2025-11-09T00:00:00.000","ISSAQUAH HATCHERY","","ISSAQUAH HATCHERY","","0","2","0","0","0","0","Coho","NA","Issaquah Creek","WILD","14","2025","3","true",,,"false","false",,,"0","0","0"
"Adult Mortality Event","","2025-11-09T00:00:00.000","ISSAQUAH HATCHERY","","ISSAQUAH HATCHERY","","0","1","0","0","0","0","Coho","NA","Issaquah Creek","HATCHERY","2","2025","3","true",,,"true","true",,,"1","0","0"
"Adult Surplus Event","Surplussed","2025-11-10T00:00:00.000","ISSAQUAH HATCHERY","","ISSAQUAH HATCHERY","","0","1","4","3","0","0","Coho","NA","Issaquah Creek","HATCHERY","2","2025","4","true",,,"false","false",,,"0","0","0"
"Adult Surplus Event","Sacrificed CWT","2025-11-10T00:00:00.000","ISSAQUAH HATCHERY","","ISSAQUAH HATCHERY","","0","9","1","6","0","0","Coho","NA","Issaquah Creek","HATCHERY","2","2025","4","true",,,"true","true",,,"9","1","6"
"EggTake","","2025-11-10T00:00:00.000","ISSAQUAH HATCHERY","","","","0","0","0","0","0","112000","Coho","NA","Issaquah Creek","MIXED",,"2025",,"false",,,"false","false",,,"0","0","0"
"Trap Estimate","","2025-11-10T00:00:00.000","ISSAQUAH HATCHERY","","ISSAQUAH HATCHERY","","0","0","0","89","0","0","Coho","NA","Issaquah Creek","HATCHERY","1200","2025",,"false",,,"false","false",,,"0","0","0"
"Adult Plant Event","Upstream","2025-11-10T00:00:00.000","ISSAQUAH HATCHERY","","ISSAQUAH HATCHERY","ISSAQUAH CR  08.0178","0","157","93","51","0","0","Coho","NA","Issaquah Creek","HATCHERY","2","2025","3","true",,,"false","false",,,"0","0","0"
"EggTake","","2025-11-10T00:00:00.000","ISSAQUAH HATCHERY","","","","0","0","0","0","0","216000","Coho","NA","Issaquah Creek","HATCHERY",,"2025",,"false",,,"false","false",,,"0","0","0"
"Parent Spawn Event","Lethal","2025-11-10T00:00:00.000","ISSAQUAH HATCHERY","","ISSAQUAH HATCHERY","","0","9","10","0","0","0","Coho","NA","Issaquah Creek","HATCHERY","2","2025","4","true",,,"true","true",,,"9","10","0"
"Parent Spawn Event","Lethal","2025-11-10T00:00:00.000","ISSAQUAH HATCHERY","","ISSAQUAH HATCHERY","","0","74","69","0","1","0","Coho","NA","Issaquah Creek","HATCHERY","2","2025","4","true",,,"false","false",,,"0","0","0"
"Parent Spawn Event","Lethal","2025-11-10T00:00:00.000","ISSAQUAH HATCHERY","","ISSAQUAH HATCHERY","","0","34","15","0","0","0","Coho","NA","Issaquah Creek","WILD","14","2025","4","true",,,"false","false",,,"0","0","0"
"Parent Spawn Event","Lethal","2025-11-10T00:00:00.000","ISSAQUAH HATCHERY","","ISSAQUAH HATCHERY","","0","15","34","0","0","0","Coho","NA","Issaquah Creek","HATCHERY","2","2025","4","true",,,"false","false",,,"0","0","0"
"Adult Plant Event","Upstream","2025-11-10T00:00:00.000","ISSAQUAH HATCHERY","","ISSAQUAH HATCHERY","ISSAQUAH CR  08.0178","0","32","15","0","0","0","Coho","NA","Issaquah Creek","WILD","14","2025","3","true",,,"false","false",,,"0","0","0"
"Adult Mortality Event","","2025-11-10T00:00:00.000","ISSAQUAH HATCHERY","","ISSAQUAH HATCHERY","","0","2","0","0","0","0","Coho","NA","Issaquah Creek","WILD","14","2025","3","true",,,"false","false",,,"0","0","0"
"Adult Mortality Event","","2025-11-10T00:00:00.000","ISSAQUAH HATCHERY","","ISSAQUAH HATCHERY","","0","28","20","0","0","0","Coho","NA","Issaquah Creek","HATCHERY","2","2025","3","true",,,"false","false",,,"0","0","0"
"Adult Mortality Event","","2025-11-10T00:00:00.000","ISSAQUAH HATCHERY","","ISSAQUAH HATCHERY","","0","4","5","0","0","0","Coho","NA","Issaquah Creek","HATCHERY","2","2025","3","true",,,"true","true",,,"4","5","0"
"Trap Estimate","","2025-11-10T00:00:00.000","ISSAQUAH HATCHERY","","ISSAQUAH HATCHERY","","0","0","0","7","0","0","Coho","NA","Issaquah Creek","WILD","1200","2025",,"false",,,"false","false",,,"0","0","0"
"Adult Mortality Event","","2025-11-12T00:00:00.000","ISSAQUAH HATCHERY","","ISSAQUAH HATCHERY","","0","8","4","0","0","0","Coho","NA","Issaquah Creek","HATCHERY","2","2025","3","true",,,"false","false",,,"0","0","0"
"Adult Plant Event","NA","2025-11-12T00:00:00.000","ISSAQUAH HATCHERY","","ISSAQUAH HATCHERY","BEAR CR      08.0105","0","287","202","0","0","0","Coho","NA","Issaquah Creek","HATCHERY","2","2025","3","true",,,"false","false",,,"0","0","0"
"Adult Mortality Event","","2025-11-12T00:00:00.000","ISSAQUAH HATCHERY","","ISSAQUAH HATCHERY","","0","3","0","0","0","0","Coho","NA","Issaquah Creek","WILD","14","2025","3","true",,,"false","false",,,"0","0","0"
"Trap Estimate","","2025-11-17T00:00:00.000","ISSAQUAH HATCHERY","","ISSAQUAH HATCHERY","","49","0","0","0","0","0","Coho","NA","Issaquah Creek","WILD","1200","2025",,"false",,,"false","false",,,"0","0","0"
"Adult Mortality Event","","2025-11-18T00:00:00.000","ISSAQUAH HATCHERY","","ISSAQUAH HATCHERY","","0","1","1","1","0","0","Coho","NA","Issaquah Creek","WILD","14","2025","3","true",,,"false","false",,,"0","0","0"
"Adult Surplus Event","Sacrificed CWT","2025-11-18T00:00:00.000","ISSAQUAH HATCHERY","","ISSAQUAH HATCHERY","","0","3","0","0","0","0","Coho","NA","Issaquah Creek","HATCHERY","2","2025","4","true",,,"false","false",,,"0","0","0"
"Adult Surplus Event","Sacrificed CWT","2025-11-18T00:00:00.000","ISSAQUAH HATCHERY","","ISSAQUAH HATCHERY","","0","6","0","6","0","0","Coho","NA","Issaquah Creek","HATCHERY","2","2025","4","true",,,"true","true",,,"6","0","6"
"Adult Mortality Event","","2025-11-18T00:00:00.000","ISSAQUAH HATCHERY","","ISSAQUAH HATCHERY","","0","3","2","8","0","0","Coho","NA","Issaquah Creek","HATCHERY","2","2025","3","true",,,"false","false",,,"0","0","0"
"Adult Plant Event","Upstream","2025-11-18T00:00:00.000","ISSAQUAH HATCHERY","","ISSAQUAH HATCHERY","ISSAQUAH CR  08.0178","0","28","19","7","0","0","Coho","NA","Issaquah Creek","WILD","14","2025","3","true",,,"false","false",,,"0","0","0"
"Parent Spawn Event","Lethal","2025-11-18T00:00:00.000","ISSAQUAH HATCHERY","","ISSAQUAH HATCHERY","","0","8","8","0","0","0","Coho","NA","Issaquah Creek","HATCHERY","2","2025","4","true",,,"false","false",,,"0","0","0"
"EggTake","","2025-11-18T00:00:00.000","ISSAQUAH HATCHERY","","","","0","0","0","0","0","16040","Coho","NA","Issaquah Creek","HATCHERY",,"2025",,"false",,,"false","false",,,"0","0","0"
"Adult Plant Event","Upstream","2025-11-18T00:00:00.000","ISSAQUAH HATCHERY","","ISSAQUAH HATCHERY","ISSAQUAH CR  08.0178","0","14","0","70","0","0","Coho","NA","Issaquah Creek","HATCHERY","2","2025","3","true",,,"false","false",,,"0","0","0"
"Adult Mortality Event","","2025-11-18T00:00:00.000","ISSAQUAH HATCHERY","","ISSAQUAH HATCHERY","","0","1","0","0","0","0","Coho","NA","Issaquah Creek","HATCHERY","2","2025","3","true",,,"true","true",,,"1","0","0"
