exposure_year,analysis_id,phase7_analysis_priority,window_id,species,life_stage,window_start_date,window_end_date,primary_return_year,return_year_in_1997_2025,return_year_eligible_for_phase7,alignment_definition,expected_days,observed_grab_sample_dates,observed_grab_samples,matched_window_mean_usgs_flow_cfs,matched_window_flow_value_status,primary_thermal_model_id,primary_thermal_variable,primary_thermal_value_c,sensitivity_thermal_model_id,sensitivity_thermal_variable,sensitivity_thermal_value_c,threshold_count_metric_status,other_nonmean_thermal_metric_status,t1_complete_days,t1_window_mean_proxy_c,t1_window_max_modeled_daily_proxy_c,t1_window_max_modeled_daily_proxy_date,t1_window_max_within_window_7day_mean_proxy_c,t1_window_max_within_window_7day_mean_date,t1_exploratory_days_proxy_ge_17_5c,t1_exploratory_days_proxy_ge_19c,t1_exploratory_days_proxy_ge_21c,t1_exploratory_longest_proxy_spell_ge_17_5c_days,t1_extrapolation_days,t1_extrapolation_pct,t2_complete_days,t2_window_mean_proxy_c,t2_window_max_modeled_daily_proxy_c,t2_window_max_modeled_daily_proxy_date,t2_window_max_within_window_7day_mean_proxy_c,t2_window_max_within_window_7day_mean_date,t2_exploratory_days_proxy_ge_17_5c,t2_exploratory_days_proxy_ge_19c,t2_exploratory_days_proxy_ge_21c,t2_exploratory_longest_proxy_spell_ge_17_5c_days,t2_extrapolation_days,t2_extrapolation_pct,t2_minus_t1_window_mean_c,value_status,metric_warning,return_year,hatchery_adults,wild_adults,total_adults,hatchery_jacks,wild_jacks,total_jacks,adult_plus_jacks,flow_water_year_mean_cfs,flow_jul_sep_mean_cfs,flow_jul_sep_min_cfs,swe_apr01_inches,pdo_annual_mean,temp_jun_sep_mean_c,temp_jun_sep_samples,cohort_lag_years,cohort_environment_year,cohort_flow_water_year_mean_cfs,cohort_flow_jul_sep_mean_cfs,cohort_swe_apr01_inches,cohort_temp_jun_sep_mean_c,marine_pdo_mean,marine_pdo_start_year,marine_pdo_end_year,marine_npgo_mean,marine_oni_mean,impervious_pct,hatchery_releases,response_value_status,environmental_value_status,impervious_value_status,releases_value_status,response_source,environmental_sources,lag_definition,environmental_source_status,release_source_status,join_analysis_id
1997,A1,primary,aug15_sep30,Chinook,adult_migration,1997-08-15,1997-09-30,1997,True,True,adult migration exposure_year = return_year,47,1,1,44.021,derived_from_observed_usgs_daily_mean_discharge,T2,t2_window_mean_proxy_c,14.454,T1,t1_window_mean_proxy_c,14.538,exploratory_only,exploratory_only,47,14.538,16.596,1997-08-17,15.929,1997-08-21,0,0,0,0,0,0,47,14.454,16.489,1997-08-17,15.847,1997-08-21,0,0,0,0,0,0,-0.084,modeled_proxy_primary_t2_mean_with_t1_sensitivity,"T2 window mean is primary; T1 window mean is sensitivity; all threshold counts and other nonmean thermal metrics are exploratory modeled proxies, not observed/regulatory metrics",1997,3815,0,3815,125,0,125,3940,194.427,67.685,29,80.4,1.34,14.725,4,4,1993,98.151,44.141,33.1,12.65,0.422,1994,1996,-1.075,-0.048,,,derived_from_observed_events,derived_from_observed_measurements,not_available,not_available,WDFW Hatchery Adult Salmon Returns; Trap Estimate events,USGS-12121600-DV-00060; NRCS-SNOTEL-788-WTEQ; NOAA-PDO-ERSSTV5; KINGCOUNTY-ISSAQUAH-TEMP; NOAA-NPGO-INDEX; NOAA-ONI-INDEX,primary cohort proxy: return_year - 4; sensitivity lags 3 and 5 required,complete except imperviousness,blocked: RMIS authorization or FISH export required,A1
1998,A1,primary,aug15_sep30,Chinook,adult_migration,1998-08-15,1998-09-30,1998,True,True,adult migration exposure_year = return_year,47,2,2,23.213,derived_from_observed_usgs_daily_mean_discharge,T2,t2_window_mean_proxy_c,14.46,T1,t1_window_mean_proxy_c,14.453,exploratory_only,exploratory_only,47,14.453,16.324,1998-09-03,15.805,1998-09-04,0,0,0,0,0,0,47,14.46,16.356,1998-09-03,15.801,1998-09-04,0,0,0,0,0,0,0.007,modeled_proxy_primary_t2_mean_with_t1_sensitivity,"T2 window mean is primary; T1 window mean is sensitivity; all threshold counts and other nonmean thermal metrics are exploratory modeled proxies, not observed/regulatory metrics",1998,4867,0,4867,24,0,24,4891,103.932,28.207,19,38.8,-0.122,14.82,5,4,1994,73.805,23.054,36.5,14.7,0.927,1995,1997,-0.89,0.184,,,derived_from_observed_events,derived_from_observed_measurements,not_available,not_available,WDFW Hatchery Adult Salmon Returns; Trap Estimate events,USGS-12121600-DV-00060; NRCS-SNOTEL-788-WTEQ; NOAA-PDO-ERSSTV5; KINGCOUNTY-ISSAQUAH-TEMP; NOAA-NPGO-INDEX; NOAA-ONI-INDEX,primary cohort proxy: return_year - 4; sensitivity lags 3 and 5 required,complete except imperviousness,blocked: RMIS authorization or FISH export required,A1
1999,A1,primary,aug15_sep30,Chinook,adult_migration,1999-08-15,1999-09-30,1999,True,True,adult migration exposure_year = return_year,47,1,1,25.383,derived_from_observed_usgs_daily_mean_discharge,T2,t2_window_mean_proxy_c,13.841,T1,t1_window_mean_proxy_c,13.828,exploratory_only,exploratory_only,47,13.828,15.549,1999-08-25,15.327,1999-08-28,0,0,0,0,0,0,47,13.841,15.588,1999-08-28,15.329,1999-08-28,0,0,0,0,0,0,0.013,modeled_proxy_primary_t2_mean_with_t1_sensitivity,"T2 window mean is primary; T1 window mean is sensitivity; all threshold counts and other nonmean thermal metrics are exploratory modeled proxies, not observed/regulatory metrics",1999,2189,0,2189,57,0,57,2246,162.129,43.478,21,63,-1.377,14.88,5,4,1995,107.195,22.859,49.9,13.62,0.677,1996,1998,-0.362,0.218,,,derived_from_observed_events,derived_from_observed_measurements,not_available,not_available,WDFW Hatchery Adult Salmon Returns; Trap Estimate events,USGS-12121600-DV-00060; NRCS-SNOTEL-788-WTEQ; NOAA-PDO-ERSSTV5; KINGCOUNTY-ISSAQUAH-TEMP; NOAA-NPGO-INDEX; NOAA-ONI-INDEX,primary cohort proxy: return_year - 4; sensitivity lags 3 and 5 required,complete except imperviousness,blocked: RMIS authorization or FISH export required,A1
2000,A1,primary,aug15_sep30,Chinook,adult_migration,2000-08-15,2000-09-30,2000,True,True,adult migration exposure_year = return_year,47,1,2,24.894,derived_from_observed_usgs_daily_mean_discharge,T2,t2_window_mean_proxy_c,13.477,T1,t1_window_mean_proxy_c,13.435,exploratory_only,exploratory_only,47,13.435,15.205,2000-08-23,14.671,2000-08-27,0,0,0,0,0,0,47,13.477,15.203,2000-08-23,14.691,2000-08-27,0,0,0,0,0,0,0.042,modeled_proxy_primary_t2_mean_with_t1_sensitivity,"T2 window mean is primary; T1 window mean is sensitivity; all threshold counts and other nonmean thermal metrics are exploratory modeled proxies, not observed/regulatory metrics",2000,3686,0,3686,458,0,458,4144,129.087,27.424,19,50.5,-0.782,13.42,5,4,1996,170.814,29.87,34.8,13.7,-0.053,1997,1999,0.468,-0.037,,,derived_from_observed_events,derived_from_observed_measurements,not_available,not_available,WDFW Hatchery Adult Salmon Returns; Trap Estimate events,USGS-12121600-DV-00060; NRCS-SNOTEL-788-WTEQ; NOAA-PDO-ERSSTV5; KINGCOUNTY-ISSAQUAH-TEMP; NOAA-NPGO-INDEX; NOAA-ONI-INDEX,primary cohort proxy: return_year - 4; sensitivity lags 3 and 5 required,complete except imperviousness,blocked: RMIS authorization or FISH export required,A1
2001,A1,primary,aug15_sep30,Chinook,adult_migration,2001-08-15,2001-09-30,2001,True,True,adult migration exposure_year = return_year,47,1,1,26.915,derived_from_observed_usgs_daily_mean_discharge,T2,t2_window_mean_proxy_c,13.597,T1,t1_window_mean_proxy_c,13.561,exploratory_only,exploratory_only,47,13.561,15.084,2001-08-31,14.733,2001-09-01,0,0,0,0,0,0,47,13.597,15.133,2001-08-31,14.732,2001-09-01,0,0,0,0,0,0,0.036,modeled_proxy_primary_t2_mean_with_t1_sensitivity,"T2 window mean is primary; T1 window mean is sensitivity; all threshold counts and other nonmean thermal metrics are exploratory modeled proxies, not observed/regulatory metrics",2001,10451,0,10451,287,0,287,10738,72.562,30.891,19,27.7,-0.742,14.32,5,4,1997,194.427,67.685,80.4,14.725,-0.76,1998,2000,1.316,-0.706,,,derived_from_observed_events,derived_from_observed_measurements,not_available,not_available,WDFW Hatchery Adult Salmon Returns; Trap Estimate events,USGS-12121600-DV-00060; NRCS-SNOTEL-788-WTEQ; NOAA-PDO-ERSSTV5; KINGCOUNTY-ISSAQUAH-TEMP; NOAA-NPGO-INDEX; NOAA-ONI-INDEX,primary cohort proxy: return_year - 4; sensitivity lags 3 and 5 required,complete except imperviousness,blocked: RMIS authorization or FISH export required,A1
2002,A1,primary,aug15_sep30,Chinook,adult_migration,2002-08-15,2002-09-30,2002,True,True,adult migration exposure_year = return_year,47,1,1,21.383,derived_from_observed_usgs_daily_mean_discharge,T2,t2_window_mean_proxy_c,13.92,T1,t1_window_mean_proxy_c,13.881,exploratory_only,exploratory_only,47,13.881,16.23,2002-08-15,15.035,2002-08-30,0,0,0,0,0,0,47,13.92,16.206,2002-08-15,15.076,2002-08-30,0,0,0,0,0,0,0.039,modeled_proxy_primary_t2_mean_with_t1_sensitivity,"T2 window mean is primary; T1 window mean is sensitivity; all threshold counts and other nonmean thermal metrics are exploratory modeled proxies, not observed/regulatory metrics",2002,5620,0,5620,283,0,283,5903,155.762,26.598,17,59.3,-0.135,13.575,4,4,1998,103.932,28.207,38.8,14.82,-0.967,1999,2001,1.828,-0.79,,,derived_from_observed_events,derived_from_observed_measurements,not_available,not_available,WDFW Hatchery Adult Salmon Returns; Trap Estimate events,USGS-12121600-DV-00060; NRCS-SNOTEL-788-WTEQ; NOAA-PDO-ERSSTV5; KINGCOUNTY-ISSAQUAH-TEMP; NOAA-NPGO-INDEX; NOAA-ONI-INDEX,primary cohort proxy: return_year - 4; sensitivity lags 3 and 5 required,complete except imperviousness,blocked: RMIS authorization or FISH export required,A1
2003,A1,primary,aug15_sep30,Chinook,adult_migration,2003-08-15,2003-09-30,2003,True,True,adult migration exposure_year = return_year,47,1,1,15.043,derived_from_observed_usgs_daily_mean_discharge,T2,t2_window_mean_proxy_c,14.496,T1,t1_window_mean_proxy_c,14.391,exploratory_only,exploratory_only,47,14.391,16.622,2003-09-04,15.767,2003-08-21,0,0,0,0,28,59.574,47,14.496,16.744,2003-09-04,15.863,2003-08-21,0,0,0,0,0,0,0.105,modeled_proxy_primary_t2_mean_with_t1_sensitivity,"T2 window mean is primary; T1 window mean is sensitivity; all threshold counts and other nonmean thermal metrics are exploratory modeled proxies, not observed/regulatory metrics",2003,5742,0,5742,100,0,100,5842,84.852,17.25,11,31.6,0.527,14.6,4,4,1999,162.129,43.478,63,14.88,-0.553,2000,2002,1.814,-0.171,,,derived_from_observed_events,derived_from_observed_measurements,not_available,not_available,WDFW Hatchery Adult Salmon Returns; Trap Estimate events,USGS-12121600-DV-00060; NRCS-SNOTEL-788-WTEQ; NOAA-PDO-ERSSTV5; KINGCOUNTY-ISSAQUAH-TEMP; NOAA-NPGO-INDEX; NOAA-ONI-INDEX,primary cohort proxy: return_year - 4; sensitivity lags 3 and 5 required,complete except imperviousness,blocked: RMIS authorization or FISH export required,A1
2004,A1,primary,aug15_sep30,Chinook,adult_migration,2004-08-15,2004-09-30,2004,True,True,adult migration exposure_year = return_year,47,1,1,51.957,derived_from_observed_usgs_daily_mean_discharge,T2,t2_window_mean_proxy_c,13.963,T1,t1_window_mean_proxy_c,14.023,exploratory_only,exploratory_only,47,14.023,16.491,2004-08-15,16.128,2004-08-21,0,0,0,0,7,14.894,47,13.963,16.576,2004-08-15,16.233,2004-08-21,0,0,0,0,0,0,-0.06,modeled_proxy_primary_t2_mean_with_t1_sensitivity,"T2 window mean is primary; T1 window mean is sensitivity; all threshold counts and other nonmean thermal metrics are exploratory modeled proxies, not observed/regulatory metrics",2004,12771,0,12771,262,0,262,13033,110.18,35.391,11,38,-0.111,14.8,4,4,2000,129.087,27.424,50.5,13.42,-0.117,2001,2003,1.505,0.191,,,derived_from_observed_events,derived_from_observed_measurements,not_available,not_available,WDFW Hatchery Adult Salmon Returns; Trap Estimate events,USGS-12121600-DV-00060; NRCS-SNOTEL-788-WTEQ; NOAA-PDO-ERSSTV5; KINGCOUNTY-ISSAQUAH-TEMP; NOAA-NPGO-INDEX; NOAA-ONI-INDEX,primary cohort proxy: return_year - 4; sensitivity lags 3 and 5 required,complete except imperviousness,blocked: RMIS authorization or FISH export required,A1
2005,A1,primary,aug15_sep30,Chinook,adult_migration,2005-08-15,2005-09-30,2005,True,True,adult migration exposure_year = return_year,47,1,1,22.785,derived_from_observed_usgs_daily_mean_discharge,T2,t2_window_mean_proxy_c,13.879,T1,t1_window_mean_proxy_c,13.844,exploratory_only,exploratory_only,47,13.844,16.423,2005-08-15,15.567,2005-08-21,0,0,0,0,0,0,47,13.879,16.437,2005-08-15,15.593,2005-08-21,0,0,0,0,0,0,0.035,modeled_proxy_primary_t2_mean_with_t1_sensitivity,"T2 window mean is primary; T1 window mean is sensitivity; all threshold counts and other nonmean thermal metrics are exploratory modeled proxies, not observed/regulatory metrics",2005,6840,0,6840,237,0,237,7077,90.345,27.423,16.9,9.1,-0.091,13.575,4,4,2001,72.562,30.891,27.7,14.32,0.094,2002,2004,0.881,0.443,,,derived_from_observed_events,derived_from_observed_measurements,not_available,not_available,WDFW Hatchery Adult Salmon Returns; Trap Estimate events,USGS-12121600-DV-00060; NRCS-SNOTEL-788-WTEQ; NOAA-PDO-ERSSTV5; KINGCOUNTY-ISSAQUAH-TEMP; NOAA-NPGO-INDEX; NOAA-ONI-INDEX,primary cohort proxy: return_year - 4; sensitivity lags 3 and 5 required,complete except imperviousness,blocked: RMIS authorization or FISH export required,A1
2006,A1,primary,aug15_sep30,Chinook,adult_migration,2006-08-15,2006-09-30,2006,True,True,adult migration exposure_year = return_year,47,4,4,25.577,derived_from_observed_usgs_daily_mean_discharge,T2,t2_window_mean_proxy_c,14.222,T1,t1_window_mean_proxy_c,14.22,exploratory_only,exploratory_only,47,14.22,15.972,2006-08-28,15.332,2006-09-07,0,0,0,0,0,0,47,14.222,15.978,2006-08-28,15.339,2006-09-07,0,0,0,0,0,0,0.002,modeled_proxy_primary_t2_mean_with_t1_sensitivity,"T2 window mean is primary; T1 window mean is sensitivity; all threshold counts and other nonmean thermal metrics are exploratory modeled proxies, not observed/regulatory metrics",2006,8913,0,8913,378,0,378,9291,130.881,28.035,17.6,48.7,-0.153,14.183,6,4,2002,155.762,26.598,59.3,13.575,0.108,2003,2005,-0.1,0.246,,,derived_from_observed_events,derived_from_observed_measurements,not_available,not_available,WDFW Hatchery Adult Salmon Returns; Trap Estimate events,USGS-12121600-DV-00060; NRCS-SNOTEL-788-WTEQ; NOAA-PDO-ERSSTV5; KINGCOUNTY-ISSAQUAH-TEMP; NOAA-NPGO-INDEX; NOAA-ONI-INDEX,primary cohort proxy: return_year - 4; sensitivity lags 3 and 5 required,complete except imperviousness,blocked: RMIS authorization or FISH export required,A1
2007,A1,primary,aug15_sep30,Chinook,adult_migration,2007-08-15,2007-09-30,2007,True,True,adult migration exposure_year = return_year,47,1,1,22.085,derived_from_observed_usgs_daily_mean_discharge,T2,t2_window_mean_proxy_c,14.005,T1,t1_window_mean_proxy_c,13.947,exploratory_only,exploratory_only,47,13.947,15.68,2007-08-15,15.185,2007-09-04,0,0,0,0,1,2.128,47,14.005,15.763,2007-08-15,15.237,2007-09-04,0,0,0,0,1,2.128,0.058,modeled_proxy_primary_t2_mean_with_t1_sensitivity,"T2 window mean is primary; T1 window mean is sensitivity; all threshold counts and other nonmean thermal metrics are exploratory modeled proxies, not observed/regulatory metrics",2007,13432,0,13432,51,0,51,13483,138.875,23.138,13.7,40.5,-0.464,14.825,4,4,2003,84.852,17.25,31.6,14.6,-0.118,2004,2006,-0.603,0.187,,,derived_from_observed_events,derived_from_observed_measurements,not_available,not_available,WDFW Hatchery Adult Salmon Returns; Trap Estimate events,USGS-12121600-DV-00060; NRCS-SNOTEL-788-WTEQ; NOAA-PDO-ERSSTV5; KINGCOUNTY-ISSAQUAH-TEMP; NOAA-NPGO-INDEX; NOAA-ONI-INDEX,primary cohort proxy: return_year - 4; sensitivity lags 3 and 5 required,complete except imperviousness,blocked: RMIS authorization or FISH export required,A1
2008,A1,primary,aug15_sep30,Chinook,adult_migration,2008-08-15,2008-09-30,2008,True,True,adult migration exposure_year = return_year,47,3,3,27.826,derived_from_observed_usgs_daily_mean_discharge,T2,t2_window_mean_proxy_c,14.034,T1,t1_window_mean_proxy_c,14.019,exploratory_only,exploratory_only,47,14.019,17.561,2008-08-16,16.413,2008-08-21,1,0,0,1,0,0,47,14.034,17.608,2008-08-16,16.429,2008-08-21,2,0,0,2,0,0,0.015,modeled_proxy_primary_t2_mean_with_t1_sensitivity,"T2 window mean is primary; T1 window mean is sensitivity; all threshold counts and other nonmean thermal metrics are exploratory modeled proxies, not observed/regulatory metrics",2008,3007,0,3007,62,0,62,3069,110.692,29.488,19.6,60.9,-1.331,12.746,9,4,2004,110.18,35.391,38,14.8,-0.236,2005,2007,-0.48,-0.165,,,derived_from_observed_events,derived_from_observed_measurements,not_available,not_available,WDFW Hatchery Adult Salmon Returns; Trap Estimate events,USGS-12121600-DV-00060; NRCS-SNOTEL-788-WTEQ; NOAA-PDO-ERSSTV5; KINGCOUNTY-ISSAQUAH-TEMP; NOAA-NPGO-INDEX; NOAA-ONI-INDEX,primary cohort proxy: return_year - 4; sensitivity lags 3 and 5 required,complete except imperviousness,blocked: RMIS authorization or FISH export required,A1
2009,A1,primary,aug15_sep30,Chinook,adult_migration,2009-08-15,2009-09-30,2009,True,True,adult migration exposure_year = return_year,47,1,1,23.738,derived_from_observed_usgs_daily_mean_discharge,T2,t2_window_mean_proxy_c,14.435,T1,t1_window_mean_proxy_c,14.412,exploratory_only,exploratory_only,47,14.412,16.528,2009-08-19,15.795,2009-08-23,0,0,0,0,0,0,47,14.435,16.532,2009-08-19,15.816,2009-08-23,0,0,0,0,0,0,0.023,modeled_proxy_primary_t2_mean_with_t1_sensitivity,"T2 window mean is primary; T1 window mean is sensitivity; all threshold counts and other nonmean thermal metrics are exploratory modeled proxies, not observed/regulatory metrics",2009,2280,0,2280,15,0,15,2295,119.628,24.265,18,41.2,-0.817,15.8,5,4,2005,90.345,27.423,9.1,13.575,-0.649,2006,2008,0.507,-0.439,,,derived_from_observed_events,derived_from_observed_measurements,not_available,not_available,WDFW Hatchery Adult Salmon Returns; Trap Estimate events,USGS-12121600-DV-00060; NRCS-SNOTEL-788-WTEQ; NOAA-PDO-ERSSTV5; KINGCOUNTY-ISSAQUAH-TEMP; NOAA-NPGO-INDEX; NOAA-ONI-INDEX,primary cohort proxy: return_year - 4; sensitivity lags 3 and 5 required,complete except imperviousness,blocked: RMIS authorization or FISH export required,A1
2010,A1,primary,aug15_sep30,Chinook,adult_migration,2010-08-15,2010-09-30,2010,True,True,adult migration exposure_year = return_year,47,2,2,40.979,derived_from_observed_usgs_daily_mean_discharge,T2,t2_window_mean_proxy_c,14.096,T1,t1_window_mean_proxy_c,14.142,exploratory_only,exploratory_only,47,14.142,17.788,2010-08-15,16.178,2010-08-21,1,0,0,1,0,0,47,14.096,17.736,2010-08-15,16.124,2010-08-21,1,0,0,1,0,0,-0.046,modeled_proxy_primary_t2_mean_with_t1_sensitivity,"T2 window mean is primary; T1 window mean is sensitivity; all threshold counts and other nonmean thermal metrics are exploratory modeled proxies, not observed/regulatory metrics",2010,3040,116,3156,14,0,14,3170,128.858,49.372,25.9,21,-0.743,14.12,5,4,2006,130.881,28.035,48.7,14.183,-0.871,2007,2009,0.904,-0.369,,,derived_from_observed_events,derived_from_observed_measurements,not_available,not_available,WDFW Hatchery Adult Salmon Returns; Trap Estimate events,USGS-12121600-DV-00060; NRCS-SNOTEL-788-WTEQ; NOAA-PDO-ERSSTV5; KINGCOUNTY-ISSAQUAH-TEMP; NOAA-NPGO-INDEX; NOAA-ONI-INDEX,primary cohort proxy: return_year - 4; sensitivity lags 3 and 5 required,complete except imperviousness,blocked: RMIS authorization or FISH export required,A1
2011,A1,primary,aug15_sep30,Chinook,adult_migration,2011-08-15,2011-09-30,2011,True,True,adult migration exposure_year = return_year,47,1,1,28.545,derived_from_observed_usgs_daily_mean_discharge,T2,t2_window_mean_proxy_c,14.741,T1,t1_window_mean_proxy_c,14.757,exploratory_only,exploratory_only,47,14.757,16.372,2011-08-26,16.064,2011-08-27,0,0,0,0,0,0,47,14.741,16.321,2011-08-26,16.021,2011-08-27,0,0,0,0,0,0,-0.016,modeled_proxy_primary_t2_mean_with_t1_sensitivity,"T2 window mean is primary; T1 window mean is sensitivity; all threshold counts and other nonmean thermal metrics are exploratory modeled proxies, not observed/regulatory metrics",2011,2820,134,2954,282,11,293,3247,186.684,41.689,21.2,32.6,-1.571,15.525,4,4,2007,138.875,23.138,40.5,14.825,-0.964,2008,2010,1.141,-0.325,,,derived_from_observed_events,derived_from_observed_measurements,not_available,not_available,WDFW Hatchery Adult Salmon Returns; Trap Estimate events,USGS-12121600-DV-00060; NRCS-SNOTEL-788-WTEQ; NOAA-PDO-ERSSTV5; KINGCOUNTY-ISSAQUAH-TEMP; NOAA-NPGO-INDEX; NOAA-ONI-INDEX,primary cohort proxy: return_year - 4; sensitivity lags 3 and 5 required,complete except imperviousness,blocked: RMIS authorization or FISH export required,A1
2012,A1,primary,aug15_sep30,Chinook,adult_migration,2012-08-15,2012-09-30,2012,True,True,adult migration exposure_year = return_year,47,1,1,25.355,derived_from_observed_usgs_daily_mean_discharge,T2,t2_window_mean_proxy_c,14.477,T1,t1_window_mean_proxy_c,14.487,exploratory_only,exploratory_only,47,14.487,17.796,2012-08-17,16.806,2012-08-21,2,0,0,2,0,0,47,14.477,17.752,2012-08-16,16.763,2012-08-21,2,0,0,2,0,0,-0.01,modeled_proxy_primary_t2_mean_with_t1_sensitivity,"T2 window mean is primary; T1 window mean is sensitivity; all threshold counts and other nonmean thermal metrics are exploratory modeled proxies, not observed/regulatory metrics",2012,4190,302,4492,23,2,25,4517,139.381,41.182,22.2,47.6,-1.414,14.05,4,4,2008,110.692,29.488,60.9,12.746,-1.044,2009,2011,0.907,-0.323,,,derived_from_observed_events,derived_from_observed_measurements,not_available,not_available,WDFW Hatchery Adult Salmon Returns; Trap Estimate events,USGS-12121600-DV-00060; NRCS-SNOTEL-788-WTEQ; NOAA-PDO-ERSSTV5; KINGCOUNTY-ISSAQUAH-TEMP; NOAA-NPGO-INDEX; NOAA-ONI-INDEX,primary cohort proxy: return_year - 4; sensitivity lags 3 and 5 required,complete except imperviousness,blocked: RMIS authorization or FISH export required,A1
2013,A1,primary,aug15_sep30,Chinook,adult_migration,2013-08-15,2013-09-30,2013,True,True,adult migration exposure_year = return_year,47,1,1,51.713,derived_from_observed_usgs_daily_mean_discharge,T2,t2_window_mean_proxy_c,15.339,T1,t1_window_mean_proxy_c,15.397,exploratory_only,exploratory_only,47,15.397,16.96,2013-08-29,16.63,2013-09-03,0,0,0,0,0,0,47,15.339,16.881,2013-09-02,16.556,2013-09-04,0,0,0,0,0,0,-0.058,modeled_proxy_primary_t2_mean_with_t1_sensitivity,"T2 window mean is primary; T1 window mean is sensitivity; all threshold counts and other nonmean thermal metrics are exploratory modeled proxies, not observed/regulatory metrics",2013,2536,134,2670,37,0,37,2707,143.356,42.228,19.7,32.9,-0.926,15.7,4,4,2009,119.628,24.265,41.2,15.8,-1.243,2010,2012,1.168,-0.438,,,derived_from_observed_events,derived_from_observed_measurements,not_available,not_available,WDFW Hatchery Adult Salmon Returns; Trap Estimate events,USGS-12121600-DV-00060; NRCS-SNOTEL-788-WTEQ; NOAA-PDO-ERSSTV5; KINGCOUNTY-ISSAQUAH-TEMP; NOAA-NPGO-INDEX; NOAA-ONI-INDEX,primary cohort proxy: return_year - 4; sensitivity lags 3 and 5 required,complete except imperviousness,blocked: RMIS authorization or FISH export required,A1
2014,A1,primary,aug15_sep30,Chinook,adult_migration,2014-08-15,2014-09-30,2014,True,True,adult migration exposure_year = return_year,47,1,1,31.917,derived_from_observed_usgs_daily_mean_discharge,T2,t2_window_mean_proxy_c,15.179,T1,t1_window_mean_proxy_c,15.212,exploratory_only,exploratory_only,47,15.212,16.788,2014-08-27,16.224,2014-08-21,0,0,0,0,0,0,47,15.179,16.794,2014-08-27,16.187,2014-08-21,0,0,0,0,0,0,-0.032,modeled_proxy_primary_t2_mean_with_t1_sensitivity,"T2 window mean is primary; T1 window mean is sensitivity; all threshold counts and other nonmean thermal metrics are exploratory modeled proxies, not observed/regulatory metrics",2014,1773,100,1873,21,1,22,1895,130.592,32.423,20,33.4,0.532,15,4,4,2010,128.858,49.372,21,14.12,-1.304,2011,2013,0.859,-0.357,,,derived_from_observed_events,derived_from_observed_measurements,not_available,not_available,WDFW Hatchery Adult Salmon Returns; Trap Estimate events,USGS-12121600-DV-00060; NRCS-SNOTEL-788-WTEQ; NOAA-PDO-ERSSTV5; KINGCOUNTY-ISSAQUAH-TEMP; NOAA-NPGO-INDEX; NOAA-ONI-INDEX,primary cohort proxy: return_year - 4; sensitivity lags 3 and 5 required,complete except imperviousness,blocked: RMIS authorization or FISH export required,A1
2015,A1,primary,aug15_sep30,Chinook,adult_migration,2015-08-15,2015-09-30,2015,True,True,adult migration exposure_year = return_year,47,1,1,27.106,derived_from_observed_usgs_daily_mean_discharge,T2,t2_window_mean_proxy_c,14.278,T1,t1_window_mean_proxy_c,14.276,exploratory_only,exploratory_only,47,14.276,16.82,2015-08-19,16.057,2015-08-21,0,0,0,0,0,0,47,14.278,16.842,2015-08-19,16.065,2015-08-21,0,0,0,0,0,0,0.001,modeled_proxy_primary_t2_mean_with_t1_sensitivity,"T2 window mean is primary; T1 window mean is sensitivity; all threshold counts and other nonmean thermal metrics are exploratory modeled proxies, not observed/regulatory metrics",2015,3130,243,3373,56,6,62,3435,127.857,24.285,15.6,0.1,0.805,16.2,4,4,2011,186.684,41.689,32.6,15.525,-0.603,2012,2014,0.53,-0.031,,,derived_from_observed_events,derived_from_observed_measurements,not_available,not_available,WDFW Hatchery Adult Salmon Returns; Trap Estimate events,USGS-12121600-DV-00060; NRCS-SNOTEL-788-WTEQ; NOAA-PDO-ERSSTV5; KINGCOUNTY-ISSAQUAH-TEMP; NOAA-NPGO-INDEX; NOAA-ONI-INDEX,primary cohort proxy: return_year - 4; sensitivity lags 3 and 5 required,complete except imperviousness,blocked: RMIS authorization or FISH export required,A1
2016,A1,primary,aug15_sep30,Chinook,adult_migration,2016-08-15,2016-09-30,2016,True,True,adult migration exposure_year = return_year,47,1,1,23.417,derived_from_observed_usgs_daily_mean_discharge,T2,t2_window_mean_proxy_c,14.648,T1,t1_window_mean_proxy_c,14.636,exploratory_only,exploratory_only,47,14.636,18.154,2016-08-19,16.982,2016-08-21,3,0,0,2,1,2.128,47,14.648,18.188,2016-08-19,16.96,2016-08-21,3,0,0,2,1,2.128,0.012,modeled_proxy_primary_t2_mean_with_t1_sensitivity,"T2 window mean is primary; T1 window mean is sensitivity; all threshold counts and other nonmean thermal metrics are exploratory modeled proxies, not observed/regulatory metrics",2016,2442,154,2596,15,2,17,2613,150.761,29.455,19.3,36.6,0.632,13.65,4,4,2012,139.381,41.182,47.6,14.05,0.137,2013,2015,-0.405,0.506,,,derived_from_observed_events,derived_from_observed_measurements,not_available,not_available,WDFW Hatchery Adult Salmon Returns; Trap Estimate events,USGS-12121600-DV-00060; NRCS-SNOTEL-788-WTEQ; NOAA-PDO-ERSSTV5; KINGCOUNTY-ISSAQUAH-TEMP; NOAA-NPGO-INDEX; NOAA-ONI-INDEX,primary cohort proxy: return_year - 4; sensitivity lags 3 and 5 required,complete except imperviousness,blocked: RMIS authorization or FISH export required,A1
2017,A1,primary,aug15_sep30,Chinook,adult_migration,2017-08-15,2017-09-30,2017,True,True,adult migration exposure_year = return_year,47,1,1,24.917,derived_from_observed_usgs_daily_mean_discharge,T2,t2_window_mean_proxy_c,15.224,T1,t1_window_mean_proxy_c,15.238,exploratory_only,exploratory_only,47,15.238,17.986,2017-09-05,17.334,2017-09-08,4,0,0,4,0,0,47,15.224,18.018,2017-09-05,17.351,2017-09-08,4,0,0,4,0,0,-0.014,modeled_proxy_primary_t2_mean_with_t1_sensitivity,"T2 window mean is primary; T1 window mean is sensitivity; all threshold counts and other nonmean thermal metrics are exploratory modeled proxies, not observed/regulatory metrics",2017,3185,136,3321,99,0,99,3420,173.679,28.927,19.5,37.9,-0.063,15.075,4,4,2013,143.356,42.228,32.9,15.7,0.656,2014,2016,-0.579,0.725,,,derived_from_observed_events,derived_from_observed_measurements,not_available,not_available,WDFW Hatchery Adult Salmon Returns; Trap Estimate events,USGS-12121600-DV-00060; NRCS-SNOTEL-788-WTEQ; NOAA-PDO-ERSSTV5; KINGCOUNTY-ISSAQUAH-TEMP; NOAA-NPGO-INDEX; NOAA-ONI-INDEX,primary cohort proxy: return_year - 4; sensitivity lags 3 and 5 required,complete except imperviousness,blocked: RMIS authorization or FISH export required,A1
2018,A1,primary,aug15_sep30,Chinook,adult_migration,2018-08-15,2018-09-30,2018,True,True,adult migration exposure_year = return_year,47,1,1,23.143,derived_from_observed_usgs_daily_mean_discharge,T2,t2_window_mean_proxy_c,14.654,T1,t1_window_mean_proxy_c,14.631,exploratory_only,exploratory_only,47,14.631,17.288,2018-08-21,16.287,2018-08-24,0,0,0,0,1,2.128,47,14.654,17.322,2018-08-21,16.298,2018-08-24,0,0,0,0,1,2.128,0.022,modeled_proxy_primary_t2_mean_with_t1_sensitivity,"T2 window mean is primary; T1 window mean is sensitivity; all threshold counts and other nonmean thermal metrics are exploratory modeled proxies, not observed/regulatory metrics",2018,1739,47,1786,69,2,71,1857,145.845,23.237,15.5,33,-0.303,15.725,4,4,2014,130.592,32.423,33.4,15,0.458,2015,2017,-0.8,0.619,,,derived_from_observed_events,derived_from_observed_measurements,not_available,not_available,WDFW Hatchery Adult Salmon Returns; Trap Estimate events,USGS-12121600-DV-00060; NRCS-SNOTEL-788-WTEQ; NOAA-PDO-ERSSTV5; KINGCOUNTY-ISSAQUAH-TEMP; NOAA-NPGO-INDEX; NOAA-ONI-INDEX,primary cohort proxy: return_year - 4; sensitivity lags 3 and 5 required,complete except imperviousness,blocked: RMIS authorization or FISH export required,A1
2019,A1,primary,aug15_sep30,Chinook,adult_migration,2019-08-15,2019-09-30,2019,True,True,adult migration exposure_year = return_year,47,1,1,37.177,derived_from_observed_usgs_daily_mean_discharge,T2,t2_window_mean_proxy_c,15.05,T1,t1_window_mean_proxy_c,15.089,exploratory_only,exploratory_only,47,15.089,17.204,2019-08-28,16.631,2019-09-03,0,0,0,0,0,0,47,15.05,17.238,2019-08-28,16.653,2019-09-03,0,0,0,0,0,0,-0.039,modeled_proxy_primary_t2_mean_with_t1_sensitivity,"T2 window mean is primary; T1 window mean is sensitivity; all threshold counts and other nonmean thermal metrics are exploratory modeled proxies, not observed/regulatory metrics",2019,2046,30,2076,106,1,107,2183,100.833,33.561,20.6,24,-0.04,15.55,4,4,2015,127.857,24.285,0.1,16.2,0.089,2016,2018,-0.994,0.134,,,derived_from_observed_events,derived_from_observed_measurements,not_available,not_available,WDFW Hatchery Adult Salmon Returns; Trap Estimate events,USGS-12121600-DV-00060; NRCS-SNOTEL-788-WTEQ; NOAA-PDO-ERSSTV5; KINGCOUNTY-ISSAQUAH-TEMP; NOAA-NPGO-INDEX; NOAA-ONI-INDEX,primary cohort proxy: return_year - 4; sensitivity lags 3 and 5 required,complete except imperviousness,blocked: RMIS authorization or FISH export required,A1
2020,A1,primary,aug15_sep30,Chinook,adult_migration,2020-08-15,2020-09-30,2020,True,True,adult migration exposure_year = return_year,47,1,1,26.547,derived_from_observed_usgs_daily_mean_discharge,T2,t2_window_mean_proxy_c,15.305,T1,t1_window_mean_proxy_c,15.31,exploratory_only,exploratory_only,47,15.31,17.819,2020-08-17,17.057,2020-08-21,1,0,0,1,1,2.128,47,15.305,17.825,2020-08-17,17.05,2020-08-21,1,0,0,1,1,2.128,-0.005,modeled_proxy_primary_t2_mean_with_t1_sensitivity,"T2 window mean is primary; T1 window mean is sensitivity; all threshold counts and other nonmean thermal metrics are exploratory modeled proxies, not observed/regulatory metrics",2020,2269,34,2303,48,1,49,2352,150.459,30.199,20.3,33,-1.041,14.45,4,4,2016,150.761,29.455,36.6,13.65,-0.135,2017,2019,-1.701,0.185,,,derived_from_observed_events,derived_from_observed_measurements,not_available,not_available,WDFW Hatchery Adult Salmon Returns; Trap Estimate events,USGS-12121600-DV-00060; NRCS-SNOTEL-788-WTEQ; NOAA-PDO-ERSSTV5; KINGCOUNTY-ISSAQUAH-TEMP; NOAA-NPGO-INDEX; NOAA-ONI-INDEX,primary cohort proxy: return_year - 4; sensitivity lags 3 and 5 required,complete except imperviousness,blocked: RMIS authorization or FISH export required,A1
2021,A1,primary,aug15_sep30,Chinook,adult_migration,2021-08-15,2021-09-30,2021,True,True,adult migration exposure_year = return_year,47,2,2,20.906,derived_from_observed_usgs_daily_mean_discharge,T2,t2_window_mean_proxy_c,14.24,T1,t1_window_mean_proxy_c,14.193,exploratory_only,exploratory_only,47,14.193,17.483,2021-08-15,15.775,2021-08-21,0,0,0,0,0,0,47,14.24,17.516,2021-08-15,15.795,2021-08-21,1,0,0,1,0,0,0.047,modeled_proxy_primary_t2_mean_with_t1_sensitivity,"T2 window mean is primary; T1 window mean is sensitivity; all threshold counts and other nonmean thermal metrics are exploratory modeled proxies, not observed/regulatory metrics",2021,3953,84,4037,274,4,278,4315,123.296,22.491,15.1,48.6,-1.585,15.425,4,4,2017,173.679,28.927,37.9,15.075,-0.461,2018,2020,-2.029,0.132,,,derived_from_observed_events,derived_from_observed_measurements,not_available,not_available,WDFW Hatchery Adult Salmon Returns; Trap Estimate events,USGS-12121600-DV-00060; NRCS-SNOTEL-788-WTEQ; NOAA-PDO-ERSSTV5; KINGCOUNTY-ISSAQUAH-TEMP; NOAA-NPGO-INDEX; NOAA-ONI-INDEX,primary cohort proxy: return_year - 4; sensitivity lags 3 and 5 required,complete except imperviousness,blocked: RMIS authorization or FISH export required,A1
2022,A1,primary,aug15_sep30,Chinook,adult_migration,2022-08-15,2022-09-30,2022,True,True,adult migration exposure_year = return_year,47,1,1,23.628,derived_from_observed_usgs_daily_mean_discharge,T2,t2_window_mean_proxy_c,15.489,T1,t1_window_mean_proxy_c,15.503,exploratory_only,exploratory_only,47,15.503,18.078,2022-08-18,17.287,2022-08-23,2,0,0,2,3,6.383,47,15.489,18.08,2022-08-18,17.247,2022-08-23,2,0,0,2,3,6.383,-0.014,modeled_proxy_primary_t2_mean_with_t1_sensitivity,"T2 window mean is primary; T1 window mean is sensitivity; all threshold counts and other nonmean thermal metrics are exploratory modeled proxies, not observed/regulatory metrics",2022,4667,148,4815,402,0,402,5217,164.83,31.679,21.4,28.6,-1.78,15.175,4,4,2018,145.845,23.237,33,15.725,-0.889,2019,2021,-1.678,-0.111,,,derived_from_observed_events,derived_from_observed_measurements,not_available,not_available,WDFW Hatchery Adult Salmon Returns; Trap Estimate events,USGS-12121600-DV-00060; NRCS-SNOTEL-788-WTEQ; NOAA-PDO-ERSSTV5; KINGCOUNTY-ISSAQUAH-TEMP; NOAA-NPGO-INDEX; NOAA-ONI-INDEX,primary cohort proxy: return_year - 4; sensitivity lags 3 and 5 required,complete except imperviousness,blocked: RMIS authorization or FISH export required,A1
2023,A1,primary,aug15_sep30,Chinook,adult_migration,2023-08-15,2023-09-30,2023,True,True,adult migration exposure_year = return_year,47,2,2,23.477,derived_from_observed_usgs_daily_mean_discharge,T2,t2_window_mean_proxy_c,14.869,T1,t1_window_mean_proxy_c,14.842,exploratory_only,exploratory_only,47,14.842,19.104,2023-08-16,17.371,2023-08-21,3,1,0,3,2,4.255,47,14.869,19.165,2023-08-16,17.398,2023-08-21,3,1,0,3,2,4.255,0.027,modeled_proxy_primary_t2_mean_with_t1_sensitivity,"T2 window mean is primary; T1 window mean is sensitivity; all threshold counts and other nonmean thermal metrics are exploratory modeled proxies, not observed/regulatory metrics",2023,5737,103,5840,82,0,82,5922,86.576,21.64,14.8,32.9,-1.878,15.4,4,4,2019,100.833,33.561,24,15.55,-1.469,2020,2022,-1.339,-0.586,,,derived_from_observed_events,derived_from_observed_measurements,not_available,not_available,WDFW Hatchery Adult Salmon Returns; Trap Estimate events,USGS-12121600-DV-00060; NRCS-SNOTEL-788-WTEQ; NOAA-PDO-ERSSTV5; KINGCOUNTY-ISSAQUAH-TEMP; NOAA-NPGO-INDEX; NOAA-ONI-INDEX,primary cohort proxy: return_year - 4; sensitivity lags 3 and 5 required,complete except imperviousness,blocked: RMIS authorization or FISH export required,A1
2024,A1,primary,aug15_sep30,Chinook,adult_migration,2024-08-15,2024-09-30,2024,True,True,adult migration exposure_year = return_year,47,1,1,30.413,derived_from_observed_usgs_daily_mean_discharge,T2,t2_window_mean_proxy_c,14.416,T1,t1_window_mean_proxy_c,14.42,exploratory_only,exploratory_only,47,14.42,16.729,2024-09-07,15.985,2024-09-07,0,0,0,0,1,2.128,47,14.416,16.783,2024-09-07,15.989,2024-09-07,0,0,0,0,1,2.128,-0.004,modeled_proxy_primary_t2_mean_with_t1_sensitivity,"T2 window mean is primary; T1 window mean is sensitivity; all threshold counts and other nonmean thermal metrics are exploratory modeled proxies, not observed/regulatory metrics",2024,7841,191,8032,222,3,225,8257,108.595,25.907,16.7,22.8,-2.108,14.9,4,4,2020,150.459,30.199,33,14.45,-1.748,2021,2023,-1.285,-0.195,,,derived_from_observed_events,derived_from_observed_measurements,not_available,not_available,WDFW Hatchery Adult Salmon Returns; Trap Estimate events,USGS-12121600-DV-00060; NRCS-SNOTEL-788-WTEQ; NOAA-PDO-ERSSTV5; KINGCOUNTY-ISSAQUAH-TEMP; NOAA-NPGO-INDEX; NOAA-ONI-INDEX,primary cohort proxy: return_year - 4; sensitivity lags 3 and 5 required,complete except imperviousness,blocked: RMIS authorization or FISH export required,A1
2025,A1,primary,aug15_sep30,Chinook,adult_migration,2025-08-15,2025-09-30,2025,True,True,adult migration exposure_year = return_year,47,1,1,19.702,derived_from_observed_usgs_daily_mean_discharge,T2,t2_window_mean_proxy_c,15.19,T1,t1_window_mean_proxy_c,15.146,exploratory_only,exploratory_only,47,15.146,17.586,2025-08-26,17.026,2025-08-29,1,0,0,1,1,2.128,47,15.19,17.615,2025-08-26,17.06,2025-08-29,1,0,0,1,1,2.128,0.044,modeled_proxy_primary_t2_mean_with_t1_sensitivity,"T2 window mean is primary; T1 window mean is sensitivity; all threshold counts and other nonmean thermal metrics are exploratory modeled proxies, not observed/regulatory metrics",2025,4562,154,4716,246,1,247,4963,97.036,20.541,17.4,23.8,-1.776,17.1,4,4,2021,123.296,22.491,48.6,15.425,-1.922,2022,2024,-1.626,0.162,,,derived_from_observed_events,derived_from_observed_measurements,not_available,not_available,WDFW Hatchery Adult Salmon Returns; Trap Estimate events,USGS-12121600-DV-00060; NRCS-SNOTEL-788-WTEQ; NOAA-PDO-ERSSTV5; KINGCOUNTY-ISSAQUAH-TEMP; NOAA-NPGO-INDEX; NOAA-ONI-INDEX,primary cohort proxy: return_year - 4; sensitivity lags 3 and 5 required,complete except imperviousness,blocked: RMIS authorization or FISH export required,A1
1997,A2,window_sensitivity,aug15_oct31,Chinook,adult_migration,1997-08-15,1997-10-31,1997,True,True,adult migration exposure_year = return_year,78,4,4,70.615,derived_from_observed_usgs_daily_mean_discharge,T2,t2_window_mean_proxy_c,12.808,T1,t1_window_mean_proxy_c,12.896,exploratory_only,exploratory_only,78,12.896,16.596,1997-08-17,15.929,1997-08-21,0,0,0,0,0,0,78,12.808,16.489,1997-08-17,15.847,1997-08-21,0,0,0,0,0,0,-0.088,modeled_proxy_primary_t2_mean_with_t1_sensitivity,"T2 window mean is primary; T1 window mean is sensitivity; all threshold counts and other nonmean thermal metrics are exploratory modeled proxies, not observed/regulatory metrics",1997,3815,0,3815,125,0,125,3940,194.427,67.685,29,80.4,1.34,14.725,4,4,1993,98.151,44.141,33.1,12.65,0.422,1994,1996,-1.075,-0.048,,,derived_from_observed_events,derived_from_observed_measurements,not_available,not_available,WDFW Hatchery Adult Salmon Returns; Trap Estimate events,USGS-12121600-DV-00060; NRCS-SNOTEL-788-WTEQ; NOAA-PDO-ERSSTV5; KINGCOUNTY-ISSAQUAH-TEMP; NOAA-NPGO-INDEX; NOAA-ONI-INDEX,primary cohort proxy: return_year - 4; sensitivity lags 3 and 5 required,complete except imperviousness,blocked: RMIS authorization or FISH export required,A2
1998,A2,window_sensitivity,aug15_oct31,Chinook,adult_migration,1998-08-15,1998-10-31,1998,True,True,adult migration exposure_year = return_year,78,4,4,27.872,derived_from_observed_usgs_daily_mean_discharge,T2,t2_window_mean_proxy_c,12.96,T1,t1_window_mean_proxy_c,12.92,exploratory_only,exploratory_only,78,12.92,16.324,1998-09-03,15.805,1998-09-04,0,0,0,0,0,0,78,12.96,16.356,1998-09-03,15.801,1998-09-04,0,0,0,0,0,0,0.04,modeled_proxy_primary_t2_mean_with_t1_sensitivity,"T2 window mean is primary; T1 window mean is sensitivity; all threshold counts and other nonmean thermal metrics are exploratory modeled proxies, not observed/regulatory metrics",1998,4867,0,4867,24,0,24,4891,103.932,28.207,19,38.8,-0.122,14.82,5,4,1994,73.805,23.054,36.5,14.7,0.927,1995,1997,-0.89,0.184,,,derived_from_observed_events,derived_from_observed_measurements,not_available,not_available,WDFW Hatchery Adult Salmon Returns; Trap Estimate events,USGS-12121600-DV-00060; NRCS-SNOTEL-788-WTEQ; NOAA-PDO-ERSSTV5; KINGCOUNTY-ISSAQUAH-TEMP; NOAA-NPGO-INDEX; NOAA-ONI-INDEX,primary cohort proxy: return_year - 4; sensitivity lags 3 and 5 required,complete except imperviousness,blocked: RMIS authorization or FISH export required,A2
1999,A2,window_sensitivity,aug15_oct31,Chinook,adult_migration,1999-08-15,1999-10-31,1999,True,True,adult migration exposure_year = return_year,78,2,2,29.603,derived_from_observed_usgs_daily_mean_discharge,T2,t2_window_mean_proxy_c,12.459,T1,t1_window_mean_proxy_c,12.413,exploratory_only,exploratory_only,78,12.413,15.549,1999-08-25,15.327,1999-08-28,0,0,0,0,0,0,78,12.459,15.588,1999-08-28,15.329,1999-08-28,0,0,0,0,0,0,0.046,modeled_proxy_primary_t2_mean_with_t1_sensitivity,"T2 window mean is primary; T1 window mean is sensitivity; all threshold counts and other nonmean thermal metrics are exploratory modeled proxies, not observed/regulatory metrics",1999,2189,0,2189,57,0,57,2246,162.129,43.478,21,63,-1.377,14.88,5,4,1995,107.195,22.859,49.9,13.62,0.677,1996,1998,-0.362,0.218,,,derived_from_observed_events,derived_from_observed_measurements,not_available,not_available,WDFW Hatchery Adult Salmon Returns; Trap Estimate events,USGS-12121600-DV-00060; NRCS-SNOTEL-788-WTEQ; NOAA-PDO-ERSSTV5; KINGCOUNTY-ISSAQUAH-TEMP; NOAA-NPGO-INDEX; NOAA-ONI-INDEX,primary cohort proxy: return_year - 4; sensitivity lags 3 and 5 required,complete except imperviousness,blocked: RMIS authorization or FISH export required,A2
2000,A2,window_sensitivity,aug15_oct31,Chinook,adult_migration,2000-08-15,2000-10-31,2000,True,True,adult migration exposure_year = return_year,78,2,3,33.128,derived_from_observed_usgs_daily_mean_discharge,T2,t2_window_mean_proxy_c,12.373,T1,t1_window_mean_proxy_c,12.319,exploratory_only,exploratory_only,78,12.319,15.205,2000-08-23,14.671,2000-08-27,0,0,0,0,0,0,78,12.373,15.203,2000-08-23,14.691,2000-08-27,0,0,0,0,0,0,0.054,modeled_proxy_primary_t2_mean_with_t1_sensitivity,"T2 window mean is primary; T1 window mean is sensitivity; all threshold counts and other nonmean thermal metrics are exploratory modeled proxies, not observed/regulatory metrics",2000,3686,0,3686,458,0,458,4144,129.087,27.424,19,50.5,-0.782,13.42,5,4,1996,170.814,29.87,34.8,13.7,-0.053,1997,1999,0.468,-0.037,,,derived_from_observed_events,derived_from_observed_measurements,not_available,not_available,WDFW Hatchery Adult Salmon Returns; Trap Estimate events,USGS-12121600-DV-00060; NRCS-SNOTEL-788-WTEQ; NOAA-PDO-ERSSTV5; KINGCOUNTY-ISSAQUAH-TEMP; NOAA-NPGO-INDEX; NOAA-ONI-INDEX,primary cohort proxy: return_year - 4; sensitivity lags 3 and 5 required,complete except imperviousness,blocked: RMIS authorization or FISH export required,A2
2001,A2,window_sensitivity,aug15_oct31,Chinook,adult_migration,2001-08-15,2001-10-31,2001,True,True,adult migration exposure_year = return_year,78,2,2,41.141,derived_from_observed_usgs_daily_mean_discharge,T2,t2_window_mean_proxy_c,12.223,T1,t1_window_mean_proxy_c,12.189,exploratory_only,exploratory_only,78,12.189,15.084,2001-08-31,14.733,2001-09-01,0,0,0,0,0,0,78,12.223,15.133,2001-08-31,14.732,2001-09-01,0,0,0,0,0,0,0.034,modeled_proxy_primary_t2_mean_with_t1_sensitivity,"T2 window mean is primary; T1 window mean is sensitivity; all threshold counts and other nonmean thermal metrics are exploratory modeled proxies, not observed/regulatory metrics",2001,10451,0,10451,287,0,287,10738,72.562,30.891,19,27.7,-0.742,14.32,5,4,1997,194.427,67.685,80.4,14.725,-0.76,1998,2000,1.316,-0.706,,,derived_from_observed_events,derived_from_observed_measurements,not_available,not_available,WDFW Hatchery Adult Salmon Returns; Trap Estimate events,USGS-12121600-DV-00060; NRCS-SNOTEL-788-WTEQ; NOAA-PDO-ERSSTV5; KINGCOUNTY-ISSAQUAH-TEMP; NOAA-NPGO-INDEX; NOAA-ONI-INDEX,primary cohort proxy: return_year - 4; sensitivity lags 3 and 5 required,complete except imperviousness,blocked: RMIS authorization or FISH export required,A2
2002,A2,window_sensitivity,aug15_oct31,Chinook,adult_migration,2002-08-15,2002-10-31,2002,True,True,adult migration exposure_year = return_year,78,2,2,20.949,derived_from_observed_usgs_daily_mean_discharge,T2,t2_window_mean_proxy_c,12.466,T1,t1_window_mean_proxy_c,12.365,exploratory_only,exploratory_only,78,12.365,16.23,2002-08-15,15.035,2002-08-30,0,0,0,0,1,1.282,78,12.466,16.206,2002-08-15,15.076,2002-08-30,0,0,0,0,1,1.282,0.101,modeled_proxy_primary_t2_mean_with_t1_sensitivity,"T2 window mean is primary; T1 window mean is sensitivity; all threshold counts and other nonmean thermal metrics are exploratory modeled proxies, not observed/regulatory metrics",2002,5620,0,5620,283,0,283,5903,155.762,26.598,17,59.3,-0.135,13.575,4,4,1998,103.932,28.207,38.8,14.82,-0.967,1999,2001,1.828,-0.79,,,derived_from_observed_events,derived_from_observed_measurements,not_available,not_available,WDFW Hatchery Adult Salmon Returns; Trap Estimate events,USGS-12121600-DV-00060; NRCS-SNOTEL-788-WTEQ; NOAA-PDO-ERSSTV5; KINGCOUNTY-ISSAQUAH-TEMP; NOAA-NPGO-INDEX; NOAA-ONI-INDEX,primary cohort proxy: return_year - 4; sensitivity lags 3 and 5 required,complete except imperviousness,blocked: RMIS authorization or FISH export required,A2
2003,A2,window_sensitivity,aug15_oct31,Chinook,adult_migration,2003-08-15,2003-10-31,2003,True,True,adult migration exposure_year = return_year,78,2,2,46.41,derived_from_observed_usgs_daily_mean_discharge,T2,t2_window_mean_proxy_c,13.255,T1,t1_window_mean_proxy_c,13.173,exploratory_only,exploratory_only,78,13.173,16.622,2003-09-04,15.767,2003-08-21,0,0,0,0,34,43.59,78,13.255,16.744,2003-09-04,15.863,2003-08-21,0,0,0,0,0,0,0.082,modeled_proxy_primary_t2_mean_with_t1_sensitivity,"T2 window mean is primary; T1 window mean is sensitivity; all threshold counts and other nonmean thermal metrics are exploratory modeled proxies, not observed/regulatory metrics",2003,5742,0,5742,100,0,100,5842,84.852,17.25,11,31.6,0.527,14.6,4,4,1999,162.129,43.478,63,14.88,-0.553,2000,2002,1.814,-0.171,,,derived_from_observed_events,derived_from_observed_measurements,not_available,not_available,WDFW Hatchery Adult Salmon Returns; Trap Estimate events,USGS-12121600-DV-00060; NRCS-SNOTEL-788-WTEQ; NOAA-PDO-ERSSTV5; KINGCOUNTY-ISSAQUAH-TEMP; NOAA-NPGO-INDEX; NOAA-ONI-INDEX,primary cohort proxy: return_year - 4; sensitivity lags 3 and 5 required,complete except imperviousness,blocked: RMIS authorization or FISH export required,A2
2004,A2,window_sensitivity,aug15_oct31,Chinook,adult_migration,2004-08-15,2004-10-31,2004,True,True,adult migration exposure_year = return_year,78,2,2,59.523,derived_from_observed_usgs_daily_mean_discharge,T2,t2_window_mean_proxy_c,12.74,T1,t1_window_mean_proxy_c,12.78,exploratory_only,exploratory_only,78,12.78,16.491,2004-08-15,16.128,2004-08-21,0,0,0,0,7,8.974,78,12.74,16.576,2004-08-15,16.233,2004-08-21,0,0,0,0,0,0,-0.04,modeled_proxy_primary_t2_mean_with_t1_sensitivity,"T2 window mean is primary; T1 window mean is sensitivity; all threshold counts and other nonmean thermal metrics are exploratory modeled proxies, not observed/regulatory metrics",2004,12771,0,12771,262,0,262,13033,110.18,35.391,11,38,-0.111,14.8,4,4,2000,129.087,27.424,50.5,13.42,-0.117,2001,2003,1.505,0.191,,,derived_from_observed_events,derived_from_observed_measurements,not_available,not_available,WDFW Hatchery Adult Salmon Returns; Trap Estimate events,USGS-12121600-DV-00060; NRCS-SNOTEL-788-WTEQ; NOAA-PDO-ERSSTV5; KINGCOUNTY-ISSAQUAH-TEMP; NOAA-NPGO-INDEX; NOAA-ONI-INDEX,primary cohort proxy: return_year - 4; sensitivity lags 3 and 5 required,complete except imperviousness,blocked: RMIS authorization or FISH export required,A2
2005,A2,window_sensitivity,aug15_oct31,Chinook,adult_migration,2005-08-15,2005-10-31,2005,True,True,adult migration exposure_year = return_year,78,3,3,28.201,derived_from_observed_usgs_daily_mean_discharge,T2,t2_window_mean_proxy_c,12.762,T1,t1_window_mean_proxy_c,12.697,exploratory_only,exploratory_only,78,12.697,16.423,2005-08-15,15.567,2005-08-21,0,0,0,0,1,1.282,78,12.762,16.437,2005-08-15,15.593,2005-08-21,0,0,0,0,1,1.282,0.065,modeled_proxy_primary_t2_mean_with_t1_sensitivity,"T2 window mean is primary; T1 window mean is sensitivity; all threshold counts and other nonmean thermal metrics are exploratory modeled proxies, not observed/regulatory metrics",2005,6840,0,6840,237,0,237,7077,90.345,27.423,16.9,9.1,-0.091,13.575,4,4,2001,72.562,30.891,27.7,14.32,0.094,2002,2004,0.881,0.443,,,derived_from_observed_events,derived_from_observed_measurements,not_available,not_available,WDFW Hatchery Adult Salmon Returns; Trap Estimate events,USGS-12121600-DV-00060; NRCS-SNOTEL-788-WTEQ; NOAA-PDO-ERSSTV5; KINGCOUNTY-ISSAQUAH-TEMP; NOAA-NPGO-INDEX; NOAA-ONI-INDEX,primary cohort proxy: return_year - 4; sensitivity lags 3 and 5 required,complete except imperviousness,blocked: RMIS authorization or FISH export required,A2
2006,A2,window_sensitivity,aug15_oct31,Chinook,adult_migration,2006-08-15,2006-10-31,2006,True,True,adult migration exposure_year = return_year,78,5,5,29.46,derived_from_observed_usgs_daily_mean_discharge,T2,t2_window_mean_proxy_c,12.806,T1,t1_window_mean_proxy_c,12.769,exploratory_only,exploratory_only,78,12.769,15.972,2006-08-28,15.332,2006-09-07,0,0,0,0,0,0,78,12.806,15.978,2006-08-28,15.339,2006-09-07,0,0,0,0,0,0,0.037,modeled_proxy_primary_t2_mean_with_t1_sensitivity,"T2 window mean is primary; T1 window mean is sensitivity; all threshold counts and other nonmean thermal metrics are exploratory modeled proxies, not observed/regulatory metrics",2006,8913,0,8913,378,0,378,9291,130.881,28.035,17.6,48.7,-0.153,14.183,6,4,2002,155.762,26.598,59.3,13.575,0.108,2003,2005,-0.1,0.246,,,derived_from_observed_events,derived_from_observed_measurements,not_available,not_available,WDFW Hatchery Adult Salmon Returns; Trap Estimate events,USGS-12121600-DV-00060; NRCS-SNOTEL-788-WTEQ; NOAA-PDO-ERSSTV5; KINGCOUNTY-ISSAQUAH-TEMP; NOAA-NPGO-INDEX; NOAA-ONI-INDEX,primary cohort proxy: return_year - 4; sensitivity lags 3 and 5 required,complete except imperviousness,blocked: RMIS authorization or FISH export required,A2
2007,A2,window_sensitivity,aug15_oct31,Chinook,adult_migration,2007-08-15,2007-10-31,2007,True,True,adult migration exposure_year = return_year,78,2,2,39.158,derived_from_observed_usgs_daily_mean_discharge,T2,t2_window_mean_proxy_c,12.376,T1,t1_window_mean_proxy_c,12.343,exploratory_only,exploratory_only,78,12.343,15.68,2007-08-15,15.185,2007-09-04,0,0,0,0,1,1.282,78,12.376,15.763,2007-08-15,15.237,2007-09-04,0,0,0,0,1,1.282,0.033,modeled_proxy_primary_t2_mean_with_t1_sensitivity,"T2 window mean is primary; T1 window mean is sensitivity; all threshold counts and other nonmean thermal metrics are exploratory modeled proxies, not observed/regulatory metrics",2007,13432,0,13432,51,0,51,13483,138.875,23.138,13.7,40.5,-0.464,14.825,4,4,2003,84.852,17.25,31.6,14.6,-0.118,2004,2006,-0.603,0.187,,,derived_from_observed_events,derived_from_observed_measurements,not_available,not_available,WDFW Hatchery Adult Salmon Returns; Trap Estimate events,USGS-12121600-DV-00060; NRCS-SNOTEL-788-WTEQ; NOAA-PDO-ERSSTV5; KINGCOUNTY-ISSAQUAH-TEMP; NOAA-NPGO-INDEX; NOAA-ONI-INDEX,primary cohort proxy: return_year - 4; sensitivity lags 3 and 5 required,complete except imperviousness,blocked: RMIS authorization or FISH export required,A2
2008,A2,window_sensitivity,aug15_oct31,Chinook,adult_migration,2008-08-15,2008-10-31,2008,True,True,adult migration exposure_year = return_year,78,4,4,30.586,derived_from_observed_usgs_daily_mean_discharge,T2,t2_window_mean_proxy_c,12.555,T1,t1_window_mean_proxy_c,12.507,exploratory_only,exploratory_only,78,12.507,17.561,2008-08-16,16.413,2008-08-21,1,0,0,1,0,0,78,12.555,17.608,2008-08-16,16.429,2008-08-21,2,0,0,2,0,0,0.049,modeled_proxy_primary_t2_mean_with_t1_sensitivity,"T2 window mean is primary; T1 window mean is sensitivity; all threshold counts and other nonmean thermal metrics are exploratory modeled proxies, not observed/regulatory metrics",2008,3007,0,3007,62,0,62,3069,110.692,29.488,19.6,60.9,-1.331,12.746,9,4,2004,110.18,35.391,38,14.8,-0.236,2005,2007,-0.48,-0.165,,,derived_from_observed_events,derived_from_observed_measurements,not_available,not_available,WDFW Hatchery Adult Salmon Returns; Trap Estimate events,USGS-12121600-DV-00060; NRCS-SNOTEL-788-WTEQ; NOAA-PDO-ERSSTV5; KINGCOUNTY-ISSAQUAH-TEMP; NOAA-NPGO-INDEX; NOAA-ONI-INDEX,primary cohort proxy: return_year - 4; sensitivity lags 3 and 5 required,complete except imperviousness,blocked: RMIS authorization or FISH export required,A2
2009,A2,window_sensitivity,aug15_oct31,Chinook,adult_migration,2009-08-15,2009-10-31,2009,True,True,adult migration exposure_year = return_year,78,2,2,40.572,derived_from_observed_usgs_daily_mean_discharge,T2,t2_window_mean_proxy_c,12.863,T1,t1_window_mean_proxy_c,12.838,exploratory_only,exploratory_only,78,12.838,16.528,2009-08-19,15.795,2009-08-23,0,0,0,0,0,0,78,12.863,16.532,2009-08-19,15.816,2009-08-23,0,0,0,0,0,0,0.025,modeled_proxy_primary_t2_mean_with_t1_sensitivity,"T2 window mean is primary; T1 window mean is sensitivity; all threshold counts and other nonmean thermal metrics are exploratory modeled proxies, not observed/regulatory metrics",2009,2280,0,2280,15,0,15,2295,119.628,24.265,18,41.2,-0.817,15.8,5,4,2005,90.345,27.423,9.1,13.575,-0.649,2006,2008,0.507,-0.439,,,derived_from_observed_events,derived_from_observed_measurements,not_available,not_available,WDFW Hatchery Adult Salmon Returns; Trap Estimate events,USGS-12121600-DV-00060; NRCS-SNOTEL-788-WTEQ; NOAA-PDO-ERSSTV5; KINGCOUNTY-ISSAQUAH-TEMP; NOAA-NPGO-INDEX; NOAA-ONI-INDEX,primary cohort proxy: return_year - 4; sensitivity lags 3 and 5 required,complete except imperviousness,blocked: RMIS authorization or FISH export required,A2
2010,A2,window_sensitivity,aug15_oct31,Chinook,adult_migration,2010-08-15,2010-10-31,2010,True,True,adult migration exposure_year = return_year,78,3,3,55.227,derived_from_observed_usgs_daily_mean_discharge,T2,t2_window_mean_proxy_c,12.828,T1,t1_window_mean_proxy_c,12.866,exploratory_only,exploratory_only,78,12.866,17.788,2010-08-15,16.178,2010-08-21,1,0,0,1,0,0,78,12.828,17.736,2010-08-15,16.124,2010-08-21,1,0,0,1,0,0,-0.037,modeled_proxy_primary_t2_mean_with_t1_sensitivity,"T2 window mean is primary; T1 window mean is sensitivity; all threshold counts and other nonmean thermal metrics are exploratory modeled proxies, not observed/regulatory metrics",2010,3040,116,3156,14,0,14,3170,128.858,49.372,25.9,21,-0.743,14.12,5,4,2006,130.881,28.035,48.7,14.183,-0.871,2007,2009,0.904,-0.369,,,derived_from_observed_events,derived_from_observed_measurements,not_available,not_available,WDFW Hatchery Adult Salmon Returns; Trap Estimate events,USGS-12121600-DV-00060; NRCS-SNOTEL-788-WTEQ; NOAA-PDO-ERSSTV5; KINGCOUNTY-ISSAQUAH-TEMP; NOAA-NPGO-INDEX; NOAA-ONI-INDEX,primary cohort proxy: return_year - 4; sensitivity lags 3 and 5 required,complete except imperviousness,blocked: RMIS authorization or FISH export required,A2
2011,A2,window_sensitivity,aug15_oct31,Chinook,adult_migration,2011-08-15,2011-10-31,2011,True,True,adult migration exposure_year = return_year,78,2,2,41.872,derived_from_observed_usgs_daily_mean_discharge,T2,t2_window_mean_proxy_c,13.11,T1,t1_window_mean_proxy_c,13.119,exploratory_only,exploratory_only,78,13.119,16.372,2011-08-26,16.064,2011-08-27,0,0,0,0,0,0,78,13.11,16.321,2011-08-26,16.021,2011-08-27,0,0,0,0,0,0,-0.008,modeled_proxy_primary_t2_mean_with_t1_sensitivity,"T2 window mean is primary; T1 window mean is sensitivity; all threshold counts and other nonmean thermal metrics are exploratory modeled proxies, not observed/regulatory metrics",2011,2820,134,2954,282,11,293,3247,186.684,41.689,21.2,32.6,-1.571,15.525,4,4,2007,138.875,23.138,40.5,14.825,-0.964,2008,2010,1.141,-0.325,,,derived_from_observed_events,derived_from_observed_measurements,not_available,not_available,WDFW Hatchery Adult Salmon Returns; Trap Estimate events,USGS-12121600-DV-00060; NRCS-SNOTEL-788-WTEQ; NOAA-PDO-ERSSTV5; KINGCOUNTY-ISSAQUAH-TEMP; NOAA-NPGO-INDEX; NOAA-ONI-INDEX,primary cohort proxy: return_year - 4; sensitivity lags 3 and 5 required,complete except imperviousness,blocked: RMIS authorization or FISH export required,A2
2012,A2,window_sensitivity,aug15_oct31,Chinook,adult_migration,2012-08-15,2012-10-31,2012,True,True,adult migration exposure_year = return_year,78,2,2,41.114,derived_from_observed_usgs_daily_mean_discharge,T2,t2_window_mean_proxy_c,13.091,T1,t1_window_mean_proxy_c,13.086,exploratory_only,exploratory_only,78,13.086,17.796,2012-08-17,16.806,2012-08-21,2,0,0,2,0,0,78,13.091,17.752,2012-08-16,16.763,2012-08-21,2,0,0,2,0,0,0.005,modeled_proxy_primary_t2_mean_with_t1_sensitivity,"T2 window mean is primary; T1 window mean is sensitivity; all threshold counts and other nonmean thermal metrics are exploratory modeled proxies, not observed/regulatory metrics",2012,4190,302,4492,23,2,25,4517,139.381,41.182,22.2,47.6,-1.414,14.05,4,4,2008,110.692,29.488,60.9,12.746,-1.044,2009,2011,0.907,-0.323,,,derived_from_observed_events,derived_from_observed_measurements,not_available,not_available,WDFW Hatchery Adult Salmon Returns; Trap Estimate events,USGS-12121600-DV-00060; NRCS-SNOTEL-788-WTEQ; NOAA-PDO-ERSSTV5; KINGCOUNTY-ISSAQUAH-TEMP; NOAA-NPGO-INDEX; NOAA-ONI-INDEX,primary cohort proxy: return_year - 4; sensitivity lags 3 and 5 required,complete except imperviousness,blocked: RMIS authorization or FISH export required,A2
2013,A2,window_sensitivity,aug15_oct31,Chinook,adult_migration,2013-08-15,2013-10-31,2013,True,True,adult migration exposure_year = return_year,78,2,2,61.314,derived_from_observed_usgs_daily_mean_discharge,T2,t2_window_mean_proxy_c,13.343,T1,t1_window_mean_proxy_c,13.385,exploratory_only,exploratory_only,78,13.385,16.96,2013-08-29,16.63,2013-09-03,0,0,0,0,0,0,78,13.343,16.881,2013-09-02,16.556,2013-09-04,0,0,0,0,0,0,-0.043,modeled_proxy_primary_t2_mean_with_t1_sensitivity,"T2 window mean is primary; T1 window mean is sensitivity; all threshold counts and other nonmean thermal metrics are exploratory modeled proxies, not observed/regulatory metrics",2013,2536,134,2670,37,0,37,2707,143.356,42.228,19.7,32.9,-0.926,15.7,4,4,2009,119.628,24.265,41.2,15.8,-1.243,2010,2012,1.168,-0.438,,,derived_from_observed_events,derived_from_observed_measurements,not_available,not_available,WDFW Hatchery Adult Salmon Returns; Trap Estimate events,USGS-12121600-DV-00060; NRCS-SNOTEL-788-WTEQ; NOAA-PDO-ERSSTV5; KINGCOUNTY-ISSAQUAH-TEMP; NOAA-NPGO-INDEX; NOAA-ONI-INDEX,primary cohort proxy: return_year - 4; sensitivity lags 3 and 5 required,complete except imperviousness,blocked: RMIS authorization or FISH export required,A2
2014,A2,window_sensitivity,aug15_oct31,Chinook,adult_migration,2014-08-15,2014-10-31,2014,True,True,adult migration exposure_year = return_year,78,2,2,59.568,derived_from_observed_usgs_daily_mean_discharge,T2,t2_window_mean_proxy_c,14.088,T1,t1_window_mean_proxy_c,14.136,exploratory_only,exploratory_only,78,14.136,16.788,2014-08-27,16.224,2014-08-21,0,0,0,0,0,0,78,14.088,16.794,2014-08-27,16.187,2014-08-21,0,0,0,0,0,0,-0.048,modeled_proxy_primary_t2_mean_with_t1_sensitivity,"T2 window mean is primary; T1 window mean is sensitivity; all threshold counts and other nonmean thermal metrics are exploratory modeled proxies, not observed/regulatory metrics",2014,1773,100,1873,21,1,22,1895,130.592,32.423,20,33.4,0.532,15,4,4,2010,128.858,49.372,21,14.12,-1.304,2011,2013,0.859,-0.357,,,derived_from_observed_events,derived_from_observed_measurements,not_available,not_available,WDFW Hatchery Adult Salmon Returns; Trap Estimate events,USGS-12121600-DV-00060; NRCS-SNOTEL-788-WTEQ; NOAA-PDO-ERSSTV5; KINGCOUNTY-ISSAQUAH-TEMP; NOAA-NPGO-INDEX; NOAA-ONI-INDEX,primary cohort proxy: return_year - 4; sensitivity lags 3 and 5 required,complete except imperviousness,blocked: RMIS authorization or FISH export required,A2
2015,A2,window_sensitivity,aug15_oct31,Chinook,adult_migration,2015-08-15,2015-10-31,2015,True,True,adult migration exposure_year = return_year,78,2,2,37.114,derived_from_observed_usgs_daily_mean_discharge,T2,t2_window_mean_proxy_c,13.39,T1,t1_window_mean_proxy_c,13.369,exploratory_only,exploratory_only,78,13.369,16.82,2015-08-19,16.057,2015-08-21,0,0,0,0,2,2.564,78,13.39,16.842,2015-08-19,16.065,2015-08-21,0,0,0,0,2,2.564,0.022,modeled_proxy_primary_t2_mean_with_t1_sensitivity,"T2 window mean is primary; T1 window mean is sensitivity; all threshold counts and other nonmean thermal metrics are exploratory modeled proxies, not observed/regulatory metrics",2015,3130,243,3373,56,6,62,3435,127.857,24.285,15.6,0.1,0.805,16.2,4,4,2011,186.684,41.689,32.6,15.525,-0.603,2012,2014,0.53,-0.031,,,derived_from_observed_events,derived_from_observed_measurements,not_available,not_available,WDFW Hatchery Adult Salmon Returns; Trap Estimate events,USGS-12121600-DV-00060; NRCS-SNOTEL-788-WTEQ; NOAA-PDO-ERSSTV5; KINGCOUNTY-ISSAQUAH-TEMP; NOAA-NPGO-INDEX; NOAA-ONI-INDEX,primary cohort proxy: return_year - 4; sensitivity lags 3 and 5 required,complete except imperviousness,blocked: RMIS authorization or FISH export required,A2
2016,A2,window_sensitivity,aug15_oct31,Chinook,adult_migration,2016-08-15,2016-10-31,2016,True,True,adult migration exposure_year = return_year,78,2,2,62.838,derived_from_observed_usgs_daily_mean_discharge,T2,t2_window_mean_proxy_c,13.343,T1,t1_window_mean_proxy_c,13.367,exploratory_only,exploratory_only,78,13.367,18.154,2016-08-19,16.982,2016-08-21,3,0,0,2,1,1.282,78,13.343,18.188,2016-08-19,16.96,2016-08-21,3,0,0,2,1,1.282,-0.024,modeled_proxy_primary_t2_mean_with_t1_sensitivity,"T2 window mean is primary; T1 window mean is sensitivity; all threshold counts and other nonmean thermal metrics are exploratory modeled proxies, not observed/regulatory metrics",2016,2442,154,2596,15,2,17,2613,150.761,29.455,19.3,36.6,0.632,13.65,4,4,2012,139.381,41.182,47.6,14.05,0.137,2013,2015,-0.405,0.506,,,derived_from_observed_events,derived_from_observed_measurements,not_available,not_available,WDFW Hatchery Adult Salmon Returns; Trap Estimate events,USGS-12121600-DV-00060; NRCS-SNOTEL-788-WTEQ; NOAA-PDO-ERSSTV5; KINGCOUNTY-ISSAQUAH-TEMP; NOAA-NPGO-INDEX; NOAA-ONI-INDEX,primary cohort proxy: return_year - 4; sensitivity lags 3 and 5 required,complete except imperviousness,blocked: RMIS authorization or FISH export required,A2
2017,A2,window_sensitivity,aug15_oct31,Chinook,adult_migration,2017-08-15,2017-10-31,2017,True,True,adult migration exposure_year = return_year,78,2,2,41.573,derived_from_observed_usgs_daily_mean_discharge,T2,t2_window_mean_proxy_c,13.445,T1,t1_window_mean_proxy_c,13.46,exploratory_only,exploratory_only,78,13.46,17.986,2017-09-05,17.334,2017-09-08,4,0,0,4,1,1.282,78,13.445,18.018,2017-09-05,17.351,2017-09-08,4,0,0,4,1,1.282,-0.014,modeled_proxy_primary_t2_mean_with_t1_sensitivity,"T2 window mean is primary; T1 window mean is sensitivity; all threshold counts and other nonmean thermal metrics are exploratory modeled proxies, not observed/regulatory metrics",2017,3185,136,3321,99,0,99,3420,173.679,28.927,19.5,37.9,-0.063,15.075,4,4,2013,143.356,42.228,32.9,15.7,0.656,2014,2016,-0.579,0.725,,,derived_from_observed_events,derived_from_observed_measurements,not_available,not_available,WDFW Hatchery Adult Salmon Returns; Trap Estimate events,USGS-12121600-DV-00060; NRCS-SNOTEL-788-WTEQ; NOAA-PDO-ERSSTV5; KINGCOUNTY-ISSAQUAH-TEMP; NOAA-NPGO-INDEX; NOAA-ONI-INDEX,primary cohort proxy: return_year - 4; sensitivity lags 3 and 5 required,complete except imperviousness,blocked: RMIS authorization or FISH export required,A2
2018,A2,window_sensitivity,aug15_oct31,Chinook,adult_migration,2018-08-15,2018-10-31,2018,True,True,adult migration exposure_year = return_year,78,2,2,34.2,derived_from_observed_usgs_daily_mean_discharge,T2,t2_window_mean_proxy_c,13.201,T1,t1_window_mean_proxy_c,13.167,exploratory_only,exploratory_only,78,13.167,17.288,2018-08-21,16.287,2018-08-24,0,0,0,0,1,1.282,78,13.201,17.322,2018-08-21,16.298,2018-08-24,0,0,0,0,1,1.282,0.034,modeled_proxy_primary_t2_mean_with_t1_sensitivity,"T2 window mean is primary; T1 window mean is sensitivity; all threshold counts and other nonmean thermal metrics are exploratory modeled proxies, not observed/regulatory metrics",2018,1739,47,1786,69,2,71,1857,145.845,23.237,15.5,33,-0.303,15.725,4,4,2014,130.592,32.423,33.4,15,0.458,2015,2017,-0.8,0.619,,,derived_from_observed_events,derived_from_observed_measurements,not_available,not_available,WDFW Hatchery Adult Salmon Returns; Trap Estimate events,USGS-12121600-DV-00060; NRCS-SNOTEL-788-WTEQ; NOAA-PDO-ERSSTV5; KINGCOUNTY-ISSAQUAH-TEMP; NOAA-NPGO-INDEX; NOAA-ONI-INDEX,primary cohort proxy: return_year - 4; sensitivity lags 3 and 5 required,complete except imperviousness,blocked: RMIS authorization or FISH export required,A2
2019,A2,window_sensitivity,aug15_oct31,Chinook,adult_migration,2019-08-15,2019-10-31,2019,True,True,adult migration exposure_year = return_year,78,2,2,67.604,derived_from_observed_usgs_daily_mean_discharge,T2,t2_window_mean_proxy_c,13.056,T1,t1_window_mean_proxy_c,13.111,exploratory_only,exploratory_only,78,13.111,17.204,2019-08-28,16.631,2019-09-03,0,0,0,0,0,0,78,13.056,17.238,2019-08-28,16.653,2019-09-03,0,0,0,0,0,0,-0.054,modeled_proxy_primary_t2_mean_with_t1_sensitivity,"T2 window mean is primary; T1 window mean is sensitivity; all threshold counts and other nonmean thermal metrics are exploratory modeled proxies, not observed/regulatory metrics",2019,2046,30,2076,106,1,107,2183,100.833,33.561,20.6,24,-0.04,15.55,4,4,2015,127.857,24.285,0.1,16.2,0.089,2016,2018,-0.994,0.134,,,derived_from_observed_events,derived_from_observed_measurements,not_available,not_available,WDFW Hatchery Adult Salmon Returns; Trap Estimate events,USGS-12121600-DV-00060; NRCS-SNOTEL-788-WTEQ; NOAA-PDO-ERSSTV5; KINGCOUNTY-ISSAQUAH-TEMP; NOAA-NPGO-INDEX; NOAA-ONI-INDEX,primary cohort proxy: return_year - 4; sensitivity lags 3 and 5 required,complete except imperviousness,blocked: RMIS authorization or FISH export required,A2
2020,A2,window_sensitivity,aug15_oct31,Chinook,adult_migration,2020-08-15,2020-10-31,2020,True,True,adult migration exposure_year = return_year,78,2,2,41.267,derived_from_observed_usgs_daily_mean_discharge,T2,t2_window_mean_proxy_c,13.756,T1,t1_window_mean_proxy_c,13.766,exploratory_only,exploratory_only,78,13.766,17.819,2020-08-17,17.057,2020-08-21,1,0,0,1,1,1.282,78,13.756,17.825,2020-08-17,17.05,2020-08-21,1,0,0,1,1,1.282,-0.009,modeled_proxy_primary_t2_mean_with_t1_sensitivity,"T2 window mean is primary; T1 window mean is sensitivity; all threshold counts and other nonmean thermal metrics are exploratory modeled proxies, not observed/regulatory metrics",2020,2269,34,2303,48,1,49,2352,150.459,30.199,20.3,33,-1.041,14.45,4,4,2016,150.761,29.455,36.6,13.65,-0.135,2017,2019,-1.701,0.185,,,derived_from_observed_events,derived_from_observed_measurements,not_available,not_available,WDFW Hatchery Adult Salmon Returns; Trap Estimate events,USGS-12121600-DV-00060; NRCS-SNOTEL-788-WTEQ; NOAA-PDO-ERSSTV5; KINGCOUNTY-ISSAQUAH-TEMP; NOAA-NPGO-INDEX; NOAA-ONI-INDEX,primary cohort proxy: return_year - 4; sensitivity lags 3 and 5 required,complete except imperviousness,blocked: RMIS authorization or FISH export required,A2
2021,A2,window_sensitivity,aug15_oct31,Chinook,adult_migration,2021-08-15,2021-10-31,2021,True,True,adult migration exposure_year = return_year,78,3,3,42.126,derived_from_observed_usgs_daily_mean_discharge,T2,t2_window_mean_proxy_c,12.718,T1,t1_window_mean_proxy_c,12.665,exploratory_only,exploratory_only,78,12.665,17.483,2021-08-15,15.775,2021-08-21,0,0,0,0,0,0,78,12.718,17.516,2021-08-15,15.795,2021-08-21,1,0,0,1,0,0,0.053,modeled_proxy_primary_t2_mean_with_t1_sensitivity,"T2 window mean is primary; T1 window mean is sensitivity; all threshold counts and other nonmean thermal metrics are exploratory modeled proxies, not observed/regulatory metrics",2021,3953,84,4037,274,4,278,4315,123.296,22.491,15.1,48.6,-1.585,15.425,4,4,2017,173.679,28.927,37.9,15.075,-0.461,2018,2020,-2.029,0.132,,,derived_from_observed_events,derived_from_observed_measurements,not_available,not_available,WDFW Hatchery Adult Salmon Returns; Trap Estimate events,USGS-12121600-DV-00060; NRCS-SNOTEL-788-WTEQ; NOAA-PDO-ERSSTV5; KINGCOUNTY-ISSAQUAH-TEMP; NOAA-NPGO-INDEX; NOAA-ONI-INDEX,primary cohort proxy: return_year - 4; sensitivity lags 3 and 5 required,complete except imperviousness,blocked: RMIS authorization or FISH export required,A2
2022,A2,window_sensitivity,aug15_oct31,Chinook,adult_migration,2022-08-15,2022-10-31,2022,True,True,adult migration exposure_year = return_year,78,2,2,27.823,derived_from_observed_usgs_daily_mean_discharge,T2,t2_window_mean_proxy_c,14.2,T1,t1_window_mean_proxy_c,14.185,exploratory_only,exploratory_only,78,14.185,18.078,2022-08-18,17.287,2022-08-23,2,0,0,2,3,3.846,78,14.2,18.08,2022-08-18,17.247,2022-08-23,2,0,0,2,3,3.846,0.014,modeled_proxy_primary_t2_mean_with_t1_sensitivity,"T2 window mean is primary; T1 window mean is sensitivity; all threshold counts and other nonmean thermal metrics are exploratory modeled proxies, not observed/regulatory metrics",2022,4667,148,4815,402,0,402,5217,164.83,31.679,21.4,28.6,-1.78,15.175,4,4,2018,145.845,23.237,33,15.725,-0.889,2019,2021,-1.678,-0.111,,,derived_from_observed_events,derived_from_observed_measurements,not_available,not_available,WDFW Hatchery Adult Salmon Returns; Trap Estimate events,USGS-12121600-DV-00060; NRCS-SNOTEL-788-WTEQ; NOAA-PDO-ERSSTV5; KINGCOUNTY-ISSAQUAH-TEMP; NOAA-NPGO-INDEX; NOAA-ONI-INDEX,primary cohort proxy: return_year - 4; sensitivity lags 3 and 5 required,complete except imperviousness,blocked: RMIS authorization or FISH export required,A2
2023,A2,window_sensitivity,aug15_oct31,Chinook,adult_migration,2023-08-15,2023-10-31,2023,True,True,adult migration exposure_year = return_year,78,3,3,31.851,derived_from_observed_usgs_daily_mean_discharge,T2,t2_window_mean_proxy_c,13.452,T1,t1_window_mean_proxy_c,13.42,exploratory_only,exploratory_only,78,13.42,19.104,2023-08-16,17.371,2023-08-21,3,1,0,3,2,2.564,78,13.452,19.165,2023-08-16,17.398,2023-08-21,3,1,0,3,2,2.564,0.032,modeled_proxy_primary_t2_mean_with_t1_sensitivity,"T2 window mean is primary; T1 window mean is sensitivity; all threshold counts and other nonmean thermal metrics are exploratory modeled proxies, not observed/regulatory metrics",2023,5737,103,5840,82,0,82,5922,86.576,21.64,14.8,32.9,-1.878,15.4,4,4,2019,100.833,33.561,24,15.55,-1.469,2020,2022,-1.339,-0.586,,,derived_from_observed_events,derived_from_observed_measurements,not_available,not_available,WDFW Hatchery Adult Salmon Returns; Trap Estimate events,USGS-12121600-DV-00060; NRCS-SNOTEL-788-WTEQ; NOAA-PDO-ERSSTV5; KINGCOUNTY-ISSAQUAH-TEMP; NOAA-NPGO-INDEX; NOAA-ONI-INDEX,primary cohort proxy: return_year - 4; sensitivity lags 3 and 5 required,complete except imperviousness,blocked: RMIS authorization or FISH export required,A2
2024,A2,window_sensitivity,aug15_oct31,Chinook,adult_migration,2024-08-15,2024-10-31,2024,True,True,adult migration exposure_year = return_year,78,2,2,34.669,derived_from_observed_usgs_daily_mean_discharge,T2,t2_window_mean_proxy_c,13.095,T1,t1_window_mean_proxy_c,13.064,exploratory_only,exploratory_only,78,13.064,16.729,2024-09-07,15.985,2024-09-07,0,0,0,0,1,1.282,78,13.095,16.783,2024-09-07,15.989,2024-09-07,0,0,0,0,1,1.282,0.031,modeled_proxy_primary_t2_mean_with_t1_sensitivity,"T2 window mean is primary; T1 window mean is sensitivity; all threshold counts and other nonmean thermal metrics are exploratory modeled proxies, not observed/regulatory metrics",2024,7841,191,8032,222,3,225,8257,108.595,25.907,16.7,22.8,-2.108,14.9,4,4,2020,150.459,30.199,33,14.45,-1.748,2021,2023,-1.285,-0.195,,,derived_from_observed_events,derived_from_observed_measurements,not_available,not_available,WDFW Hatchery Adult Salmon Returns; Trap Estimate events,USGS-12121600-DV-00060; NRCS-SNOTEL-788-WTEQ; NOAA-PDO-ERSSTV5; KINGCOUNTY-ISSAQUAH-TEMP; NOAA-NPGO-INDEX; NOAA-ONI-INDEX,primary cohort proxy: return_year - 4; sensitivity lags 3 and 5 required,complete except imperviousness,blocked: RMIS authorization or FISH export required,A2
2025,A2,window_sensitivity,aug15_oct31,Chinook,adult_migration,2025-08-15,2025-10-31,2025,True,True,adult migration exposure_year = return_year,78,2,2,25.173,derived_from_observed_usgs_daily_mean_discharge,T2,t2_window_mean_proxy_c,13.501,T1,t1_window_mean_proxy_c,13.434,exploratory_only,exploratory_only,78,13.434,17.586,2025-08-26,17.026,2025-08-29,1,0,0,1,1,1.282,78,13.501,17.615,2025-08-26,17.06,2025-08-29,1,0,0,1,1,1.282,0.066,modeled_proxy_primary_t2_mean_with_t1_sensitivity,"T2 window mean is primary; T1 window mean is sensitivity; all threshold counts and other nonmean thermal metrics are exploratory modeled proxies, not observed/regulatory metrics",2025,4562,154,4716,246,1,247,4963,97.036,20.541,17.4,23.8,-1.776,17.1,4,4,2021,123.296,22.491,48.6,15.425,-1.922,2022,2024,-1.626,0.162,,,derived_from_observed_events,derived_from_observed_measurements,not_available,not_available,WDFW Hatchery Adult Salmon Returns; Trap Estimate events,USGS-12121600-DV-00060; NRCS-SNOTEL-788-WTEQ; NOAA-PDO-ERSSTV5; KINGCOUNTY-ISSAQUAH-TEMP; NOAA-NPGO-INDEX; NOAA-ONI-INDEX,primary cohort proxy: return_year - 4; sensitivity lags 3 and 5 required,complete except imperviousness,blocked: RMIS authorization or FISH export required,A2
1997,A3,primary,sep15_oct31,Coho,adult_migration,1997-09-15,1997-10-31,1997,True,True,adult migration exposure_year = return_year,47,3,3,93.596,derived_from_observed_usgs_daily_mean_discharge,T2,t2_window_mean_proxy_c,11.335,T1,t1_window_mean_proxy_c,11.431,exploratory_only,exploratory_only,47,11.431,14.389,1997-09-25,13.851,1997-09-29,0,0,0,0,0,0,47,11.335,14.373,1997-09-25,13.789,1997-09-29,0,0,0,0,0,0,-0.096,modeled_proxy_primary_t2_mean_with_t1_sensitivity,"T2 window mean is primary; T1 window mean is sensitivity; all threshold counts and other nonmean thermal metrics are exploratory modeled proxies, not observed/regulatory metrics",1997,7961,0,7961,10,0,10,7971,194.427,67.685,29,80.4,1.34,14.725,4,2,1995,107.195,22.859,49.9,13.62,0.812,1996,1996,-0.973,-0.46,,,derived_from_observed_events,derived_from_observed_measurements,not_available,not_available,WDFW Hatchery Adult Salmon Returns; Trap Estimate events,USGS-12121600-DV-00060; NRCS-SNOTEL-788-WTEQ; NOAA-PDO-ERSSTV5; KINGCOUNTY-ISSAQUAH-TEMP; NOAA-NPGO-INDEX; NOAA-ONI-INDEX,primary cohort proxy: return_year - 2,complete except imperviousness,blocked: RMIS authorization or FISH export required,A3
1998,A3,primary,sep15_oct31,Coho,adult_migration,1998-09-15,1998-10-31,1998,True,True,adult migration exposure_year = return_year,47,4,4,31.213,derived_from_observed_usgs_daily_mean_discharge,T2,t2_window_mean_proxy_c,11.595,T1,t1_window_mean_proxy_c,11.525,exploratory_only,exploratory_only,47,11.525,14.431,1998-09-15,13.942,1998-09-21,0,0,0,0,0,0,47,11.595,14.453,1998-09-15,13.983,1998-09-21,0,0,0,0,0,0,0.07,modeled_proxy_primary_t2_mean_with_t1_sensitivity,"T2 window mean is primary; T1 window mean is sensitivity; all threshold counts and other nonmean thermal metrics are exploratory modeled proxies, not observed/regulatory metrics",1998,3384,0,3384,522,0,522,3906,103.932,28.207,19,38.8,-0.122,14.82,5,2,1996,170.814,29.87,34.8,13.7,1.34,1997,1997,-0.658,1.171,,,derived_from_observed_events,derived_from_observed_measurements,not_available,not_available,WDFW Hatchery Adult Salmon Returns; Trap Estimate events,USGS-12121600-DV-00060; NRCS-SNOTEL-788-WTEQ; NOAA-PDO-ERSSTV5; KINGCOUNTY-ISSAQUAH-TEMP; NOAA-NPGO-INDEX; NOAA-ONI-INDEX,primary cohort proxy: return_year - 2,complete except imperviousness,blocked: RMIS authorization or FISH export required,A3
1999,A3,primary,sep15_oct31,Coho,adult_migration,1999-09-15,1999-10-31,1999,True,True,adult migration exposure_year = return_year,47,1,1,31.66,derived_from_observed_usgs_daily_mean_discharge,T2,t2_window_mean_proxy_c,11.24,T1,t1_window_mean_proxy_c,11.16,exploratory_only,exploratory_only,47,11.16,14.534,1999-09-21,13.956,1999-09-23,0,0,0,0,0,0,47,11.24,14.59,1999-09-21,14.005,1999-09-23,0,0,0,0,0,0,0.08,modeled_proxy_primary_t2_mean_with_t1_sensitivity,"T2 window mean is primary; T1 window mean is sensitivity; all threshold counts and other nonmean thermal metrics are exploratory modeled proxies, not observed/regulatory metrics",1999,2963,0,2963,192,0,192,3155,162.129,43.478,21,63,-1.377,14.88,5,2,1997,194.427,67.685,80.4,14.725,-0.122,1998,1998,0.545,-0.058,,,derived_from_observed_events,derived_from_observed_measurements,not_available,not_available,WDFW Hatchery Adult Salmon Returns; Trap Estimate events,USGS-12121600-DV-00060; NRCS-SNOTEL-788-WTEQ; NOAA-PDO-ERSSTV5; KINGCOUNTY-ISSAQUAH-TEMP; NOAA-NPGO-INDEX; NOAA-ONI-INDEX,primary cohort proxy: return_year - 2,complete except imperviousness,blocked: RMIS authorization or FISH export required,A3
2000,A3,primary,sep15_oct31,Coho,adult_migration,2000-09-15,2000-10-31,2000,True,True,adult migration exposure_year = return_year,47,1,1,38.17,derived_from_observed_usgs_daily_mean_discharge,T2,t2_window_mean_proxy_c,11.598,T1,t1_window_mean_proxy_c,11.522,exploratory_only,exploratory_only,47,11.522,14.763,2000-09-15,14.244,2000-09-21,0,0,0,0,0,0,47,11.598,14.864,2000-09-15,14.346,2000-09-21,0,0,0,0,0,0,0.076,modeled_proxy_primary_t2_mean_with_t1_sensitivity,"T2 window mean is primary; T1 window mean is sensitivity; all threshold counts and other nonmean thermal metrics are exploratory modeled proxies, not observed/regulatory metrics",2000,27225,0,27225,65,0,65,27290,129.087,27.424,19,50.5,-0.782,13.42,5,2,1998,103.932,28.207,38.8,14.82,-1.377,1999,1999,1.516,-1.225,,,derived_from_observed_events,derived_from_observed_measurements,not_available,not_available,WDFW Hatchery Adult Salmon Returns; Trap Estimate events,USGS-12121600-DV-00060; NRCS-SNOTEL-788-WTEQ; NOAA-PDO-ERSSTV5; KINGCOUNTY-ISSAQUAH-TEMP; NOAA-NPGO-INDEX; NOAA-ONI-INDEX,primary cohort proxy: return_year - 2,complete except imperviousness,blocked: RMIS authorization or FISH export required,A3
2001,A3,primary,sep15_oct31,Coho,adult_migration,2001-09-15,2001-10-31,2001,True,True,adult migration exposure_year = return_year,47,1,1,49.383,derived_from_observed_usgs_daily_mean_discharge,T2,t2_window_mean_proxy_c,11.006,T1,t1_window_mean_proxy_c,10.956,exploratory_only,exploratory_only,47,10.956,13.928,2001-09-15,12.899,2001-09-25,0,0,0,0,0,0,47,11.006,13.969,2001-09-15,13.006,2001-09-25,0,0,0,0,0,0,0.049,modeled_proxy_primary_t2_mean_with_t1_sensitivity,"T2 window mean is primary; T1 window mean is sensitivity; all threshold counts and other nonmean thermal metrics are exploratory modeled proxies, not observed/regulatory metrics",2001,35259,0,35259,530,0,530,35789,72.562,30.891,19,27.7,-0.742,14.32,5,2,1999,162.129,43.478,63,14.88,-0.782,2000,2000,1.886,-0.836,,,derived_from_observed_events,derived_from_observed_measurements,not_available,not_available,WDFW Hatchery Adult Salmon Returns; Trap Estimate events,USGS-12121600-DV-00060; NRCS-SNOTEL-788-WTEQ; NOAA-PDO-ERSSTV5; KINGCOUNTY-ISSAQUAH-TEMP; NOAA-NPGO-INDEX; NOAA-ONI-INDEX,primary cohort proxy: return_year - 2,complete except imperviousness,blocked: RMIS authorization or FISH export required,A3
2002,A3,primary,sep15_oct31,Coho,adult_migration,2002-09-15,2002-10-31,2002,True,True,adult migration exposure_year = return_year,47,1,1,20.255,derived_from_observed_usgs_daily_mean_discharge,T2,t2_window_mean_proxy_c,11.205,T1,t1_window_mean_proxy_c,11.05,exploratory_only,exploratory_only,47,11.05,14.364,2002-09-15,13.129,2002-09-21,0,0,0,0,1,2.128,47,11.205,14.499,2002-09-15,13.195,2002-09-21,0,0,0,0,1,2.128,0.155,modeled_proxy_primary_t2_mean_with_t1_sensitivity,"T2 window mean is primary; T1 window mean is sensitivity; all threshold counts and other nonmean thermal metrics are exploratory modeled proxies, not observed/regulatory metrics",2002,1284,0,1284,199,0,199,1483,155.762,26.598,17,59.3,-0.135,13.575,4,2,2000,129.087,27.424,50.5,13.42,-0.742,2001,2001,2.081,-0.308,,,derived_from_observed_events,derived_from_observed_measurements,not_available,not_available,WDFW Hatchery Adult Salmon Returns; Trap Estimate events,USGS-12121600-DV-00060; NRCS-SNOTEL-788-WTEQ; NOAA-PDO-ERSSTV5; KINGCOUNTY-ISSAQUAH-TEMP; NOAA-NPGO-INDEX; NOAA-ONI-INDEX,primary cohort proxy: return_year - 2,complete except imperviousness,blocked: RMIS authorization or FISH export required,A3
2003,A3,primary,sep15_oct31,Coho,adult_migration,2003-09-15,2003-10-31,2003,True,True,adult migration exposure_year = return_year,47,1,1,67.447,derived_from_observed_usgs_daily_mean_discharge,T2,t2_window_mean_proxy_c,12.035,T1,t1_window_mean_proxy_c,11.959,exploratory_only,exploratory_only,47,11.959,14.781,2003-09-28,14.023,2003-09-30,0,0,0,0,12,25.532,47,12.035,14.963,2003-09-28,14.212,2003-09-30,0,0,0,0,0,0,0.076,modeled_proxy_primary_t2_mean_with_t1_sensitivity,"T2 window mean is primary; T1 window mean is sensitivity; all threshold counts and other nonmean thermal metrics are exploratory modeled proxies, not observed/regulatory metrics",2003,5593,0,5593,50,0,50,5643,84.852,17.25,11,31.6,0.527,14.6,4,2,2001,72.562,30.891,27.7,14.32,-0.135,2002,2002,1.474,0.631,,,derived_from_observed_events,derived_from_observed_measurements,not_available,not_available,WDFW Hatchery Adult Salmon Returns; Trap Estimate events,USGS-12121600-DV-00060; NRCS-SNOTEL-788-WTEQ; NOAA-PDO-ERSSTV5; KINGCOUNTY-ISSAQUAH-TEMP; NOAA-NPGO-INDEX; NOAA-ONI-INDEX,primary cohort proxy: return_year - 2,complete except imperviousness,blocked: RMIS authorization or FISH export required,A3
2004,A3,primary,sep15_oct31,Coho,adult_migration,2004-09-15,2004-10-31,2004,True,True,adult migration exposure_year = return_year,47,1,1,66.464,derived_from_observed_usgs_daily_mean_discharge,T2,t2_window_mean_proxy_c,11.355,T1,t1_window_mean_proxy_c,11.384,exploratory_only,exploratory_only,47,11.384,13.17,2004-09-15,12.404,2004-10-01,0,0,0,0,0,0,47,11.355,13.099,2004-09-15,12.416,2004-10-01,0,0,0,0,0,0,-0.03,modeled_proxy_primary_t2_mean_with_t1_sensitivity,"T2 window mean is primary; T1 window mean is sensitivity; all threshold counts and other nonmean thermal metrics are exploratory modeled proxies, not observed/regulatory metrics",2004,20617,0,20617,825,0,825,21442,110.18,35.391,11,38,-0.111,14.8,4,2,2002,155.762,26.598,59.3,13.575,0.527,2003,2003,0.959,0.251,,,derived_from_observed_events,derived_from_observed_measurements,not_available,not_available,WDFW Hatchery Adult Salmon Returns; Trap Estimate events,USGS-12121600-DV-00060; NRCS-SNOTEL-788-WTEQ; NOAA-PDO-ERSSTV5; KINGCOUNTY-ISSAQUAH-TEMP; NOAA-NPGO-INDEX; NOAA-ONI-INDEX,primary cohort proxy: return_year - 2,complete except imperviousness,blocked: RMIS authorization or FISH export required,A3
2005,A3,primary,sep15_oct31,Coho,adult_migration,2005-09-15,2005-10-31,2005,True,True,adult migration exposure_year = return_year,47,2,2,32.491,derived_from_observed_usgs_daily_mean_discharge,T2,t2_window_mean_proxy_c,11.503,T1,t1_window_mean_proxy_c,11.408,exploratory_only,exploratory_only,47,11.408,13.124,2005-09-15,12.671,2005-09-21,0,0,0,0,1,2.128,47,11.503,13.195,2005-09-15,12.72,2005-09-21,0,0,0,0,1,2.128,0.095,modeled_proxy_primary_t2_mean_with_t1_sensitivity,"T2 window mean is primary; T1 window mean is sensitivity; all threshold counts and other nonmean thermal metrics are exploratory modeled proxies, not observed/regulatory metrics",2005,8704,0,8704,653,0,653,9357,90.345,27.423,16.9,9.1,-0.091,13.575,4,2,2003,84.852,17.25,31.6,14.6,-0.111,2004,2004,0.209,0.447,,,derived_from_observed_events,derived_from_observed_measurements,not_available,not_available,WDFW Hatchery Adult Salmon Returns; Trap Estimate events,USGS-12121600-DV-00060; NRCS-SNOTEL-788-WTEQ; NOAA-PDO-ERSSTV5; KINGCOUNTY-ISSAQUAH-TEMP; NOAA-NPGO-INDEX; NOAA-ONI-INDEX,primary cohort proxy: return_year - 2,complete except imperviousness,blocked: RMIS authorization or FISH export required,A3
2006,A3,primary,sep15_oct31,Coho,adult_migration,2006-09-15,2006-10-31,2006,True,True,adult migration exposure_year = return_year,47,2,2,35.462,derived_from_observed_usgs_daily_mean_discharge,T2,t2_window_mean_proxy_c,11.449,T1,t1_window_mean_proxy_c,11.393,exploratory_only,exploratory_only,47,11.393,14.401,2006-09-28,13.715,2006-10-01,0,0,0,0,0,0,47,11.449,14.468,2006-09-28,13.769,2006-10-01,0,0,0,0,0,0,0.055,modeled_proxy_primary_t2_mean_with_t1_sensitivity,"T2 window mean is primary; T1 window mean is sensitivity; all threshold counts and other nonmean thermal metrics are exploratory modeled proxies, not observed/regulatory metrics",2006,8698,0,8698,47,0,47,8745,130.881,28.035,17.6,48.7,-0.153,14.183,6,2,2004,110.18,35.391,38,14.8,-0.091,2005,2005,-1.469,0.041,,,derived_from_observed_events,derived_from_observed_measurements,not_available,not_available,WDFW Hatchery Adult Salmon Returns; Trap Estimate events,USGS-12121600-DV-00060; NRCS-SNOTEL-788-WTEQ; NOAA-PDO-ERSSTV5; KINGCOUNTY-ISSAQUAH-TEMP; NOAA-NPGO-INDEX; NOAA-ONI-INDEX,primary cohort proxy: return_year - 2,complete except imperviousness,blocked: RMIS authorization or FISH export required,A3
2007,A3,primary,sep15_oct31,Coho,adult_migration,2007-09-15,2007-10-31,2007,True,True,adult migration exposure_year = return_year,47,1,1,51.849,derived_from_observed_usgs_daily_mean_discharge,T2,t2_window_mean_proxy_c,10.678,T1,t1_window_mean_proxy_c,10.661,exploratory_only,exploratory_only,47,10.661,13.894,2007-09-15,12.77,2007-09-21,0,0,0,0,1,2.128,47,10.678,13.989,2007-09-15,12.825,2007-09-21,0,0,0,0,1,2.128,0.016,modeled_proxy_primary_t2_mean_with_t1_sensitivity,"T2 window mean is primary; T1 window mean is sensitivity; all threshold counts and other nonmean thermal metrics are exploratory modeled proxies, not observed/regulatory metrics",2007,3272,0,3272,203,0,203,3475,138.875,23.138,13.7,40.5,-0.464,14.825,4,2,2005,90.345,27.423,9.1,13.575,-0.153,2006,2006,-0.55,0.072,,,derived_from_observed_events,derived_from_observed_measurements,not_available,not_available,WDFW Hatchery Adult Salmon Returns; Trap Estimate events,USGS-12121600-DV-00060; NRCS-SNOTEL-788-WTEQ; NOAA-PDO-ERSSTV5; KINGCOUNTY-ISSAQUAH-TEMP; NOAA-NPGO-INDEX; NOAA-ONI-INDEX,primary cohort proxy: return_year - 2,complete except imperviousness,blocked: RMIS authorization or FISH export required,A3
2008,A3,primary,sep15_oct31,Coho,adult_migration,2008-09-15,2008-10-31,2008,True,True,adult migration exposure_year = return_year,47,2,2,31.326,derived_from_observed_usgs_daily_mean_discharge,T2,t2_window_mean_proxy_c,11.207,T1,t1_window_mean_proxy_c,11.118,exploratory_only,exploratory_only,47,11.118,14.352,2008-09-16,13.663,2008-09-21,0,0,0,0,0,0,47,11.207,14.416,2008-09-17,13.743,2008-09-21,0,0,0,0,0,0,0.09,modeled_proxy_primary_t2_mean_with_t1_sensitivity,"T2 window mean is primary; T1 window mean is sensitivity; all threshold counts and other nonmean thermal metrics are exploratory modeled proxies, not observed/regulatory metrics",2008,4175,0,4175,121,0,121,4296,110.692,29.488,19.6,60.9,-1.331,12.746,9,2,2006,130.881,28.035,48.7,14.183,-0.464,2007,2007,0.579,-0.608,,,derived_from_observed_events,derived_from_observed_measurements,not_available,not_available,WDFW Hatchery Adult Salmon Returns; Trap Estimate events,USGS-12121600-DV-00060; NRCS-SNOTEL-788-WTEQ; NOAA-PDO-ERSSTV5; KINGCOUNTY-ISSAQUAH-TEMP; NOAA-NPGO-INDEX; NOAA-ONI-INDEX,primary cohort proxy: return_year - 2,complete except imperviousness,blocked: RMIS authorization or FISH export required,A3
2009,A3,primary,sep15_oct31,Coho,adult_migration,2009-09-15,2009-10-31,2009,True,True,adult migration exposure_year = return_year,47,1,1,51.198,derived_from_observed_usgs_daily_mean_discharge,T2,t2_window_mean_proxy_c,11.564,T1,t1_window_mean_proxy_c,11.53,exploratory_only,exploratory_only,47,11.53,15.207,2009-09-15,14.46,2009-09-21,0,0,0,0,0,0,47,11.564,15.271,2009-09-15,14.502,2009-09-21,0,0,0,0,0,0,0.033,modeled_proxy_primary_t2_mean_with_t1_sensitivity,"T2 window mean is primary; T1 window mean is sensitivity; all threshold counts and other nonmean thermal metrics are exploratory modeled proxies, not observed/regulatory metrics",2009,13812,0,13812,55,0,55,13867,119.628,24.265,18,41.2,-0.817,15.8,5,2,2007,138.875,23.138,40.5,14.825,-1.331,2008,2008,1.493,-0.782,,,derived_from_observed_events,derived_from_observed_measurements,not_available,not_available,WDFW Hatchery Adult Salmon Returns; Trap Estimate events,USGS-12121600-DV-00060; NRCS-SNOTEL-788-WTEQ; NOAA-PDO-ERSSTV5; KINGCOUNTY-ISSAQUAH-TEMP; NOAA-NPGO-INDEX; NOAA-ONI-INDEX,primary cohort proxy: return_year - 2,complete except imperviousness,blocked: RMIS authorization or FISH export required,A3
2010,A3,primary,sep15_oct31,Coho,adult_migration,2010-09-15,2010-10-31,2010,True,True,adult migration exposure_year = return_year,47,1,1,68.313,derived_from_observed_usgs_daily_mean_discharge,T2,t2_window_mean_proxy_c,11.761,T1,t1_window_mean_proxy_c,11.79,exploratory_only,exploratory_only,47,11.79,14.365,2010-09-18,13.823,2010-09-21,0,0,0,0,0,0,47,11.761,14.375,2010-09-27,13.77,2010-09-21,0,0,0,0,0,0,-0.029,modeled_proxy_primary_t2_mean_with_t1_sensitivity,"T2 window mean is primary; T1 window mean is sensitivity; all threshold counts and other nonmean thermal metrics are exploratory modeled proxies, not observed/regulatory metrics",2010,346,14,360,203,5,208,568,128.858,49.372,25.9,21,-0.743,14.12,5,2,2008,110.692,29.488,60.9,12.746,-0.817,2009,2009,0.641,0.282,,,derived_from_observed_events,derived_from_observed_measurements,not_available,not_available,WDFW Hatchery Adult Salmon Returns; Trap Estimate events,USGS-12121600-DV-00060; NRCS-SNOTEL-788-WTEQ; NOAA-PDO-ERSSTV5; KINGCOUNTY-ISSAQUAH-TEMP; NOAA-NPGO-INDEX; NOAA-ONI-INDEX,primary cohort proxy: return_year - 2,complete except imperviousness,blocked: RMIS authorization or FISH export required,A3
2011,A3,primary,sep15_oct31,Coho,adult_migration,2011-09-15,2011-10-31,2011,True,True,adult migration exposure_year = return_year,47,1,1,51.902,derived_from_observed_usgs_daily_mean_discharge,T2,t2_window_mean_proxy_c,11.716,T1,t1_window_mean_proxy_c,11.715,exploratory_only,exploratory_only,47,11.715,15.707,2011-09-23,14.666,2011-09-27,0,0,0,0,0,0,47,11.716,15.762,2011-09-23,14.683,2011-09-27,0,0,0,0,0,0,0.001,modeled_proxy_primary_t2_mean_with_t1_sensitivity,"T2 window mean is primary; T1 window mean is sensitivity; all threshold counts and other nonmean thermal metrics are exploratory modeled proxies, not observed/regulatory metrics",2011,4606,157,4763,187,4,191,4954,186.684,41.689,21.2,32.6,-1.571,15.525,4,2,2009,119.628,24.265,41.2,15.8,-0.743,2010,2010,1.29,-0.475,,,derived_from_observed_events,derived_from_observed_measurements,not_available,not_available,WDFW Hatchery Adult Salmon Returns; Trap Estimate events,USGS-12121600-DV-00060; NRCS-SNOTEL-788-WTEQ; NOAA-PDO-ERSSTV5; KINGCOUNTY-ISSAQUAH-TEMP; NOAA-NPGO-INDEX; NOAA-ONI-INDEX,primary cohort proxy: return_year - 2,complete except imperviousness,blocked: RMIS authorization or FISH export required,A3
2012,A3,primary,sep15_oct31,Coho,adult_migration,2012-09-15,2012-10-31,2012,True,True,adult migration exposure_year = return_year,47,1,1,51.402,derived_from_observed_usgs_daily_mean_discharge,T2,t2_window_mean_proxy_c,11.831,T1,t1_window_mean_proxy_c,11.804,exploratory_only,exploratory_only,47,11.804,14.487,2012-09-19,13.997,2012-09-21,0,0,0,0,0,0,47,11.831,14.506,2012-09-19,14.005,2012-09-21,0,0,0,0,0,0,0.027,modeled_proxy_primary_t2_mean_with_t1_sensitivity,"T2 window mean is primary; T1 window mean is sensitivity; all threshold counts and other nonmean thermal metrics are exploratory modeled proxies, not observed/regulatory metrics",2012,10202,263,10465,150,11,161,10626,139.381,41.182,22.2,47.6,-1.414,14.05,4,2,2010,128.858,49.372,21,14.12,-1.571,2011,2011,0.79,-0.775,,,derived_from_observed_events,derived_from_observed_measurements,not_available,not_available,WDFW Hatchery Adult Salmon Returns; Trap Estimate events,USGS-12121600-DV-00060; NRCS-SNOTEL-788-WTEQ; NOAA-PDO-ERSSTV5; KINGCOUNTY-ISSAQUAH-TEMP; NOAA-NPGO-INDEX; NOAA-ONI-INDEX,primary cohort proxy: return_year - 2,complete except imperviousness,blocked: RMIS authorization or FISH export required,A3
2013,A3,primary,sep15_oct31,Coho,adult_migration,2013-09-15,2013-10-31,2013,True,True,adult migration exposure_year = return_year,47,1,1,79.645,derived_from_observed_usgs_daily_mean_discharge,T2,t2_window_mean_proxy_c,11.377,T1,t1_window_mean_proxy_c,11.427,exploratory_only,exploratory_only,47,11.427,15.18,2013-09-16,14.59,2013-09-21,0,0,0,0,0,0,47,11.377,15.158,2013-09-16,14.565,2013-09-21,0,0,0,0,0,0,-0.05,modeled_proxy_primary_t2_mean_with_t1_sensitivity,"T2 window mean is primary; T1 window mean is sensitivity; all threshold counts and other nonmean thermal metrics are exploratory modeled proxies, not observed/regulatory metrics",2013,10267,70,10337,276,1,277,10614,143.356,42.228,19.7,32.9,-0.926,15.7,4,2,2011,186.684,41.689,32.6,15.525,-1.414,2012,2012,1.423,-0.063,,,derived_from_observed_events,derived_from_observed_measurements,not_available,not_available,WDFW Hatchery Adult Salmon Returns; Trap Estimate events,USGS-12121600-DV-00060; NRCS-SNOTEL-788-WTEQ; NOAA-PDO-ERSSTV5; KINGCOUNTY-ISSAQUAH-TEMP; NOAA-NPGO-INDEX; NOAA-ONI-INDEX,primary cohort proxy: return_year - 2,complete except imperviousness,blocked: RMIS authorization or FISH export required,A3
2014,A3,primary,sep15_oct31,Coho,adult_migration,2014-09-15,2014-10-31,2014,True,True,adult migration exposure_year = return_year,47,2,2,79.885,derived_from_observed_usgs_daily_mean_discharge,T2,t2_window_mean_proxy_c,13.169,T1,t1_window_mean_proxy_c,13.219,exploratory_only,exploratory_only,47,13.219,15.268,2014-09-16,15.134,2014-09-21,0,0,0,0,0,0,47,13.169,15.344,2014-09-19,15.179,2014-09-21,0,0,0,0,0,0,-0.05,modeled_proxy_primary_t2_mean_with_t1_sensitivity,"T2 window mean is primary; T1 window mean is sensitivity; all threshold counts and other nonmean thermal metrics are exploratory modeled proxies, not observed/regulatory metrics",2014,14799,115,14914,62,15,77,14991,130.592,32.423,20,33.4,0.532,15,4,2,2012,139.381,41.182,47.6,14.05,-0.926,2013,2013,0.363,-0.234,,,derived_from_observed_events,derived_from_observed_measurements,not_available,not_available,WDFW Hatchery Adult Salmon Returns; Trap Estimate events,USGS-12121600-DV-00060; NRCS-SNOTEL-788-WTEQ; NOAA-PDO-ERSSTV5; KINGCOUNTY-ISSAQUAH-TEMP; NOAA-NPGO-INDEX; NOAA-ONI-INDEX,primary cohort proxy: return_year - 2,complete except imperviousness,blocked: RMIS authorization or FISH export required,A3
2015,A3,primary,sep15_oct31,Coho,adult_migration,2015-09-15,2015-10-31,2015,True,True,adult migration exposure_year = return_year,47,2,2,43.638,derived_from_observed_usgs_daily_mean_discharge,T2,t2_window_mean_proxy_c,12.317,T1,t1_window_mean_proxy_c,12.27,exploratory_only,exploratory_only,47,12.27,13.816,2015-09-19,13.358,2015-09-21,0,0,0,0,2,4.255,47,12.317,13.904,2015-09-19,13.388,2015-09-21,0,0,0,0,2,4.255,0.047,modeled_proxy_primary_t2_mean_with_t1_sensitivity,"T2 window mean is primary; T1 window mean is sensitivity; all threshold counts and other nonmean thermal metrics are exploratory modeled proxies, not observed/regulatory metrics",2015,1883,110,1993,16,16,32,2025,127.857,24.285,15.6,0.1,0.805,16.2,4,2,2013,143.356,42.228,32.9,15.7,0.532,2014,2014,-0.196,0.205,,,derived_from_observed_events,derived_from_observed_measurements,not_available,not_available,WDFW Hatchery Adult Salmon Returns; Trap Estimate events,USGS-12121600-DV-00060; NRCS-SNOTEL-788-WTEQ; NOAA-PDO-ERSSTV5; KINGCOUNTY-ISSAQUAH-TEMP; NOAA-NPGO-INDEX; NOAA-ONI-INDEX,primary cohort proxy: return_year - 2,complete except imperviousness,blocked: RMIS authorization or FISH export required,A3
2016,A3,primary,sep15_oct31,Coho,adult_migration,2016-09-15,2016-10-31,2016,True,True,adult migration exposure_year = return_year,47,1,1,89.517,derived_from_observed_usgs_daily_mean_discharge,T2,t2_window_mean_proxy_c,12.035,T1,t1_window_mean_proxy_c,12.071,exploratory_only,exploratory_only,47,12.071,14.178,2016-09-17,13.676,2016-09-21,0,0,0,0,0,0,47,12.035,14.233,2016-09-17,13.69,2016-09-21,0,0,0,0,0,0,-0.036,modeled_proxy_primary_t2_mean_with_t1_sensitivity,"T2 window mean is primary; T1 window mean is sensitivity; all threshold counts and other nonmean thermal metrics are exploratory modeled proxies, not observed/regulatory metrics",2016,3905,19,3924,124,0,124,4048,150.761,29.455,19.3,36.6,0.632,13.65,4,2,2014,130.592,32.423,33.4,15,0.805,2015,2015,-1.381,1.548,,,derived_from_observed_events,derived_from_observed_measurements,not_available,not_available,WDFW Hatchery Adult Salmon Returns; Trap Estimate events,USGS-12121600-DV-00060; NRCS-SNOTEL-788-WTEQ; NOAA-PDO-ERSSTV5; KINGCOUNTY-ISSAQUAH-TEMP; NOAA-NPGO-INDEX; NOAA-ONI-INDEX,primary cohort proxy: return_year - 2,complete except imperviousness,blocked: RMIS authorization or FISH export required,A3
2017,A3,primary,sep15_oct31,Coho,adult_migration,2017-09-15,2017-10-31,2017,True,True,adult migration exposure_year = return_year,47,1,1,53.906,derived_from_observed_usgs_daily_mean_discharge,T2,t2_window_mean_proxy_c,11.695,T1,t1_window_mean_proxy_c,11.708,exploratory_only,exploratory_only,47,11.708,14.716,2017-09-28,13.841,2017-09-30,0,0,0,0,1,2.128,47,11.695,14.714,2017-09-28,13.861,2017-09-30,0,0,0,0,1,2.128,-0.013,modeled_proxy_primary_t2_mean_with_t1_sensitivity,"T2 window mean is primary; T1 window mean is sensitivity; all threshold counts and other nonmean thermal metrics are exploratory modeled proxies, not observed/regulatory metrics",2017,3465,95,3560,89,2,91,3651,173.679,28.927,19.5,37.9,-0.063,15.075,4,2,2015,127.857,24.285,0.1,16.2,0.632,2016,2016,-0.16,0.423,,,derived_from_observed_events,derived_from_observed_measurements,not_available,not_available,WDFW Hatchery Adult Salmon Returns; Trap Estimate events,USGS-12121600-DV-00060; NRCS-SNOTEL-788-WTEQ; NOAA-PDO-ERSSTV5; KINGCOUNTY-ISSAQUAH-TEMP; NOAA-NPGO-INDEX; NOAA-ONI-INDEX,primary cohort proxy: return_year - 2,complete except imperviousness,blocked: RMIS authorization or FISH export required,A3
2018,A3,primary,sep15_oct31,Coho,adult_migration,2018-09-15,2018-10-31,2018,True,True,adult migration exposure_year = return_year,47,1,1,43.732,derived_from_observed_usgs_daily_mean_discharge,T2,t2_window_mean_proxy_c,11.757,T1,t1_window_mean_proxy_c,11.717,exploratory_only,exploratory_only,47,11.717,14.034,2018-09-28,13.344,2018-10-01,0,0,0,0,0,0,47,11.757,14.117,2018-09-28,13.42,2018-10-01,0,0,0,0,0,0,0.04,modeled_proxy_primary_t2_mean_with_t1_sensitivity,"T2 window mean is primary; T1 window mean is sensitivity; all threshold counts and other nonmean thermal metrics are exploratory modeled proxies, not observed/regulatory metrics",2018,4005,33,4038,196,2,198,4236,145.845,23.237,15.5,33,-0.303,15.725,4,2,2016,150.761,29.455,36.6,13.65,-0.063,2017,2017,-0.859,-0.115,,,derived_from_observed_events,derived_from_observed_measurements,not_available,not_available,WDFW Hatchery Adult Salmon Returns; Trap Estimate events,USGS-12121600-DV-00060; NRCS-SNOTEL-788-WTEQ; NOAA-PDO-ERSSTV5; KINGCOUNTY-ISSAQUAH-TEMP; NOAA-NPGO-INDEX; NOAA-ONI-INDEX,primary cohort proxy: return_year - 2,complete except imperviousness,blocked: RMIS authorization or FISH export required,A3
2019,A3,primary,sep15_oct31,Coho,adult_migration,2019-09-15,2019-10-31,2019,True,True,adult migration exposure_year = return_year,47,1,1,95.255,derived_from_observed_usgs_daily_mean_discharge,T2,t2_window_mean_proxy_c,11.193,T1,t1_window_mean_proxy_c,11.281,exploratory_only,exploratory_only,47,11.281,14.36,2019-09-15,14.076,2019-09-26,0,0,0,0,0,0,47,11.193,14.287,2019-09-15,14.025,2019-09-26,0,0,0,0,0,0,-0.089,modeled_proxy_primary_t2_mean_with_t1_sensitivity,"T2 window mean is primary; T1 window mean is sensitivity; all threshold counts and other nonmean thermal metrics are exploratory modeled proxies, not observed/regulatory metrics",2019,6254,104,6358,145,3,148,6506,100.833,33.561,20.6,24,-0.04,15.55,4,2,2017,173.679,28.927,37.9,15.075,-0.303,2018,2018,-1.964,0.094,,,derived_from_observed_events,derived_from_observed_measurements,not_available,not_available,WDFW Hatchery Adult Salmon Returns; Trap Estimate events,USGS-12121600-DV-00060; NRCS-SNOTEL-788-WTEQ; NOAA-PDO-ERSSTV5; KINGCOUNTY-ISSAQUAH-TEMP; NOAA-NPGO-INDEX; NOAA-ONI-INDEX,primary cohort proxy: return_year - 2,complete except imperviousness,blocked: RMIS authorization or FISH export required,A3
2020,A3,primary,sep15_oct31,Coho,adult_migration,2020-09-15,2020-10-31,2020,True,True,adult migration exposure_year = return_year,47,2,2,53.691,derived_from_observed_usgs_daily_mean_discharge,T2,t2_window_mean_proxy_c,12.405,T1,t1_window_mean_proxy_c,12.414,exploratory_only,exploratory_only,47,12.414,14.942,2020-09-17,14.745,2020-09-21,0,0,0,0,0,0,47,12.405,15.003,2020-09-17,14.801,2020-09-21,0,0,0,0,0,0,-0.009,modeled_proxy_primary_t2_mean_with_t1_sensitivity,"T2 window mean is primary; T1 window mean is sensitivity; all threshold counts and other nonmean thermal metrics are exploratory modeled proxies, not observed/regulatory metrics",2020,4085,74,4159,329,10,339,4498,150.459,30.199,20.3,33,-1.041,14.45,4,2,2018,145.845,23.237,33,15.725,-0.04,2019,2019,-2.279,0.575,,,derived_from_observed_events,derived_from_observed_measurements,not_available,not_available,WDFW Hatchery Adult Salmon Returns; Trap Estimate events,USGS-12121600-DV-00060; NRCS-SNOTEL-788-WTEQ; NOAA-PDO-ERSSTV5; KINGCOUNTY-ISSAQUAH-TEMP; NOAA-NPGO-INDEX; NOAA-ONI-INDEX,primary cohort proxy: return_year - 2,complete except imperviousness,blocked: RMIS authorization or FISH export required,A3
2021,A3,primary,sep15_oct31,Coho,adult_migration,2021-09-15,2021-10-31,2021,True,True,adult migration exposure_year = return_year,47,1,1,58.609,derived_from_observed_usgs_daily_mean_discharge,T2,t2_window_mean_proxy_c,11.305,T1,t1_window_mean_proxy_c,11.246,exploratory_only,exploratory_only,47,11.246,13.678,2021-09-25,13.263,2021-09-26,0,0,0,0,0,0,47,11.305,13.778,2021-09-25,13.345,2021-09-26,0,0,0,0,0,0,0.058,modeled_proxy_primary_t2_mean_with_t1_sensitivity,"T2 window mean is primary; T1 window mean is sensitivity; all threshold counts and other nonmean thermal metrics are exploratory modeled proxies, not observed/regulatory metrics",2021,8799,490,9289,224,1,225,9514,123.296,22.491,15.1,48.6,-1.585,15.425,4,2,2019,100.833,33.561,24,15.55,-1.041,2020,2020,-1.843,-0.272,,,derived_from_observed_events,derived_from_observed_measurements,not_available,not_available,WDFW Hatchery Adult Salmon Returns; Trap Estimate events,USGS-12121600-DV-00060; NRCS-SNOTEL-788-WTEQ; NOAA-PDO-ERSSTV5; KINGCOUNTY-ISSAQUAH-TEMP; NOAA-NPGO-INDEX; NOAA-ONI-INDEX,primary cohort proxy: return_year - 2,complete except imperviousness,blocked: RMIS authorization or FISH export required,A3
2022,A3,primary,sep15_oct31,Coho,adult_migration,2022-09-15,2022-10-31,2022,True,True,adult migration exposure_year = return_year,47,1,1,30.279,derived_from_observed_usgs_daily_mean_discharge,T2,t2_window_mean_proxy_c,12.893,T1,t1_window_mean_proxy_c,12.847,exploratory_only,exploratory_only,47,12.847,14.825,2022-09-15,14.175,2022-09-28,0,0,0,0,0,0,47,12.893,14.849,2022-09-15,14.225,2022-10-02,0,0,0,0,0,0,0.046,modeled_proxy_primary_t2_mean_with_t1_sensitivity,"T2 window mean is primary; T1 window mean is sensitivity; all threshold counts and other nonmean thermal metrics are exploratory modeled proxies, not observed/regulatory metrics",2022,6839,17,6856,1162,0,1162,8018,164.83,31.679,21.4,28.6,-1.78,15.175,4,2,2020,150.459,30.199,33,14.45,-1.585,2021,2021,-0.913,-0.635,,,derived_from_observed_events,derived_from_observed_measurements,not_available,not_available,WDFW Hatchery Adult Salmon Returns; Trap Estimate events,USGS-12121600-DV-00060; NRCS-SNOTEL-788-WTEQ; NOAA-PDO-ERSSTV5; KINGCOUNTY-ISSAQUAH-TEMP; NOAA-NPGO-INDEX; NOAA-ONI-INDEX,primary cohort proxy: return_year - 2,complete except imperviousness,blocked: RMIS authorization or FISH export required,A3
2023,A3,primary,sep15_oct31,Coho,adult_migration,2023-09-15,2023-10-31,2023,True,True,adult migration exposure_year = return_year,47,1,1,40.97,derived_from_observed_usgs_daily_mean_discharge,T2,t2_window_mean_proxy_c,11.982,T1,t1_window_mean_proxy_c,11.949,exploratory_only,exploratory_only,47,11.949,14.839,2023-09-16,13.998,2023-09-21,0,0,0,0,0,0,47,11.982,14.931,2023-09-16,14.072,2023-09-21,0,0,0,0,0,0,0.032,modeled_proxy_primary_t2_mean_with_t1_sensitivity,"T2 window mean is primary; T1 window mean is sensitivity; all threshold counts and other nonmean thermal metrics are exploratory modeled proxies, not observed/regulatory metrics",2023,9257,277,9534,276,6,282,9816,86.576,21.64,14.8,32.9,-1.878,15.4,4,2,2021,123.296,22.491,48.6,15.425,-1.78,2022,2022,-1.262,-0.85,,,derived_from_observed_events,derived_from_observed_measurements,not_available,not_available,WDFW Hatchery Adult Salmon Returns; Trap Estimate events,USGS-12121600-DV-00060; NRCS-SNOTEL-788-WTEQ; NOAA-PDO-ERSSTV5; KINGCOUNTY-ISSAQUAH-TEMP; NOAA-NPGO-INDEX; NOAA-ONI-INDEX,primary cohort proxy: return_year - 2,complete except imperviousness,blocked: RMIS authorization or FISH export required,A3
2024,A3,primary,sep15_oct31,Coho,adult_migration,2024-09-15,2024-10-31,2024,True,True,adult migration exposure_year = return_year,47,2,2,36.402,derived_from_observed_usgs_daily_mean_discharge,T2,t2_window_mean_proxy_c,11.808,T1,t1_window_mean_proxy_c,11.742,exploratory_only,exploratory_only,47,11.742,14.448,2024-09-24,13.518,2024-09-26,0,0,0,0,0,0,47,11.808,14.51,2024-09-24,13.565,2024-09-28,0,0,0,0,0,0,0.066,modeled_proxy_primary_t2_mean_with_t1_sensitivity,"T2 window mean is primary; T1 window mean is sensitivity; all threshold counts and other nonmean thermal metrics are exploratory modeled proxies, not observed/regulatory metrics",2024,5276,148,5424,227,35,262,5686,108.595,25.907,16.7,22.8,-2.108,14.9,4,2,2022,164.83,31.679,28.6,15.175,-1.878,2023,2023,-1.681,0.9,,,derived_from_observed_events,derived_from_observed_measurements,not_available,not_available,WDFW Hatchery Adult Salmon Returns; Trap Estimate events,USGS-12121600-DV-00060; NRCS-SNOTEL-788-WTEQ; NOAA-PDO-ERSSTV5; KINGCOUNTY-ISSAQUAH-TEMP; NOAA-NPGO-INDEX; NOAA-ONI-INDEX,primary cohort proxy: return_year - 2,complete except imperviousness,blocked: RMIS authorization or FISH export required,A3
2025,A3,primary,sep15_oct31,Coho,adult_migration,2025-09-15,2025-10-31,2025,True,True,adult migration exposure_year = return_year,47,1,1,28.443,derived_from_observed_usgs_daily_mean_discharge,T2,t2_window_mean_proxy_c,11.981,T1,t1_window_mean_proxy_c,11.893,exploratory_only,exploratory_only,47,11.893,15.333,2025-09-17,14.548,2025-09-21,0,0,0,0,1,2.128,47,11.981,15.415,2025-09-17,14.592,2025-09-21,0,0,0,0,1,2.128,0.088,modeled_proxy_primary_t2_mean_with_t1_sensitivity,"T2 window mean is primary; T1 window mean is sensitivity; all threshold counts and other nonmean thermal metrics are exploratory modeled proxies, not observed/regulatory metrics",2025,3647,212,3859,174,8,182,4041,97.036,20.541,17.4,23.8,-1.776,17.1,4,2,2023,86.576,21.64,32.9,15.4,-2.108,2024,2024,-1.936,0.437,,,derived_from_observed_events,derived_from_observed_measurements,not_available,not_available,WDFW Hatchery Adult Salmon Returns; Trap Estimate events,USGS-12121600-DV-00060; NRCS-SNOTEL-788-WTEQ; NOAA-PDO-ERSSTV5; KINGCOUNTY-ISSAQUAH-TEMP; NOAA-NPGO-INDEX; NOAA-ONI-INDEX,primary cohort proxy: return_year - 2,complete except imperviousness,blocked: RMIS authorization or FISH export required,A3
1997,A4,window_sensitivity,sep15_nov30,Coho,adult_migration,1997-09-15,1997-11-30,1997,True,True,adult migration exposure_year = return_year,77,4,4,104.519,derived_from_observed_usgs_daily_mean_discharge,T2,t2_window_mean_proxy_c,10.34,T1,t1_window_mean_proxy_c,10.407,exploratory_only,exploratory_only,77,10.407,14.389,1997-09-25,13.851,1997-09-29,0,0,0,0,0,0,77,10.34,14.373,1997-09-25,13.789,1997-09-29,0,0,0,0,0,0,-0.067,modeled_proxy_primary_t2_mean_with_t1_sensitivity,"T2 window mean is primary; T1 window mean is sensitivity; all threshold counts and other nonmean thermal metrics are exploratory modeled proxies, not observed/regulatory metrics",1997,7961,0,7961,10,0,10,7971,194.427,67.685,29,80.4,1.34,14.725,4,2,1995,107.195,22.859,49.9,13.62,0.812,1996,1996,-0.973,-0.46,,,derived_from_observed_events,derived_from_observed_measurements,not_available,not_available,WDFW Hatchery Adult Salmon Returns; Trap Estimate events,USGS-12121600-DV-00060; NRCS-SNOTEL-788-WTEQ; NOAA-PDO-ERSSTV5; KINGCOUNTY-ISSAQUAH-TEMP; NOAA-NPGO-INDEX; NOAA-ONI-INDEX,primary cohort proxy: return_year - 2,complete except imperviousness,blocked: RMIS authorization or FISH export required,A4
1998,A4,window_sensitivity,sep15_nov30,Coho,adult_migration,1998-09-15,1998-11-30,1998,True,True,adult migration exposure_year = return_year,77,5,5,106.584,derived_from_observed_usgs_daily_mean_discharge,T2,t2_window_mean_proxy_c,10.363,T1,t1_window_mean_proxy_c,10.315,exploratory_only,exploratory_only,77,10.315,14.431,1998-09-15,13.942,1998-09-21,0,0,0,0,1,1.299,77,10.363,14.453,1998-09-15,13.983,1998-09-21,0,0,0,0,1,1.299,0.048,modeled_proxy_primary_t2_mean_with_t1_sensitivity,"T2 window mean is primary; T1 window mean is sensitivity; all threshold counts and other nonmean thermal metrics are exploratory modeled proxies, not observed/regulatory metrics",1998,3384,0,3384,522,0,522,3906,103.932,28.207,19,38.8,-0.122,14.82,5,2,1996,170.814,29.87,34.8,13.7,1.34,1997,1997,-0.658,1.171,,,derived_from_observed_events,derived_from_observed_measurements,not_available,not_available,WDFW Hatchery Adult Salmon Returns; Trap Estimate events,USGS-12121600-DV-00060; NRCS-SNOTEL-788-WTEQ; NOAA-PDO-ERSSTV5; KINGCOUNTY-ISSAQUAH-TEMP; NOAA-NPGO-INDEX; NOAA-ONI-INDEX,primary cohort proxy: return_year - 2,complete except imperviousness,blocked: RMIS authorization or FISH export required,A4
1999,A4,window_sensitivity,sep15_nov30,Coho,adult_migration,1999-09-15,1999-11-30,1999,True,True,adult migration exposure_year = return_year,77,2,2,135.662,derived_from_observed_usgs_daily_mean_discharge,T2,t2_window_mean_proxy_c,10.251,T1,t1_window_mean_proxy_c,10.241,exploratory_only,exploratory_only,77,10.241,14.534,1999-09-21,13.956,1999-09-23,0,0,0,0,0,0,77,10.251,14.59,1999-09-21,14.005,1999-09-23,0,0,0,0,0,0,0.009,modeled_proxy_primary_t2_mean_with_t1_sensitivity,"T2 window mean is primary; T1 window mean is sensitivity; all threshold counts and other nonmean thermal metrics are exploratory modeled proxies, not observed/regulatory metrics",1999,2963,0,2963,192,0,192,3155,162.129,43.478,21,63,-1.377,14.88,5,2,1997,194.427,67.685,80.4,14.725,-0.122,1998,1998,0.545,-0.058,,,derived_from_observed_events,derived_from_observed_measurements,not_available,not_available,WDFW Hatchery Adult Salmon Returns; Trap Estimate events,USGS-12121600-DV-00060; NRCS-SNOTEL-788-WTEQ; NOAA-PDO-ERSSTV5; KINGCOUNTY-ISSAQUAH-TEMP; NOAA-NPGO-INDEX; NOAA-ONI-INDEX,primary cohort proxy: return_year - 2,complete except imperviousness,blocked: RMIS authorization or FISH export required,A4
2000,A4,window_sensitivity,sep15_nov30,Coho,adult_migration,2000-09-15,2000-11-30,2000,True,True,adult migration exposure_year = return_year,77,3,3,46.896,derived_from_observed_usgs_daily_mean_discharge,T2,t2_window_mean_proxy_c,9.771,T1,t1_window_mean_proxy_c,9.66,exploratory_only,exploratory_only,77,9.66,14.763,2000-09-15,14.244,2000-09-21,0,0,0,0,0,0,77,9.771,14.864,2000-09-15,14.346,2000-09-21,0,0,0,0,0,0,0.11,modeled_proxy_primary_t2_mean_with_t1_sensitivity,"T2 window mean is primary; T1 window mean is sensitivity; all threshold counts and other nonmean thermal metrics are exploratory modeled proxies, not observed/regulatory metrics",2000,27225,0,27225,65,0,65,27290,129.087,27.424,19,50.5,-0.782,13.42,5,2,1998,103.932,28.207,38.8,14.82,-1.377,1999,1999,1.516,-1.225,,,derived_from_observed_events,derived_from_observed_measurements,not_available,not_available,WDFW Hatchery Adult Salmon Returns; Trap Estimate events,USGS-12121600-DV-00060; NRCS-SNOTEL-788-WTEQ; NOAA-PDO-ERSSTV5; KINGCOUNTY-ISSAQUAH-TEMP; NOAA-NPGO-INDEX; NOAA-ONI-INDEX,primary cohort proxy: return_year - 2,complete except imperviousness,blocked: RMIS authorization or FISH export required,A4
2001,A4,window_sensitivity,sep15_nov30,Coho,adult_migration,2001-09-15,2001-11-30,2001,True,True,adult migration exposure_year = return_year,77,2,2,135.519,derived_from_observed_usgs_daily_mean_discharge,T2,t2_window_mean_proxy_c,9.967,T1,t1_window_mean_proxy_c,9.968,exploratory_only,exploratory_only,77,9.968,13.928,2001-09-15,12.899,2001-09-25,0,0,0,0,2,2.597,77,9.967,13.969,2001-09-15,13.006,2001-09-25,0,0,0,0,2,2.597,-0.001,modeled_proxy_primary_t2_mean_with_t1_sensitivity,"T2 window mean is primary; T1 window mean is sensitivity; all threshold counts and other nonmean thermal metrics are exploratory modeled proxies, not observed/regulatory metrics",2001,35259,0,35259,530,0,530,35789,72.562,30.891,19,27.7,-0.742,14.32,5,2,1999,162.129,43.478,63,14.88,-0.782,2000,2000,1.886,-0.836,,,derived_from_observed_events,derived_from_observed_measurements,not_available,not_available,WDFW Hatchery Adult Salmon Returns; Trap Estimate events,USGS-12121600-DV-00060; NRCS-SNOTEL-788-WTEQ; NOAA-PDO-ERSSTV5; KINGCOUNTY-ISSAQUAH-TEMP; NOAA-NPGO-INDEX; NOAA-ONI-INDEX,primary cohort proxy: return_year - 2,complete except imperviousness,blocked: RMIS authorization or FISH export required,A4
2002,A4,window_sensitivity,sep15_nov30,Coho,adult_migration,2002-09-15,2002-11-30,2002,True,True,adult migration exposure_year = return_year,77,2,2,26.935,derived_from_observed_usgs_daily_mean_discharge,T2,t2_window_mean_proxy_c,10.089,T1,t1_window_mean_proxy_c,9.904,exploratory_only,exploratory_only,77,9.904,14.364,2002-09-15,13.129,2002-09-21,0,0,0,0,2,2.597,77,10.089,14.499,2002-09-15,13.195,2002-09-21,0,0,0,0,2,2.597,0.185,modeled_proxy_primary_t2_mean_with_t1_sensitivity,"T2 window mean is primary; T1 window mean is sensitivity; all threshold counts and other nonmean thermal metrics are exploratory modeled proxies, not observed/regulatory metrics",2002,1284,0,1284,199,0,199,1483,155.762,26.598,17,59.3,-0.135,13.575,4,2,2000,129.087,27.424,50.5,13.42,-0.742,2001,2001,2.081,-0.308,,,derived_from_observed_events,derived_from_observed_measurements,not_available,not_available,WDFW Hatchery Adult Salmon Returns; Trap Estimate events,USGS-12121600-DV-00060; NRCS-SNOTEL-788-WTEQ; NOAA-PDO-ERSSTV5; KINGCOUNTY-ISSAQUAH-TEMP; NOAA-NPGO-INDEX; NOAA-ONI-INDEX,primary cohort proxy: return_year - 2,complete except imperviousness,blocked: RMIS authorization or FISH export required,A4
2003,A4,window_sensitivity,sep15_nov30,Coho,adult_migration,2003-09-15,2003-11-30,2003,True,True,adult migration exposure_year = return_year,77,2,2,107.195,derived_from_observed_usgs_daily_mean_discharge,T2,t2_window_mean_proxy_c,10.09,T1,t1_window_mean_proxy_c,10.028,exploratory_only,exploratory_only,77,10.028,14.781,2003-09-28,14.023,2003-09-30,0,0,0,0,12,15.584,77,10.09,14.963,2003-09-28,14.212,2003-09-30,0,0,0,0,0,0,0.061,modeled_proxy_primary_t2_mean_with_t1_sensitivity,"T2 window mean is primary; T1 window mean is sensitivity; all threshold counts and other nonmean thermal metrics are exploratory modeled proxies, not observed/regulatory metrics",2003,5593,0,5593,50,0,50,5643,84.852,17.25,11,31.6,0.527,14.6,4,2,2001,72.562,30.891,27.7,14.32,-0.135,2002,2002,1.474,0.631,,,derived_from_observed_events,derived_from_observed_measurements,not_available,not_available,WDFW Hatchery Adult Salmon Returns; Trap Estimate events,USGS-12121600-DV-00060; NRCS-SNOTEL-788-WTEQ; NOAA-PDO-ERSSTV5; KINGCOUNTY-ISSAQUAH-TEMP; NOAA-NPGO-INDEX; NOAA-ONI-INDEX,primary cohort proxy: return_year - 2,complete except imperviousness,blocked: RMIS authorization or FISH export required,A4
2004,A4,window_sensitivity,sep15_nov30,Coho,adult_migration,2004-09-15,2004-11-30,2004,True,True,adult migration exposure_year = return_year,77,2,2,83.262,derived_from_observed_usgs_daily_mean_discharge,T2,t2_window_mean_proxy_c,9.98,T1,t1_window_mean_proxy_c,9.975,exploratory_only,exploratory_only,77,9.975,13.17,2004-09-15,12.404,2004-10-01,0,0,0,0,0,0,77,9.98,13.099,2004-09-15,12.416,2004-10-01,0,0,0,0,0,0,0.005,modeled_proxy_primary_t2_mean_with_t1_sensitivity,"T2 window mean is primary; T1 window mean is sensitivity; all threshold counts and other nonmean thermal metrics are exploratory modeled proxies, not observed/regulatory metrics",2004,20617,0,20617,825,0,825,21442,110.18,35.391,11,38,-0.111,14.8,4,2,2002,155.762,26.598,59.3,13.575,0.527,2003,2003,0.959,0.251,,,derived_from_observed_events,derived_from_observed_measurements,not_available,not_available,WDFW Hatchery Adult Salmon Returns; Trap Estimate events,USGS-12121600-DV-00060; NRCS-SNOTEL-788-WTEQ; NOAA-PDO-ERSSTV5; KINGCOUNTY-ISSAQUAH-TEMP; NOAA-NPGO-INDEX; NOAA-ONI-INDEX,primary cohort proxy: return_year - 2,complete except imperviousness,blocked: RMIS authorization or FISH export required,A4
2005,A4,window_sensitivity,sep15_nov30,Coho,adult_migration,2005-09-15,2005-11-30,2005,True,True,adult migration exposure_year = return_year,77,3,3,74.161,derived_from_observed_usgs_daily_mean_discharge,T2,t2_window_mean_proxy_c,9.881,T1,t1_window_mean_proxy_c,9.83,exploratory_only,exploratory_only,77,9.83,13.124,2005-09-15,12.671,2005-09-21,0,0,0,0,2,2.597,77,9.881,13.195,2005-09-15,12.72,2005-09-21,0,0,0,0,2,2.597,0.051,modeled_proxy_primary_t2_mean_with_t1_sensitivity,"T2 window mean is primary; T1 window mean is sensitivity; all threshold counts and other nonmean thermal metrics are exploratory modeled proxies, not observed/regulatory metrics",2005,8704,0,8704,653,0,653,9357,90.345,27.423,16.9,9.1,-0.091,13.575,4,2,2003,84.852,17.25,31.6,14.6,-0.111,2004,2004,0.209,0.447,,,derived_from_observed_events,derived_from_observed_measurements,not_available,not_available,WDFW Hatchery Adult Salmon Returns; Trap Estimate events,USGS-12121600-DV-00060; NRCS-SNOTEL-788-WTEQ; NOAA-PDO-ERSSTV5; KINGCOUNTY-ISSAQUAH-TEMP; NOAA-NPGO-INDEX; NOAA-ONI-INDEX,primary cohort proxy: return_year - 2,complete except imperviousness,blocked: RMIS authorization or FISH export required,A4
2006,A4,window_sensitivity,sep15_nov30,Coho,adult_migration,2006-09-15,2006-11-30,2006,True,True,adult migration exposure_year = return_year,77,4,4,169.087,derived_from_observed_usgs_daily_mean_discharge,T2,t2_window_mean_proxy_c,9.976,T1,t1_window_mean_proxy_c,10.01,exploratory_only,exploratory_only,77,10.01,14.401,2006-09-28,13.715,2006-10-01,0,0,0,0,3,3.896,77,9.976,14.468,2006-09-28,13.769,2006-10-01,0,0,0,0,3,3.896,-0.034,modeled_proxy_primary_t2_mean_with_t1_sensitivity,"T2 window mean is primary; T1 window mean is sensitivity; all threshold counts and other nonmean thermal metrics are exploratory modeled proxies, not observed/regulatory metrics",2006,8698,0,8698,47,0,47,8745,130.881,28.035,17.6,48.7,-0.153,14.183,6,2,2004,110.18,35.391,38,14.8,-0.091,2005,2005,-1.469,0.041,,,derived_from_observed_events,derived_from_observed_measurements,not_available,not_available,WDFW Hatchery Adult Salmon Returns; Trap Estimate events,USGS-12121600-DV-00060; NRCS-SNOTEL-788-WTEQ; NOAA-PDO-ERSSTV5; KINGCOUNTY-ISSAQUAH-TEMP; NOAA-NPGO-INDEX; NOAA-ONI-INDEX,primary cohort proxy: return_year - 2,complete except imperviousness,blocked: RMIS authorization or FISH export required,A4
2007,A4,window_sensitivity,sep15_nov30,Coho,adult_migration,2007-09-15,2007-11-30,2007,True,True,adult migration exposure_year = return_year,77,2,2,54.904,derived_from_observed_usgs_daily_mean_discharge,T2,t2_window_mean_proxy_c,9.476,T1,t1_window_mean_proxy_c,9.407,exploratory_only,exploratory_only,77,9.407,13.894,2007-09-15,12.77,2007-09-21,0,0,0,0,2,2.597,77,9.476,13.989,2007-09-15,12.825,2007-09-21,0,0,0,0,2,2.597,0.07,modeled_proxy_primary_t2_mean_with_t1_sensitivity,"T2 window mean is primary; T1 window mean is sensitivity; all threshold counts and other nonmean thermal metrics are exploratory modeled proxies, not observed/regulatory metrics",2007,3272,0,3272,203,0,203,3475,138.875,23.138,13.7,40.5,-0.464,14.825,4,2,2005,90.345,27.423,9.1,13.575,-0.153,2006,2006,-0.55,0.072,,,derived_from_observed_events,derived_from_observed_measurements,not_available,not_available,WDFW Hatchery Adult Salmon Returns; Trap Estimate events,USGS-12121600-DV-00060; NRCS-SNOTEL-788-WTEQ; NOAA-PDO-ERSSTV5; KINGCOUNTY-ISSAQUAH-TEMP; NOAA-NPGO-INDEX; NOAA-ONI-INDEX,primary cohort proxy: return_year - 2,complete except imperviousness,blocked: RMIS authorization or FISH export required,A4
2008,A4,window_sensitivity,sep15_nov30,Coho,adult_migration,2008-09-15,2008-11-30,2008,True,True,adult migration exposure_year = return_year,77,3,3,93.797,derived_from_observed_usgs_daily_mean_discharge,T2,t2_window_mean_proxy_c,10.39,T1,t1_window_mean_proxy_c,10.346,exploratory_only,exploratory_only,77,10.346,14.352,2008-09-16,13.663,2008-09-21,0,0,0,0,0,0,77,10.39,14.416,2008-09-17,13.743,2008-09-21,0,0,0,0,0,0,0.044,modeled_proxy_primary_t2_mean_with_t1_sensitivity,"T2 window mean is primary; T1 window mean is sensitivity; all threshold counts and other nonmean thermal metrics are exploratory modeled proxies, not observed/regulatory metrics",2008,4175,0,4175,121,0,121,4296,110.692,29.488,19.6,60.9,-1.331,12.746,9,2,2006,130.881,28.035,48.7,14.183,-0.464,2007,2007,0.579,-0.608,,,derived_from_observed_events,derived_from_observed_measurements,not_available,not_available,WDFW Hatchery Adult Salmon Returns; Trap Estimate events,USGS-12121600-DV-00060; NRCS-SNOTEL-788-WTEQ; NOAA-PDO-ERSSTV5; KINGCOUNTY-ISSAQUAH-TEMP; NOAA-NPGO-INDEX; NOAA-ONI-INDEX,primary cohort proxy: return_year - 2,complete except imperviousness,blocked: RMIS authorization or FISH export required,A4
2009,A4,window_sensitivity,sep15_nov30,Coho,adult_migration,2009-09-15,2009-11-30,2009,True,True,adult migration exposure_year = return_year,77,2,2,124.396,derived_from_observed_usgs_daily_mean_discharge,T2,t2_window_mean_proxy_c,10.293,T1,t1_window_mean_proxy_c,10.315,exploratory_only,exploratory_only,77,10.315,15.207,2009-09-15,14.46,2009-09-21,0,0,0,0,0,0,77,10.293,15.271,2009-09-15,14.502,2009-09-21,0,0,0,0,0,0,-0.023,modeled_proxy_primary_t2_mean_with_t1_sensitivity,"T2 window mean is primary; T1 window mean is sensitivity; all threshold counts and other nonmean thermal metrics are exploratory modeled proxies, not observed/regulatory metrics",2009,13812,0,13812,55,0,55,13867,119.628,24.265,18,41.2,-0.817,15.8,5,2,2007,138.875,23.138,40.5,14.825,-1.331,2008,2008,1.493,-0.782,,,derived_from_observed_events,derived_from_observed_measurements,not_available,not_available,WDFW Hatchery Adult Salmon Returns; Trap Estimate events,USGS-12121600-DV-00060; NRCS-SNOTEL-788-WTEQ; NOAA-PDO-ERSSTV5; KINGCOUNTY-ISSAQUAH-TEMP; NOAA-NPGO-INDEX; NOAA-ONI-INDEX,primary cohort proxy: return_year - 2,complete except imperviousness,blocked: RMIS authorization or FISH export required,A4
2010,A4,window_sensitivity,sep15_nov30,Coho,adult_migration,2010-09-15,2010-11-30,2010,True,True,adult migration exposure_year = return_year,77,3,3,111.399,derived_from_observed_usgs_daily_mean_discharge,T2,t2_window_mean_proxy_c,10.05,T1,t1_window_mean_proxy_c,10.101,exploratory_only,exploratory_only,77,10.101,14.365,2010-09-18,13.823,2010-09-21,0,0,0,0,6,7.792,77,10.05,14.375,2010-09-27,13.77,2010-09-21,0,0,0,0,6,7.792,-0.051,modeled_proxy_primary_t2_mean_with_t1_sensitivity,"T2 window mean is primary; T1 window mean is sensitivity; all threshold counts and other nonmean thermal metrics are exploratory modeled proxies, not observed/regulatory metrics",2010,346,14,360,203,5,208,568,128.858,49.372,25.9,21,-0.743,14.12,5,2,2008,110.692,29.488,60.9,12.746,-0.817,2009,2009,0.641,0.282,,,derived_from_observed_events,derived_from_observed_measurements,not_available,not_available,WDFW Hatchery Adult Salmon Returns; Trap Estimate events,USGS-12121600-DV-00060; NRCS-SNOTEL-788-WTEQ; NOAA-PDO-ERSSTV5; KINGCOUNTY-ISSAQUAH-TEMP; NOAA-NPGO-INDEX; NOAA-ONI-INDEX,primary cohort proxy: return_year - 2,complete except imperviousness,blocked: RMIS authorization or FISH export required,A4
2011,A4,window_sensitivity,sep15_nov30,Coho,adult_migration,2011-09-15,2011-11-30,2011,True,True,adult migration exposure_year = return_year,77,2,2,90.161,derived_from_observed_usgs_daily_mean_discharge,T2,t2_window_mean_proxy_c,9.923,T1,t1_window_mean_proxy_c,9.928,exploratory_only,exploratory_only,77,9.928,15.707,2011-09-23,14.666,2011-09-27,0,0,0,0,0,0,77,9.923,15.762,2011-09-23,14.683,2011-09-27,0,0,0,0,0,0,-0.005,modeled_proxy_primary_t2_mean_with_t1_sensitivity,"T2 window mean is primary; T1 window mean is sensitivity; all threshold counts and other nonmean thermal metrics are exploratory modeled proxies, not observed/regulatory metrics",2011,4606,157,4763,187,4,191,4954,186.684,41.689,21.2,32.6,-1.571,15.525,4,2,2009,119.628,24.265,41.2,15.8,-0.743,2010,2010,1.29,-0.475,,,derived_from_observed_events,derived_from_observed_measurements,not_available,not_available,WDFW Hatchery Adult Salmon Returns; Trap Estimate events,USGS-12121600-DV-00060; NRCS-SNOTEL-788-WTEQ; NOAA-PDO-ERSSTV5; KINGCOUNTY-ISSAQUAH-TEMP; NOAA-NPGO-INDEX; NOAA-ONI-INDEX,primary cohort proxy: return_year - 2,complete except imperviousness,blocked: RMIS authorization or FISH export required,A4
2012,A4,window_sensitivity,sep15_nov30,Coho,adult_migration,2012-09-15,2012-11-30,2012,True,True,adult migration exposure_year = return_year,77,2,2,110.66,derived_from_observed_usgs_daily_mean_discharge,T2,t2_window_mean_proxy_c,10.517,T1,t1_window_mean_proxy_c,10.534,exploratory_only,exploratory_only,77,10.534,14.487,2012-09-19,13.997,2012-09-21,0,0,0,0,0,0,77,10.517,14.506,2012-09-19,14.005,2012-09-21,0,0,0,0,0,0,-0.017,modeled_proxy_primary_t2_mean_with_t1_sensitivity,"T2 window mean is primary; T1 window mean is sensitivity; all threshold counts and other nonmean thermal metrics are exploratory modeled proxies, not observed/regulatory metrics",2012,10202,263,10465,150,11,161,10626,139.381,41.182,22.2,47.6,-1.414,14.05,4,2,2010,128.858,49.372,21,14.12,-1.571,2011,2011,0.79,-0.775,,,derived_from_observed_events,derived_from_observed_measurements,not_available,not_available,WDFW Hatchery Adult Salmon Returns; Trap Estimate events,USGS-12121600-DV-00060; NRCS-SNOTEL-788-WTEQ; NOAA-PDO-ERSSTV5; KINGCOUNTY-ISSAQUAH-TEMP; NOAA-NPGO-INDEX; NOAA-ONI-INDEX,primary cohort proxy: return_year - 2,complete except imperviousness,blocked: RMIS authorization or FISH export required,A4
2013,A4,window_sensitivity,sep15_nov30,Coho,adult_migration,2013-09-15,2013-11-30,2013,True,True,adult migration exposure_year = return_year,77,2,2,93.3,derived_from_observed_usgs_daily_mean_discharge,T2,t2_window_mean_proxy_c,10.333,T1,t1_window_mean_proxy_c,10.352,exploratory_only,exploratory_only,77,10.352,15.18,2013-09-16,14.59,2013-09-21,0,0,0,0,1,1.299,77,10.333,15.158,2013-09-16,14.565,2013-09-21,0,0,0,0,1,1.299,-0.019,modeled_proxy_primary_t2_mean_with_t1_sensitivity,"T2 window mean is primary; T1 window mean is sensitivity; all threshold counts and other nonmean thermal metrics are exploratory modeled proxies, not observed/regulatory metrics",2013,10267,70,10337,276,1,277,10614,143.356,42.228,19.7,32.9,-0.926,15.7,4,2,2011,186.684,41.689,32.6,15.525,-1.414,2012,2012,1.423,-0.063,,,derived_from_observed_events,derived_from_observed_measurements,not_available,not_available,WDFW Hatchery Adult Salmon Returns; Trap Estimate events,USGS-12121600-DV-00060; NRCS-SNOTEL-788-WTEQ; NOAA-PDO-ERSSTV5; KINGCOUNTY-ISSAQUAH-TEMP; NOAA-NPGO-INDEX; NOAA-ONI-INDEX,primary cohort proxy: return_year - 2,complete except imperviousness,blocked: RMIS authorization or FISH export required,A4
2014,A4,window_sensitivity,sep15_nov30,Coho,adult_migration,2014-09-15,2014-11-30,2014,True,True,adult migration exposure_year = return_year,77,3,3,131.839,derived_from_observed_usgs_daily_mean_discharge,T2,t2_window_mean_proxy_c,11.289,T1,t1_window_mean_proxy_c,11.374,exploratory_only,exploratory_only,77,11.374,15.268,2014-09-16,15.134,2014-09-21,0,0,0,0,0,0,77,11.289,15.344,2014-09-19,15.179,2014-09-21,0,0,0,0,0,0,-0.084,modeled_proxy_primary_t2_mean_with_t1_sensitivity,"T2 window mean is primary; T1 window mean is sensitivity; all threshold counts and other nonmean thermal metrics are exploratory modeled proxies, not observed/regulatory metrics",2014,14799,115,14914,62,15,77,14991,130.592,32.423,20,33.4,0.532,15,4,2,2012,139.381,41.182,47.6,14.05,-0.926,2013,2013,0.363,-0.234,,,derived_from_observed_events,derived_from_observed_measurements,not_available,not_available,WDFW Hatchery Adult Salmon Returns; Trap Estimate events,USGS-12121600-DV-00060; NRCS-SNOTEL-788-WTEQ; NOAA-PDO-ERSSTV5; KINGCOUNTY-ISSAQUAH-TEMP; NOAA-NPGO-INDEX; NOAA-ONI-INDEX,primary cohort proxy: return_year - 2,complete except imperviousness,blocked: RMIS authorization or FISH export required,A4
2015,A4,window_sensitivity,sep15_nov30,Coho,adult_migration,2015-09-15,2015-11-30,2015,True,True,adult migration exposure_year = return_year,77,3,3,125.301,derived_from_observed_usgs_daily_mean_discharge,T2,t2_window_mean_proxy_c,10.549,T1,t1_window_mean_proxy_c,10.57,exploratory_only,exploratory_only,77,10.57,13.816,2015-09-19,13.358,2015-09-21,0,0,0,0,2,2.597,77,10.549,13.904,2015-09-19,13.388,2015-09-21,0,0,0,0,2,2.597,-0.021,modeled_proxy_primary_t2_mean_with_t1_sensitivity,"T2 window mean is primary; T1 window mean is sensitivity; all threshold counts and other nonmean thermal metrics are exploratory modeled proxies, not observed/regulatory metrics",2015,1883,110,1993,16,16,32,2025,127.857,24.285,15.6,0.1,0.805,16.2,4,2,2013,143.356,42.228,32.9,15.7,0.532,2014,2014,-0.196,0.205,,,derived_from_observed_events,derived_from_observed_measurements,not_available,not_available,WDFW Hatchery Adult Salmon Returns; Trap Estimate events,USGS-12121600-DV-00060; NRCS-SNOTEL-788-WTEQ; NOAA-PDO-ERSSTV5; KINGCOUNTY-ISSAQUAH-TEMP; NOAA-NPGO-INDEX; NOAA-ONI-INDEX,primary cohort proxy: return_year - 2,complete except imperviousness,blocked: RMIS authorization or FISH export required,A4
2016,A4,window_sensitivity,sep15_nov30,Coho,adult_migration,2016-09-15,2016-11-30,2016,True,True,adult migration exposure_year = return_year,77,2,2,144.627,derived_from_observed_usgs_daily_mean_discharge,T2,t2_window_mean_proxy_c,11.173,T1,t1_window_mean_proxy_c,11.249,exploratory_only,exploratory_only,77,11.249,14.178,2016-09-17,13.676,2016-09-21,0,0,0,0,0,0,77,11.173,14.233,2016-09-17,13.69,2016-09-21,0,0,0,0,0,0,-0.076,modeled_proxy_primary_t2_mean_with_t1_sensitivity,"T2 window mean is primary; T1 window mean is sensitivity; all threshold counts and other nonmean thermal metrics are exploratory modeled proxies, not observed/regulatory metrics",2016,3905,19,3924,124,0,124,4048,150.761,29.455,19.3,36.6,0.632,13.65,4,2,2014,130.592,32.423,33.4,15,0.805,2015,2015,-1.381,1.548,,,derived_from_observed_events,derived_from_observed_measurements,not_available,not_available,WDFW Hatchery Adult Salmon Returns; Trap Estimate events,USGS-12121600-DV-00060; NRCS-SNOTEL-788-WTEQ; NOAA-PDO-ERSSTV5; KINGCOUNTY-ISSAQUAH-TEMP; NOAA-NPGO-INDEX; NOAA-ONI-INDEX,primary cohort proxy: return_year - 2,complete except imperviousness,blocked: RMIS authorization or FISH export required,A4
2017,A4,window_sensitivity,sep15_nov30,Coho,adult_migration,2017-09-15,2017-11-30,2017,True,True,adult migration exposure_year = return_year,77,2,2,109.025,derived_from_observed_usgs_daily_mean_discharge,T2,t2_window_mean_proxy_c,10.419,T1,t1_window_mean_proxy_c,10.445,exploratory_only,exploratory_only,77,10.445,14.716,2017-09-28,13.841,2017-09-30,0,0,0,0,2,2.597,77,10.419,14.714,2017-09-28,13.861,2017-09-30,0,0,0,0,2,2.597,-0.026,modeled_proxy_primary_t2_mean_with_t1_sensitivity,"T2 window mean is primary; T1 window mean is sensitivity; all threshold counts and other nonmean thermal metrics are exploratory modeled proxies, not observed/regulatory metrics",2017,3465,95,3560,89,2,91,3651,173.679,28.927,19.5,37.9,-0.063,15.075,4,2,2015,127.857,24.285,0.1,16.2,0.632,2016,2016,-0.16,0.423,,,derived_from_observed_events,derived_from_observed_measurements,not_available,not_available,WDFW Hatchery Adult Salmon Returns; Trap Estimate events,USGS-12121600-DV-00060; NRCS-SNOTEL-788-WTEQ; NOAA-PDO-ERSSTV5; KINGCOUNTY-ISSAQUAH-TEMP; NOAA-NPGO-INDEX; NOAA-ONI-INDEX,primary cohort proxy: return_year - 2,complete except imperviousness,blocked: RMIS authorization or FISH export required,A4
2018,A4,window_sensitivity,sep15_nov30,Coho,adult_migration,2018-09-15,2018-11-30,2018,True,True,adult migration exposure_year = return_year,77,2,2,75.213,derived_from_observed_usgs_daily_mean_discharge,T2,t2_window_mean_proxy_c,10.682,T1,t1_window_mean_proxy_c,10.651,exploratory_only,exploratory_only,77,10.651,14.034,2018-09-28,13.344,2018-10-01,0,0,0,0,1,1.299,77,10.682,14.117,2018-09-28,13.42,2018-10-01,0,0,0,0,1,1.299,0.031,modeled_proxy_primary_t2_mean_with_t1_sensitivity,"T2 window mean is primary; T1 window mean is sensitivity; all threshold counts and other nonmean thermal metrics are exploratory modeled proxies, not observed/regulatory metrics",2018,4005,33,4038,196,2,198,4236,145.845,23.237,15.5,33,-0.303,15.725,4,2,2016,150.761,29.455,36.6,13.65,-0.063,2017,2017,-0.859,-0.115,,,derived_from_observed_events,derived_from_observed_measurements,not_available,not_available,WDFW Hatchery Adult Salmon Returns; Trap Estimate events,USGS-12121600-DV-00060; NRCS-SNOTEL-788-WTEQ; NOAA-PDO-ERSSTV5; KINGCOUNTY-ISSAQUAH-TEMP; NOAA-NPGO-INDEX; NOAA-ONI-INDEX,primary cohort proxy: return_year - 2,complete except imperviousness,blocked: RMIS authorization or FISH export required,A4
2019,A4,window_sensitivity,sep15_nov30,Coho,adult_migration,2019-09-15,2019-11-30,2019,True,True,adult migration exposure_year = return_year,77,2,2,83.196,derived_from_observed_usgs_daily_mean_discharge,T2,t2_window_mean_proxy_c,10.06,T1,t1_window_mean_proxy_c,10.067,exploratory_only,exploratory_only,77,10.067,14.36,2019-09-15,14.076,2019-09-26,0,0,0,0,1,1.299,77,10.06,14.287,2019-09-15,14.025,2019-09-26,0,0,0,0,1,1.299,-0.007,modeled_proxy_primary_t2_mean_with_t1_sensitivity,"T2 window mean is primary; T1 window mean is sensitivity; all threshold counts and other nonmean thermal metrics are exploratory modeled proxies, not observed/regulatory metrics",2019,6254,104,6358,145,3,148,6506,100.833,33.561,20.6,24,-0.04,15.55,4,2,2017,173.679,28.927,37.9,15.075,-0.303,2018,2018,-1.964,0.094,,,derived_from_observed_events,derived_from_observed_measurements,not_available,not_available,WDFW Hatchery Adult Salmon Returns; Trap Estimate events,USGS-12121600-DV-00060; NRCS-SNOTEL-788-WTEQ; NOAA-PDO-ERSSTV5; KINGCOUNTY-ISSAQUAH-TEMP; NOAA-NPGO-INDEX; NOAA-ONI-INDEX,primary cohort proxy: return_year - 2,complete except imperviousness,blocked: RMIS authorization or FISH export required,A4
2020,A4,window_sensitivity,sep15_nov30,Coho,adult_migration,2020-09-15,2020-11-30,2020,True,True,adult migration exposure_year = return_year,77,3,3,88.492,derived_from_observed_usgs_daily_mean_discharge,T2,t2_window_mean_proxy_c,10.805,T1,t1_window_mean_proxy_c,10.819,exploratory_only,exploratory_only,77,10.819,14.942,2020-09-17,14.745,2020-09-21,0,0,0,0,0,0,77,10.805,15.003,2020-09-17,14.801,2020-09-21,0,0,0,0,0,0,-0.014,modeled_proxy_primary_t2_mean_with_t1_sensitivity,"T2 window mean is primary; T1 window mean is sensitivity; all threshold counts and other nonmean thermal metrics are exploratory modeled proxies, not observed/regulatory metrics",2020,4085,74,4159,329,10,339,4498,150.459,30.199,20.3,33,-1.041,14.45,4,2,2018,145.845,23.237,33,15.725,-0.04,2019,2019,-2.279,0.575,,,derived_from_observed_events,derived_from_observed_measurements,not_available,not_available,WDFW Hatchery Adult Salmon Returns; Trap Estimate events,USGS-12121600-DV-00060; NRCS-SNOTEL-788-WTEQ; NOAA-PDO-ERSSTV5; KINGCOUNTY-ISSAQUAH-TEMP; NOAA-NPGO-INDEX; NOAA-ONI-INDEX,primary cohort proxy: return_year - 2,complete except imperviousness,blocked: RMIS authorization or FISH export required,A4
2021,A4,window_sensitivity,sep15_nov30,Coho,adult_migration,2021-09-15,2021-11-30,2021,True,True,adult migration exposure_year = return_year,77,2,2,139.279,derived_from_observed_usgs_daily_mean_discharge,T2,t2_window_mean_proxy_c,10.256,T1,t1_window_mean_proxy_c,10.267,exploratory_only,exploratory_only,77,10.267,13.678,2021-09-25,13.263,2021-09-26,0,0,0,0,1,1.299,77,10.256,13.778,2021-09-25,13.345,2021-09-26,0,0,0,0,1,1.299,-0.01,modeled_proxy_primary_t2_mean_with_t1_sensitivity,"T2 window mean is primary; T1 window mean is sensitivity; all threshold counts and other nonmean thermal metrics are exploratory modeled proxies, not observed/regulatory metrics",2021,8799,490,9289,224,1,225,9514,123.296,22.491,15.1,48.6,-1.585,15.425,4,2,2019,100.833,33.561,24,15.55,-1.041,2020,2020,-1.843,-0.272,,,derived_from_observed_events,derived_from_observed_measurements,not_available,not_available,WDFW Hatchery Adult Salmon Returns; Trap Estimate events,USGS-12121600-DV-00060; NRCS-SNOTEL-788-WTEQ; NOAA-PDO-ERSSTV5; KINGCOUNTY-ISSAQUAH-TEMP; NOAA-NPGO-INDEX; NOAA-ONI-INDEX,primary cohort proxy: return_year - 2,complete except imperviousness,blocked: RMIS authorization or FISH export required,A4
2022,A4,window_sensitivity,sep15_nov30,Coho,adult_migration,2022-09-15,2022-11-30,2022,True,True,adult migration exposure_year = return_year,77,2,2,48.086,derived_from_observed_usgs_daily_mean_discharge,T2,t2_window_mean_proxy_c,10.576,T1,t1_window_mean_proxy_c,10.511,exploratory_only,exploratory_only,77,10.511,14.825,2022-09-15,14.175,2022-09-28,0,0,0,0,0,0,77,10.576,14.849,2022-09-15,14.225,2022-10-02,0,0,0,0,0,0,0.065,modeled_proxy_primary_t2_mean_with_t1_sensitivity,"T2 window mean is primary; T1 window mean is sensitivity; all threshold counts and other nonmean thermal metrics are exploratory modeled proxies, not observed/regulatory metrics",2022,6839,17,6856,1162,0,1162,8018,164.83,31.679,21.4,28.6,-1.78,15.175,4,2,2020,150.459,30.199,33,14.45,-1.585,2021,2021,-0.913,-0.635,,,derived_from_observed_events,derived_from_observed_measurements,not_available,not_available,WDFW Hatchery Adult Salmon Returns; Trap Estimate events,USGS-12121600-DV-00060; NRCS-SNOTEL-788-WTEQ; NOAA-PDO-ERSSTV5; KINGCOUNTY-ISSAQUAH-TEMP; NOAA-NPGO-INDEX; NOAA-ONI-INDEX,primary cohort proxy: return_year - 2,complete except imperviousness,blocked: RMIS authorization or FISH export required,A4
2023,A4,window_sensitivity,sep15_nov30,Coho,adult_migration,2023-09-15,2023-11-30,2023,True,True,adult migration exposure_year = return_year,77,2,2,72.432,derived_from_observed_usgs_daily_mean_discharge,T2,t2_window_mean_proxy_c,10.344,T1,t1_window_mean_proxy_c,10.325,exploratory_only,exploratory_only,77,10.325,14.839,2023-09-16,13.998,2023-09-21,0,0,0,0,0,0,77,10.344,14.931,2023-09-16,14.072,2023-09-21,0,0,0,0,0,0,0.019,modeled_proxy_primary_t2_mean_with_t1_sensitivity,"T2 window mean is primary; T1 window mean is sensitivity; all threshold counts and other nonmean thermal metrics are exploratory modeled proxies, not observed/regulatory metrics",2023,9257,277,9534,276,6,282,9816,86.576,21.64,14.8,32.9,-1.878,15.4,4,2,2021,123.296,22.491,48.6,15.425,-1.78,2022,2022,-1.262,-0.85,,,derived_from_observed_events,derived_from_observed_measurements,not_available,not_available,WDFW Hatchery Adult Salmon Returns; Trap Estimate events,USGS-12121600-DV-00060; NRCS-SNOTEL-788-WTEQ; NOAA-PDO-ERSSTV5; KINGCOUNTY-ISSAQUAH-TEMP; NOAA-NPGO-INDEX; NOAA-ONI-INDEX,primary cohort proxy: return_year - 2,complete except imperviousness,blocked: RMIS authorization or FISH export required,A4
2024,A4,window_sensitivity,sep15_nov30,Coho,adult_migration,2024-09-15,2024-11-30,2024,True,True,adult migration exposure_year = return_year,77,3,3,74.669,derived_from_observed_usgs_daily_mean_discharge,T2,t2_window_mean_proxy_c,10.436,T1,t1_window_mean_proxy_c,10.4,exploratory_only,exploratory_only,77,10.4,14.448,2024-09-24,13.518,2024-09-26,0,0,0,0,0,0,77,10.436,14.51,2024-09-24,13.565,2024-09-28,0,0,0,0,0,0,0.035,modeled_proxy_primary_t2_mean_with_t1_sensitivity,"T2 window mean is primary; T1 window mean is sensitivity; all threshold counts and other nonmean thermal metrics are exploratory modeled proxies, not observed/regulatory metrics",2024,5276,148,5424,227,35,262,5686,108.595,25.907,16.7,22.8,-2.108,14.9,4,2,2022,164.83,31.679,28.6,15.175,-1.878,2023,2023,-1.681,0.9,,,derived_from_observed_events,derived_from_observed_measurements,not_available,not_available,WDFW Hatchery Adult Salmon Returns; Trap Estimate events,USGS-12121600-DV-00060; NRCS-SNOTEL-788-WTEQ; NOAA-PDO-ERSSTV5; KINGCOUNTY-ISSAQUAH-TEMP; NOAA-NPGO-INDEX; NOAA-ONI-INDEX,primary cohort proxy: return_year - 2,complete except imperviousness,blocked: RMIS authorization or FISH export required,A4
2025,A4,window_sensitivity,sep15_nov30,Coho,adult_migration,2025-09-15,2025-11-30,2025,True,True,adult migration exposure_year = return_year,77,2,2,68.268,derived_from_observed_usgs_daily_mean_discharge,T2,t2_window_mean_proxy_c,10.837,T1,t1_window_mean_proxy_c,10.78,exploratory_only,exploratory_only,77,10.78,15.333,2025-09-17,14.548,2025-09-21,0,0,0,0,1,1.299,77,10.837,15.415,2025-09-17,14.592,2025-09-21,0,0,0,0,1,1.299,0.057,modeled_proxy_primary_t2_mean_with_t1_sensitivity,"T2 window mean is primary; T1 window mean is sensitivity; all threshold counts and other nonmean thermal metrics are exploratory modeled proxies, not observed/regulatory metrics",2025,3647,212,3859,174,8,182,4041,97.036,20.541,17.4,23.8,-1.776,17.1,4,2,2023,86.576,21.64,32.9,15.4,-2.108,2024,2024,-1.936,0.437,,,derived_from_observed_events,derived_from_observed_measurements,not_available,not_available,WDFW Hatchery Adult Salmon Returns; Trap Estimate events,USGS-12121600-DV-00060; NRCS-SNOTEL-788-WTEQ; NOAA-PDO-ERSSTV5; KINGCOUNTY-ISSAQUAH-TEMP; NOAA-NPGO-INDEX; NOAA-ONI-INDEX,primary cohort proxy: return_year - 2,complete except imperviousness,blocked: RMIS authorization or FISH export required,A4
1995,A5,primary,jun_sep,Coho,juvenile_rearing,1995-06-01,1995-09-30,1997,True,True,primary Coho cohort proxy: exposure_year = return_year - 2,122,5,5,27.467,derived_from_observed_usgs_daily_mean_discharge,T2,t2_window_mean_proxy_c,14.592,T1,t1_window_mean_proxy_c,14.534,exploratory_only,exploratory_only,122,14.534,17.883,1995-07-19,16.976,1995-07-23,3,0,0,2,0,0,122,14.592,17.922,1995-07-19,17.055,1995-07-23,3,0,0,2,0,0,0.058,modeled_proxy_primary_t2_mean_with_t1_sensitivity,"T2 window mean is primary; T1 window mean is sensitivity; all threshold counts and other nonmean thermal metrics are exploratory modeled proxies, not observed/regulatory metrics",1997,7961,0,7961,10,0,10,7971,194.427,67.685,29,80.4,1.34,14.725,4,2,1995,107.195,22.859,49.9,13.62,0.812,1996,1996,-0.973,-0.46,,,derived_from_observed_events,derived_from_observed_measurements,not_available,not_available,WDFW Hatchery Adult Salmon Returns; Trap Estimate events,USGS-12121600-DV-00060; NRCS-SNOTEL-788-WTEQ; NOAA-PDO-ERSSTV5; KINGCOUNTY-ISSAQUAH-TEMP; NOAA-NPGO-INDEX; NOAA-ONI-INDEX,primary cohort proxy: return_year - 2,complete except imperviousness,blocked: RMIS authorization or FISH export required,A5
1996,A5,primary,jun_sep,Coho,juvenile_rearing,1996-06-01,1996-09-30,1998,True,True,primary Coho cohort proxy: exposure_year = return_year - 2,122,4,4,39.172,derived_from_observed_usgs_daily_mean_discharge,T2,t2_window_mean_proxy_c,14.293,T1,t1_window_mean_proxy_c,14.295,exploratory_only,exploratory_only,122,14.295,17.906,1996-07-14,17.34,1996-07-30,3,0,0,2,0,0,122,14.293,17.997,1996-07-14,17.333,1996-07-30,4,0,0,3,0,0,-0.002,modeled_proxy_primary_t2_mean_with_t1_sensitivity,"T2 window mean is primary; T1 window mean is sensitivity; all threshold counts and other nonmean thermal metrics are exploratory modeled proxies, not observed/regulatory metrics",1998,3384,0,3384,522,0,522,3906,103.932,28.207,19,38.8,-0.122,14.82,5,2,1996,170.814,29.87,34.8,13.7,1.34,1997,1997,-0.658,1.171,,,derived_from_observed_events,derived_from_observed_measurements,not_available,not_available,WDFW Hatchery Adult Salmon Returns; Trap Estimate events,USGS-12121600-DV-00060; NRCS-SNOTEL-788-WTEQ; NOAA-PDO-ERSSTV5; KINGCOUNTY-ISSAQUAH-TEMP; NOAA-NPGO-INDEX; NOAA-ONI-INDEX,primary cohort proxy: return_year - 2,complete except imperviousness,blocked: RMIS authorization or FISH export required,A5
1997,A5,primary,jun_sep,Coho,juvenile_rearing,1997-06-01,1997-09-30,1999,True,True,primary Coho cohort proxy: exposure_year = return_year - 2,122,4,4,76.148,derived_from_observed_usgs_daily_mean_discharge,T2,t2_window_mean_proxy_c,14.361,T1,t1_window_mean_proxy_c,14.468,exploratory_only,exploratory_only,122,14.468,16.843,1997-08-13,16.59,1997-08-17,0,0,0,0,0,0,122,14.361,16.773,1997-08-13,16.49,1997-08-17,0,0,0,0,0,0,-0.107,modeled_proxy_primary_t2_mean_with_t1_sensitivity,"T2 window mean is primary; T1 window mean is sensitivity; all threshold counts and other nonmean thermal metrics are exploratory modeled proxies, not observed/regulatory metrics",1999,2963,0,2963,192,0,192,3155,162.129,43.478,21,63,-1.377,14.88,5,2,1997,194.427,67.685,80.4,14.725,-0.122,1998,1998,0.545,-0.058,,,derived_from_observed_events,derived_from_observed_measurements,not_available,not_available,WDFW Hatchery Adult Salmon Returns; Trap Estimate events,USGS-12121600-DV-00060; NRCS-SNOTEL-788-WTEQ; NOAA-PDO-ERSSTV5; KINGCOUNTY-ISSAQUAH-TEMP; NOAA-NPGO-INDEX; NOAA-ONI-INDEX,primary cohort proxy: return_year - 2,complete except imperviousness,blocked: RMIS authorization or FISH export required,A5
1998,A5,primary,jun_sep,Coho,juvenile_rearing,1998-06-01,1998-09-30,2000,True,True,primary Coho cohort proxy: exposure_year = return_year - 2,122,5,5,37.549,derived_from_observed_usgs_daily_mean_discharge,T2,t2_window_mean_proxy_c,14.581,T1,t1_window_mean_proxy_c,14.571,exploratory_only,exploratory_only,122,14.571,18.479,1998-07-28,17.191,1998-08-01,3,0,0,3,0,0,122,14.581,18.491,1998-07-28,17.214,1998-08-01,3,0,0,3,0,0,0.01,modeled_proxy_primary_t2_mean_with_t1_sensitivity,"T2 window mean is primary; T1 window mean is sensitivity; all threshold counts and other nonmean thermal metrics are exploratory modeled proxies, not observed/regulatory metrics",2000,27225,0,27225,65,0,65,27290,129.087,27.424,19,50.5,-0.782,13.42,5,2,1998,103.932,28.207,38.8,14.82,-1.377,1999,1999,1.516,-1.225,,,derived_from_observed_events,derived_from_observed_measurements,not_available,not_available,WDFW Hatchery Adult Salmon Returns; Trap Estimate events,USGS-12121600-DV-00060; NRCS-SNOTEL-788-WTEQ; NOAA-PDO-ERSSTV5; KINGCOUNTY-ISSAQUAH-TEMP; NOAA-NPGO-INDEX; NOAA-ONI-INDEX,primary cohort proxy: return_year - 2,complete except imperviousness,blocked: RMIS authorization or FISH export required,A5
1999,A5,primary,jun_sep,Coho,juvenile_rearing,1999-06-01,1999-09-30,2001,True,True,primary Coho cohort proxy: exposure_year = return_year - 2,122,5,5,53.59,derived_from_observed_usgs_daily_mean_discharge,T2,t2_window_mean_proxy_c,13.691,T1,t1_window_mean_proxy_c,13.714,exploratory_only,exploratory_only,122,13.714,15.549,1999-08-06,15.329,1999-08-10,0,0,0,0,0,0,122,13.691,15.588,1999-08-28,15.329,1999-08-28,0,0,0,0,0,0,-0.023,modeled_proxy_primary_t2_mean_with_t1_sensitivity,"T2 window mean is primary; T1 window mean is sensitivity; all threshold counts and other nonmean thermal metrics are exploratory modeled proxies, not observed/regulatory metrics",2001,35259,0,35259,530,0,530,35789,72.562,30.891,19,27.7,-0.742,14.32,5,2,1999,162.129,43.478,63,14.88,-0.782,2000,2000,1.886,-0.836,,,derived_from_observed_events,derived_from_observed_measurements,not_available,not_available,WDFW Hatchery Adult Salmon Returns; Trap Estimate events,USGS-12121600-DV-00060; NRCS-SNOTEL-788-WTEQ; NOAA-PDO-ERSSTV5; KINGCOUNTY-ISSAQUAH-TEMP; NOAA-NPGO-INDEX; NOAA-ONI-INDEX,primary cohort proxy: return_year - 2,complete except imperviousness,blocked: RMIS authorization or FISH export required,A5
2000,A5,primary,jun_sep,Coho,juvenile_rearing,2000-06-01,2000-09-30,2002,True,True,primary Coho cohort proxy: exposure_year = return_year - 2,122,4,5,44.09,derived_from_observed_usgs_daily_mean_discharge,T2,t2_window_mean_proxy_c,13.859,T1,t1_window_mean_proxy_c,13.843,exploratory_only,exploratory_only,122,13.843,16.357,2000-07-30,15.772,2000-08-04,0,0,0,0,0,0,122,13.859,16.406,2000-07-30,15.799,2000-08-04,0,0,0,0,0,0,0.017,modeled_proxy_primary_t2_mean_with_t1_sensitivity,"T2 window mean is primary; T1 window mean is sensitivity; all threshold counts and other nonmean thermal metrics are exploratory modeled proxies, not observed/regulatory metrics",2002,1284,0,1284,199,0,199,1483,155.762,26.598,17,59.3,-0.135,13.575,4,2,2000,129.087,27.424,50.5,13.42,-0.742,2001,2001,2.081,-0.308,,,derived_from_observed_events,derived_from_observed_measurements,not_available,not_available,WDFW Hatchery Adult Salmon Returns; Trap Estimate events,USGS-12121600-DV-00060; NRCS-SNOTEL-788-WTEQ; NOAA-PDO-ERSSTV5; KINGCOUNTY-ISSAQUAH-TEMP; NOAA-NPGO-INDEX; NOAA-ONI-INDEX,primary cohort proxy: return_year - 2,complete except imperviousness,blocked: RMIS authorization or FISH export required,A5
2001,A5,primary,jun_sep,Coho,juvenile_rearing,2001-06-01,2001-09-30,2003,True,True,primary Coho cohort proxy: exposure_year = return_year - 2,122,4,5,45.738,derived_from_observed_usgs_daily_mean_discharge,T2,t2_window_mean_proxy_c,13.623,T1,t1_window_mean_proxy_c,13.609,exploratory_only,exploratory_only,122,13.609,16.342,2001-08-10,15.801,2001-08-14,0,0,0,0,0,0,122,13.623,16.396,2001-08-10,15.841,2001-08-14,0,0,0,0,0,0,0.014,modeled_proxy_primary_t2_mean_with_t1_sensitivity,"T2 window mean is primary; T1 window mean is sensitivity; all threshold counts and other nonmean thermal metrics are exploratory modeled proxies, not observed/regulatory metrics",2003,5593,0,5593,50,0,50,5643,84.852,17.25,11,31.6,0.527,14.6,4,2,2001,72.562,30.891,27.7,14.32,-0.135,2002,2002,1.474,0.631,,,derived_from_observed_events,derived_from_observed_measurements,not_available,not_available,WDFW Hatchery Adult Salmon Returns; Trap Estimate events,USGS-12121600-DV-00060; NRCS-SNOTEL-788-WTEQ; NOAA-PDO-ERSSTV5; KINGCOUNTY-ISSAQUAH-TEMP; NOAA-NPGO-INDEX; NOAA-ONI-INDEX,primary cohort proxy: return_year - 2,complete except imperviousness,blocked: RMIS authorization or FISH export required,A5
2002,A5,primary,jun_sep,Coho,juvenile_rearing,2002-06-01,2002-09-30,2004,True,True,primary Coho cohort proxy: exposure_year = return_year - 2,122,4,4,34.131,derived_from_observed_usgs_daily_mean_discharge,T2,t2_window_mean_proxy_c,14.13,T1,t1_window_mean_proxy_c,14.1,exploratory_only,exploratory_only,122,14.1,16.869,2002-07-22,16.091,2002-07-25,0,0,0,0,1,0.82,122,14.13,16.935,2002-07-22,16.131,2002-07-25,0,0,0,0,1,0.82,0.03,modeled_proxy_primary_t2_mean_with_t1_sensitivity,"T2 window mean is primary; T1 window mean is sensitivity; all threshold counts and other nonmean thermal metrics are exploratory modeled proxies, not observed/regulatory metrics",2004,20617,0,20617,825,0,825,21442,110.18,35.391,11,38,-0.111,14.8,4,2,2002,155.762,26.598,59.3,13.575,0.527,2003,2003,0.959,0.251,,,derived_from_observed_events,derived_from_observed_measurements,not_available,not_available,WDFW Hatchery Adult Salmon Returns; Trap Estimate events,USGS-12121600-DV-00060; NRCS-SNOTEL-788-WTEQ; NOAA-PDO-ERSSTV5; KINGCOUNTY-ISSAQUAH-TEMP; NOAA-NPGO-INDEX; NOAA-ONI-INDEX,primary cohort proxy: return_year - 2,complete except imperviousness,blocked: RMIS authorization or FISH export required,A5
2003,A5,primary,jun_sep,Coho,juvenile_rearing,2003-06-01,2003-09-30,2005,True,True,primary Coho cohort proxy: exposure_year = return_year - 2,122,4,4,21.836,derived_from_observed_usgs_daily_mean_discharge,T2,t2_window_mean_proxy_c,14.743,T1,t1_window_mean_proxy_c,14.647,exploratory_only,exploratory_only,122,14.647,17.637,2003-07-30,16.409,2003-08-02,1,0,0,1,28,22.951,122,14.743,17.72,2003-07-30,16.489,2003-07-24,1,0,0,1,0,0,0.096,modeled_proxy_primary_t2_mean_with_t1_sensitivity,"T2 window mean is primary; T1 window mean is sensitivity; all threshold counts and other nonmean thermal metrics are exploratory modeled proxies, not observed/regulatory metrics",2005,8704,0,8704,653,0,653,9357,90.345,27.423,16.9,9.1,-0.091,13.575,4,2,2003,84.852,17.25,31.6,14.6,-0.111,2004,2004,0.209,0.447,,,derived_from_observed_events,derived_from_observed_measurements,not_available,not_available,WDFW Hatchery Adult Salmon Returns; Trap Estimate events,USGS-12121600-DV-00060; NRCS-SNOTEL-788-WTEQ; NOAA-PDO-ERSSTV5; KINGCOUNTY-ISSAQUAH-TEMP; NOAA-NPGO-INDEX; NOAA-ONI-INDEX,primary cohort proxy: return_year - 2,complete except imperviousness,blocked: RMIS authorization or FISH export required,A5
2004,A5,primary,jun_sep,Coho,juvenile_rearing,2004-06-01,2004-09-30,2006,True,True,primary Coho cohort proxy: exposure_year = return_year - 2,122,4,4,38.705,derived_from_observed_usgs_daily_mean_discharge,T2,t2_window_mean_proxy_c,14.688,T1,t1_window_mean_proxy_c,14.66,exploratory_only,exploratory_only,122,14.66,18.338,2004-07-24,17.234,2004-07-29,2,0,0,2,15,12.295,122,14.688,18.431,2004-07-24,17.341,2004-07-29,3,0,0,3,1,0.82,0.028,modeled_proxy_primary_t2_mean_with_t1_sensitivity,"T2 window mean is primary; T1 window mean is sensitivity; all threshold counts and other nonmean thermal metrics are exploratory modeled proxies, not observed/regulatory metrics",2006,8698,0,8698,47,0,47,8745,130.881,28.035,17.6,48.7,-0.153,14.183,6,2,2004,110.18,35.391,38,14.8,-0.091,2005,2005,-1.469,0.041,,,derived_from_observed_events,derived_from_observed_measurements,not_available,not_available,WDFW Hatchery Adult Salmon Returns; Trap Estimate events,USGS-12121600-DV-00060; NRCS-SNOTEL-788-WTEQ; NOAA-PDO-ERSSTV5; KINGCOUNTY-ISSAQUAH-TEMP; NOAA-NPGO-INDEX; NOAA-ONI-INDEX,primary cohort proxy: return_year - 2,complete except imperviousness,blocked: RMIS authorization or FISH export required,A5
2005,A5,primary,jun_sep,Coho,juvenile_rearing,2005-06-01,2005-09-30,2007,True,True,primary Coho cohort proxy: exposure_year = return_year - 2,122,4,4,33.999,derived_from_observed_usgs_daily_mean_discharge,T2,t2_window_mean_proxy_c,14.197,T1,t1_window_mean_proxy_c,14.165,exploratory_only,exploratory_only,122,14.165,16.428,2005-08-05,16.109,2005-08-01,0,0,0,0,0,0,122,14.197,16.437,2005-08-05,16.125,2005-08-01,0,0,0,0,0,0,0.032,modeled_proxy_primary_t2_mean_with_t1_sensitivity,"T2 window mean is primary; T1 window mean is sensitivity; all threshold counts and other nonmean thermal metrics are exploratory modeled proxies, not observed/regulatory metrics",2007,3272,0,3272,203,0,203,3475,138.875,23.138,13.7,40.5,-0.464,14.825,4,2,2005,90.345,27.423,9.1,13.575,-0.153,2006,2006,-0.55,0.072,,,derived_from_observed_events,derived_from_observed_measurements,not_available,not_available,WDFW Hatchery Adult Salmon Returns; Trap Estimate events,USGS-12121600-DV-00060; NRCS-SNOTEL-788-WTEQ; NOAA-PDO-ERSSTV5; KINGCOUNTY-ISSAQUAH-TEMP; NOAA-NPGO-INDEX; NOAA-ONI-INDEX,primary cohort proxy: return_year - 2,complete except imperviousness,blocked: RMIS authorization or FISH export required,A5
2006,A5,primary,jun_sep,Coho,juvenile_rearing,2006-06-01,2006-09-30,2008,True,True,primary Coho cohort proxy: exposure_year = return_year - 2,122,6,6,45.643,derived_from_observed_usgs_daily_mean_discharge,T2,t2_window_mean_proxy_c,14.669,T1,t1_window_mean_proxy_c,14.688,exploratory_only,exploratory_only,122,14.688,18.912,2006-07-23,17.854,2006-07-27,4,0,0,4,3,2.459,122,14.669,18.919,2006-07-23,17.849,2006-07-27,4,0,0,4,3,2.459,-0.019,modeled_proxy_primary_t2_mean_with_t1_sensitivity,"T2 window mean is primary; T1 window mean is sensitivity; all threshold counts and other nonmean thermal metrics are exploratory modeled proxies, not observed/regulatory metrics",2008,4175,0,4175,121,0,121,4296,110.692,29.488,19.6,60.9,-1.331,12.746,9,2,2006,130.881,28.035,48.7,14.183,-0.464,2007,2007,0.579,-0.608,,,derived_from_observed_events,derived_from_observed_measurements,not_available,not_available,WDFW Hatchery Adult Salmon Returns; Trap Estimate events,USGS-12121600-DV-00060; NRCS-SNOTEL-788-WTEQ; NOAA-PDO-ERSSTV5; KINGCOUNTY-ISSAQUAH-TEMP; NOAA-NPGO-INDEX; NOAA-ONI-INDEX,primary cohort proxy: return_year - 2,complete except imperviousness,blocked: RMIS authorization or FISH export required,A5
2007,A5,primary,jun_sep,Coho,juvenile_rearing,2007-06-01,2007-09-30,2009,True,True,primary Coho cohort proxy: exposure_year = return_year - 2,122,4,4,28.015,derived_from_observed_usgs_daily_mean_discharge,T2,t2_window_mean_proxy_c,14.419,T1,t1_window_mean_proxy_c,14.355,exploratory_only,exploratory_only,122,14.355,17.18,2007-07-11,16.785,2007-07-16,0,0,0,0,2,1.639,122,14.419,17.23,2007-07-11,16.879,2007-07-16,0,0,0,0,2,1.639,0.063,modeled_proxy_primary_t2_mean_with_t1_sensitivity,"T2 window mean is primary; T1 window mean is sensitivity; all threshold counts and other nonmean thermal metrics are exploratory modeled proxies, not observed/regulatory metrics",2009,13812,0,13812,55,0,55,13867,119.628,24.265,18,41.2,-0.817,15.8,5,2,2007,138.875,23.138,40.5,14.825,-1.331,2008,2008,1.493,-0.782,,,derived_from_observed_events,derived_from_observed_measurements,not_available,not_available,WDFW Hatchery Adult Salmon Returns; Trap Estimate events,USGS-12121600-DV-00060; NRCS-SNOTEL-788-WTEQ; NOAA-PDO-ERSSTV5; KINGCOUNTY-ISSAQUAH-TEMP; NOAA-NPGO-INDEX; NOAA-ONI-INDEX,primary cohort proxy: return_year - 2,complete except imperviousness,blocked: RMIS authorization or FISH export required,A5
2008,A5,primary,jun_sep,Coho,juvenile_rearing,2008-06-01,2008-09-30,2010,True,True,primary Coho cohort proxy: exposure_year = return_year - 2,122,8,9,45.851,derived_from_observed_usgs_daily_mean_discharge,T2,t2_window_mean_proxy_c,14.03,T1,t1_window_mean_proxy_c,14.03,exploratory_only,exploratory_only,122,14.03,17.561,2008-08-16,16.728,2008-08-19,1,0,0,1,0,0,122,14.03,17.608,2008-08-16,16.794,2008-08-19,2,0,0,2,0,0,0,modeled_proxy_primary_t2_mean_with_t1_sensitivity,"T2 window mean is primary; T1 window mean is sensitivity; all threshold counts and other nonmean thermal metrics are exploratory modeled proxies, not observed/regulatory metrics",2010,346,14,360,203,5,208,568,128.858,49.372,25.9,21,-0.743,14.12,5,2,2008,110.692,29.488,60.9,12.746,-0.817,2009,2009,0.641,0.282,,,derived_from_observed_events,derived_from_observed_measurements,not_available,not_available,WDFW Hatchery Adult Salmon Returns; Trap Estimate events,USGS-12121600-DV-00060; NRCS-SNOTEL-788-WTEQ; NOAA-PDO-ERSSTV5; KINGCOUNTY-ISSAQUAH-TEMP; NOAA-NPGO-INDEX; NOAA-ONI-INDEX,primary cohort proxy: return_year - 2,complete except imperviousness,blocked: RMIS authorization or FISH export required,A5
2009,A5,primary,jun_sep,Coho,juvenile_rearing,2009-06-01,2009-09-30,2011,True,True,primary Coho cohort proxy: exposure_year = return_year - 2,122,5,5,30.224,derived_from_observed_usgs_daily_mean_discharge,T2,t2_window_mean_proxy_c,14.958,T1,t1_window_mean_proxy_c,14.927,exploratory_only,exploratory_only,122,14.927,19.725,2009-07-29,18.42,2009-08-02,7,2,0,7,6,4.918,122,14.958,19.776,2009-07-29,18.434,2009-08-02,7,2,0,7,6,4.918,0.031,modeled_proxy_primary_t2_mean_with_t1_sensitivity,"T2 window mean is primary; T1 window mean is sensitivity; all threshold counts and other nonmean thermal metrics are exploratory modeled proxies, not observed/regulatory metrics",2011,4606,157,4763,187,4,191,4954,186.684,41.689,21.2,32.6,-1.571,15.525,4,2,2009,119.628,24.265,41.2,15.8,-0.743,2010,2010,1.29,-0.475,,,derived_from_observed_events,derived_from_observed_measurements,not_available,not_available,WDFW Hatchery Adult Salmon Returns; Trap Estimate events,USGS-12121600-DV-00060; NRCS-SNOTEL-788-WTEQ; NOAA-PDO-ERSSTV5; KINGCOUNTY-ISSAQUAH-TEMP; NOAA-NPGO-INDEX; NOAA-ONI-INDEX,primary cohort proxy: return_year - 2,complete except imperviousness,blocked: RMIS authorization or FISH export required,A5
2010,A5,primary,jun_sep,Coho,juvenile_rearing,2010-06-01,2010-09-30,2012,True,True,primary Coho cohort proxy: exposure_year = return_year - 2,122,5,5,85.77,derived_from_observed_usgs_daily_mean_discharge,T2,t2_window_mean_proxy_c,13.954,T1,t1_window_mean_proxy_c,14.045,exploratory_only,exploratory_only,122,14.045,17.788,2010-08-15,16.717,2010-08-19,1,0,0,1,0,0,122,13.954,17.736,2010-08-15,16.666,2010-08-19,1,0,0,1,0,0,-0.091,modeled_proxy_primary_t2_mean_with_t1_sensitivity,"T2 window mean is primary; T1 window mean is sensitivity; all threshold counts and other nonmean thermal metrics are exploratory modeled proxies, not observed/regulatory metrics",2012,10202,263,10465,150,11,161,10626,139.381,41.182,22.2,47.6,-1.414,14.05,4,2,2010,128.858,49.372,21,14.12,-1.571,2011,2011,0.79,-0.775,,,derived_from_observed_events,derived_from_observed_measurements,not_available,not_available,WDFW Hatchery Adult Salmon Returns; Trap Estimate events,USGS-12121600-DV-00060; NRCS-SNOTEL-788-WTEQ; NOAA-PDO-ERSSTV5; KINGCOUNTY-ISSAQUAH-TEMP; NOAA-NPGO-INDEX; NOAA-ONI-INDEX,primary cohort proxy: return_year - 2,complete except imperviousness,blocked: RMIS authorization or FISH export required,A5
2011,A5,primary,jun_sep,Coho,juvenile_rearing,2011-06-01,2011-09-30,2013,True,True,primary Coho cohort proxy: exposure_year = return_year - 2,122,4,4,60.565,derived_from_observed_usgs_daily_mean_discharge,T2,t2_window_mean_proxy_c,14.237,T1,t1_window_mean_proxy_c,14.293,exploratory_only,exploratory_only,122,14.293,16.372,2011-08-26,16.064,2011-08-27,0,0,0,0,0,0,122,14.237,16.321,2011-08-26,16.021,2011-08-27,0,0,0,0,0,0,-0.055,modeled_proxy_primary_t2_mean_with_t1_sensitivity,"T2 window mean is primary; T1 window mean is sensitivity; all threshold counts and other nonmean thermal metrics are exploratory modeled proxies, not observed/regulatory metrics",2013,10267,70,10337,276,1,277,10614,143.356,42.228,19.7,32.9,-0.926,15.7,4,2,2011,186.684,41.689,32.6,15.525,-1.414,2012,2012,1.423,-0.063,,,derived_from_observed_events,derived_from_observed_measurements,not_available,not_available,WDFW Hatchery Adult Salmon Returns; Trap Estimate events,USGS-12121600-DV-00060; NRCS-SNOTEL-788-WTEQ; NOAA-PDO-ERSSTV5; KINGCOUNTY-ISSAQUAH-TEMP; NOAA-NPGO-INDEX; NOAA-ONI-INDEX,primary cohort proxy: return_year - 2,complete except imperviousness,blocked: RMIS authorization or FISH export required,A5
2012,A5,primary,jun_sep,Coho,juvenile_rearing,2012-06-01,2012-09-30,2014,True,True,primary Coho cohort proxy: exposure_year = return_year - 2,122,4,4,67.17,derived_from_observed_usgs_daily_mean_discharge,T2,t2_window_mean_proxy_c,14.244,T1,t1_window_mean_proxy_c,14.311,exploratory_only,exploratory_only,122,14.311,17.796,2012-08-17,16.981,2012-08-19,2,0,0,2,0,0,122,14.244,17.752,2012-08-16,16.93,2012-08-19,2,0,0,2,0,0,-0.067,modeled_proxy_primary_t2_mean_with_t1_sensitivity,"T2 window mean is primary; T1 window mean is sensitivity; all threshold counts and other nonmean thermal metrics are exploratory modeled proxies, not observed/regulatory metrics",2014,14799,115,14914,62,15,77,14991,130.592,32.423,20,33.4,0.532,15,4,2,2012,139.381,41.182,47.6,14.05,-0.926,2013,2013,0.363,-0.234,,,derived_from_observed_events,derived_from_observed_measurements,not_available,not_available,WDFW Hatchery Adult Salmon Returns; Trap Estimate events,USGS-12121600-DV-00060; NRCS-SNOTEL-788-WTEQ; NOAA-PDO-ERSSTV5; KINGCOUNTY-ISSAQUAH-TEMP; NOAA-NPGO-INDEX; NOAA-ONI-INDEX,primary cohort proxy: return_year - 2,complete except imperviousness,blocked: RMIS authorization or FISH export required,A5
2013,A5,primary,jun_sep,Coho,juvenile_rearing,2013-06-01,2013-09-30,2015,True,True,primary Coho cohort proxy: exposure_year = return_year - 2,122,4,4,47.667,derived_from_observed_usgs_daily_mean_discharge,T2,t2_window_mean_proxy_c,15.37,T1,t1_window_mean_proxy_c,15.4,exploratory_only,exploratory_only,122,15.4,17.934,2013-07-01,17.057,2013-07-04,2,0,0,2,1,0.82,122,15.37,17.913,2013-07-01,17.025,2013-07-04,1,0,0,1,1,0.82,-0.03,modeled_proxy_primary_t2_mean_with_t1_sensitivity,"T2 window mean is primary; T1 window mean is sensitivity; all threshold counts and other nonmean thermal metrics are exploratory modeled proxies, not observed/regulatory metrics",2015,1883,110,1993,16,16,32,2025,127.857,24.285,15.6,0.1,0.805,16.2,4,2,2013,143.356,42.228,32.9,15.7,0.532,2014,2014,-0.196,0.205,,,derived_from_observed_events,derived_from_observed_measurements,not_available,not_available,WDFW Hatchery Adult Salmon Returns; Trap Estimate events,USGS-12121600-DV-00060; NRCS-SNOTEL-788-WTEQ; NOAA-PDO-ERSSTV5; KINGCOUNTY-ISSAQUAH-TEMP; NOAA-NPGO-INDEX; NOAA-ONI-INDEX,primary cohort proxy: return_year - 2,complete except imperviousness,blocked: RMIS authorization or FISH export required,A5
2014,A5,primary,jun_sep,Coho,juvenile_rearing,2014-06-01,2014-09-30,2016,True,True,primary Coho cohort proxy: exposure_year = return_year - 2,122,4,4,38.396,derived_from_observed_usgs_daily_mean_discharge,T2,t2_window_mean_proxy_c,15.252,T1,t1_window_mean_proxy_c,15.268,exploratory_only,exploratory_only,122,15.268,17.574,2014-08-11,17.133,2014-08-06,2,0,0,1,0,0,122,15.252,17.572,2014-08-11,17.111,2014-08-06,2,0,0,1,0,0,-0.016,modeled_proxy_primary_t2_mean_with_t1_sensitivity,"T2 window mean is primary; T1 window mean is sensitivity; all threshold counts and other nonmean thermal metrics are exploratory modeled proxies, not observed/regulatory metrics",2016,3905,19,3924,124,0,124,4048,150.761,29.455,19.3,36.6,0.632,13.65,4,2,2014,130.592,32.423,33.4,15,0.805,2015,2015,-1.381,1.548,,,derived_from_observed_events,derived_from_observed_measurements,not_available,not_available,WDFW Hatchery Adult Salmon Returns; Trap Estimate events,USGS-12121600-DV-00060; NRCS-SNOTEL-788-WTEQ; NOAA-PDO-ERSSTV5; KINGCOUNTY-ISSAQUAH-TEMP; NOAA-NPGO-INDEX; NOAA-ONI-INDEX,primary cohort proxy: return_year - 2,complete except imperviousness,blocked: RMIS authorization or FISH export required,A5
2015,A5,primary,jun_sep,Coho,juvenile_rearing,2015-06-01,2015-09-30,2017,True,True,primary Coho cohort proxy: exposure_year = return_year - 2,122,4,4,27.461,derived_from_observed_usgs_daily_mean_discharge,T2,t2_window_mean_proxy_c,15.526,T1,t1_window_mean_proxy_c,15.498,exploratory_only,exploratory_only,122,15.498,18.433,2015-07-03,17.931,2015-07-06,15,0,0,6,7,5.738,122,15.526,18.476,2015-07-03,17.961,2015-07-06,16,0,0,6,7,5.738,0.027,modeled_proxy_primary_t2_mean_with_t1_sensitivity,"T2 window mean is primary; T1 window mean is sensitivity; all threshold counts and other nonmean thermal metrics are exploratory modeled proxies, not observed/regulatory metrics",2017,3465,95,3560,89,2,91,3651,173.679,28.927,19.5,37.9,-0.063,15.075,4,2,2015,127.857,24.285,0.1,16.2,0.632,2016,2016,-0.16,0.423,,,derived_from_observed_events,derived_from_observed_measurements,not_available,not_available,WDFW Hatchery Adult Salmon Returns; Trap Estimate events,USGS-12121600-DV-00060; NRCS-SNOTEL-788-WTEQ; NOAA-PDO-ERSSTV5; KINGCOUNTY-ISSAQUAH-TEMP; NOAA-NPGO-INDEX; NOAA-ONI-INDEX,primary cohort proxy: return_year - 2,complete except imperviousness,blocked: RMIS authorization or FISH export required,A5
2016,A5,primary,jun_sep,Coho,juvenile_rearing,2016-06-01,2016-09-30,2018,True,True,primary Coho cohort proxy: exposure_year = return_year - 2,122,4,4,33.67,derived_from_observed_usgs_daily_mean_discharge,T2,t2_window_mean_proxy_c,14.884,T1,t1_window_mean_proxy_c,14.873,exploratory_only,exploratory_only,122,14.873,18.154,2016-08-19,16.986,2016-08-20,3,0,0,2,1,0.82,122,14.884,18.188,2016-08-19,16.96,2016-08-21,3,0,0,2,1,0.82,0.011,modeled_proxy_primary_t2_mean_with_t1_sensitivity,"T2 window mean is primary; T1 window mean is sensitivity; all threshold counts and other nonmean thermal metrics are exploratory modeled proxies, not observed/regulatory metrics",2018,4005,33,4038,196,2,198,4236,145.845,23.237,15.5,33,-0.303,15.725,4,2,2016,150.761,29.455,36.6,13.65,-0.063,2017,2017,-0.859,-0.115,,,derived_from_observed_events,derived_from_observed_measurements,not_available,not_available,WDFW Hatchery Adult Salmon Returns; Trap Estimate events,USGS-12121600-DV-00060; NRCS-SNOTEL-788-WTEQ; NOAA-PDO-ERSSTV5; KINGCOUNTY-ISSAQUAH-TEMP; NOAA-NPGO-INDEX; NOAA-ONI-INDEX,primary cohort proxy: return_year - 2,complete except imperviousness,blocked: RMIS authorization or FISH export required,A5
2017,A5,primary,jun_sep,Coho,juvenile_rearing,2017-06-01,2017-09-30,2019,True,True,primary Coho cohort proxy: exposure_year = return_year - 2,122,4,4,40.666,derived_from_observed_usgs_daily_mean_discharge,T2,t2_window_mean_proxy_c,15.239,T1,t1_window_mean_proxy_c,15.264,exploratory_only,exploratory_only,122,15.264,18.621,2017-08-03,17.657,2017-08-08,10,0,0,4,0,0,122,15.239,18.624,2017-08-03,17.62,2017-08-08,8,0,0,4,0,0,-0.025,modeled_proxy_primary_t2_mean_with_t1_sensitivity,"T2 window mean is primary; T1 window mean is sensitivity; all threshold counts and other nonmean thermal metrics are exploratory modeled proxies, not observed/regulatory metrics",2019,6254,104,6358,145,3,148,6506,100.833,33.561,20.6,24,-0.04,15.55,4,2,2017,173.679,28.927,37.9,15.075,-0.303,2018,2018,-1.964,0.094,,,derived_from_observed_events,derived_from_observed_measurements,not_available,not_available,WDFW Hatchery Adult Salmon Returns; Trap Estimate events,USGS-12121600-DV-00060; NRCS-SNOTEL-788-WTEQ; NOAA-PDO-ERSSTV5; KINGCOUNTY-ISSAQUAH-TEMP; NOAA-NPGO-INDEX; NOAA-ONI-INDEX,primary cohort proxy: return_year - 2,complete except imperviousness,blocked: RMIS authorization or FISH export required,A5
2018,A5,primary,jun_sep,Coho,juvenile_rearing,2018-06-01,2018-09-30,2020,True,True,primary Coho cohort proxy: exposure_year = return_year - 2,122,4,4,27.439,derived_from_observed_usgs_daily_mean_discharge,T2,t2_window_mean_proxy_c,15.201,T1,t1_window_mean_proxy_c,15.165,exploratory_only,exploratory_only,122,15.165,17.929,2018-08-09,17.548,2018-07-31,11,0,0,3,7,5.738,122,15.201,17.909,2018-07-16,17.562,2018-07-31,11,0,0,3,7,5.738,0.037,modeled_proxy_primary_t2_mean_with_t1_sensitivity,"T2 window mean is primary; T1 window mean is sensitivity; all threshold counts and other nonmean thermal metrics are exploratory modeled proxies, not observed/regulatory metrics",2020,4085,74,4159,329,10,339,4498,150.459,30.199,20.3,33,-1.041,14.45,4,2,2018,145.845,23.237,33,15.725,-0.04,2019,2019,-2.279,0.575,,,derived_from_observed_events,derived_from_observed_measurements,not_available,not_available,WDFW Hatchery Adult Salmon Returns; Trap Estimate events,USGS-12121600-DV-00060; NRCS-SNOTEL-788-WTEQ; NOAA-PDO-ERSSTV5; KINGCOUNTY-ISSAQUAH-TEMP; NOAA-NPGO-INDEX; NOAA-ONI-INDEX,primary cohort proxy: return_year - 2,complete except imperviousness,blocked: RMIS authorization or FISH export required,A5
2019,A5,primary,jun_sep,Coho,juvenile_rearing,2019-06-01,2019-09-30,2021,True,True,primary Coho cohort proxy: exposure_year = return_year - 2,122,4,4,34.251,derived_from_observed_usgs_daily_mean_discharge,T2,t2_window_mean_proxy_c,15.23,T1,t1_window_mean_proxy_c,15.217,exploratory_only,exploratory_only,122,15.217,17.379,2019-08-05,16.924,2019-08-07,0,0,0,0,1,0.82,122,15.23,17.387,2019-08-05,16.932,2019-08-07,0,0,0,0,1,0.82,0.013,modeled_proxy_primary_t2_mean_with_t1_sensitivity,"T2 window mean is primary; T1 window mean is sensitivity; all threshold counts and other nonmean thermal metrics are exploratory modeled proxies, not observed/regulatory metrics",2021,8799,490,9289,224,1,225,9514,123.296,22.491,15.1,48.6,-1.585,15.425,4,2,2019,100.833,33.561,24,15.55,-1.041,2020,2020,-1.843,-0.272,,,derived_from_observed_events,derived_from_observed_measurements,not_available,not_available,WDFW Hatchery Adult Salmon Returns; Trap Estimate events,USGS-12121600-DV-00060; NRCS-SNOTEL-788-WTEQ; NOAA-PDO-ERSSTV5; KINGCOUNTY-ISSAQUAH-TEMP; NOAA-NPGO-INDEX; NOAA-ONI-INDEX,primary cohort proxy: return_year - 2,complete except imperviousness,blocked: RMIS authorization or FISH export required,A5
2020,A5,primary,jun_sep,Coho,juvenile_rearing,2020-06-01,2020-09-30,2022,True,True,primary Coho cohort proxy: exposure_year = return_year - 2,122,4,4,44.133,derived_from_observed_usgs_daily_mean_discharge,T2,t2_window_mean_proxy_c,15.021,T1,t1_window_mean_proxy_c,15.04,exploratory_only,exploratory_only,122,15.04,17.819,2020-08-17,17.057,2020-08-21,1,0,0,1,1,0.82,122,15.021,17.825,2020-08-17,17.05,2020-08-21,1,0,0,1,1,0.82,-0.019,modeled_proxy_primary_t2_mean_with_t1_sensitivity,"T2 window mean is primary; T1 window mean is sensitivity; all threshold counts and other nonmean thermal metrics are exploratory modeled proxies, not observed/regulatory metrics",2022,6839,17,6856,1162,0,1162,8018,164.83,31.679,21.4,28.6,-1.78,15.175,4,2,2020,150.459,30.199,33,14.45,-1.585,2021,2021,-0.913,-0.635,,,derived_from_observed_events,derived_from_observed_measurements,not_available,not_available,WDFW Hatchery Adult Salmon Returns; Trap Estimate events,USGS-12121600-DV-00060; NRCS-SNOTEL-788-WTEQ; NOAA-PDO-ERSSTV5; KINGCOUNTY-ISSAQUAH-TEMP; NOAA-NPGO-INDEX; NOAA-ONI-INDEX,primary cohort proxy: return_year - 2,complete except imperviousness,blocked: RMIS authorization or FISH export required,A5
2021,A5,primary,jun_sep,Coho,juvenile_rearing,2021-06-01,2021-09-30,2023,True,True,primary Coho cohort proxy: exposure_year = return_year - 2,122,4,4,28.953,derived_from_observed_usgs_daily_mean_discharge,T2,t2_window_mean_proxy_c,15.103,T1,t1_window_mean_proxy_c,15.065,exploratory_only,exploratory_only,122,15.065,19.779,2021-06-28,18.268,2021-07-01,10,2,0,5,8,6.557,122,15.103,19.788,2021-06-28,18.336,2021-07-01,11,2,0,5,8,6.557,0.038,modeled_proxy_primary_t2_mean_with_t1_sensitivity,"T2 window mean is primary; T1 window mean is sensitivity; all threshold counts and other nonmean thermal metrics are exploratory modeled proxies, not observed/regulatory metrics",2023,9257,277,9534,276,6,282,9816,86.576,21.64,14.8,32.9,-1.878,15.4,4,2,2021,123.296,22.491,48.6,15.425,-1.78,2022,2022,-1.262,-0.85,,,derived_from_observed_events,derived_from_observed_measurements,not_available,not_available,WDFW Hatchery Adult Salmon Returns; Trap Estimate events,USGS-12121600-DV-00060; NRCS-SNOTEL-788-WTEQ; NOAA-PDO-ERSSTV5; KINGCOUNTY-ISSAQUAH-TEMP; NOAA-NPGO-INDEX; NOAA-ONI-INDEX,primary cohort proxy: return_year - 2,complete except imperviousness,blocked: RMIS authorization or FISH export required,A5
2022,A5,primary,jun_sep,Coho,juvenile_rearing,2022-06-01,2022-09-30,2024,True,True,primary Coho cohort proxy: exposure_year = return_year - 2,122,4,4,58.058,derived_from_observed_usgs_daily_mean_discharge,T2,t2_window_mean_proxy_c,15.164,T1,t1_window_mean_proxy_c,15.213,exploratory_only,exploratory_only,122,15.213,18.929,2022-07-31,18.146,2022-08-01,9,0,0,7,5,4.098,122,15.164,18.883,2022-07-31,18.096,2022-08-01,9,0,0,7,5,4.098,-0.048,modeled_proxy_primary_t2_mean_with_t1_sensitivity,"T2 window mean is primary; T1 window mean is sensitivity; all threshold counts and other nonmean thermal metrics are exploratory modeled proxies, not observed/regulatory metrics",2024,5276,148,5424,227,35,262,5686,108.595,25.907,16.7,22.8,-2.108,14.9,4,2,2022,164.83,31.679,28.6,15.175,-1.878,2023,2023,-1.681,0.9,,,derived_from_observed_events,derived_from_observed_measurements,not_available,not_available,WDFW Hatchery Adult Salmon Returns; Trap Estimate events,USGS-12121600-DV-00060; NRCS-SNOTEL-788-WTEQ; NOAA-PDO-ERSSTV5; KINGCOUNTY-ISSAQUAH-TEMP; NOAA-NPGO-INDEX; NOAA-ONI-INDEX,primary cohort proxy: return_year - 2,complete except imperviousness,blocked: RMIS authorization or FISH export required,A5
2023,A5,primary,jun_sep,Coho,juvenile_rearing,2023-06-01,2023-09-30,2025,True,True,primary Coho cohort proxy: exposure_year = return_year - 2,122,4,4,24.555,derived_from_observed_usgs_daily_mean_discharge,T2,t2_window_mean_proxy_c,15.047,T1,t1_window_mean_proxy_c,14.986,exploratory_only,exploratory_only,122,14.986,19.104,2023-08-16,18.018,2023-08-18,4,1,0,4,3,2.459,122,15.047,19.165,2023-08-16,18.077,2023-08-18,4,1,0,4,3,2.459,0.061,modeled_proxy_primary_t2_mean_with_t1_sensitivity,"T2 window mean is primary; T1 window mean is sensitivity; all threshold counts and other nonmean thermal metrics are exploratory modeled proxies, not observed/regulatory metrics",2025,3647,212,3859,174,8,182,4041,97.036,20.541,17.4,23.8,-1.776,17.1,4,2,2023,86.576,21.64,32.9,15.4,-2.108,2024,2024,-1.936,0.437,,,derived_from_observed_events,derived_from_observed_measurements,not_available,not_available,WDFW Hatchery Adult Salmon Returns; Trap Estimate events,USGS-12121600-DV-00060; NRCS-SNOTEL-788-WTEQ; NOAA-PDO-ERSSTV5; KINGCOUNTY-ISSAQUAH-TEMP; NOAA-NPGO-INDEX; NOAA-ONI-INDEX,primary cohort proxy: return_year - 2,complete except imperviousness,blocked: RMIS authorization or FISH export required,A5
